expiry,tau,strike,call_ask,put_ask,call_bid,put_bid,call_open_interest,put_open_interest,call_volume,put_volume,call_mid,put_mid,in_clean,forward,discount,log_moneyness,in_window,synthetic_mid,lower,upper,half_spread,theo_european,residual,excess,violation,forward_adjusted,dividend_yield_adjusted,ee_call,ee_put,theo_american,residual_american,excess_american,violation_american
2026-09-23,0.0142514166362569,690.0,71.92,0.04,67.96,0.03,0.0,1504.0,20.0,4.0,69.94,0.035,False,759.9644234307863,0.99944421883154,-0.09658002331810854,True,69.905,67.91999999999999,71.89,1.9850000000000065,69.92553852178128,-0.02053852178127613,0.0,False,759.974993799847,0.029313957368227214,0.0,1.7710780231975157e-06,69.93610124495189,-0.031101244951884155,0.0,False
2026-09-23,0.0142514166362569,700.0,61.96,0.05,57.93,0.04,0.0,318.0,0.0,44.0,59.945,0.045,False,759.9644234307863,0.99944421883154,-0.08219128586600895,True,59.9,57.88,61.92,2.0199999999999996,59.931096333465874,-0.031096333465875148,0.0,False,759.974993799847,0.029313957368227214,0.0,9.112747121325232e-06,59.941651714967385,-0.04165171496738651,0.0,False
2026-09-23,0.0142514166362569,705.0,56.88,0.06,53.09,0.05,0.0,98.0,2.0,1.0,54.985,0.055,True,759.9644234307863,0.99944421883154,-0.07507381809714492,True,54.93,53.03,56.830000000000005,1.9000000000000021,54.93387523930818,-0.0038752393081793457,0.0,False,759.974993799847,0.029313957368227214,0.0,1.919126481326333e-05,54.944420542292,-0.01442054229200096,0.0,False
2026-09-23,0.0142514166362569,715.0,46.14,0.09,43.04,0.08,0.0,1049.0,100.0,35.0,44.59,0.08499999999999999,True,759.9644234307863,0.99944421883154,-0.06098907821540592,True,44.505,42.949999999999996,46.06,1.5550000000000033,44.939433050992776,-0.43443305099277296,0.0,False,759.974993799847,0.029313957368227214,0.0,3.414030424635228e-05,44.949963404937165,-0.44496340493716247,0.0,False
2026-09-23,0.0142514166362569,720.0,41.16,0.1,38.06,0.09,0.0,771.0,25.0,17.0,39.61,0.095,True,759.9644234307863,0.99944421883154,-0.054020408899312644,True,39.515,37.96,41.06999999999999,1.5549999999999962,39.942211956835074,-0.4272119568350732,0.0,False,759.974993799847,0.029313957368227214,0.0,4.200033197052089e-05,39.952734450751734,-0.43773445075173356,0.0,False
2026-09-23,0.0142514166362569,725.0,36.2,0.13,33.09,0.12,0.0,2148.0,25.0,186.0,34.645,0.125,True,759.9644234307863,0.99944421883154,-0.047099966054738804,True,34.52,32.96,36.080000000000005,1.5600000000000023,34.94499086267738,-0.42499086267737596,0.0,False,759.974993799847,0.029313957368227214,0.0,6.0556956795979056e-05,34.955494799969216,-0.4354947999692129,0.0,False
2026-09-23,0.0142514166362569,730.0,31.25,0.16,28.13,0.15,2.0,1178.0,178.0,64.0,29.689999999999998,0.155,True,759.9644234307863,0.99944421883154,-0.04022708676697683,True,29.534999999999997,27.97,31.1,1.5650000000000013,29.947769768519677,-0.4127697685196807,0.0,False,759.974993799847,0.029313957368227214,0.0,8.411922227988256e-05,29.95825014354603,-0.42325014354603496,0.0,False
2026-09-23,0.0142514166362569,742.0,18.3,0.44,17.16,0.43,0.0,243.0,6.0,91.0,17.73,0.435,True,759.9644234307863,0.99944421883154,-0.023922377742033138,True,17.295,16.72,17.87,0.5750000000000011,17.954439142541197,-0.6594391425411956,0.08443914254119633,True,759.974993799847,0.029313957368227214,0.0,0.00031812466745673174,17.964685512122376,-0.6696855121223741,0.09468551212237486,True
2026-09-23,0.0142514166362569,743.0,17.35,0.49,15.7,0.48,0.0,299.0,8.0,301.0,16.525,0.485,True,759.9644234307863,0.99944421883154,-0.022575576191654387,True,16.04,15.209999999999999,16.87,0.830000000000001,16.954994923709656,-0.9149949237096564,0.08499492370965456,True,759.974993799847,0.029313957368227214,0.0,0.00036476755454240006,16.965194650403745,-0.9251946504037463,0.09519465040374442,True
2026-09-23,0.0142514166362569,744.0,16.47,0.54,14.86,0.53,0.0,265.0,32.0,465.0,15.665,0.535,True,759.9644234307863,0.99944421883154,-0.021230586076321768,True,15.129999999999999,14.32,15.94,0.8099999999999996,15.955550704878116,-0.8255507048781165,0.01555070487811605,True,759.974993799847,0.029313957368227214,0.0,0.0004155534526777416,15.965699645674073,-0.8356996456740742,0.02569964567407368,True
2026-09-23,0.0142514166362569,745.0,15.68,0.6,14.98,0.58,1.0,525.0,1572.0,3011.0,15.33,0.59,True,759.9644234307863,0.99944421883154,-0.019887402529854086,True,14.74,14.38,15.1,0.35999999999999943,14.956106486046576,-0.21610648604657534,0.0,False,759.974993799847,0.029313957368227214,0.0,0.00047471508584973066,14.966196265209362,-0.22619626520936187,0.0,False
2026-09-23,0.0142514166362569,746.0,14.81,0.67,14.58,0.66,0.0,247.0,555.0,365.0,14.695,0.665,True,759.9644234307863,0.99944421883154,-0.018546020705652717,True,14.030000000000001,13.91,14.15,0.1200000000000001,13.956662267215036,0.07333773278496558,0.0,False,759.974993799847,0.029313957368227214,0.0,0.000552162686837887,13.966674598776834,0.06332540122316743,0.0,False
2026-09-23,0.0142514166362569,747.0,13.86,0.75,13.71,0.74,20.0,296.0,89.0,261.0,13.785,0.745,True,759.9644234307863,0.99944421883154,-0.017206435776596342,True,13.040000000000001,12.96,13.12,0.07999999999999918,12.957218048383496,0.08278195161650537,0.002781951616505296,True,759.974993799847,0.029313957368227214,0.0,0.0006399216620119885,12.967142620970119,0.0728573790298821,0.0,False
2026-09-23,0.0142514166362569,749.0,11.96,0.94,11.78,0.93,10.0,386.0,25.0,92.0,11.870000000000001,0.935,True,759.9644234307863,0.99944421883154,-0.014532637392194103,True,10.935,10.84,11.030000000000001,0.09500000000000064,10.958329610720416,-0.02332961072041506,0.0,False,759.974993799847,0.029313957368227214,0.0,0.0008645159905465993,10.968029588978505,-0.033029588978504165,0.0,False
2026-09-23,0.0142514166362569,750.0,11.2,1.06,11.03,1.04,203.0,2583.0,44.0,918.0,11.114999999999998,1.05,True,759.9644234307863,0.99944421883154,-0.013198414379057425,True,10.064999999999998,9.969999999999999,10.16,0.09500000000000064,9.958885391888876,0.10611460811112217,0.011114608111123303,True,759.974993799847,0.029313957368227214,0.0,0.0010105150319652534,9.968439371105546,0.09656062889445138,0.0015606288944525204,True
2026-09-23,0.0142514166362569,753.0,8.6,1.52,8.45,1.5,140.0,353.0,31.0,318.0,8.524999999999999,1.51,True,759.9644234307863,0.99944421883154,-0.009206393109519985,True,7.014999999999999,6.93,7.1,0.08499999999999996,6.9605527353942565,0.05444726460574234,0.0,False,759.974993799847,0.029313957368227214,0.0,0.001648872194791151,6.969468357448099,0.04553164255190012,0.0,False
2026-09-23,0.0142514166362569,754.0,7.79,1.69,7.63,1.67,227.0,799.0,58.0,593.0,7.71,1.68,True,759.9644234307863,0.99944421883154,-0.007879252901457568,True,6.03,5.9399999999999995,6.12,0.0900000000000003,5.9611085165627165,0.0688914834372838,0.0,False,759.974993799847,0.029313957368227214,0.0,0.0019368202904905818,5.96973619052086,0.06026380947914056,0.0,False
2026-09-23,0.0142514166362569,755.0,6.95,1.95,6.89,1.93,263.0,1246.0,229.0,2937.0,6.92,1.94,True,759.9644234307863,0.99944421883154,-0.006553871660388905,True,4.98,4.9399999999999995,5.0200000000000005,0.04000000000000048,4.9616642977311765,0.018335702268823972,0.0,False,759.974993799847,0.029313957368227214,0.0,0.002327089229729573,4.9699017027500805,0.010098297249919952,0.0,False
2026-09-23,0.0142514166362569,756.0,6.23,2.19,6.12,2.17,230.0,382.0,68.0,866.0,6.175000000000001,2.1799999999999997,True,759.9644234307863,0.99944421883154,-0.005230244729880578,True,3.995000000000001,3.93,4.0600000000000005,0.06500000000000017,3.9622200788996365,0.03277992110036454,0.0,False,759.974993799847,0.029313957368227214,0.0,0.002763375667526713,3.9700211974807433,0.02497880251925766,0.0,False
2026-09-23,0.0142514166362569,757.0,5.48,2.46,5.36,2.44,521.0,590.0,396.0,1283.0,5.42,2.45,True,759.9644234307863,0.99944421883154,-0.003908367471964767,True,2.9699999999999998,2.9000000000000004,3.0400000000000005,0.07000000000000006,2.9627758600680965,0.007224139931903295,0.0,False,759.974993799847,0.029313957368227214,0.0,0.0032921095258502397,2.97004824479088,-4.824479088005873e-05,0.0,False
2026-09-23,0.0142514166362569,758.0,4.79,2.79,4.72,2.78,645.0,848.0,235.0,1040.0,4.755,2.785,True,759.9644234307863,0.99944421883154,-0.0025882352670419653,True,1.9699999999999998,1.9299999999999997,2.0100000000000002,0.04000000000000026,1.9633316412365562,0.006668358763443516,0.0,False,759.974993799847,0.029313957368227214,0.0,0.003945434214233323,1.969950701270957,4.9298729042801526e-05,0.0,False
2026-09-23,0.0142514166362569,759.0,4.13,3.13,4.11,3.12,533.0,1135.0,1138.0,682.0,4.12,3.125,True,759.9644234307863,0.99944421883154,-0.0012698435137836635,True,0.9950000000000001,0.9800000000000004,1.0099999999999998,0.01499999999999968,0.9638874224050163,0.03111257759498376,0.01611257759498408,True,759.974993799847,0.029313957368227214,0.0,0.004732241462179321,0.969719675191471,0.025280324808529153,0.010280324808529473,True
2026-09-23,0.0142514166362569,760.0,3.51,3.55,3.5,3.54,2790.0,848.0,2020.0,1354.0,3.505,3.545,True,759.9644234307863,0.99944421883154,4.68123709632055e-05,True,-0.040000000000000036,-0.04999999999999982,-0.03000000000000025,0.009999999999999787,-0.035556796426523686,-0.0044432035734763495,0.0,False,759.974993799847,0.029313957368227214,0.0,0.005696448116116581,-0.030688750294006355,-0.00931124970599368,0.0,False
2026-09-23,0.0142514166362569,761.0,3.0,4.0,2.98,3.98,669.0,512.0,859.0,639.0,2.99,3.99,True,759.9644234307863,0.99944421883154,0.0013617369522722004,True,-1.0,-1.02,-0.98,0.020000000000000018,-1.0350010152580638,0.03500101525806376,0.015001015258063743,True,759.974993799847,0.029313957368227214,0.0,0.006844426130377279,-1.031280947139807,0.031280947139807,0.011280947139806985,True
2026-09-23,0.0142514166362569,762.0,2.5,4.51,2.48,4.46,1465.0,2464.0,732.0,2303.0,2.49,4.484999999999999,True,759.9644234307863,0.99944421883154,0.002674934777232781,True,-1.9949999999999992,-2.03,-1.96,0.03499999999999992,-2.0344452340896035,0.03944523408960432,0.0044452340896037335,True,759.974993799847,0.029313957368227214,0.0,0.008244005620198891,-2.032124745461169,0.03712474546116962,0.002124745461169031,True
2026-09-23,0.0142514166362569,763.0,2.01,5.1,1.99,4.97,365.0,343.0,433.0,157.0,2.0,5.035,True,759.9644234307863,0.99944421883154,0.003986410375043435,True,-3.035,-3.1099999999999994,-2.96,0.07499999999999973,-3.0338894529211435,-0.0011105470788566052,0.0,False,759.974993799847,0.029313957368227214,0.0,0.010026782960283143,-3.033351741632793,-0.001648258367207056,0.0,False
2026-09-23,0.0142514166362569,764.0,1.62,5.68,1.6,5.5,502.0,341.0,412.0,402.0,1.61,5.59,True,759.9644234307863,0.99944421883154,0.005296168257106842,True,-3.9799999999999995,-4.08,-3.88,0.10000000000000009,-4.0333336717526835,0.053333671752684,0.0,False,759.974993799847,0.029313957368227214,0.0,0.01210946162184623,-4.034878639125896,0.05487863912589663,0.0,False
2026-09-23,0.0142514166362569,765.0,1.3,6.4,1.28,6.24,1216.0,232.0,406.0,166.0,1.29,6.32,True,759.9644234307863,0.99944421883154,0.006604212917122331,True,-5.03,-5.12,-4.94,0.08999999999999986,-5.0327778905842235,0.002777890584223286,0.0,False,759.974993799847,0.029313957368227214,0.0,0.014517188479296728,-5.036730584814887,0.00673058481488642,0.0,False
2026-09-23,0.0142514166362569,766.0,1.03,7.09,1.02,6.93,650.0,82.0,307.0,106.0,1.025,7.01,True,759.9644234307863,0.99944421883154,0.007910548831177715,True,-5.984999999999999,-6.07,-5.8999999999999995,0.08500000000000041,-6.0322221094157635,0.0472221094157641,0.0,False,759.974993799847,0.029313957368227214,0.0,0.01727935696207883,-6.038936972129209,0.05393697212920934,0.0,False
2026-09-23,0.0142514166362569,767.0,0.78,7.9,0.77,7.7,491.0,80.0,156.0,127.0,0.775,7.800000000000001,True,759.9644234307863,0.99944421883154,0.009215180457842524,True,-7.025,-7.130000000000001,-6.92,0.10500000000000043,-7.0316663282473035,0.006666328247303177,0.0,False,759.974993799847,0.029313957368227214,0.0,0.020823345249909586,-7.0419251792485795,0.01692517924857917,0.0,False
2026-09-23,0.0142514166362569,768.0,0.61,8.76,0.6,8.51,329.0,40.0,504.0,206.0,0.605,8.635,True,759.9644234307863,0.99944421883154,0.010518112238258647,True,-8.03,-8.16,-7.8999999999999995,0.13000000000000034,-8.031110547078844,0.0011105470788450589,0.0,False,759.974993799847,0.029313957368227214,0.0,0.02441006545663882,-8.044956118286848,0.014956118286848508,0.0,False
2026-09-23,0.0142514166362569,769.0,0.44,9.77,0.43,9.36,673.0,49.0,286.0,199.0,0.435,9.565,True,759.9644234307863,0.99944421883154,0.011819348596230376,True,-9.129999999999999,-9.34,-8.92,0.20999999999999996,-9.030554765910384,-0.09944523408961459,0.0,False,759.974993799847,0.029313957368227214,0.0,0.02935522811513458,-9.049345499776884,-0.08065450022311538,0.0,False
2026-09-23,0.0142514166362569,770.0,0.33,10.52,0.32,10.3,1606.0,79.0,249.0,392.0,0.325,10.41,True,759.9644234307863,0.99944421883154,0.013118893938315857,True,-10.085,-10.2,-9.97,0.11499999999999932,-10.029998984741924,-0.055001015258076436,0.0,False,759.974993799847,0.029313957368227214,0.0,0.03422494416659916,-10.053659434659888,-0.03134056534011265,0.0,False
2026-09-23,0.0142514166362569,771.0,0.21,11.26,0.2,11.24,317.0,16.0,170.0,700.0,0.20500000000000002,11.25,True,759.9644234307863,0.99944421883154,0.014416752653915956,True,-11.045,-11.06,-11.03,0.015000000000000568,-11.029443203573464,-0.015556796426535513,0.0005567964265349445,True,759.974993799847,0.029313957368227214,0.0,0.04220873051924734,-11.061087439844076,0.016087439844076457,0.0010874398440758881,True
2026-09-23,0.0142514166362569,773.0,0.12,14.42,0.11,12.98,711.0,6.0,173.0,2.0,0.11499999999999999,13.7,True,759.9644234307863,0.99944421883154,0.017007427678008273,True,-13.584999999999999,-14.31,-12.860000000000001,0.7249999999999996,-13.028331641236544,-0.5566683587634547,0.0,False,759.974993799847,0.029313957368227214,0.0,0.05399582821988069,-13.07176297520779,-0.5132370247922093,0.0,False
2026-09-23,0.0142514166362569,775.0,0.06,17.14,0.05,14.04,1882.0,8.0,248.0,55.0,0.055,15.59,True,759.9644234307863,0.99944421883154,0.01959140844393337,True,-15.535,-17.09,-13.979999999999999,1.5550000000000006,-15.027220078899624,-0.5077799211003757,0.0,False,759.974993799847,0.029313957368227214,0.0,0.07027589721600336,-15.086931481866992,-0.44806851813300774,0.0,False
2026-09-23,0.0142514166362569,777.0,0.05,19.03,0.04,16.0,1127.0,2.0,55.0,4.0,0.045,17.515,False,759.9644234307863,0.99944421883154,0.02216872945823388,True,-17.47,-18.990000000000002,-15.95,1.5200000000000014,-17.026108516562704,-0.44389148343729445,0.0,False,759.974993799847,0.029313957368227214,0.0,0.08876010635383835,-17.10430412866791,-0.3656958713320897,0.0,False
2026-09-23,0.0142514166362569,780.0,0.03,22.25,0.02,18.93,1368.0,31.0,29.0,3.0,0.025,20.59,False,759.9644234307863,0.99944421883154,0.026022298774223847,True,-20.565,-22.23,-18.9,1.665000000000001,-20.024441173057323,-0.5405588269426786,0.0,False,759.974993799847,0.029313957368227214,0.0,0.10877959327920195,-20.12265627208789,-0.4423437279121103,0.0,False
2026-09-25,0.0197308686910514,600.0,162.04,0.02,158.1,0.01,3.0,603.0,353.0,115.0,160.07,0.015,False,760.1670509738002,0.9992306116831464,-0.23660855782378465,False,160.055,158.07999999999998,162.03,1.9750000000000085,160.04382031603606,0.011179683963945308,0.0,False,760.1927851027696,0.017484193081805318,0.0,6.493141079344394e-10,160.06953464481794,-0.01453464481792821,0.0,False
2026-09-25,0.0197308686910514,605.0,156.94,0.02,153.11,0.01,0.0,632.0,5.0,113.0,155.025,0.015,False,760.1670509738002,0.9992306116831464,-0.22830975500908945,False,155.01000000000002,153.09,156.93,1.9200000000000017,155.04766725762033,-0.03766725762031342,0.0,False,760.1927851027696,0.017484193081805318,0.0,1.7026029372294997e-09,155.07338158534893,-0.06338158534890681,0.0,False
2026-09-25,0.0197308686910514,610.0,152.1,0.02,148.38,0.01,0.0,881.0,5.0,90.0,150.24,0.015,False,760.1670509738002,0.9992306116831464,-0.22007925587257401,False,150.22500000000002,148.35999999999999,152.09,1.865000000000009,150.0515141992046,0.17348580079541875,0.0,False,760.1927851027696,0.017484193081805318,0.0,4.301594536894127e-09,150.0772285243342,0.14777147566582016,0.0,False
2026-09-25,0.0197308686910514,615.0,147.0,0.02,142.96,0.01,0.0,809.0,5.0,7.0,144.98000000000002,0.015,False,760.1670509738002,0.9992306116831464,-0.21191594523341312,False,144.96500000000003,142.94,146.99,2.0250000000000057,145.05536114078888,-0.09036114078884339,0.0,False,760.1927851027696,0.017484193081805318,0.0,1.0481589581024122e-08,145.08107545973849,-0.1160754597384539,0.0,False
2026-09-25,0.0197308686910514,620.0,142.15,0.02,138.13,0.01,21.0,2130.0,40.0,10.0,140.14,0.015,False,760.1670509738002,0.9992306116831464,-0.20381873500079378,False,140.125,138.10999999999999,142.14000000000001,2.015000000000015,140.05920808237315,0.06579191762685355,0.0,False,760.1927851027696,0.017484193081805318,0.0,2.4653090826846284e-08,140.0849223871512,0.04007761284879052,0.0,False
2026-09-25,0.0197308686910514,625.0,137.01,0.02,133.21,0.01,0.0,645.0,5.0,79.0,135.11,0.015,False,760.1670509738002,0.9992306116831464,-0.19578656330352942,False,135.09500000000003,133.19,137.0,1.9050000000000011,135.06305502395742,0.031944976042609596,0.0,False,760.1927851027696,0.017484193081805318,0.0,5.6060947090081194e-08,135.08876929732764,0.006230702672382904,0.0,False
2026-09-25,0.0197308686910514,630.0,132.07,0.02,128.14,0.01,0.0,884.0,5.0,124.0,130.105,0.015,False,760.1670509738002,0.9992306116831464,-0.1878183936543526,False,130.09,128.11999999999998,132.06,1.970000000000013,130.06690196554166,0.02309803445834291,0.0,False,760.1927851027696,0.017484193081805318,0.0,1.2330079915436856e-07,130.09261617167206,-0.0026161716720594086,0.0,False
2026-09-25,0.0197308686910514,640.0,122.02,0.03,118.13,0.02,0.0,248.0,1365.0,11.0,120.07499999999999,0.025,False,760.1670509738002,0.9992306116831464,-0.17207003668621348,False,120.04999999999998,118.1,122.0,1.9500000000000028,120.07459584871022,-0.024595848710234236,0.0,False,760.1927851027696,0.017484193081805318,0.0,5.417915518934283e-07,120.10030963634985,-0.05030963634986563,0.0,False
2026-09-25,0.0197308686910514,645.0,117.03,0.03,113.14,0.02,0.0,216.0,160.0,49.0,115.08500000000001,0.025,False,760.1670509738002,0.9992306116831464,-0.16428789624415846,False,115.06,113.11,117.01,1.9500000000000028,115.07844279029447,-0.018442790294471934,0.0,False,760.1927851027696,0.017484193081805318,0.0,1.0852434712206767e-06,115.1041560344822,-0.0441560344821994,0.0,False
2026-09-25,0.0197308686910514,650.0,112.1,0.04,108.17,0.03,1.0,804.0,5.0,27.0,110.13499999999999,0.035,False,760.1670509738002,0.9992306116831464,-0.15656585015024818,False,110.1,108.13,112.07,1.9699999999999989,110.08228973187875,0.017710268121248873,0.0,False,760.1927851027696,0.017484193081805318,0.0,2.1100607900154285e-06,110.10800195124914,-0.008001951249141825,0.0,False
2026-09-25,0.0197308686910514,655.0,107.05,0.04,103.23,0.03,0.0,1089.0,6.0,13.0,105.14,0.035,False,760.1670509738002,0.9992306116831464,-0.1489029774046791,False,105.105,103.19,107.02,1.9149999999999991,105.08613667346302,0.0188633265369873,0.0,False,760.1927851027696,0.017484193081805318,0.0,3.985816805975907e-06,105.1118470170774,-0.00684701707739066,0.0,False
2026-09-25,0.0197308686910514,660.0,102.05,0.04,98.26,0.03,0.0,597.0,5.0,134.0,100.155,0.035,False,760.1670509738002,0.9992306116831464,-0.14129837801945969,False,100.12,98.22,102.02,1.8999999999999986,100.08998361504729,0.030016384952716635,0.0,False,760.1927851027696,0.017484193081805318,0.0,7.329059442642144e-06,100.11569061541903,0.004309384580977849,0.0,False
2026-09-25,0.0197308686910514,665.0,97.03,0.05,93.14,0.04,0.0,2665.0,5.0,39.0,95.08500000000001,0.045,False,760.1670509738002,0.9992306116831464,-0.1337511723840768,False,95.04,93.09,96.99,1.9499999999999957,95.09383055663154,-0.053830556631538684,0.0,False,760.1927851027696,0.017484193081805318,0.0,1.3125504784702868e-05,95.11953176055796,-0.07953176055795552,0.0,False
2026-09-25,0.0197308686910514,670.0,92.06,0.05,88.04,0.04,1.0,1033.0,1.0,7930.0,90.05000000000001,0.045,False,760.1670509738002,0.9992306116831464,-0.12626050065491923,False,90.00500000000001,87.99000000000001,92.02,2.0149999999999935,90.09767749821582,-0.09267749821580651,0.0,False,760.1927851027696,0.017484193081805318,0.0,2.2896022028255636e-05,90.12336893162498,-0.1183689316249712,0.0,False
2026-09-25,0.0197308686910514,675.0,87.04,0.06,83.29,0.05,0.0,2880.0,5.0,6720.0,85.165,0.055,True,760.1670509738002,0.9992306116831464,-0.11882552216740118,False,85.11,83.23,86.99000000000001,1.8800000000000026,85.10152443980009,0.008475560199912024,0.0,False,760.1927851027696,0.017484193081805318,0.0,3.898850966697204e-05,85.1271997807216,-0.017199780721597335,0.0,False
2026-09-25,0.0197308686910514,680.0,82.06,0.07,78.27,0.06,0.0,1397.0,21.0,1890.0,80.16499999999999,0.065,True,760.1670509738002,0.9992306116831464,-0.11144541486977853,False,80.1,78.2,82.0,1.8999999999999986,80.10537138138436,-0.0053713813843643265,0.0,False,760.1927851027696,0.017484193081805318,0.0,4.817695402246913e-05,80.13103753386152,-0.031037533861521638,0.0,False
2026-09-25,0.0197308686910514,685.0,77.08,0.08,73.24,0.07,1.0,2169.0,21.0,737.0,75.16,0.07500000000000001,True,760.1670509738002,0.9992306116831464,-0.10411937477770566,True,75.085,73.16,77.01,1.9250000000000043,75.10921832296862,-0.02421832296862192,0.0,False,760.1927851027696,0.017484193081805318,0.0,5.842715648152197e-05,75.13487422524334,-0.04987422524334306,0.0,False
2026-09-25,0.0197308686910514,690.0,72.03,0.08,68.25,0.07,0.0,2064.0,50.0,716.0,70.14,0.07500000000000001,True,760.1670509738002,0.9992306116831464,-0.09684661544862591,True,70.065,68.17,71.96000000000001,1.8950000000000031,70.11306526455289,-0.048065264552889175,0.0,False,760.1927851027696,0.017484193081805318,0.0,6.253360253445639e-05,70.13871706038155,-0.07371706038155423,0.0,False
2026-09-25,0.0197308686910514,695.0,67.11,0.1,63.26,0.09,0.0,3779.0,85.0,25.0,65.185,0.095,True,760.1670509738002,0.9992306116831464,-0.08962636747513889,True,65.09,63.16,67.02,1.9299999999999997,65.11691220613716,-0.026912206137154726,0.0,False,760.1927851027696,0.017484193081805318,0.0,8.326306569345077e-05,65.14254327250265,-0.05254327250264623,0.0,False
2026-09-25,0.0197308686910514,700.0,62.1,0.11,58.32,0.1,2.0,2363.0,660.0,132.0,60.21,0.10500000000000001,True,760.1670509738002,0.9992306116831464,-0.08245787799652625,True,60.105000000000004,58.21,62.0,1.8949999999999996,60.12075914772142,-0.015759147721418287,0.0,False,760.1927851027696,0.017484193081805318,0.0,9.85684021865274e-05,60.146374908750424,-0.04137490875042005,0.0,False
2026-09-25,0.0197308686910514,705.0,57.03,0.13,53.28,0.12,0.0,2052.0,113.0,131.0,55.155,0.125,True,760.1670509738002,0.9992306116831464,-0.0753404102276623,True,55.03,53.15,56.910000000000004,1.8800000000000026,55.12460608930569,-0.09460608930569236,0.0,False,760.1927851027696,0.017484193081805318,0.0,0.00012544497778960162,55.15019497375909,-0.12019497375909083,0.0,False
2026-09-25,0.0197308686910514,710.0,52.16,0.15,48.33,0.14,11.0,3534.0,3.0,247.0,50.245,0.14500000000000002,True,760.1670509738002,0.9992306116831464,-0.06827324300456988,True,50.099999999999994,48.18,52.019999999999996,1.9199999999999982,50.12845303088996,-0.028453030889963316,0.0,False,760.1927851027696,0.017484193081805318,0.0,0.00015698410063175183,50.15401037622051,-0.05401037622051774,0.0,False
2026-09-25,0.0197308686910514,715.0,47.2,0.18,43.36,0.17,0.0,4090.0,5.0,1777.0,45.28,0.175,True,760.1670509738002,0.9992306116831464,-0.061255670345923365,True,45.105000000000004,43.18,47.03,1.9250000000000007,45.13229997247423,-0.027299972474224887,0.0,False,760.1927851027696,0.017484193081805318,0.0,0.000205357749048507,45.15780894415637,-0.05280894415636794,0.0,False
2026-09-25,0.0197308686910514,720.0,42.2,0.21,38.42,0.2,2.0,6724.0,97.0,354.0,40.31,0.20500000000000002,True,760.1670509738002,0.9992306116831464,-0.05428700102982994,True,40.105000000000004,38.21,42.0,1.8949999999999996,40.1361469140585,-0.031146914058496122,0.0,False,760.1927851027696,0.017484193081805318,0.0,0.0002647350700840656,40.1615965084196,-0.05659650841959518,0.0,False
2026-09-25,0.0197308686910514,721.0,41.21,0.23,37.49,0.22,0.0,577.0,12.0,28.0,39.35,0.225,True,760.1670509738002,0.9992306116831464,-0.05289907575498184,True,39.125,37.260000000000005,40.99,1.8649999999999984,39.13691630237535,-0.011916302375347243,0.0,False,760.1927851027696,0.017484193081805318,0.0,0.0002942117400386024,39.162336420066495,-0.03733642006649518,0.0,False
2026-09-25,0.0197308686910514,722.0,40.2,0.24,36.33,0.23,0.0,1117.0,27.0,230.0,38.265,0.235,True,760.1670509738002,0.9992306116831464,-0.051513074147104786,True,38.03,36.089999999999996,39.970000000000006,1.9400000000000048,38.1376856906922,-0.10768569069220035,0.0,False,760.1927851027696,0.017484193081805318,0.0,0.00031331026333114576,38.16308670986006,-0.13308670986005922,0.0,False
2026-09-25,0.0197308686910514,723.0,38.98,0.26,35.44,0.25,2.0,565.0,104.0,332.0,37.209999999999994,0.255,True,760.1670509738002,0.9992306116831464,-0.05012899088116631,True,36.95499999999999,35.18,38.73,1.7749999999999986,37.138455079009056,-0.18345507900906455,0.0,False,760.1927851027696,0.017484193081805318,0.0,0.0003450837658763861,37.163824324674366,-0.2088243246743744,0.0,False
2026-09-25,0.0197308686910514,724.0,38.55,0.26,34.5,0.25,0.0,900.0,302.0,196.0,36.525,0.255,True,760.1670509738002,0.9992306116831464,-0.048746820654214616,True,36.269999999999996,34.24,38.3,2.0299999999999976,36.13922446732591,0.13077553267408604,0.0,False,760.1927851027696,0.017484193081805318,0.0,0.0003544049060478227,36.16458439185105,0.10541560814894524,0.0,False
2026-09-25,0.0197308686910514,725.0,37.21,0.28,33.54,0.26,0.0,2850.0,5.0,336.0,35.375,0.27,True,760.1670509738002,0.9992306116831464,-0.04736655818525619,True,35.105,33.26,36.95,1.8450000000000024,35.139993855642764,-0.03499385564276736,0.0,False,760.1927851027696,0.017484193081805318,0.0,0.00038258333397678257,35.16532560173998,-0.060325601739982915,0.0,False
2026-09-25,0.0197308686910514,726.0,35.55,0.28,32.48,0.27,0.0,600.0,2.0,151.0,34.015,0.275,True,760.1670509738002,0.9992306116831464,-0.045988198215134855,True,33.74,32.199999999999996,35.279999999999994,1.5399999999999991,34.14076324395962,-0.4007632439596165,0.0,False,760.1927851027696,0.017484193081805318,0.0,0.00039966722899631435,34.16607790616181,-0.4260779061618081,0.0,False
2026-09-25,0.0197308686910514,727.0,35.42,0.3,31.57,0.29,0.0,16172.0,3.0,226.0,33.495000000000005,0.295,True,760.1670509738002,0.9992306116831464,-0.04461173550641156,True,33.2,31.27,35.13,1.9300000000000015,33.14153263227647,0.05846736772353012,0.0,False,760.1927851027696,0.017484193081805318,0.0,0.0004368205869179076,33.16681014112074,0.03318985887926118,0.0,False
2026-09-25,0.0197308686910514,728.0,34.16,0.33,30.59,0.32,0.0,1043.0,4.0,253.0,32.375,0.325,True,760.1670509738002,0.9992306116831464,-0.04323716484324506,True,32.05,30.26,33.839999999999996,1.7899999999999974,32.14230202059333,-0.09230202059332981,0.0,False,760.1927851027696,0.017484193081805318,0.0,0.0004885359728215022,32.167527814051695,-0.11752781405169799,0.0,False
2026-09-25,0.0197308686910514,729.0,32.6,0.36,29.54,0.35,0.0,727.0,2.0,52.0,31.07,0.355,True,760.1670509738002,0.9992306116831464,-0.04186448103127286,True,30.715,29.18,32.25,1.5350000000000001,31.143071408910178,-0.4280714089101778,0.0,False,760.1927851027696,0.017484193081805318,0.0,0.0005425246131424699,31.168243213728225,-0.45324321372822496,0.0,False
2026-09-25,0.0197308686910514,730.0,32.18,0.39,28.85,0.38,1.0,129810.0,5.0,298.0,30.515,0.385,True,760.1670509738002,0.9992306116831464,-0.04049367889749418,True,30.13,28.46,31.8,1.67,30.143840797227032,-0.013840797227032908,0.0,False,760.1927851027696,0.017484193081805318,0.0,0.0005991742031041247,30.168955952455118,-0.03895595245511885,0.0,False
2026-09-25,0.0197308686910514,731.0,31.25,0.38,28.0,0.37,0.0,867.0,2.0,297.0,29.625,0.375,True,760.1670509738002,0.9992306116831464,-0.03912475329015247,True,29.25,27.62,30.88,1.629999999999999,29.144610185543886,0.10538981445611384,0.0,False,760.1927851027696,0.017484193081805318,0.0,0.0006051212726111421,29.169719393702465,0.08028060629753497,0.0,False
2026-09-25,0.0197308686910514,732.0,30.33,0.42,27.07,0.41,0.0,1083.0,263.0,238.0,28.7,0.415,True,760.1670509738002,0.9992306116831464,-0.0377576990786194,True,28.285,26.65,29.919999999999998,1.6349999999999998,28.14537957386074,0.13962042613925973,0.0,False,760.1927851027696,0.017484193081805318,0.0,0.0006812816213315198,28.170412621670597,0.11458737832940358,0.0,False
2026-09-25,0.0197308686910514,733.0,29.38,0.44,25.8,0.43,0.0,1031.0,26.0,97.0,27.59,0.435,True,760.1670509738002,0.9992306116831464,-0.03639251115327945,True,27.155,25.36,28.95,1.795,27.146148962177595,0.008851037822406482,0.0,False,760.1927851027696,0.017484193081805318,0.0,0.0007336221032671064,27.17112966950551,-0.01612966950550998,0.0,False
2026-09-25,0.0197308686910514,734.0,28.4,0.47,24.83,0.46,0.0,630.0,250.0,293.0,26.615,0.46499999999999997,True,760.1670509738002,0.9992306116831464,-0.03502918442541534,True,26.15,24.36,27.939999999999998,1.7899999999999991,26.146918350494445,0.00308164950555323,0.0,False,760.1927851027696,0.017484193081805318,0.0,0.0008038154052525393,26.171828864520382,-0.021828864520383462,0.0,False
2026-09-25,0.0197308686910514,735.0,27.41,0.5,24.8,0.49,1.0,3484.0,13.0,428.0,26.105,0.495,True,760.1670509738002,0.9992306116831464,-0.033667713827094346,True,25.61,24.3,26.92,1.3100000000000005,25.1476877388113,0.46231226118869984,0.0,False,760.1927851027696,0.017484193081805318,0.0,0.0008782788153738896,25.172523789427114,0.43747621057288555,0.0,False
2026-09-25,0.0197308686910514,736.0,25.84,0.56,22.78,0.55,0.0,1344.0,3.0,862.0,24.310000000000002,0.555,True,760.1670509738002,0.9992306116831464,-0.03230809431105477,True,23.755000000000003,22.220000000000002,25.29,1.5349999999999984,24.148457127128154,-0.3934571271281513,0.0,False,760.1927851027696,0.017484193081805318,0.0,0.0010016837535151701,24.173169772805828,-0.41816977280582535,0.0,False
2026-09-25,0.0197308686910514,737.0,25.53,0.58,21.95,0.57,1.0,1483.0,99.0,53.0,23.740000000000002,0.575,True,760.1670509738002,0.9992306116831464,-0.030950320850594383,True,23.165000000000003,21.37,24.96,1.795,23.149226515445008,0.01577348455499461,0.0,False,760.1927851027696,0.017484193081805318,0.0,0.0010722087387585733,23.17386863613744,-0.008868636137435715,0.0,False
2026-09-25,0.0197308686910514,738.0,23.88,0.63,21.0,0.62,4.0,1658.0,1.0,243.0,22.439999999999998,0.625,True,760.1670509738002,0.9992306116831464,-0.029594388439458476,True,21.814999999999998,20.37,23.259999999999998,1.4449999999999985,22.149995903761862,-0.3349959037618646,0.0,False,760.1927851027696,0.017484193081805318,0.0,0.0011945226857541513,22.174515710507293,-0.3595157105072957,0.0,False
2026-09-25,0.0197308686910514,739.0,22.79,0.7,19.77,0.69,0.0,2071.0,228.0,258.0,21.28,0.695,True,760.1670509738002,0.9992306116831464,-0.02824029209172918,True,20.585,19.07,22.099999999999998,1.5149999999999988,21.150765292078717,-0.5657652920787157,0.0,False,760.1927851027696,0.017484193081805318,0.0,0.0013561772825000373,21.175123444227403,-0.5901234442274017,0.0,False
2026-09-25,0.0197308686910514,740.0,22.12,0.75,19.11,0.74,300.0,21412.0,4.0,3669.0,20.615000000000002,0.745,True,760.1670509738002,0.9992306116831464,-0.0268880268417155,True,19.87,18.36,21.380000000000003,1.5100000000000016,20.151534680395567,-0.2815346803955663,0.0,False,760.1927851027696,0.017484193081805318,0.0,0.0014979563303867405,20.17575105349637,-0.305751053496369,0.0,False
2026-09-25,0.0197308686910514,741.0,20.23,0.81,19.74,0.79,197.0,1228.0,63.0,208.0,19.985,0.8,True,760.1670509738002,0.9992306116831464,-0.025537587743844032,True,19.185,18.93,19.44,0.2550000000000008,19.15230406871242,0.032695931287577196,0.0,False,760.1927851027696,0.017484193081805318,0.0,0.0016586153294807504,19.176359782814128,0.008640217185870824,0.0,False
2026-09-25,0.0197308686910514,742.0,19.35,0.88,19.12,0.86,287.0,1163.0,476.0,371.0,19.235,0.87,True,760.1670509738002,0.9992306116831464,-0.024188969872550568,True,18.365,18.240000000000002,18.490000000000002,0.125,18.153073457029276,0.21192654297072266,0.08692654297072622,True,760.1927851027696,0.017484193081805318,0.0,0.001856212437199134,18.176931574023264,0.18806842597673423,0.06306842597673779,True
2026-09-25,0.0197308686910514,743.0,18.42,0.96,18.13,0.95,207.0,2305.0,232.0,339.0,18.275,0.955,True,760.1670509738002,0.9992306116831464,-0.022842168322171834,True,17.32,17.169999999999998,17.470000000000002,0.15000000000000213,17.15384284534613,0.16615715465387026,0.016157154653868133,True,760.1927851027696,0.017484193081805318,0.0,0.0020936862623093244,17.17746348851501,0.14253651148499102,0.0,False
2026-09-25,0.0197308686910514,744.0,17.51,1.04,17.25,1.03,521.0,3626.0,64.0,426.0,17.380000000000003,1.0350000000000001,True,760.1670509738002,0.9992306116831464,-0.021497178206839117,True,16.345000000000002,16.21,16.48,0.1349999999999998,16.154612233662984,0.19038776633701815,0.055387766337016586,True,760.1927851027696,0.017484193081805318,0.0,0.0023416491851133703,16.177984913909057,0.16701508609094518,0.03201508609094361,True
2026-09-25,0.0197308686910514,745.0,16.59,1.15,16.32,1.13,191.0,151872.0,46.0,3346.0,16.455,1.14,True,760.1670509738002,0.9992306116831464,-0.02015399466037145,True,15.314999999999998,15.17,15.46,0.14500000000000046,15.155381621979837,0.159618378020161,0.014618378020163192,True,760.1927851027696,0.017484193081805318,0.0,0.002653642215449281,15.178442309195574,0.13655769080442326,0.0,False
2026-09-25,0.0197308686910514,746.0,15.69,1.23,15.46,1.21,182.0,2237.0,25.0,221.0,15.575,1.22,True,760.1670509738002,0.9992306116831464,-0.018812612836170098,True,14.354999999999999,14.23,14.48,0.125,14.15615101029669,0.19884898970330944,0.07384898970331122,True,760.1927851027696,0.017484193081805318,0.0,0.0029501680282635334,14.178915171699614,0.1760848283003842,0.051084828300385965,True
2026-09-25,0.0197308686910514,747.0,14.8,1.34,14.56,1.32,161.0,1475.0,2.0,618.0,14.68,1.33,True,760.1670509738002,0.9992306116831464,-0.017473027907113626,True,13.35,13.22,13.48,0.1299999999999999,13.156920398613543,0.1930796013864562,0.06307960138645718,True,760.1927851027696,0.017484193081805318,0.0,0.0033295552023007158,13.179305172842431,0.17069482715756834,0.040694827157569335,True
2026-09-25,0.0197308686910514,748.0,13.9,1.48,13.67,1.46,156.0,1593.0,17.0,451.0,13.785,1.47,True,760.1670509738002,0.9992306116831464,-0.016135235065453675,True,12.315,12.19,12.440000000000001,0.1250000000000009,12.157689786930398,0.1573102130696018,0.0323102130696018,True,760.1927851027696,0.017484193081805318,0.0,0.0037994041549815893,12.179604712206602,0.13539528779339705,0.010395287793397046,True
2026-09-25,0.0197308686910514,749.0,13.03,1.63,12.84,1.61,359.0,1836.0,74.0,571.0,12.934999999999999,1.62,True,760.1670509738002,0.9992306116831464,-0.014799229522711534,True,11.314999999999998,11.21,11.42,0.10499999999999954,11.15845917524725,0.15654082475274755,0.05154082475275068,True,760.1927851027696,0.017484193081805318,0.0,0.004331761926423372,11.179841742752016,0.1351582572479817,0.03015825724798482,True
2026-09-25,0.0197308686910514,750.0,12.22,1.76,12.04,1.75,563.0,16650.0,147.0,5799.0,12.129999999999999,1.755,True,760.1670509738002,0.9992306116831464,-0.013465006509574872,True,10.375,10.28,10.47,0.09500000000000064,10.159228563564104,0.21577143643589558,0.12077143643589494,True,760.1927851027696,0.017484193081805318,0.0,0.004894061993626853,10.180048831001665,0.19495116899833498,0.09995116899833434,True
2026-09-25,0.0197308686910514,751.0,11.35,1.94,11.17,1.92,289.0,2143.0,388.0,573.0,11.26,1.93,True,760.1670509738002,0.9992306116831464,-0.012132561275796235,True,9.33,9.23,9.43,0.09999999999999964,9.159997951880959,0.1700020481190414,0.07000204811904176,True,760.1927851027696,0.017484193081805318,0.0,0.005586562269847661,9.180125719042298,0.14987428095770206,0.04987428095770241,True
2026-09-25,0.0197308686910514,752.0,10.48,2.14,10.39,2.11,502.0,2815.0,622.0,496.0,10.435,2.125,True,760.1670509738002,0.9992306116831464,-0.010801889090091138,True,8.31,8.25,8.370000000000001,0.0600000000000005,8.160767340197811,0.14923265980218936,0.08923265980218886,True,760.1927851027696,0.017484193081805318,0.0,0.006390683241549677,8.18009098638745,0.1299090136125507,0.0699090136125502,True
2026-09-25,0.0197308686910514,753.0,9.68,2.33,9.61,2.3,356.0,677.0,329.0,430.0,9.645,2.315,True,760.1670509738002,0.9992306116831464,-0.009472985240037368,True,7.33,7.279999999999999,7.38,0.050000000000000266,7.161536728514665,0.1684632714853347,0.11846327148533398,True,760.1927851027696,0.017484193081805318,0.0,0.007283676512821913,7.179967381433031,0.1500326185669687,0.10003261856696799,True
2026-09-25,0.0197308686910514,754.0,8.9,2.57,8.81,2.54,990.0,1445.0,370.0,364.0,8.855,2.5549999999999997,True,760.1670509738002,0.9992306116831464,-0.008145845031974857,True,6.300000000000001,6.24,6.36,0.06000000000000005,6.162306116831519,0.13769388316848197,0.07769388316848147,True,760.1927851027696,0.017484193081805318,0.0,0.00836899500576127,6.179651451256945,0.12034854874305534,0.06034854874305484,True
2026-09-25,0.0197308686910514,755.0,8.09,2.81,8.02,2.78,1235.0,5941.0,223.0,1761.0,8.055,2.795,True,760.1670509738002,0.9992306116831464,-0.006820463790906322,True,5.26,5.209999999999999,5.3100000000000005,0.05000000000000071,5.163075505148372,0.09692449485162768,0.046924494851626974,True,760.1927851027696,0.017484193081805318,0.0,0.009602020966441582,5.179187813613119,0.08081218638688092,0.030812186386880214,True
2026-09-25,0.0197308686910514,756.0,7.43,3.1,7.3,3.07,820.0,975.0,93.0,406.0,7.365,3.085,True,760.1670509738002,0.9992306116831464,-0.00549683686039801,True,4.28,4.199999999999999,4.359999999999999,0.08000000000000007,4.1638448934652255,0.11615510653477479,0.03615510653477383,True,760.1927851027696,0.017484193081805318,0.0,0.011070673864268077,4.178488549032146,0.10151145096785452,0.021511450967853563,True
2026-09-25,0.0197308686910514,757.0,6.69,3.44,6.63,3.41,1205.0,962.0,261.0,667.0,6.66,3.425,True,760.1670509738002,0.9992306116831464,-0.004174959602482216,True,3.2350000000000003,3.19,3.2800000000000002,0.04500000000000015,3.1646142817820793,0.07038571821792106,0.025385718217920683,True,760.1927851027696,0.017484193081805318,0.0,0.0127908591107464,3.1775377521025208,0.05746224789747956,0.012462247897479184,True
2026-09-25,0.0197308686910514,758.0,5.98,3.74,5.92,3.7,1670.0,1850.0,139.0,1536.0,5.95,3.72,True,760.1670509738002,0.9992306116831464,-0.0028548273975593187,True,2.23,2.1799999999999997,2.2800000000000002,0.050000000000000266,2.165383670098933,0.06461632990106692,0.01461632990106665,True,760.1927851027696,0.017484193081805318,0.0,0.014735623473675297,2.1763623760564457,0.05363762394355431,0.003637623943554047,True
2026-09-25,0.0197308686910514,759.0,5.4,4.1,5.37,4.08,1397.0,2176.0,1298.0,965.0,5.385,4.09,True,760.1670509738002,0.9992306116831464,-0.0015364356443010332,True,1.295,1.2700000000000005,1.3200000000000003,0.02499999999999991,1.1661530584157866,0.12884694158421328,0.10384694158421381,True,760.1927851027696,0.017484193081805318,0.0,0.017046154969670546,1.174821232877304,0.12017876712269593,0.09517876712269646,True
2026-09-25,0.0197308686910514,760.0,4.74,4.51,4.71,4.47,3613.0,19485.0,3522.0,5256.0,4.725,4.49,True,760.1670509738002,0.9992306116831464,-0.00021977975955418018,True,0.23499999999999943,0.20000000000000018,0.27000000000000046,0.03500000000000014,0.16692244673264017,0.06807755326735926,0.033077553267360005,True,760.1927851027696,0.017484193081805318,0.0,0.019742008173275316,0.17289476799055276,0.062105232009446676,0.027105232009447422,True
2026-09-25,0.0197308686910514,761.0,4.16,4.95,4.14,4.92,1987.0,2942.0,1144.0,658.0,4.15,4.9350000000000005,True,760.1670509738002,0.9992306116831464,0.0010951448217549097,True,-0.7850000000000001,-0.8100000000000005,-0.7599999999999998,0.025000000000000355,-0.8323081649505062,0.04730816495050605,0.022308164950505693,True,760.1927851027696,0.017484193081805318,0.0,0.022812260339062362,-0.8294060958583807,0.04440609585838051,0.019406095858380157,True
2026-09-25,0.0197308686910514,762.0,3.65,5.42,3.61,5.38,1799.0,3463.0,1754.0,808.0,3.63,5.4,True,760.1670509738002,0.9992306116831464,0.0024083426467153635,True,-1.7700000000000005,-1.81,-1.73,0.040000000000000036,-1.8315387766336526,0.06153877663365215,0.021538776633652557,True,760.1927851027696,0.017484193081805318,0.0,0.0264163202400578,-1.8322407674425225,0.06224076744252205,0.022240767442522458,True
2026-09-25,0.0197308686910514,763.0,3.15,5.93,3.12,5.87,3331.0,1289.0,2157.0,833.0,3.135,5.9,True,760.1670509738002,0.9992306116831464,0.0037198182445261113,True,-2.7650000000000006,-2.8099999999999996,-2.72,0.04499999999999971,-2.8307693883167993,0.06576938831679868,0.020769388316799642,True,760.1927851027696,0.017484193081805318,0.0,0.030666411102159508,-2.835721469987771,0.07072146998777029,0.02572146998777125,True
2026-09-25,0.0197308686910514,764.0,2.7,6.59,2.68,6.45,1089.0,1004.0,2184.0,96.0,2.6900000000000004,6.52,True,760.1670509738002,0.9992306116831464,0.005029576126589614,True,-3.829999999999999,-3.9099999999999997,-3.75,0.07999999999999985,-3.8299999999999454,-5.3734794391857577e-14,0.0,False,760.1927851027696,0.017484193081805318,0.0,0.035568187646520144,-3.8398538582152777,0.00985385821527851,0.0,False
2026-09-25,0.0197308686910514,765.0,2.27,7.15,2.25,7.06,7859.0,3085.0,3118.0,322.0,2.26,7.105,True,760.1670509738002,0.9992306116831464,0.006337620786604976,True,-4.845000000000001,-4.9,-4.789999999999999,0.055000000000000604,-4.829230611683092,-0.015769388316908994,0.0,False,760.1927851027696,0.017484193081805318,0.0,0.04149513859836951,-4.845011420850273,1.1420850272614302e-05,0.0,False
2026-09-25,0.0197308686910514,766.0,1.91,7.86,1.89,7.66,2410.0,1958.0,398.0,87.0,1.9,7.76,True,760.1670509738002,0.9992306116831464,0.007643956700660233,True,-5.859999999999999,-5.970000000000001,-5.75,0.11000000000000032,-5.828461223366238,-0.031538776633761145,0.0,False,760.1927851027696,0.017484193081805318,0.0,0.04811762375666362,-5.850864517691714,-0.009135482308285425,0.0,False
2026-09-25,0.0197308686910514,767.0,1.62,8.53,1.59,8.31,1761.0,2348.0,3236.0,210.0,1.605,8.42,True,760.1670509738002,0.9992306116831464,0.008948588327325138,True,-6.8149999999999995,-6.9399999999999995,-6.69,0.12499999999999956,-6.827691835049385,0.012691835049385425,0.0,False,760.1927851027696,0.017484193081805318,0.0,0.05528084429615987,-6.857258349914357,0.042258349914357396,0.0,False
2026-09-25,0.0197308686910514,768.0,1.32,9.25,1.3,9.05,2656.0,1819.0,323.0,550.0,1.31,9.15,True,760.1670509738002,0.9992306116831464,0.010251520107741134,True,-7.84,-7.95,-7.73,0.10999999999999988,-7.826922446732532,-0.01307755326746829,0.0,False,760.1927851027696,0.017484193081805318,0.0,0.06423735279470222,-7.865445470096046,0.02544547009604603,0.0,False
2026-09-25,0.0197308686910514,769.0,1.07,10.06,1.05,9.85,1368.0,1845.0,722.0,826.0,1.06,9.955,True,760.1670509738002,0.9992306116831464,0.011552756465712957,True,-8.895,-9.01,-8.78,0.11500000000000021,-8.826153058415677,-0.06884694158432225,0.0,False,760.1927851027696,0.017484193081805318,0.0,0.07442558360919982,-8.87486431259369,-0.020135687406309444,0.0,False
2026-09-25,0.0197308686910514,770.0,0.84,10.89,0.83,10.59,6621.0,1568.0,3487.0,515.0,0.835,10.74,True,760.1670509738002,0.9992306116831464,0.012852301807798533,True,-9.905000000000001,-10.06,-9.75,0.15500000000000025,-9.825383670098825,-0.07961632990117629,0.0,False,760.1927851027696,0.017484193081805318,0.0,0.08669896570751412,-9.88636830637515,-0.018631693624850953,0.0,False
2026-09-25,0.0197308686910514,771.0,0.69,11.74,0.67,11.44,1545.0,874.0,235.0,60.0,0.6799999999999999,11.59,True,760.1670509738002,0.9992306116831464,0.014150160523398505,True,-10.91,-11.07,-10.75,0.16000000000000014,-10.82461428178197,-0.08538571821802954,0.0,False,760.1927851027696,0.017484193081805318,0.0,0.09845455460176211,-10.897354506952544,-0.012645493047456213,0.0,False
2026-09-25,0.0197308686910514,772.0,0.53,13.72,0.52,11.22,26482.0,684.0,1320.0,19.0,0.525,12.47,True,760.1670509738002,0.9992306116831464,0.015446336984845202,True,-11.945,-13.200000000000001,-10.690000000000001,1.255,-11.823844893465116,-0.12115510653488393,0.0,False,760.1927851027696,0.017484193081805318,0.0,0.11382562989867573,-11.911956193932605,-0.03304380606739521,0.0,False
2026-09-25,0.0197308686910514,773.0,0.42,14.33,0.41,12.13,1773.0,800.0,829.0,11.0,0.415,13.23,True,760.1670509738002,0.9992306116831464,0.01674083554749101,True,-12.815000000000001,-13.92,-11.71,1.1049999999999995,-12.823075505148264,0.008075505148262607,0.0,False,760.1927851027696,0.017484193081805318,0.0,0.12901638410054161,-12.926377559817617,0.11137755981761543,0.0,False
2026-09-25,0.0197308686910514,774.0,0.33,15.0,0.32,13.07,6636.0,381.0,3278.0,4.0,0.325,14.035,True,760.1670509738002,0.9992306116831464,0.01803366054979618,True,-13.71,-14.68,-12.74,0.9699999999999998,-13.82230611683141,0.11230611683140879,0.0,False,760.1927851027696,0.017484193081805318,0.0,0.1456580760194921,-13.942249863419715,0.23224986341971388,0.0,False
2026-09-25,0.0197308686910514,775.0,0.25,17.18,0.24,13.95,8625.0,730.0,1995.0,4.0,0.245,15.565,True,760.1670509738002,0.9992306116831464,0.019324816313416076,True,-15.32,-16.94,-13.7,1.620000000000001,-14.821536728514555,-0.4984632714854449,0.0,False,760.1927851027696,0.017484193081805318,0.0,0.16588703016584816,-14.961709429249217,-0.35829057075078374,0.0,False
2026-09-25,0.0197308686910514,776.0,0.2,18.14,0.19,14.95,1272.0,297.0,1361.0,1.0,0.195,16.545,True,760.1670509738002,0.9992306116831464,0.020614307143287845,True,-16.35,-17.95,-14.75,1.5999999999999996,-15.820767340197703,-0.5292326598022985,0.0,False,760.1927851027696,0.017484193081805318,0.0,0.1833812733087843,-15.978434284075298,-0.371565715924703,0.0,False
2026-09-25,0.0197308686910514,777.0,0.15,19.12,0.14,15.86,1858.0,309.0,807.0,2.0,0.14500000000000002,17.490000000000002,True,760.1670509738002,0.9992306116831464,0.021902137327716554,True,-17.345000000000002,-18.98,-15.709999999999999,1.6350000000000007,-16.81999795188085,-0.525002048119152,0.0,False,760.1927851027696,0.017484193081805318,0.0,0.20677364580636137,-17.001057268256023,-0.3439427317439794,0.0,False
2026-09-25,0.0197308686910514,778.0,0.11,20.1,0.1,16.92,1362.0,75.0,155.0,4.0,0.10500000000000001,18.51,True,760.1670509738002,0.9992306116831464,0.02318831113846073,True,-18.405,-20.0,-16.810000000000002,1.5949999999999989,-17.819228563563996,-0.5857714364360049,0.0,False,760.1927851027696,0.017484193081805318,0.0,0.23358126503702792,-18.027095499169835,-0.3779045008301658,0.0,False
2026-09-25,0.0197308686910514,779.0,0.09,21.09,0.08,17.91,1071.0,96.0,430.0,1.0,0.08499999999999999,19.5,True,760.1670509738002,0.9992306116831464,0.02447283283081719,True,-19.415,-21.01,-17.82,1.5950000000000006,-18.818459175247142,-0.5965408247528572,0.0,False,760.1927851027696,0.017484193081805318,0.0,0.2522574947070986,-19.04500234052305,-0.3699976594769474,0.0,False
2026-09-25,0.0197308686910514,780.0,0.09,21.2,0.08,18.9,10934.0,653.0,4124.0,1.0,0.08499999999999999,20.049999999999997,True,760.1670509738002,0.9992306116831464,0.025755706643706366,True,-19.964999999999996,-21.12,-18.81,1.1550000000000011,-19.817689786930288,-0.1473102130697086,0.0,False,760.1927851027696,0.017484193081805318,0.0,0.253027260757424,-20.045002718256523,0.0800027182565266,0.0,False
2026-09-25,0.0197308686910514,781.0,0.06,23.25,0.05,19.93,1423.0,16.0,221.0,1.0,0.055,21.59,True,760.1670509738002,0.9992306116831464,0.027036936799754923,True,-21.535,-23.2,-19.87,1.6649999999999991,-20.816920398613433,-0.7180796013865667,0.0,False,760.1927851027696,0.017484193081805318,0.0,0.28379676945000654,-21.075002838632255,-0.4599971613677454,0.0,False
2026-09-25,0.0197308686910514,782.0,0.05,23.6,0.04,20.91,5057.0,12.0,40.0,1.0,0.045,22.255000000000003,False,760.1670509738002,0.9992306116831464,0.028316527505380055,True,-22.21,-23.560000000000002,-20.86,1.3500000000000014,-21.816151010296583,-0.3938489897034181,0.0,False,760.1927851027696,0.017484193081805318,0.0,0.298353384837732,-22.088790065703126,-0.12120993429687488,0.0,False
2026-09-25,0.0197308686910514,783.0,0.05,25.2,0.04,21.8,1093.0,28.0,61.0,1.0,0.045,23.5,False,760.1670509738002,0.9992306116831464,0.02959448295087209,True,-23.455,-25.16,-21.75,1.705,-22.81538162197973,-0.6396183780202698,0.0,False,760.1927851027696,0.017484193081805318,0.0,0.30970890321670197,-23.09937619576524,-0.3556238042347566,0.0,False
2026-09-25,0.0197308686910514,784.0,0.05,26.26,0.04,22.34,839.0,12.0,11.0,1.0,0.045,24.3,False,760.1670509738002,0.9992306116831464,0.030870807310476856,True,-24.255,-26.220000000000002,-22.29,1.9650000000000016,-23.814612233662874,-0.44038776633712473,0.0,False,760.1927851027696,0.017484193081805318,0.0,0.3185340441674356,-24.10743194839912,-0.14756805160087794,0.0,False
2026-09-25,0.0197308686910514,785.0,0.04,27.2,0.03,23.18,24433.0,116.0,68.0,3.0,0.035,25.189999999999998,False,760.1670509738002,0.9992306116831464,0.03214550474247745,True,-25.154999999999998,-27.169999999999998,-23.14,2.014999999999999,-24.81384284534602,-0.34115715465397756,0.0,False,760.1927851027696,0.017484193081805318,0.0,0.3253788674776281,-25.11350738339246,-0.041492616607538224,0.0,False
2026-09-25,0.0197308686910514,786.0,0.04,28.32,0.03,24.34,5821.0,11.0,6.0,32.0,0.035,26.33,False,760.1670509738002,0.9992306116831464,0.03341857938927558,True,-26.294999999999998,-28.29,-24.3,1.9949999999999992,-25.813073457029166,-0.4819265429708324,0.0,False,760.1927851027696,0.017484193081805318,0.0,0.33068920018413195,-26.118048327782112,-0.17695167221788566,0.0,False
2026-09-25,0.0197308686910514,787.0,0.03,29.2,0.02,25.18,1060.0,3.0,79.0,2.0,0.025,27.189999999999998,False,760.1670509738002,0.9992306116831464,0.034690035377472284,True,-27.165,-29.18,-25.15,2.0150000000000006,-26.81230406871231,-0.3526959312876876,0.0,False,760.1927851027696,0.017484193081805318,0.0,0.3348222249349604,-27.121411964216087,-0.04358803578391246,0.0,False
2026-09-25,0.0197308686910514,788.0,0.04,30.33,0.03,26.18,926.0,46.0,43.0,20.0,0.035,28.255,False,760.1670509738002,0.9992306116831464,0.0359598768179482,True,-28.22,-30.299999999999997,-26.14,2.0799999999999983,-27.81153468039546,-0.408465319604538,0.0,False,760.1927851027696,0.017484193081805318,0.0,0.3380608553969431,-28.123881206361215,-0.09611879363878373,0.0,False
2026-09-25,0.0197308686910514,789.0,0.03,31.37,0.02,27.49,448.0,11.0,12.0,10.0,0.025,29.43,False,760.1670509738002,0.9992306116831464,0.03722810780594333,True,-29.405,-31.35,-27.459999999999997,1.945000000000002,-28.810765292078607,-0.5942347079213945,0.0,False,760.1927851027696,0.017484193081805318,0.0,0.340626668109266,-29.125677630756684,-0.2793223692433173,0.0,False
2026-09-25,0.0197308686910514,790.0,0.03,32.26,0.02,28.18,29665.0,39.0,86.0,2.0,0.025,30.22,False,760.1670509738002,0.9992306116831464,0.03849473242113628,True,-30.195,-32.239999999999995,-28.15,2.044999999999998,-29.809995903761752,-0.38500409623824794,0.0,False,760.1927851027696,0.017484193081805318,0.0,0.34269127985558967,-30.126972854186153,-0.06802714581384706,0.0,False
2026-09-25,0.0197308686910514,791.0,0.03,33.26,0.02,29.34,1264.0,53.0,8.0,1.0,0.025,31.299999999999997,False,760.1670509738002,0.9992306116831464,0.039759754727722994,True,-31.275,-33.239999999999995,-29.31,1.964999999999998,-30.809226515444898,-0.4657734845551005,0.0,False,760.1927851027696,0.017484193081805318,0.0,0.34438615816301876,-31.127898344176728,-0.1471016558232705,0.0,False
2026-09-25,0.0197308686910514,793.0,0.02,35.33,0.01,31.18,1309.0,20.0,3.0,28.0,0.015,33.254999999999995,False,760.1670509738002,0.9992306116831464,0.04228500859491692,True,-33.239999999999995,-35.32,-31.16,2.08,-32.80768773881119,-0.4323122611888053,0.0,False,760.1927851027696,0.017484193081805318,0.0,0.3470402591664481,-33.12901366854645,-0.11098633145354597,0.0,False
2026-09-25,0.0197308686910514,794.0,0.02,36.23,0.01,32.18,767.0,20.0,4570.0,20.0,0.015,34.205,False,760.1670509738002,0.9992306116831464,0.04354524820720467,True,-34.19,-36.22,-32.16,2.030000000000001,-33.806918350494335,-0.38308164950566237,0.0,False,760.1927851027696,0.017484193081805318,0.0,0.3481295528532087,-34.12933357391636,-0.06066642608363537,0.0,False
2026-09-25,0.0197308686910514,795.0,0.02,37.26,0.01,33.35,1140.0,4.0,2771.0,2.0,0.015,35.305,False,760.1670509738002,0.9992306116831464,0.04480390161440087,True,-35.29,-37.25,-33.33,1.9600000000000009,-34.80614896217748,-0.48385103782251804,0.0,False,760.1927851027696,0.017484193081805318,0.0,0.34911945634878094,-35.12955408909508,-0.16044591090491878,0.0,False
2026-09-25,0.0197308686910514,798.0,0.02,40.28,0.01,36.35,1326.0,1.0,3.0,1.0,0.015,38.315,False,760.1670509738002,0.9992306116831464,0.04857038440987778,True,-38.3,-40.27,-36.33,1.9700000000000024,-37.803840797226925,-0.4961592027730717,0.0,False,760.1927851027696,0.017484193081805318,0.0,0.3517487156190455,-38.12987518341478,-0.17012481658521494,0.0,False
2026-09-25,0.0197308686910514,800.0,0.02,42.14,0.01,38.3,6039.0,17.0,165.0,1.0,0.015,40.22,False,760.1670509738002,0.9992306116831464,0.05107351462799634,True,-40.205,-42.13,-38.279999999999994,1.9250000000000043,-39.80230202059322,-0.4026979794067813,0.0,False,760.1927851027696,0.017484193081805318,0.0,0.3533630236970495,-40.12995071485908,-0.07504928514092057,0.0,False
2026-09-25,0.0197308686910514,805.0,0.02,47.28,0.01,43.35,1664.0,1.0,166.0,0.0,0.015,45.315,False,760.1670509738002,0.9992306116831464,0.057304064378632495,True,-45.3,-47.27,-43.33,1.9700000000000024,-44.798455079008946,-0.5015449209910514,0.0,False,760.1927851027696,0.017484193081805318,0.0,0.35725887167838977,-45.129999621256154,-0.17000037874384333,0.0,False
2026-09-25,0.0197308686910514,807.0,0.02,49.23,0.01,45.18,675.0,0.0,70.0,2.0,0.015,47.205,False,760.1670509738002,0.9992306116831464,0.05978545523001774,True,-47.19,-49.22,-45.16,2.030000000000001,-46.796916302375244,-0.39308369762475337,0.0,False,760.1927851027696,0.017484193081805318,0.0,0.35880095876015616,-47.13000293170421,-0.059997068295785994,0.0,False
2026-09-25,0.0197308686910514,810.0,0.02,52.21,0.01,48.22,766.0,0.0,6.0,19.0,0.015,50.215,False,760.1670509738002,0.9992306116831464,0.06349603462655344,True,-50.2,-52.2,-48.199999999999996,2.0000000000000036,-49.79460813742468,-0.4053918625753212,0.0,False,760.1927851027696,0.017484193081805318,0.0,0.3611106612590689,-50.13000446925256,-0.06999553074744114,0.0,False
2026-09-25,0.0197308686910514,811.0,0.02,53.21,0.01,49.18,197.0,2.0,99.0,2.0,0.015,51.195,False,760.1670509738002,0.9992306116831464,0.06472984107548192,True,-51.18,-53.2,-49.16,2.020000000000003,-50.79383874910783,-0.38616125089217235,0.0,False,760.1927851027696,0.017484193081805318,0.0,0.3618802206725462,-51.130004640349185,-0.04999535965081492,0.0,False
2026-09-30,0.0334294988280377,515.0,247.07,0.02,243.04,0.01,0.0,1127.0,50.0,500.0,245.055,0.015,False,760.4123069646857,0.9986967935243877,-0.38969389467580573,False,245.04000000000002,243.01999999999998,247.06,2.0200000000000102,245.0924840570544,-0.05248405705438586,0.0,False,760.4447679384257,0.0163907004791182,0.0,2.1251937580972004e-09,245.12490272531795,-0.08490272531793153,0.0,False
2026-09-30,0.0334294988280377,520.0,242.06,0.02,238.27,0.01,0.0,1366.0,30.0,50.0,240.16500000000002,0.015,False,760.4123069646857,0.9986967935243877,-0.38003198376406877,False,240.15000000000003,238.25,242.05,1.9000000000000057,240.09900008943245,0.05099991056758313,0.0,False,760.4447679384257,0.0163907004791182,0.0,4.095284335473258e-09,240.13141875572595,0.01858124427408825,0.0,False
2026-09-30,0.0334294988280377,525.0,237.04,0.02,233.29,0.01,0.0,936.0,5.0,2.0,235.165,0.015,False,760.4123069646857,0.9986967935243877,-0.3704625327479181,False,235.15,233.26999999999998,237.03,1.8800000000000097,235.10551612181052,0.04448387818948163,0.0,False,760.4447679384257,0.0163907004791182,0.0,7.734762414872125e-09,235.1379347844645,0.012065215535500329,0.0,False
2026-09-30,0.0334294988280377,530.0,232.09,0.02,228.3,0.01,0.0,976.0,50.0,34.0,230.195,0.015,False,760.4123069646857,0.9986967935243877,-0.36098378879337434,False,230.18,228.28,232.08,1.9000000000000057,230.1120321541886,0.06796784581140969,0.0,False,760.4447679384257,0.0163907004791182,0.0,1.4324587034493248e-08,230.14445081025275,0.035549189747257515,0.0,False
2026-09-30,0.0334294988280377,535.0,227.08,0.02,223.3,0.01,0.0,301015.0,50.0,40.0,225.19,0.015,False,760.4123069646857,0.9986967935243877,-0.3515940484435352,False,225.175,223.28,227.07000000000002,1.8950000000000102,225.11854818656664,0.05645181343336958,0.0,False,760.4447679384257,0.0163907004791182,0.0,2.6029110895581676e-08,225.1509668309263,0.024033169073703675,0.0,False
2026-09-30,0.0334294988280377,540.0,222.05,0.02,218.24,0.01,27.0,1865.0,50.0,4.0,220.145,0.015,False,760.4123069646857,0.9986967935243877,-0.3422916557812218,False,220.13000000000002,218.22,222.04000000000002,1.9100000000000108,220.12506421894471,0.004935781055309008,0.0,False,760.4447679384257,0.0163907004791182,0.0,4.6444056685986394e-08,220.1574828428894,-0.027482842889384074,0.0,False
2026-09-30,0.0334294988280377,545.0,217.11,0.02,213.24,0.01,0.0,783.0,5.0,1.0,215.175,0.015,False,760.4123069646857,0.9986967935243877,-0.33307500067629775,False,215.16000000000003,213.22,217.10000000000002,1.940000000000012,215.13158025132276,0.02841974867726549,0.0,False,760.4447679384257,0.0163907004791182,0.0,8.140470085009018e-08,215.16399884030685,-0.003998840306820739,0.0,False
2026-09-30,0.0334294988280377,550.0,212.11,0.02,208.33,0.01,0.0,1311.0,20.0,47.0,210.22000000000003,0.015,False,760.4123069646857,0.9986967935243877,-0.3239425171130253,False,210.20500000000004,208.31,212.10000000000002,1.8950000000000102,210.13809628370083,0.06690371629920833,0.0,False,760.4447679384257,0.0163907004791182,0.0,1.4019088490286376e-07,210.1705148138987,0.03448518610133533,0.0,False
2026-09-30,0.0334294988280377,555.0,207.12,0.02,203.23,0.01,1.0,1101.0,5.0,48.0,205.175,0.015,False,760.4123069646857,0.9986967935243877,-0.31489268159310735,False,205.16000000000003,203.20999999999998,207.11,1.950000000000017,205.1446123160789,0.015387683921119333,0.0,False,760.4447679384257,0.0163907004791182,0.0,2.3734954373113605e-07,205.1770307491181,-0.017030749118077892,0.0,False
2026-09-30,0.0334294988280377,560.0,202.04,0.02,198.1,0.01,2.0,1334.0,20.0,6.0,200.07,0.015,False,760.4123069646857,0.9986967935243877,-0.3059240116103469,False,200.055,198.07999999999998,202.03,1.9750000000000085,200.15112834845695,-0.09612834845694351,0.0,False,760.4447679384257,0.0163907004791182,0.0,3.952718221518492e-07,200.1835466235739,-0.12854662357389657,0.0,False
2026-09-30,0.0334294988280377,565.0,197.14,0.03,193.26,0.02,0.0,553.0,5.0,24.0,195.2,0.025,False,760.4123069646857,0.9986967935243877,-0.29703506419310094,False,195.17499999999998,193.23,197.11999999999998,1.9449999999999932,195.15764438083502,0.017355619164959535,0.0,False,760.4447679384257,0.0163907004791182,0.0,6.481259452010028e-07,195.19006240309784,-0.015062403097857668,0.0,False
2026-09-30,0.0334294988280377,570.0,192.15,0.03,188.35,0.02,1.0,1763.0,75.0,1.0,190.25,0.025,False,760.4123069646857,0.9986967935243877,-0.288224434510946,False,190.225,188.32,192.13,1.9050000000000011,190.16416041321307,0.06083958678692625,0.0,False,760.4447679384257,0.0163907004791182,0.0,1.0463706567975621e-06,190.19657803723118,0.028421962768817366,0.0,False
2026-09-30,0.0334294988280377,575.0,187.15,0.03,183.29,0.02,0.0,1335.0,250.0,3.0,185.22,0.025,False,760.4123069646857,0.9986967935243877,-0.2794907545421913,False,185.195,183.26,187.13,1.9350000000000023,185.17067644559114,0.024323554408852033,0.0,False,760.4447679384257,0.0163907004791182,0.0,1.6641823869052372e-06,185.2030934517975,-0.008093451797520856,0.0,False
2026-09-30,0.0334294988280377,580.0,182.16,0.03,178.29,0.02,2.0,2478.0,5.0,3.0,180.225,0.025,False,760.4123069646857,0.9986967935243877,-0.2708326917990768,False,180.2,178.26,182.14,1.9399999999999977,180.17719247796921,0.022807522030774408,0.0,False,760.4447679384257,0.0163907004791182,0.0,2.6074939424771543e-06,180.20960854086402,-0.009608540864036286,0.0,False
2026-09-30,0.0334294988280377,585.0,177.12,0.04,173.14,0.03,0.0,713.0,500.0,2.0,175.13,0.035,False,760.4123069646857,0.9986967935243877,-0.2622489481076853,False,175.095,173.1,177.09,1.9950000000000045,175.18370851034726,-0.08870851034726002,0.0,False,760.4447679384257,0.0163907004791182,0.0,4.026928228166929e-06,175.2161231538078,-0.12112315380781524,0.0,False
2026-09-30,0.0334294988280377,590.0,172.16,0.04,168.31,0.03,0.0,8574.0,95.0,2.0,170.235,0.035,False,760.4123069646857,0.9986967935243877,-0.25373825843977676,False,170.20000000000002,168.27,172.13,1.9299999999999926,170.19022454272533,0.009775457274685095,0.0,False,760.4447679384257,0.0163907004791182,0.0,6.1362118970297724e-06,170.22263707690217,-0.022637076902157105,0.0,False
2026-09-30,0.0334294988280377,594.0,168.18,0.04,164.39,0.03,4.0,224.0,4.0,2.0,166.285,0.035,False,760.4123069646857,0.9986967935243877,-0.2469814759768969,False,166.25,164.35,168.15,1.9000000000000057,166.19543736862778,0.05456263137222095,0.0,False,760.4447679384257,0.0163907004791182,0.0,8.513982509427906e-06,166.227847525034,0.02215247496599204,0.0,False
2026-09-30,0.0334294988280377,595.0,167.19,0.04,163.31,0.03,0.0,528.0,250.0,4.0,165.25,0.035,False,760.4123069646857,0.9986967935243877,-0.24529938979391208,False,165.215,163.27,167.16,1.9449999999999932,165.19674057510338,0.018259424896626797,0.0,False,760.4447679384257,0.0163907004791182,0.0,9.229022867722828e-06,165.22915001646928,-0.014150016469272941,0.0,False
2026-09-30,0.0334294988280377,596.0,166.19,0.04,162.32,0.03,0.0,318.0,5.0,15.0,164.255,0.035,False,760.4123069646857,0.9986967935243877,-0.24362012827419205,False,164.22,162.28,166.16,1.9399999999999977,164.198043781579,0.021956218420996265,0.0,False,760.4447679384257,0.0163907004791182,0.0,9.99868733471583e-06,164.2304524532804,-0.01045245328040778,0.0,False
2026-09-30,0.0334294988280377,597.0,165.19,0.04,161.3,0.03,0.0,20623.0,10.0,20.0,163.245,0.035,False,760.4123069646857,0.9986967935243877,-0.24194368194693971,False,163.21,161.26000000000002,165.16,1.9499999999999886,163.1993469880546,0.010653011945407798,0.0,False,760.4447679384257,0.0163907004791182,0.0,1.0826768883072033e-05,163.2317548316745,-0.02175483167448533,0.0,False
2026-09-30,0.0334294988280377,598.0,164.19,0.04,160.32,0.03,0.0,7024.0,1500.0,29.0,162.255,0.035,False,760.4123069646857,0.9986967935243877,-0.24027004138891006,False,162.22,160.28,164.16,1.9399999999999977,162.20065019453023,0.01934980546977272,0.0,False,760.4447679384257,0.0163907004791182,0.0,1.171717458657226e-05,162.2330571477444,-0.013057147744405029,0.0,False
2026-09-30,0.0334294988280377,599.0,163.19,0.04,159.19,0.03,0.0,805.0,1500.0,5.0,161.19,0.035,False,760.4123069646857,0.9986967935243877,-0.23859919722409245,False,161.155,159.15,163.16,2.0049999999999955,161.20195340100582,-0.04695340100582257,0.0,False,760.4447679384257,0.0163907004791182,0.0,1.2674044218792535e-05,161.23435939735037,-0.07935939735037323,0.0,False
2026-09-30,0.0334294988280377,600.0,162.15,0.04,158.33,0.03,6.0,29110.0,1502.0,71.0,160.24,0.035,False,760.4123069646857,0.9986967935243877,-0.23693114012339542,False,160.205,158.29000000000002,162.12,1.914999999999992,160.20325660748145,0.001743392518562814,0.0,False,760.4447679384257,0.0163907004791182,0.0,1.3702210693425365e-05,160.23566157565952,-0.03066157565950789,0.0,False
2026-09-30,0.0334294988280377,601.0,161.16,0.04,157.32,0.03,0.0,679.0,750.0,168.0,159.24,0.035,False,760.4123069646857,0.9986967935243877,-0.23526586080433418,False,159.205,157.28,161.13,1.9249999999999972,159.20455981395708,0.00044018604293682984,0.0,False,760.4447679384257,0.0163907004791182,0.0,1.4806532494884145e-05,159.23696367781332,-0.03196367781330878,0.0,False
2026-09-30,0.0334294988280377,602.0,160.17,0.05,156.34,0.04,0.0,243.0,50.0,144.0,158.255,0.045,False,760.4123069646857,0.9986967935243877,-0.23360335003072086,False,158.21,156.29,160.13,1.9200000000000017,158.20586302043267,0.00413697956733472,0.0,False,760.4447679384257,0.0163907004791182,0.0,1.5991453505524722e-05,158.23826569936793,-0.028265699367921115,0.0,False
2026-09-30,0.0334294988280377,603.0,159.14,0.05,155.33,0.04,0.0,461.0,50.0,72.0,157.235,0.045,False,760.4123069646857,0.9986967935243877,-0.23194359861235644,False,157.19000000000003,155.28,159.1,1.9099999999999966,157.2071662269083,-0.017166226908273075,0.0,False,760.4447679384257,0.0163907004791182,0.0,1.72622484594237e-05,157.2395676350486,-0.04956763504856099,0.0,False
2026-09-30,0.0334294988280377,604.0,158.2,0.05,154.21,0.04,0.0,10320.0,50.0,11397.0,156.20499999999998,0.045,False,760.4123069646857,0.9986967935243877,-0.23028659740472693,False,156.16,154.16,158.16,2.0,156.2084694333839,-0.048469433383900196,0.0,False,760.4447679384257,0.0163907004791182,0.0,1.8624359712830774e-05,156.24086947941294,-0.08086947941293943,0.0,False
2026-09-30,0.0334294988280377,605.0,157.21,0.05,153.34,0.04,0.0,9841.0,1500.0,10779.0,155.275,0.045,False,760.4123069646857,0.9986967935243877,-0.2286323373087004,False,155.23000000000002,153.29,157.17000000000002,1.940000000000012,155.20977263985952,0.02022736014049542,0.0,False,760.4447679384257,0.0163907004791182,0.0,2.0083840205003395e-05,155.24217122640806,-0.012171226408042912,0.0,False
2026-09-30,0.0334294988280377,606.0,156.16,0.05,152.33,0.04,0.0,851.0,1500.0,2.0,154.245,0.045,False,760.4123069646857,0.9986967935243877,-0.2269808092702274,False,154.20000000000002,152.28,156.12,1.9200000000000017,154.21107584633512,-0.011075846335103279,0.0,False,760.4447679384257,0.0163907004791182,0.0,2.1646917247222786e-05,154.24347286980662,-0.043472869806606695,0.0,False
2026-09-30,0.0334294988280377,607.0,155.21,0.05,151.34,0.04,0.0,74.0,15.0,52.0,153.275,0.045,False,760.4123069646857,0.9986967935243877,-0.22533200428004357,False,153.23000000000002,151.29,155.17000000000002,1.940000000000012,153.21237905281075,0.017620947189271874,0.0,False,760.4447679384257,0.0163907004791182,0.0,2.3321108017178294e-05,153.24477440209148,-0.014774402091461525,0.0,False
2026-09-30,0.0334294988280377,608.0,154.2,0.05,150.34,0.04,0.0,479.0,150.0,43.0,152.26999999999998,0.045,False,760.4123069646857,0.9986967935243877,-0.22368591337337482,False,152.225,150.29,154.16,1.9350000000000023,152.21368225928634,0.011317740713650437,0.0,False,760.4447679384257,0.0163907004791182,0.0,2.511237455671972e-05,152.24607581730058,-0.021075817300584276,0.0,False
2026-09-30,0.0334294988280377,609.0,153.17,0.05,149.23,0.04,0.0,252.0,50.0,36.0,151.2,0.045,False,760.4123069646857,0.9986967935243877,-0.2220425276296448,False,151.155,149.17999999999998,153.13,1.9750000000000085,151.21498546576197,-0.059985465761968726,0.0,False,760.4447679384257,0.0163907004791182,0.0,2.702854240527186e-05,151.24737710760832,-0.09237710760831419,0.0,False
2026-09-30,0.0334294988280377,610.0,152.27,0.05,148.21,0.04,0.0,1311.0,500.0,8.0,150.24,0.045,False,760.4123069646857,0.9986967935243877,-0.22040183817218487,False,150.19500000000002,148.16,152.23000000000002,2.035000000000011,150.21628867223757,-0.021288672237545825,0.0,False,760.4447679384257,0.0163907004791182,0.0,2.9076252384435675e-05,150.24867826637396,-0.05367826637393591,0.0,False
2026-09-30,0.0334294988280377,611.0,151.21,0.05,147.61,0.04,0.0,469.0,1000.0,2.0,149.41000000000003,0.045,False,760.4123069646857,0.9986967935243877,-0.21876383616794648,False,149.36500000000004,147.56,151.17000000000002,1.8050000000000068,149.2175918787132,0.1474081212868441,0.0,False,760.4447679384257,0.0163907004791182,0.0,3.126513649734375e-05,149.24997928396544,0.11502071603459285,0.0,False
2026-09-30,0.0334294988280377,612.0,150.22,0.05,146.47,0.04,0.0,381.0,100.0,126.0,148.345,0.045,False,760.4123069646857,0.9986967935243877,-0.2171285128272157,False,148.3,146.42,150.18,1.8800000000000097,148.2188950851888,0.0811049148112204,0.0,False,760.4447679384257,0.0163907004791182,0.0,3.3607641391215914e-05,148.25128014793617,0.04871985206384011,0.0,False
2026-09-30,0.0334294988280377,613.0,149.22,0.05,145.41,0.04,0.0,445.0,50.0,1.0,147.315,0.045,False,760.4123069646857,0.9986967935243877,-0.21549585940333038,False,147.27,145.35999999999999,149.18,1.9100000000000108,147.22019829166442,0.049801708335593275,0.0,False,760.4447679384257,0.0163907004791182,0.0,3.610788540277243e-05,147.25258085416777,0.017419145832235472,0.0,False
2026-09-30,0.0334294988280377,614.0,148.22,0.05,144.36,0.04,0.0,173.0,10.0,78.0,146.29000000000002,0.045,False,760.4123069646857,0.9986967935243877,-0.2138658671923993,False,146.24500000000003,144.31,148.18,1.9350000000000023,146.22150149814001,0.02349850186001845,0.0,False,760.4447679384257,0.0163907004791182,0.0,3.877582985013783e-05,146.25388139269893,-0.008881392698896207,0.0,False
2026-09-30,0.0334294988280377,615.0,147.15,0.06,143.2,0.05,0.0,824.0,361.0,1.0,145.175,0.055,True,760.4123069646857,0.9986967935243877,-0.21223852753302402,False,145.12,143.14,147.1,1.980000000000004,145.22280470461564,-0.10280470461563596,0.0,False,760.4447679384257,0.0163907004791182,0.0,4.162115385215881e-05,145.25518175385054,-0.13518175385053155,0.0,False
2026-09-30,0.0334294988280377,616.0,146.2,0.06,142.4,0.05,0.0,210.0,200.0,1.0,144.3,0.055,True,760.4123069646857,0.9986967935243877,-0.2106138318060221,False,144.245,142.34,146.14999999999998,1.904999999999987,144.22410791109124,0.020892088908766482,0.0,False,760.4447679384257,0.0163907004791182,0.0,4.1918672598145745e-05,144.25648466280742,-0.011484662807419,0.0,False
2026-09-30,0.0334294988280377,617.0,145.22,0.06,141.44,0.05,0.0,347.0,100.0,3.0,143.32999999999998,0.055,True,760.4123069646857,0.9986967935243877,-0.20899177143415407,False,143.27499999999998,141.38,145.17,1.894999999999996,143.22541111756686,0.04958888243311321,0.0,False,760.4447679384257,0.0163907004791182,0.0,4.222007143506873e-05,143.25778756788418,0.017212432115798038,0.0,False
2026-09-30,0.0334294988280377,618.0,144.45,0.06,140.44,0.05,0.0,288.0,200.0,1.0,142.445,0.055,True,760.4123069646857,0.9986967935243877,-0.20737233788185108,False,142.39,140.38,144.39999999999998,2.009999999999991,142.22671432404246,0.16328567595752475,0.0,False,760.4447679384257,0.0163907004791182,0.0,4.252540000557192e-05,142.25909046903124,0.1309095309687507,0.0,False
2026-09-30,0.0334294988280377,619.0,143.23,0.06,139.37,0.05,0.0,1111.0,50.0,151.0,141.3,0.055,True,760.4123069646857,0.9986967935243877,-0.20575552265494576,False,141.245,139.31,143.17999999999998,1.934999999999988,141.2280175305181,0.01698246948191695,0.0,False,760.4447679384257,0.0163907004791182,0.0,4.2834737948631296e-05,141.2603933661689,-0.015393366168893863,0.0,False
2026-09-30,0.0334294988280377,620.0,142.22,0.06,138.35,0.05,1.0,3384.0,1001.0,1.0,140.285,0.055,True,760.4123069646857,0.9986967935243877,-0.2041413173004046,False,140.23,138.29,142.17,1.9399999999999977,140.22932073699369,0.000679263006304609,0.0,False,760.4447679384257,0.0163907004791182,0.0,4.314904393946939e-05,140.26169625833853,-0.03169625833854184,0.0,False
2026-09-30,0.0334294988280377,621.0,141.19,0.06,137.36,0.05,0.0,489.0,50.0,288.0,139.275,0.055,True,760.4123069646857,0.9986967935243877,-0.20252971340606307,False,139.22,137.3,141.14,1.9199999999999875,139.2306239434693,-0.01062394346931228,0.0,False,760.4447679384257,0.0163907004791182,0.0,4.346765043274775e-05,139.26299914620762,-0.04299914620762024,0.0,False
2026-09-30,0.0334294988280377,622.0,140.24,0.06,136.35,0.05,0.0,681.0,10.0,288.0,138.29500000000002,0.055,True,760.4123069646857,0.9986967935243877,-0.20092070260036238,False,138.24,136.29,140.19,1.9500000000000028,138.2319271499449,0.008072850055100389,0.0,False,760.4447679384257,0.0163907004791182,0.0,4.3790737569320004e-05,138.2643020295961,-0.024302029596100283,0.0,False
2026-09-30,0.0334294988280377,623.0,139.24,0.06,135.37,0.05,2.0,444.0,2.0,1.0,137.305,0.055,True,760.4123069646857,0.9986967935243877,-0.19931427655208867,False,137.25,135.31,139.19,1.9399999999999977,137.23323035642053,0.01676964357946531,0.0,False,760.4447679384257,0.0163907004791182,0.0,4.411838499278342e-05,137.26560490842428,-0.015604908424279529,0.0,False
2026-09-30,0.0334294988280377,624.0,138.26,0.06,134.5,0.05,0.0,376.0,5.0,6.0,136.38,0.055,True,760.4123069646857,0.9986967935243877,-0.19771042697011412,False,136.325,134.44,138.20999999999998,1.884999999999991,136.23453356289613,0.09046643710385638,0.0,False,760.4447679384257,0.0163907004791182,0.0,4.44504933991563e-05,136.26690778279152,0.058092217208468355,0.0,False
2026-09-30,0.0334294988280377,625.0,137.24,0.07,133.38,0.06,0.0,3016.0,250.0,18.0,135.31,0.065,True,760.4123069646857,0.9986967935243877,-0.1961091456031403,False,135.245,133.31,137.18,1.9350000000000023,135.23583676937176,0.00916323062824631,0.0,False,760.4447679384257,0.0163907004791182,0.0,5.2222487416195285e-05,135.26820321727308,-0.02320321727307828,0.0,False
2026-09-30,0.0334294988280377,626.0,136.24,0.06,132.43,0.05,0.0,511.0,200.0,1.0,134.335,0.055,True,760.4123069646857,0.9986967935243877,-0.19451042423944326,False,134.28,132.37,136.19,1.9099999999999966,134.23713997584736,0.04286002415264534,0.0,False,760.4447679384257,0.0163907004791182,0.0,4.5128471154835814e-05,134.26951351776498,0.010486482235023686,0.0,False
2026-09-30,0.0334294988280377,627.0,135.25,0.06,131.36,0.05,0.0,524.0,163.0,1.0,133.305,0.055,True,760.4123069646857,0.9986967935243877,-0.1929142547066212,False,133.25,131.3,135.2,1.9499999999999886,133.23844318232298,0.011556817677018216,0.0,False,760.4447679384257,0.0163907004791182,0.0,4.547453877415397e-05,133.27081637817295,-0.020816378172952454,0.0,False
2026-09-30,0.0334294988280377,628.0,134.23,0.07,130.29,0.06,0.0,145.0,15.0,1.0,132.26,0.065,True,760.4123069646857,0.9986967935243877,-0.1913206288713432,False,132.195,130.22,134.17,1.9749999999999943,132.2397463887986,-0.04474638879861459,0.0,False,760.4447679384257,0.0163907004791182,0.0,5.342850822309675e-05,132.27211163067915,-0.0771116306791555,0.0,False
2026-09-30,0.0334294988280377,629.0,133.24,0.07,129.37,0.06,0.0,328.0,200.0,42.0,131.305,0.065,True,760.4123069646857,0.9986967935243877,-0.18972953863910136,False,131.24,129.3,133.18,1.9399999999999977,131.2410495952742,-0.0010495952741962356,0.0,False,760.4447679384257,0.0163907004791182,0.0,5.384185542542386e-05,131.27341442380754,-0.03341442380752824,0.0,False
2026-09-30,0.0334294988280377,630.0,132.22,0.07,128.39,0.06,1.0,3635.0,1000.0,8.0,130.305,0.065,True,760.4123069646857,0.9986967935243877,-0.1881409759539635,False,130.24,128.32,132.16,1.9200000000000017,130.24235280174983,-0.00235280174982222,0.0,False,760.4447679384257,0.0163907004791182,0.0,5.4261121914048194e-05,130.27471721101668,-0.03471721101666958,0.0,False
2026-09-30,0.0334294988280377,631.0,131.26,0.07,127.39,0.06,1.0,147.0,750.0,1.0,129.325,0.065,True,760.4123069646857,0.9986967935243877,-0.18655493279832872,False,129.26,127.32000000000001,131.2,1.9399999999999906,129.24365600822543,0.016343991774562028,0.0,False,760.4447679384257,0.0163907004791182,0.0,5.468668243797936e-05,129.27601999193175,-0.016019991931756294,0.0,False
2026-09-30,0.0334294988280377,632.0,130.24,0.07,126.24,0.06,0.0,228.0,150.0,10.0,128.24,0.065,True,760.4123069646857,0.9986967935243877,-0.18497140119268443,False,128.175,126.17,130.18,2.0050000000000026,128.24495921470105,-0.06995921470104349,0.0,False,760.4447679384257,0.0163907004791182,0.0,5.5118396235009914e-05,128.27732276669357,-0.1023227666935611,0.0,False
2026-09-30,0.0334294988280377,633.0,129.26,0.07,125.29,0.06,3.0,477.0,300.0,5.0,127.275,0.065,True,760.4123069646857,0.9986967935243877,-0.18339037319536566,False,127.21000000000001,125.22000000000001,129.2,1.9899999999999878,127.24626242117665,-0.036262421176644466,0.0,False,760.4447679384257,0.0163907004791182,0.0,5.55570363348773e-05,127.27862553452908,-0.06862553452907605,0.0,False
2026-09-30,0.0334294988280377,634.0,128.26,0.07,124.39,0.06,0.0,236.0,150.0,1.0,126.32499999999999,0.065,True,760.4123069646857,0.9986967935243877,-0.1818118409023159,False,126.25999999999999,124.32000000000001,128.2,1.9399999999999906,126.24756562765226,0.012434372347726708,0.0,False,760.4447679384257,0.0163907004791182,0.0,5.6002838744018124e-05,126.27992829520228,-0.019928295202291224,0.0,False
2026-09-30,0.0334294988280377,635.0,127.26,0.08,123.41,0.07,2.0,150662.0,510.0,6.0,125.33500000000001,0.07500000000000001,True,760.4123069646857,0.9986967935243877,-0.18023579644685017,False,125.26,123.33,127.19000000000001,1.9300000000000068,125.24886883412788,0.011131165872129145,0.0,False,760.4447679384257,0.0163907004791182,0.0,6.436851639382568e-05,125.28122313600025,-0.021223136000244835,0.0,False
2026-09-30,0.0334294988280377,636.0,126.27,0.08,122.25,0.07,0.0,205.0,152.0,30.0,124.25999999999999,0.07500000000000001,True,760.4123069646857,0.9986967935243877,-0.17866223199941966,False,124.18499999999999,122.17,126.2,2.0150000000000006,124.25017204060349,-0.06517204060349968,0.0,False,760.4447679384257,0.0163907004791182,0.0,6.489425725686448e-05,124.28252581673499,-0.0975258167350006,0.0,False
2026-09-30,0.0334294988280377,637.0,125.22,0.08,121.3,0.07,0.0,516.0,200.0,5.0,123.25999999999999,0.07500000000000001,True,760.4123069646857,0.9986967935243877,-0.17709113976737845,False,123.18499999999999,121.22,125.15,1.9650000000000034,123.2514752470791,-0.06647524707911145,0.0,False,760.4447679384257,0.0163907004791182,0.0,6.54342339850289e-05,123.28382848323388,-0.09882848323388771,0.0,False
2026-09-30,0.0334294988280377,638.0,124.27,0.08,120.41,0.07,0.0,139.0,300.0,7.0,122.34,0.07500000000000001,True,760.4123069646857,0.9986967935243877,-0.1755225119947519,False,122.265,120.33,124.2,1.9350000000000023,122.25277845355471,0.012221546445289277,0.0,False,760.4447679384257,0.0163907004791182,0.0,6.598236242923161e-05,122.28513114158105,-0.020131141581046563,0.0,False
2026-09-30,0.0334294988280377,639.0,123.27,0.08,119.55,0.07,0.0,136.0,500.0,1.0,121.41,0.07500000000000001,True,760.4123069646857,0.9986967935243877,-0.17395634096200696,False,121.335,119.47,123.2,1.865000000000002,121.25408166003032,0.08091833996967068,0.0,False,760.4447679384257,0.0163907004791182,0.0,6.653883356751156e-05,121.28643379158552,0.04856620841447068,0.0,False
2026-09-30,0.0334294988280377,640.0,122.28,0.08,118.39,0.07,4.0,3703.0,502.0,2.0,120.33500000000001,0.07500000000000001,True,760.4123069646857,0.9986967935243877,-0.17239261898582436,False,120.26,118.31,122.21000000000001,1.9500000000000028,120.25538486650595,0.004615133494056067,0.0,False,760.4447679384257,0.0163907004791182,0.0,6.710384416758197e-05,120.28773643305053,-0.02773643305052076,0.0,False
2026-09-30,0.0334294988280377,641.0,121.28,0.08,117.49,0.07,0.0,379.0,300.0,5.0,119.38499999999999,0.07500000000000001,True,760.4123069646857,0.9986967935243877,-0.17083133841887185,False,119.30999999999999,117.41,121.21000000000001,1.9000000000000057,119.25668807298156,0.05331192701842724,0.0,False,760.4447679384257,0.0163907004791182,0.0,6.767835185916837e-05,119.28903906501846,0.020960934981530954,0.0,False
2026-09-30,0.0334294988280377,642.0,120.28,0.09,116.41,0.08,0.0,88.0,300.0,2.0,118.345,0.08499999999999999,True,760.4123069646857,0.9986967935243877,-0.1692724916495807,False,118.26,116.32,120.2,1.9400000000000048,118.25799127945717,0.0020087205428325206,0.0,False,760.4447679384257,0.0163907004791182,0.0,7.654242648789944e-05,118.29033340741944,-0.03033340741943391,0.0,False
2026-09-30,0.0334294988280377,643.0,119.28,0.08,115.42,0.07,0.0,278.0,150.0,1.0,117.35,0.07500000000000001,True,760.4123069646857,0.9986967935243877,-0.1677160711019225,False,117.27499999999999,115.34,119.21000000000001,1.9350000000000023,117.25929448593278,0.015705514067207105,0.0,False,760.4447679384257,0.0163907004791182,0.0,6.885547385426793e-05,117.29164430084768,-0.016644300847687532,0.0,False
2026-09-30,0.0334294988280377,644.0,118.29,0.09,114.42,0.08,3.0,402.0,200.0,1.0,116.355,0.08499999999999999,True,760.4123069646857,0.9986967935243877,-0.16616206923518825,False,116.27000000000001,114.33,118.21000000000001,1.9400000000000048,116.2605976924084,0.00940230759161409,0.0,False,760.4447679384257,0.0163907004791182,0.0,7.787775985934609e-05,116.29293848503728,-0.02293848503727247,0.0,False
2026-09-30,0.0334294988280377,645.0,117.35,0.09,113.43,0.08,0.0,762.0,350.0,2.0,115.39,0.08499999999999999,True,760.4123069646857,0.9986967935243877,-0.16461047854376937,False,115.305,113.34,117.27,1.9649999999999963,115.26190089888401,0.043099101115998906,0.0,False,760.4447679384257,0.0163907004791182,0.0,7.856157301147637e-05,115.29424100769975,0.010758992300253567,0.0,False
2026-09-30,0.0334294988280377,646.0,116.31,0.09,112.65,0.08,0.0,452.0,25.0,1.0,114.48,0.08499999999999999,True,760.4123069646857,0.9986967935243877,-0.16306129155694,False,114.39500000000001,112.56,116.23,1.8350000000000009,114.26320410535962,0.13179589464039054,0.0,False,760.4447679384257,0.0163907004791182,0.0,7.925752036748446e-05,114.29554351822802,0.09945648177199473,0.0,False
2026-09-30,0.0334294988280377,647.0,115.31,0.09,111.43,0.08,0.0,303.0,206.0,1.0,113.37,0.08499999999999999,True,760.4123069646857,0.9986967935243877,-0.16151450083864127,False,113.28500000000001,111.34,115.23,1.9450000000000003,113.26450731183523,0.020492688164779338,0.0,False,760.4447679384257,0.0163907004791182,0.0,7.99661663154344e-05,113.29684601605769,-0.011846016057674547,0.0,False
2026-09-30,0.0334294988280377,648.0,114.32,0.09,110.44,0.08,0.0,673.0,6.0,1.0,112.38,0.08499999999999999,True,760.4123069646857,0.9986967935243877,-0.15997009898726713,False,112.295,110.35,114.24,1.9450000000000003,112.26581051831084,0.02918948168915847,0.0,False,760.4447679384257,0.0163907004791182,0.0,8.069041553708522e-05,112.29814849828406,-0.0031484982840623843,0.0,False
2026-09-30,0.0334294988280377,649.0,113.32,0.09,109.49,0.08,10.0,705.0,25.0,1.0,111.405,0.08499999999999999,True,760.4123069646857,0.9986967935243877,-0.1584280786354518,False,111.32000000000001,109.39999999999999,113.24,1.9200000000000017,111.26711372478646,0.05288627521355238,0.0,False,760.4447679384257,0.0163907004791182,0.0,8.142666451053937e-05,111.29945096851071,0.020549031489295544,0.0,False
2026-09-30,0.0334294988280377,650.0,111.0,0.1,108.45,0.09,7.0,3859.0,1502.0,12.0,109.725,0.095,True,760.4123069646857,0.9986967935243877,-0.156888432449859,False,109.63,108.35000000000001,110.91,1.279999999999994,110.26841693126207,-0.6384169312620713,0.0,False,760.4447679384257,0.0163907004791182,0.0,9.095617844465109e-05,110.30074464547239,-0.6707446454723964,0.0,False
2026-09-30,0.0334294988280377,651.0,111.31,0.1,107.59,0.09,0.0,443.0,100.0,1.0,109.45,0.095,True,760.4123069646857,0.9986967935243877,-0.15535115313097256,False,109.355,107.49000000000001,111.22,1.8649999999999949,109.26972013773768,0.08527986226232542,0.0,False,760.4447679384257,0.0163907004791182,0.0,9.180136074372902e-05,109.3020470067657,0.052952993234299583,0.0,False
2026-09-30,0.0334294988280377,652.0,110.34,0.1,106.45,0.09,0.0,220.0,17.0,7.0,108.39500000000001,0.095,True,760.4123069646857,0.9986967935243877,-0.15381623341288883,False,108.30000000000001,106.35000000000001,110.25,1.9499999999999957,108.27102334421329,0.02897665578672104,0.0,False,760.4447679384257,0.0163907004791182,0.0,9.266219853724944e-05,108.30334935240352,-0.003349352403503758,0.0,False
2026-09-30,0.0334294988280377,653.0,109.23,0.1,105.44,0.09,0.0,131.0,30.0,5.0,107.33500000000001,0.095,True,760.4123069646857,0.9986967935243877,-0.15228366606311083,False,107.24000000000001,105.34,109.14,1.8999999999999986,107.2723265506889,-0.03232655068889301,0.0,False,760.4447679384257,0.0163907004791182,0.0,9.354679905534957e-05,107.30465167427862,-0.06465167427860763,0.0,False
2026-09-30,0.0334294988280377,654.0,108.34,0.1,104.45,0.09,0.0,29.0,15.0,6.0,106.39500000000001,0.095,True,760.4123069646857,0.9986967935243877,-0.15075344388234319,False,106.30000000000001,104.35000000000001,108.25,1.9499999999999957,106.27362975716451,0.026370242835497493,0.0,False,760.4447679384257,0.0163907004791182,0.0,9.444688170115456e-05,106.30595398067157,-0.005953980671563386,0.0,False
2026-09-30,0.0334294988280377,655.0,107.32,0.1,103.43,0.09,0.0,755.0,151.0,12.0,105.375,0.095,True,760.4123069646857,0.9986967935243877,-0.14922555970428997,False,105.28,103.33000000000001,107.22999999999999,1.9499999999999886,105.27493296364013,0.0050670363598754875,0.0,False,760.4447679384257,0.0163907004791182,0.0,9.536266148475747e-05,105.30725627136741,-0.02725627136740627,0.0,False
2026-09-30,0.0334294988280377,656.0,106.3,0.11,102.52,0.1,3.0,198.0,50.0,11.0,104.41,0.10500000000000001,True,760.4123069646857,0.9986967935243877,-0.14770000639545283,False,104.30499999999999,102.41,106.2,1.8950000000000031,104.27623617011574,0.028763829884255188,0.0,False,760.4447679384257,0.0163907004791182,0.0,0.00010548457166648095,104.30854935593284,-0.00354935593284722,0.0,False
2026-09-30,0.0334294988280377,657.0,105.33,0.11,101.47,0.1,0.0,882.0,10.0,1.0,103.4,0.10500000000000001,True,760.4123069646857,0.9986967935243877,-0.14617677685493136,False,103.295,101.36,105.23,1.9350000000000023,103.27753937659135,0.01746062340865251,0.0,False,760.4447679384257,0.0163907004791182,0.0,0.0001065198450561633,103.30985152713505,-0.014851527135050446,0.0,False
2026-09-30,0.0334294988280377,658.0,104.55,0.11,100.48,0.1,0.0,1294.0,25.0,3.0,102.515,0.10500000000000001,True,760.4123069646857,0.9986967935243877,-0.14465586401422464,False,102.41,100.37,104.45,2.039999999999999,102.27884258306696,0.13115741693303562,0.0,False,760.4447679384257,0.0163907004791182,0.0,0.00010757404249969738,102.31115367941322,0.09884632058677312,0.0,False
2026-09-30,0.0334294988280377,659.0,103.3,0.11,99.48,0.1,0.0,738.0,50.0,1.0,101.39,0.10500000000000001,True,760.4123069646857,0.9986967935243877,-0.14313726083703462,False,101.285,99.37,103.2,1.9149999999999991,101.28014578954257,0.0048542104574238465,0.0,False,760.4447679384257,0.0163907004791182,0.0,0.00010865076541442809,101.31245580916593,-0.027455809165928713,0.0,False
2026-09-30,0.0334294988280377,660.0,102.34,0.12,98.53,0.11,1.0,7914.0,359.0,4.0,100.435,0.11499999999999999,True,760.4123069646857,0.9986967935243877,-0.1416209603190706,False,100.32000000000001,98.41,102.23,1.9100000000000037,100.28144899601818,0.03855100398182287,0.0,False,760.4447679384257,0.0163907004791182,0.0,0.00011920068592599642,100.31374846572102,0.006251534278987947,0.0,False
2026-09-30,0.0334294988280377,661.0,101.34,0.12,97.55,0.11,10.0,413.0,15.0,1.0,99.445,0.11499999999999999,True,760.4123069646857,0.9986967935243877,-0.14010695548785554,False,99.33,97.42999999999999,101.23,1.9000000000000057,99.2827522024938,0.047247797506202005,0.0,False,760.4447679384257,0.0163907004791182,0.0,0.00012040953668537857,99.31505046334587,0.014949536654128792,0.0,False
2026-09-30,0.0334294988280377,662.0,100.26,0.12,96.42,0.11,0.0,228.0,15.0,2.0,98.34,0.11499999999999999,True,760.4123069646857,0.9986967935243877,-0.1385952394025336,False,98.22500000000001,96.3,100.15,1.9250000000000043,98.28405540896941,-0.05905540896939954,0.0,False,760.4447679384257,0.0163907004791182,0.0,0.00012164107004342117,98.31635243828813,-0.09135243828812634,0.0,False
2026-09-30,0.0334294988280377,663.0,99.36,0.12,95.56,0.11,0.0,315.0,100.0,1.0,97.46000000000001,0.11499999999999999,True,760.4123069646857,0.9986967935243877,-0.1370858051536793,False,97.34500000000001,95.44,99.25,1.9050000000000011,97.28535861544502,0.05964138455499324,0.0,False,760.4447679384257,0.0163907004791182,0.0,0.00012289577455519562,97.31765439005923,0.027345609940780946,0.0,False
2026-09-30,0.0334294988280377,664.0,98.35,0.13,94.56,0.12,0.0,1018.0,210.0,7.0,96.455,0.125,True,760.4123069646857,0.9986967935243877,-0.13557864586310794,False,96.33,94.43,98.22999999999999,1.8999999999999915,96.28666182192063,0.043338178079366685,0.0,False,760.4447679384257,0.0163907004791182,0.0,0.00013391966164454094,96.31894657264775,0.011053427352251788,0.0,False
2026-09-30,0.0334294988280377,665.0,97.34,0.13,93.63,0.12,1.0,1598.0,154.0,29.0,95.485,0.125,True,760.4123069646857,0.9986967935243877,-0.13407375468368765,False,95.36,93.5,97.22,1.8599999999999994,95.28796502839626,0.07203497160374184,0.0,False,760.4447679384257,0.0163907004791182,0.0,0.00013533139547698692,95.32024836738952,0.039751632610474985,0.0,False
2026-09-30,0.0334294988280377,666.0,96.36,0.13,92.55,0.12,1.0,313.0,50.0,35.0,94.455,0.125,True,760.4123069646857,0.9986967935243877,-0.13257112479915276,False,94.33,92.42,96.24,1.9099999999999966,94.28926823487187,0.04073176512812893,0.0,False,760.4447679384257,0.0163907004791182,0.0,0.0001367736063977859,94.32155013165422,0.0084498683457781,0.0,False
2026-09-30,0.0334294988280377,667.0,95.38,0.13,91.55,0.12,1.0,433.0,100.0,84.0,93.465,0.125,True,760.4123069646857,0.9986967935243877,-0.13107074942391816,False,93.34,91.42,95.25999999999999,1.9199999999999946,93.29057144134748,0.04942855865252227,0.0,False,760.4447679384257,0.0163907004791182,0.0,0.00013824775624222962,93.32285186397999,0.01714813602001186,0.0,False
2026-09-30,0.0334294988280377,668.0,94.38,0.14,90.56,0.13,0.0,424.0,150.0,25.0,92.47,0.135,True,760.4123069646857,0.9986967935243877,-0.12957262180289614,False,92.335,90.42,94.25,1.9149999999999991,92.2918746478231,0.04312535217690083,0.0,False,760.4447679384257,0.0163907004791182,0.0,0.00014982758876422309,92.32414349062307,0.010856509376921508,0.0,False
2026-09-30,0.0334294988280377,669.0,93.28,0.14,89.5,0.13,0.0,585.0,313.0,108.0,91.39,0.135,True,760.4123069646857,0.9986967935243877,-0.1280767352113134,False,91.255,89.36,93.15,1.8950000000000031,91.2931778542987,-0.038177854298709235,0.0,False,760.4447679384257,0.0163907004791182,0.0,0.00015147650876537466,91.3254450481787,-0.07044504817869779,0.0,False
2026-09-30,0.0334294988280377,670.0,92.26,0.14,88.45,0.13,21.0,3345.0,3015.0,1.0,90.355,0.135,True,760.4123069646857,0.9986967935243877,-0.1265830829545301,False,90.22,88.31,92.13000000000001,1.9100000000000037,90.29448106077432,-0.0744810607743176,0.0,False,760.4447679384257,0.0163907004791182,0.0,0.00015315963276696376,90.3267465715303,-0.10674657153029443,0.0,False
2026-09-30,0.0334294988280377,671.0,91.29,0.14,87.51,0.13,1.0,342.0,150.0,5.0,89.4,0.135,True,760.4123069646857,0.9986967935243877,-0.12509165836786004,False,89.265,87.37,91.16000000000001,1.8950000000000031,89.29578426724993,-0.030784267249927666,0.0,False,760.4447679384257,0.0163907004791182,0.0,0.00015487716298323573,89.32804806047571,-0.06304806047570821,0.0,False
2026-09-30,0.0334294988280377,672.0,90.38,0.14,86.42,0.13,0.0,659.0,50.0,25.0,88.4,0.135,True,760.4123069646857,0.9986967935243877,-0.12360245481639229,False,88.265,86.28,90.25,1.9849999999999994,88.29708747372554,-0.03208747372553944,0.0,False,760.4447679384257,0.0163907004791182,0.0,0.000156630145026454,88.32934951396928,-0.06434951396927602,0.0,False
2026-09-30,0.0334294988280377,673.0,89.3,0.15,85.61,0.14,0.0,1742.0,50.0,4.0,87.455,0.14500000000000002,True,760.4123069646857,0.9986967935243877,-0.12211546569481402,False,87.31,85.46,89.16,1.8500000000000014,87.29839068020115,0.011609319798850493,0.0,False,760.4447679384257,0.0163907004791182,0.0,0.00016896435783611552,87.33064038623208,-0.020640386232074093,0.0,False
2026-09-30,0.0334294988280377,674.0,88.39,0.16,84.58,0.15,1.0,897.0,1.0,8.0,86.485,0.155,True,760.4123069646857,0.9986967935243877,-0.12063068442723478,False,86.33,84.42,88.24,1.9099999999999966,86.29969388667676,0.03030611332323474,0.0,False,760.4447679384257,0.0163907004791182,0.0,0.00018148484263502684,86.33193107222289,-0.0019310722228880195,0.0,False
2026-09-30,0.0334294988280377,675.0,87.38,0.15,83.71,0.14,20.0,9851.0,19.0,24.0,85.54499999999999,0.14500000000000002,True,760.4123069646857,0.9986967935243877,-0.11914810446701199,False,85.39999999999999,83.55999999999999,87.24,1.8400000000000034,85.30099709315238,0.09900290684761615,0.0,False,760.4447679384257,0.0163907004791182,0.0,0.00017290052193660865,85.33324286301921,0.06675713698078312,0.0,False
2026-09-30,0.0334294988280377,676.0,86.31,0.16,82.54,0.15,0.0,1340.0,50.0,1.0,84.42500000000001,0.155,True,760.4123069646857,0.9986967935243877,-0.11766771929657771,False,84.27000000000001,82.38000000000001,86.16,1.8899999999999935,84.30230029962799,-0.03230029962797687,0.0,False,760.4447679384257,0.0163907004791182,0.0,0.00018575933486561502,84.33453321068188,-0.06453321068187279,0.0,False
2026-09-30,0.0334294988280377,677.0,85.41,0.16,81.54,0.15,0.0,1346.0,310.0,1.0,83.475,0.155,True,760.4123069646857,0.9986967935243877,-0.1161895224272668,False,83.32,81.38000000000001,85.25999999999999,1.9399999999999906,83.3036035061036,0.016396493896394304,0.0,False,760.4447679384257,0.0163907004791182,0.0,0.00018796690932681992,83.33583420958304,-0.01583420958304771,0.0,False
2026-09-30,0.0334294988280377,678.0,84.39,0.16,80.54,0.15,1.0,1526.0,25.0,22.0,82.465,0.155,True,760.4123069646857,0.9986967935243877,-0.11471350739914621,False,82.31,80.38000000000001,84.24,1.9299999999999926,82.30490671257921,0.005093287420791626,0.0,False,760.4447679384257,0.0163907004791182,0.0,0.00019023328142372953,82.33713514968655,-0.027135149686543514,0.0,False
2026-09-30,0.0334294988280377,679.0,83.3,0.17,79.55,0.16,0.0,893.0,100.0,1.0,81.425,0.165,True,760.4123069646857,0.9986967935243877,-0.11323966778084577,False,81.25999999999999,79.38,83.14,1.8800000000000026,81.30620991905482,-0.046209919054831516,0.0,False,760.4447679384257,0.0163907004791182,0.0,0.00020368214565330556,81.33842490729793,-0.07842490729794349,0.0,False
2026-09-30,0.0334294988280377,680.0,82.41,0.17,78.62,0.16,26.0,8831.0,814.0,3.0,80.515,0.165,True,760.4123069646857,0.9986967935243877,-0.1117679971693895,False,80.35,78.45,82.25,1.8999999999999986,80.30751312553043,0.04248687446956012,0.0,False,760.4447679384257,0.0163907004791182,0.0,0.000206200284455893,80.33972559563475,0.010274404365247847,0.0,False
2026-09-30,0.0334294988280377,681.0,81.28,0.17,77.46,0.16,0.0,694.0,53.0,84.0,79.37,0.165,True,760.4123069646857,0.9986967935243877,-0.1102984891900295,False,79.205,77.28999999999999,81.12,1.9150000000000063,79.30881633200605,-0.10381633200604767,0.0,False,760.4447679384257,0.0163907004791182,0.0,0.0002088063899777226,79.34102619600483,-0.1360261960048348,0.0,False
2026-09-30,0.0334294988280377,682.0,80.4,0.18,76.47,0.17,0.0,714.0,150.0,38.0,78.435,0.175,True,760.4123069646857,0.9986967935243877,-0.10883113749607977,False,78.26,76.28999999999999,80.23,1.970000000000006,78.31011953848166,-0.050119538481652626,0.0,False,760.4447679384257,0.0163907004791182,0.0,0.00022295022465368408,78.34231525864577,-0.08231525864576383,0.0,False
2026-09-30,0.0334294988280377,683.0,79.29,0.18,75.7,0.17,0.0,335.0,151.0,39.0,77.495,0.175,True,760.4123069646857,0.9986967935243877,-0.1073659357687518,False,77.32000000000001,75.52,79.12,1.8000000000000043,77.31142274495727,0.008577255042737875,0.0,False,760.4447679384257,0.0163907004791182,0.0,0.00022584501364145138,77.34361557033239,-0.023615570332381708,0.0,False
2026-09-30,0.0334294988280377,684.0,78.43,0.19,74.57,0.18,1.0,435.0,50.0,3.0,76.5,0.185,True,760.4123069646857,0.9986967935243877,-0.10590287771699139,True,76.315,74.38,78.25,1.9350000000000023,76.31272595143288,0.002274048567116438,0.0,False,760.4447679384257,0.0163907004791182,0.0,0.00024049551111410272,76.34490412631054,-0.029904126310540846,0.0,False
2026-09-30,0.0334294988280377,685.0,77.45,0.2,73.65,0.19,1.0,2248.0,377.0,198.0,75.55000000000001,0.195,True,760.4123069646857,0.9986967935243877,-0.10444195707731654,True,75.35500000000002,73.45,77.26,1.9050000000000011,75.3140291579085,0.04097084209152513,0.0,False,760.4447679384257,0.0163907004791182,0.0,0.00025547070591819265,75.34619235759133,0.008807642408683591,0.0,False
2026-09-30,0.0334294988280377,686.0,76.18,0.2,72.47,0.19,0.0,224.0,104.0,16.0,74.325,0.195,True,760.4123069646857,0.9986967935243877,-0.1029831676136566,True,74.13000000000001,72.27,75.99000000000001,1.8600000000000065,74.3153323643841,-0.18533236438409517,0.0,False,760.4447679384257,0.0163907004791182,0.0,0.00025894918082633445,74.34749208559204,-0.2174920855920277,0.0,False
2026-09-30,0.0334294988280377,687.0,75.37,0.21,71.49,0.2,4.0,1669.0,210.0,4.0,73.43,0.20500000000000002,True,760.4123069646857,0.9986967935243877,-0.10152650311719248,True,73.22500000000001,71.28,75.17,1.9450000000000003,73.31663557085972,-0.09163557085970808,0.0,False,760.4447679384257,0.0163907004791182,0.0,0.0002745200707143791,73.34877972117776,-0.12377972117775471,0.0,False
2026-09-30,0.0334294988280377,688.0,74.37,0.21,70.48,0.2,0.0,905.0,10.0,37.0,72.42500000000001,0.20500000000000002,True,760.4123069646857,0.9986967935243877,-0.10007195740619815,True,72.22000000000001,70.27000000000001,74.17,1.9499999999999957,72.31793877733533,-0.09793877733531531,0.0,False,760.4447679384257,0.0163907004791182,0.0,0.00027834238959528745,72.3500791053345,-0.13007910533448808,0.0,False
2026-09-30,0.0334294988280377,689.0,73.38,0.21,69.51,0.2,1.0,699.0,1.0,1.0,71.445,0.20500000000000002,True,760.4123069646857,0.9986967935243877,-0.09861952432588322,True,71.24,69.30000000000001,73.17999999999999,1.9399999999999906,71.31924198381094,-0.07924198381094527,0.0,False,760.4447679384257,0.0163907004791182,0.0,0.0002822620162170608,71.35137839218349,-0.11137839218349654,0.0,False
2026-09-30,0.0334294988280377,690.0,72.49,0.21,68.61,0.2,17.0,7055.0,25.0,22.0,70.55,0.20500000000000002,True,760.4123069646857,0.9986967935243877,-0.09716919774823672,True,70.345,68.4,72.28999999999999,1.9449999999999932,70.32054519028655,0.024454809713446934,0.0,False,760.4447679384257,0.0163907004791182,0.0,0.0002863103933831157,70.35267755028194,-0.007677550281940171,0.0,False
2026-09-30,0.0334294988280377,691.0,71.47,0.22,67.69,0.21,5.0,2056.0,4.0,33.0,69.58,0.215,True,760.4123069646857,0.9986967935243877,-0.09572097157187189,True,69.365,67.47,71.26,1.8950000000000031,69.32184839676218,0.04315160323781697,0.0,False,760.4447679384257,0.0163907004791182,0.0,0.00030305199542318695,69.35396401515551,0.011035984844482982,0.0,False
2026-09-30,0.0334294988280377,692.0,70.4,0.23,66.61,0.22,0.0,332.0,10.0,2.0,68.505,0.225,True,760.4123069646857,0.9986967935243877,-0.09427483972187232,True,68.28,66.38,70.18,1.9000000000000057,68.32315160323779,-0.04315160323778855,0.0,False,760.4447679384257,0.0163907004791182,0.0,0.00032017257040425906,68.35525010105614,-0.07525010105614172,0.0,False
2026-09-30,0.0334294988280377,693.0,69.63,0.24,65.63,0.23,0.0,445.0,1.0,2.0,67.63,0.235,True,760.4123069646857,0.9986967935243877,-0.09283079614963866,True,67.395,65.39,69.39999999999999,2.0049999999999955,67.3244548097134,0.07054519028659456,0.0,False,760.4447679384257,0.0163907004791182,0.0,0.00033769363581115375,67.35653578646634,0.0384642135336577,0.0,False
2026-09-30,0.0334294988280377,694.0,68.53,0.24,64.71,0.23,0.0,297.0,4.0,1.0,66.62,0.235,True,760.4123069646857,0.9986967935243877,-0.09138883483273737,True,66.385,64.47,68.3,1.9149999999999991,66.32575801618901,0.05924198381099188,0.0,False,760.4447679384257,0.0163907004791182,0.0,0.0003427460991771436,66.35783394047859,0.02716605952142004,0.0,False
2026-09-30,0.0334294988280377,695.0,67.49,0.25,63.71,0.24,26.0,4177.0,9.0,31.0,65.6,0.245,True,760.4123069646857,0.9986967935243877,-0.08994894977474974,True,65.35499999999999,63.46,67.25,1.8949999999999996,65.32706122266463,0.02793877733536476,0.0,False,760.4447679384257,0.0163907004791182,0.0,0.0003610274872126451,65.35911886556616,-0.004118865566169916,0.0,False
2026-09-30,0.0334294988280377,696.0,66.55,0.26,62.82,0.25,0.0,270.0,4.0,2.0,64.685,0.255,True,760.4123069646857,0.9986967935243877,-0.08851113500512221,True,64.43,62.56,66.3,1.8699999999999974,64.32836442914024,0.10163557085977004,0.0,False,760.4447679384257,0.0163907004791182,0.0,0.000379797816782379,64.36040330171221,0.06959669828779624,0.0,False
2026-09-30,0.0334294988280377,697.0,65.34,0.25,61.79,0.24,0.0,3715.0,2.0,36.0,63.565,0.245,True,760.4123069646857,0.9986967935243877,-0.08707538457901796,True,63.32,61.54,65.10000000000001,1.7800000000000047,63.32966763561585,-0.009667635615848269,0.0,False,760.4447679384257,0.0163907004791182,0.0,0.00037233916029108527,63.36171396684431,-0.04171396684431272,0.0,False
2026-09-30,0.0334294988280377,698.0,64.5,0.27,60.91,0.26,0.0,282.0,2.0,15.0,62.705,0.265,True,760.4123069646857,0.9986967935243877,-0.08564169257716936,True,62.44,60.63999999999999,64.24,1.8000000000000007,62.33097084209146,0.1090291579085374,0.0,False,760.4447679384257,0.0163907004791182,0.0,0.0004053923678508653,62.362984120112365,0.07701587988763237,0.0,False
2026-09-30,0.0334294988280377,699.0,63.51,0.27,59.68,0.26,0.0,4280.0,1705.0,2.0,61.595,0.265,True,760.4123069646857,0.9986967935243877,-0.08421005310573157,True,61.33,59.41,63.25,1.9200000000000017,61.33227404856707,-0.0022740485670738053,0.0,False,760.4447679384257,0.0163907004791182,0.0,0.00041195104960389806,61.36428076790622,-0.034280767906224696,0.0,False
2026-09-30,0.0334294988280377,700.0,62.53,0.28,58.87,0.27,51.0,20193.0,2.0,71.0,60.7,0.275,True,760.4123069646857,0.9986967935243877,-0.08278046029613714,True,60.425000000000004,58.589999999999996,62.26,1.8350000000000009,60.333577255042684,0.09142274495732039,0.0,False,760.4447679384257,0.0163907004791182,0.0,0.0004326782763320325,60.36556324715511,0.05943675284489558,0.0,False
2026-09-30,0.0334294988280377,701.0,61.54,0.28,57.76,0.27,0.0,1194.0,302.0,1.0,59.65,0.275,True,760.4123069646857,0.9986967935243877,-0.08135290830495172,True,59.375,57.48,61.269999999999996,1.8949999999999996,59.334880461518296,0.04011953848170435,0.0,False,760.4447679384257,0.0163907004791182,0.0,0.0004399292593391113,59.36685920264772,0.008140797352282902,0.0,False
2026-09-30,0.0334294988280377,702.0,60.71,0.3,56.76,0.29,0.0,1083.0,1.0,2.0,58.735,0.295,True,760.4123069646857,0.9986967935243877,-0.07992739131373068,True,58.44,56.46,60.42,1.9800000000000004,58.33618366799391,0.1038163320060903,0.0,False,760.4447679384257,0.0163907004791182,0.0,0.0004759109616511159,58.36812642742101,0.07187357257898697,0.0,False
2026-09-30,0.0334294988280377,703.0,59.46,0.3,55.71,0.29,0.0,1940.0,153.0,81.0,57.585,0.295,True,760.4123069646857,0.9986967935243877,-0.07850390352887689,True,57.29,55.410000000000004,59.17,1.879999999999999,57.33748687446952,-0.047486874469520046,0.0,False,760.4447679384257,0.0163907004791182,0.0,0.00048416269595663586,57.36942138216233,-0.07942138216233019,0.0,False
2026-09-30,0.0334294988280377,704.0,58.74,0.32,54.79,0.31,0.0,652.0,5.0,2.0,56.765,0.315,True,760.4123069646857,0.9986967935243877,-0.07708243918149937,True,56.45,54.47,58.43,1.9800000000000004,56.33879008094513,0.11120991905487188,0.0,False,760.4447679384257,0.0163907004791182,0.0,0.0005218187829356125,56.37068693255096,0.07931306744904276,0.0,False
2026-09-30,0.0334294988280377,705.0,57.52,0.32,53.64,0.31,18.0,3540.0,5.0,1.0,55.58,0.315,True,760.4123069646857,0.9986967935243877,-0.07566299252727324,True,55.265,53.32,57.21,1.9450000000000003,55.34009328742074,-0.07509328742074217,0.0,False,760.4447679384257,0.0163907004791182,0.0,0.0005311078646523804,55.371980849944855,-0.10698084994485413,0.0,False
2026-09-30,0.0334294988280377,706.0,56.76,0.33,52.75,0.32,0.0,585.0,2.0,1.0,54.754999999999995,0.325,True,760.4123069646857,0.9986967935243877,-0.0742455578462998,True,54.42999999999999,52.42,56.44,2.009999999999998,54.341396493896355,0.0886035061036381,0.0,False,760.4447679384257,0.0163907004791182,0.0,0.0005556631472461993,54.37325950113787,0.05674049886211918,0.0,False
2026-09-30,0.0334294988280377,707.0,55.77,0.35,51.92,0.34,0.0,21248.0,1.0,1.0,53.845,0.345,True,760.4123069646857,0.9986967935243877,-0.07283012944296911,True,53.5,51.57,55.43,1.9299999999999997,53.342699700371966,0.1573002996280337,0.0,False,760.4447679384257,0.0163907004791182,0.0,0.0005960471618269292,53.3745223235989,0.12547767640109697,0.0,False
2026-09-30,0.0334294988280377,708.0,54.56,0.35,50.84,0.34,0.0,1278.0,4.0,2.0,52.7,0.345,True,760.4123069646857,0.9986967935243877,-0.0714167016458221,True,52.355000000000004,50.49,54.22,1.8649999999999984,52.34400290684758,0.010997093152425919,0.0,False,760.4447679384257,0.0163907004791182,0.0,0.0006071308902452777,52.3758144463461,-0.020814446346093973,0.0,False
2026-09-30,0.0334294988280377,709.0,53.58,0.37,49.69,0.36,0.0,1499.0,2.0,143.0,51.635,0.365,True,760.4123069646857,0.9986967935243877,-0.07000526880741435,True,51.269999999999996,49.32,53.22,1.9499999999999993,51.34530611332319,-0.07530611332319381,0.0,False,760.4447679384257,0.0163907004791182,0.0,0.0006496657298360464,51.377075117982116,-0.1070751179821201,0.0,False
2026-09-30,0.0334294988280377,710.0,52.64,0.38,48.79,0.37,42.0,13674.0,2.0,218.0,50.715,0.375,True,760.4123069646857,0.9986967935243877,-0.06859582530418074,True,50.34,48.41,52.27,1.9300000000000033,50.34660931979881,-0.006609319798805302,0.0,False,760.4447679384257,0.0163907004791182,0.0,0.0006779308916272653,50.37835005929594,-0.03835005929593649,0.0,False
2026-09-30,0.0334294988280377,711.0,51.56,0.4,47.85,0.39,0.0,1057.0,198.0,107.0,49.705,0.395,True,760.4123069646857,0.9986967935243877,-0.06718836553630096,True,49.309999999999995,47.45,51.17,1.8599999999999994,49.34791252627442,-0.03791252627442532,0.0,False,760.4447679384257,0.0163907004791182,0.0,0.0007230498911776628,49.379608146772,-0.06960814677200489,0.0,False
2026-09-30,0.0334294988280377,712.0,50.72,0.4,46.9,0.39,1.0,1236.0,1.0,29.0,48.81,0.395,True,760.4123069646857,0.9986967935243877,-0.06578288392756605,True,48.415,46.5,50.33,1.9149999999999991,48.34921573275003,0.06578426724996689,0.0,False,760.4447679384257,0.0163907004791182,0.0,0.0007378029546400433,48.38089660018415,0.03410339981584798,0.0,False
2026-09-30,0.0334294988280377,713.0,49.04,0.42,45.89,0.41,0.0,936.0,2.0,100.0,47.465,0.415,True,760.4123069646857,0.9986967935243877,-0.06437937492524588,True,47.050000000000004,45.47,48.63,1.5800000000000018,47.350518939225644,-0.30051893922563977,0.0,False,760.4447679384257,0.0163907004791182,0.0,0.000786227693303776,47.3821513819211,-0.3321513819210935,0.0,False
2026-09-30,0.0334294988280377,714.0,48.09,0.44,44.86,0.43,0.0,951.0,3.0,4.0,46.475,0.435,True,760.4123069646857,0.9986967935243877,-0.06297783299995742,True,46.04,44.42,47.660000000000004,1.620000000000001,46.351822145701256,-0.31182214570125666,0.0,False,760.4447679384257,0.0163907004791182,0.0,0.0008364727246399917,46.38340434336537,-0.3434043433653713,0.0,False
2026-09-30,0.0334294988280377,715.0,47.57,0.46,43.98,0.45,1.0,6589.0,2.0,56.0,45.775,0.455,True,760.4123069646857,0.9986967935243877,-0.06157825264553414,True,45.32,43.519999999999996,47.12,1.8000000000000007,45.35312535217687,-0.033125352176867295,0.0,False,760.4447679384257,0.0163907004791182,0.0,0.0008884765040576559,45.384655546061566,-0.06465554606156587,0.0,False
2026-09-30,0.0334294988280377,716.0,46.65,0.48,43.36,0.47,0.0,1442.0,41.0,166.0,45.004999999999995,0.475,True,760.4123069646857,0.9986967935243877,-0.06018062837889617,True,44.529999999999994,42.88,46.18,1.6499999999999986,44.35442855865248,0.17557144134751468,0.0,False,760.4447679384257,0.0163907004791182,0.0,0.0009423255468498093,44.38590490349439,0.14409509650560182,0.0,False
2026-09-30,0.0334294988280377,717.0,45.93,0.49,42.14,0.48,0.0,839.0,4.0,7.0,44.035,0.485,True,760.4123069646857,0.9986967935243877,-0.05878495473992142,True,43.55,41.65,45.45,1.9000000000000021,43.35573176512809,0.19426823487190603,0.0,False,760.4447679384257,0.0163907004791182,0.0,0.0009810128373987093,43.387169422679456,0.16283057732054118,0.0,False
2026-09-30,0.0334294988280377,718.0,44.67,0.51,41.15,0.5,10.0,1005.0,4.0,14.0,42.91,0.505,True,760.4123069646857,0.9986967935243877,-0.0573912262913177,True,42.404999999999994,40.64,44.17,1.7650000000000006,42.3570349716037,0.04796502839629113,0.0,False,760.4447679384257,0.0163907004791182,0.0,0.0010387196615223582,42.388414922330945,0.016585077669049042,0.0,False
2026-09-30,0.0334294988280377,719.0,43.69,0.52,40.14,0.51,0.0,995.0,2.0,4.0,41.915,0.515,True,760.4123069646857,0.9986967935243877,-0.05599943761849519,True,41.4,39.62,43.18,1.7800000000000011,41.358338178079315,0.041661821920683906,0.0,False,760.4447679384257,0.0163907004791182,0.0,0.0010810423904707989,41.389675806077605,0.010324193922393476,0.0,False
2026-09-30,0.0334294988280377,720.0,42.71,0.56,39.19,0.55,37.0,14433.0,2.0,221.0,40.95,0.555,True,760.4123069646857,0.9986967935243877,-0.054609583329440874,True,40.395,38.629999999999995,42.160000000000004,1.7650000000000041,40.359641384554926,0.03535861544507668,0.0,False,760.4447679384257,0.0163907004791182,0.0,0.0011790600723844413,40.39088099487131,0.004119005128693232,0.0,False
2026-09-30,0.0334294988280377,721.0,41.91,0.58,38.21,0.57,0.0,1914.0,2.0,16.0,40.06,0.575,True,760.4123069646857,0.9986967935243877,-0.05322165805459279,True,39.485,37.63,41.339999999999996,1.8549999999999969,39.36094459103054,0.12405540896946121,0.0,False,760.4447679384257,0.0163907004791182,0.0,0.001244582487707424,39.392118678931595,0.09288132106840408,0.0,False
2026-09-30,0.0334294988280377,722.0,40.77,0.61,37.19,0.6,1.0,1928.0,4.0,9.0,38.980000000000004,0.605,True,760.4123069646857,0.9986967935243877,-0.051835656446715624,True,38.37500000000001,36.58,40.17,1.7950000000000017,38.36224779750615,0.012752202493857112,0.0,False,760.4447679384257,0.0163907004791182,0.0,0.001331456311076007,38.39333501158384,-0.01833501158382944,0.0,False
2026-09-30,0.0334294988280377,723.0,39.64,0.64,36.13,0.63,0.0,703.0,24.0,12.0,37.885000000000005,0.635,True,760.4123069646857,0.9986967935243877,-0.05045157318077716,True,37.25000000000001,35.49,39.01,1.759999999999998,37.36355100398177,-0.11355100398176177,0.0,False,760.4447679384257,0.0163907004791182,0.0,0.0014220443746131295,37.39454762999591,-0.14454762999590542,0.0,False
2026-09-30,0.0334294988280377,724.0,38.16,0.67,35.25,0.66,110.0,1570.0,19.0,36.0,36.705,0.665,True,760.4123069646857,0.9986967935243877,-0.04906940295382547,True,36.04,34.58,37.5,1.4600000000000009,36.36485421045738,-0.3248542104573815,0.0,False,760.4447679384257,0.0163907004791182,0.0,0.0015165803785045506,36.39575630046763,-0.3557563004676325,0.0,False
2026-09-30,0.0334294988280377,725.0,37.63,0.7,34.46,0.69,85.0,16777.0,7.0,72.0,36.045,0.695,True,760.4123069646857,0.9986967935243877,-0.04768914048486705,True,35.35,33.76,36.940000000000005,1.5900000000000034,35.36615741693299,-0.016157416932990998,0.0,False,760.4447679384257,0.0163907004791182,0.0,0.0016160844108755734,35.39696000291087,-0.04696000291087188,0.0,False
2026-09-30,0.0334294988280377,726.0,36.33,0.73,33.35,0.72,598.0,1056.0,9.0,40.0,34.84,0.725,True,760.4123069646857,0.9986967935243877,-0.04631078051474573,True,34.115,32.620000000000005,35.61,1.4949999999999974,34.367460623408604,-0.2524606234086022,0.0,False,760.4447679384257,0.0163907004791182,0.0,0.001720540555296246,34.398158753242065,-0.28315875324206274,0.0,False
2026-09-30,0.0334294988280377,727.0,35.36,0.76,32.35,0.74,581.0,1193.0,2.0,28.0,33.855000000000004,0.75,True,760.4123069646857,0.9986967935243877,-0.04493431780602244,True,33.105000000000004,31.59,34.62,1.5149999999999988,33.368763829884216,-0.263763829884212,0.0,False,760.4447679384257,0.0163907004791182,0.0,0.0018200712393109386,33.399362429033665,-0.2943624290336615,0.0,False
2026-09-30,0.0334294988280377,728.0,34.86,0.81,31.31,0.8,643.0,1099.0,4.0,7.0,33.085,0.805,True,760.4123069646857,0.9986967935243877,-0.04355974714285583,True,32.28,30.5,34.06,1.7800000000000011,32.37006703635983,-0.0900670363598266,0.0,False,760.4447679384257,0.0163907004791182,0.0,0.001984845498994914,32.40050086124959,-0.12050086124958881,0.0,False
2026-09-30,0.0334294988280377,729.0,33.92,0.85,30.46,0.83,560.0,1944.0,1.0,79.0,32.19,0.84,True,760.4123069646857,0.9986967935243877,-0.042187063330883644,True,31.349999999999998,29.61,33.09,1.740000000000002,31.37137024283544,-0.021370242835441644,0.0,False,760.4447679384257,0.0163907004791182,0.0,0.0021162817618480823,31.401672631462354,-0.05167263146235612,0.0,False
2026-09-30,0.0334294988280377,730.0,32.39,0.89,29.72,0.88,5767.0,29874.0,119.0,340.0,31.055,0.885,True,760.4123069646857,0.9986967935243877,-0.040816261197104964,True,30.169999999999998,28.83,31.51,1.3400000000000016,30.37267344931105,-0.20267344931105313,0.0,False,760.4447679384257,0.0163907004791182,0.0,0.002275160569776502,30.402816959130035,-0.2328169591300373,0.0,False
2026-09-30,0.0334294988280377,731.0,31.54,0.93,28.88,0.92,1134.0,1812.0,1.0,46.0,30.21,0.925,True,760.4123069646857,0.9986967935243877,-0.039447335589763384,True,29.285,27.95,30.619999999999997,1.334999999999999,29.373976655786663,-0.08897665578666292,0.0,False,760.4447679384257,0.0163907004791182,0.0,0.0024321015865683693,29.403963224588857,-0.11896322458885678,0.0,False
2026-09-30,0.0334294988280377,732.0,30.57,0.99,27.61,0.98,878.0,1729.0,46.0,404.0,29.09,0.985,True,760.4123069646857,0.9986967935243877,-0.038080281378230316,True,28.105,26.62,29.59,1.4849999999999994,28.375279862262275,-0.2702798622622744,0.0,False,760.4447679384257,0.0163907004791182,0.0,0.002640260598171351,28.40505827205287,-0.30005827205286906,0.0,False
2026-09-30,0.0334294988280377,733.0,29.67,1.05,26.85,1.03,961.0,1000.0,199.0,35.0,28.26,1.04,True,760.4123069646857,0.9986967935243877,-0.036715093452890375,True,27.220000000000002,25.8,28.64,1.42,27.37658306873789,-0.15658306873788774,0.0,False,760.4447679384257,0.0163907004791182,0.0,0.002848417546257531,27.406153321580394,-0.18615332158039166,0.0,False
2026-09-30,0.0334294988280377,734.0,28.81,1.11,25.61,1.1,737.0,1758.0,6.0,80.0,27.21,1.105,True,760.4123069646857,0.9986967935243877,-0.03535176672502628,True,26.105,24.5,27.709999999999997,1.6049999999999986,26.377886275213502,-0.2728862752135015,0.0,False,760.4447679384257,0.0163907004791182,0.0,0.00309006226923203,26.40721488333303,-0.30221488333302915,0.0,False
2026-09-30,0.0334294988280377,735.0,28.2,1.18,24.78,1.16,1773.0,14137.0,6.0,160.0,26.490000000000002,1.17,True,760.4123069646857,0.9986967935243877,-0.03399029612670518,True,25.32,23.6,27.04,1.7199999999999989,25.379189481689114,-0.05918948168911342,0.0,False,760.4447679384257,0.0163907004791182,0.0,0.0033448153421395954,25.408263336735736,-0.08826333673573572,0.0,False
2026-09-30,0.0334294988280377,736.0,25.92,1.22,25.67,1.2,743.0,16120.0,1.0,2619.0,25.795,1.21,True,760.4123069646857,0.9986967935243877,-0.032630676610665606,True,24.585,24.450000000000003,24.720000000000002,0.1349999999999998,24.380492688164725,0.20450731183527537,0.06950731183527736,True,760.4447679384257,0.0163907004791182,0.0,0.0035612372804050274,24.409350121273082,0.17564987872691873,0.04064987872692072,True
2026-09-30,0.0334294988280377,737.0,25.0,1.29,24.75,1.28,592.0,10140.0,2.0,84.0,24.875,1.2850000000000001,True,760.4123069646857,0.9986967935243877,-0.03127290315020523,True,23.59,23.46,23.72,0.129999999999999,23.381795894640337,0.2082041053596626,0.0782041053596636,True,760.4447679384257,0.0163907004791182,0.0,0.0038732018820155645,23.410341363147083,0.17965863685291694,0.04965863685291794,True
2026-09-30,0.0334294988280377,738.0,24.09,1.38,23.79,1.37,361.0,1335.0,6.0,41.0,23.939999999999998,1.375,True,760.4123069646857,0.9986967935243877,-0.029916970739069328,True,22.564999999999998,22.41,22.72,0.15499999999999936,22.38309910111595,0.1819008988840487,0.026900898884051117,True,760.4447679384257,0.0163907004791182,0.0,0.004238840655752085,22.41127893084896,0.153721069151036,0.0,False
2026-09-30,0.0334294988280377,739.0,23.12,1.46,22.82,1.45,304.0,1923.0,7.0,10.0,22.97,1.455,True,760.4123069646857,0.9986967935243877,-0.028562874391340042,True,21.515,21.36,21.67,0.15500000000000114,21.384402307591564,0.13059769240843622,0.0,False,760.4447679384257,0.0163907004791182,0.0,0.004603525645736628,21.412217452334588,0.10278254766541295,0.0,False
2026-09-30,0.0334294988280377,740.0,22.25,1.55,21.97,1.54,2762.0,24010.0,423.0,160.0,22.11,1.545,True,760.4123069646857,0.9986967935243877,-0.027210609141326367,True,20.564999999999998,20.419999999999998,20.71,0.14500000000000135,20.385705514067176,0.1792944859328216,0.03429448593282203,True,760.4447679384257,0.0163907004791182,0.0,0.0050153417431899605,20.41310884271275,0.151891157287249,0.0068911572872494276,True
2026-09-30,0.0334294988280377,741.0,21.38,1.65,21.15,1.64,582.0,1286.0,1.0,6.0,21.265,1.645,True,760.4123069646857,0.9986967935243877,-0.02586017004345491,True,19.62,19.5,19.74,0.11999999999999922,19.387008720542788,0.2329912794572131,0.1129912794572121,True,760.4447679384257,0.0163907004791182,0.0,0.005478887223438145,19.41394850370811,0.20605149629189157,0.08605149629189057,True
2026-09-30,0.0334294988280377,742.0,20.41,1.74,18.38,1.73,1493.0,1210.0,72.0,1645.0,19.395,1.7349999999999999,True,760.4123069646857,0.9986967935243877,-0.02451155217216134,True,17.66,16.64,18.68,1.0199999999999996,18.3883119270184,-0.7283119270183995,0.0,False,760.4447679384257,0.0163907004791182,0.0,0.005950134952112718,18.41478046245505,-0.7547804624550487,0.0,False
2026-09-30,0.0334294988280377,743.0,19.53,1.87,17.51,1.85,862.0,1964.0,1.0,20.0,18.520000000000003,1.86,True,760.4123069646857,0.9986967935243877,-0.023164750621782616,True,16.660000000000004,15.64,17.68,1.0199999999999996,17.38961513349401,-0.7296151334940078,0.0,False,760.4447679384257,0.0163907004791182,0.0,0.006541286410638669,17.415492517472135,-0.7554925174721312,0.0,False
2026-09-30,0.0334294988280377,744.0,18.61,1.98,18.35,1.97,643.0,1365.0,2.0,151.0,18.48,1.975,True,760.4123069646857,0.9986967935243877,-0.021819760506450018,True,16.505,16.37,16.64,0.1349999999999998,16.390918339969623,0.11408166003037579,0.0,False,760.4447679384257,0.0163907004791182,0.0,0.007148938746622369,16.416188071611764,0.08881192838823537,0.0,False
2026-09-30,0.0334294988280377,745.0,17.76,2.11,17.54,2.1,3992.0,23097.0,32.0,551.0,17.65,2.105,True,760.4123069646857,0.9986967935243877,-0.02047657695998236,True,15.544999999999998,15.43,15.660000000000002,0.1150000000000011,15.392221546445237,0.15277845355476138,0.03777845355476295,True,760.4447679384257,0.0163907004791182,0.0,0.007843176819643638,15.416797040014355,0.1282029599856429,0.013202959985644469,True
2026-09-30,0.0334294988280377,746.0,16.89,2.26,16.7,2.25,909.0,1973.0,2.0,48.0,16.795,2.255,True,760.4123069646857,0.9986967935243877,-0.019135195135781016,True,14.540000000000003,14.44,14.64,0.10000000000000053,14.393524752920849,0.14647524707915416,0.04647524707915096,True,760.4447679384257,0.0163907004791182,0.0,0.008638849783817015,14.417304573525794,0.12269542647420906,0.02269542647420586,True
2026-09-30,0.0334294988280377,747.0,16.01,2.4,15.81,2.39,940.0,2365.0,2.0,281.0,15.91,2.395,True,760.4123069646857,0.9986967935243877,-0.017795610206724554,True,13.515,13.41,13.620000000000001,0.10500000000000043,13.394827959396462,0.12017204060353848,0.01517204060353805,True,760.4447679384257,0.0163907004791182,0.0,0.009479379891800477,13.417767249893423,0.09723275010657773,0.0,False
2026-09-30,0.0334294988280377,748.0,15.2,2.56,14.99,2.54,372.0,1340.0,2.0,97.0,15.094999999999999,2.55,True,760.4123069646857,0.9986967935243877,-0.016457817365064607,True,12.544999999999998,12.43,12.66,0.11500000000000021,12.396131165872074,0.1488688341279243,0.03386883412792585,True,760.4447679384257,0.0163907004791182,0.0,0.010431559694951353,12.418118276565885,0.12688172343411352,0.011881723434115088,True
2026-09-30,0.0334294988280377,749.0,14.34,2.74,14.15,2.72,426.0,850.0,304.0,416.0,14.245000000000001,2.7300000000000004,True,760.4123069646857,0.9986967935243877,-0.015121811822322362,True,11.515,11.41,11.62,0.10499999999999954,11.397434372347686,0.11756562765231493,0.012565627652314504,True,760.4447679384257,0.0163907004791182,0.0,0.011527403677710879,11.418325639058736,0.09667436094126458,0.0,False
2026-09-30,0.0334294988280377,750.0,13.51,2.92,13.4,2.89,5112.0,21788.0,83.0,2042.0,13.455,2.9050000000000002,True,760.4123069646857,0.9986967935243877,-0.013787588809185708,True,10.55,10.48,10.62,0.0699999999999994,10.3987375788233,0.15126242117670152,0.08126242117670124,True,760.4447679384257,0.0163907004791182,0.0,0.012712305566477067,10.418443943645583,0.1315560563544178,0.06155605635441752,True
2026-09-30,0.0334294988280377,751.0,12.76,3.12,12.6,3.09,1084.0,1176.0,10.0,182.0,12.68,3.105,True,760.4123069646857,0.9986967935243877,-0.01245514357540708,True,9.575,9.48,9.67,0.09499999999999975,9.400040785298911,0.17495921470108833,0.07995921470108946,True,760.4447679384257,0.0163907004791182,0.0,0.014064899888067028,9.418394555799605,0.15660544420039457,0.06160544420039571,True
2026-09-30,0.0334294988280377,752.0,11.93,3.35,11.78,3.31,608.0,4982.0,547.0,92.0,11.855,3.33,True,760.4123069646857,0.9986967935243877,-0.01112447138970199,True,8.525,8.43,8.62,0.09499999999999975,8.401343991774523,0.12365600822547762,0.02865600822547698,True,760.4447679384257,0.0163907004791182,0.0,0.015608463043778276,8.418154199119506,0.10684580088049422,0.011845800880493584,True
2026-09-30,0.0334294988280377,753.0,11.17,3.58,11.03,3.54,604.0,1182.0,20.0,699.0,11.1,3.56,True,760.4123069646857,0.9986967935243877,-0.009795567539648229,True,7.539999999999999,7.449999999999999,7.63,0.0900000000000003,7.402647198250135,0.13735280174986375,0.04735280174986389,True,760.4447679384257,0.0163907004791182,0.0,0.017315068109442944,7.417750800529454,0.12224919947054502,0.032249199470545165,True
2026-09-30,0.0334294988280377,754.0,10.4,3.86,10.25,3.82,503.0,6388.0,50.0,1181.0,10.325,3.84,True,760.4123069646857,0.9986967935243877,-0.008468427331585725,True,6.484999999999999,6.390000000000001,6.58,0.09499999999999975,6.403950404725748,0.08104959527425137,0.0,False,760.4447679384257,0.0163907004791182,0.0,0.019296326377737927,6.417072748736771,0.06792725126322807,0.0,False
2026-09-30,0.0334294988280377,755.0,9.7,4.13,9.58,4.09,3551.0,14052.0,824.0,777.0,9.64,4.109999999999999,True,760.4123069646857,0.9986967935243877,-0.007143046090517085,True,5.530000000000001,5.45,5.609999999999999,0.07999999999999963,5.40525361120136,0.1247463887986413,0.044746388798640346,True,760.4447679384257,0.0163907004791182,0.0,0.021475297474743194,5.416196984115379,0.11380301588462238,0.033803015884621423,True
2026-09-30,0.0334294988280377,756.0,8.96,4.4,8.84,4.36,1149.0,2119.0,579.0,275.0,8.9,4.380000000000001,True,760.4123069646857,0.9986967935243877,-0.005819419160008782,True,4.52,4.4399999999999995,4.6000000000000005,0.08000000000000052,4.4065568176769725,0.11344318232302708,0.03344318232302701,True,760.4447679384257,0.0163907004791182,0.0,0.023904593639993976,4.41507089442574,0.10492910557425983,0.024929105574259758,True
2026-09-30,0.0334294988280377,757.0,8.31,4.74,8.19,4.71,1550.0,7588.0,292.0,290.0,8.25,4.725,True,760.4123069646857,0.9986967935243877,-0.004497541902093107,True,3.5250000000000004,3.4499999999999993,3.6000000000000005,0.07500000000000062,3.4078600241525847,0.11713997584741564,0.04213997584741458,True,760.4447679384257,0.0163907004791182,0.0,0.026720454777453106,3.4135582397638933,0.11144176023610708,0.03644176023610601,True
2026-09-30,0.0334294988280377,758.0,7.62,5.04,7.5,5.01,1022.0,1253.0,14.0,175.0,7.5600000000000005,5.025,True,760.4123069646857,0.9986967935243877,-0.0031774096971702174,True,2.535,2.46,2.6100000000000003,0.07500000000000018,2.409163230628197,0.12583676937180321,0.05083676937180304,True,760.4447679384257,0.0163907004791182,0.0,0.029852708097979352,2.4117291929189792,0.1232708070810209,0.04827080708102072,True
2026-09-30,0.0334294988280377,759.0,6.89,5.4,6.87,5.37,1662.0,1280.0,180.0,931.0,6.88,5.385,True,760.4123069646857,0.9986967935243877,-0.0018590179439119398,True,1.495,1.4699999999999998,1.5199999999999996,0.02499999999999991,1.4104664371038094,0.08453356289619074,0.059533562896190384,True,760.4447679384257,0.0163907004791182,0.0,0.03343778384230234,1.4094473236502687,0.0855526763497314,0.06055267634973105,True
2026-09-30,0.0334294988280377,760.0,6.29,5.81,6.27,5.79,4442.0,11031.0,582.0,868.0,6.279999999999999,5.8,True,760.4123069646857,0.9986967935243877,-0.0005423620591650946,True,0.47999999999999954,0.45999999999999996,0.5,0.020000000000000018,0.4117696435794217,0.06823035642057784,0.04823035642057827,True,760.4447679384257,0.0163907004791182,0.0,0.03747552030908441,0.4067127936590989,0.07328720634090063,0.05328720634090106,True
2026-09-30,0.0334294988280377,761.0,5.7,6.23,5.68,6.2,5820.0,29163.0,698.0,2368.0,5.6899999999999995,6.215,True,760.4123069646857,0.9986967935243877,0.0007725625221439875,True,-0.5250000000000004,-0.5500000000000007,-0.5,0.025000000000000355,-0.586927149944966,0.06192714994496562,0.036927149944965265,True,760.4447679384257,0.0163907004791182,0.0,0.04190696241750391,-0.5964154419737083,0.07141544197370797,0.046415441973707616,True
2026-09-30,0.0334294988280377,762.0,5.17,6.67,5.13,6.62,2283.0,1724.0,339.0,684.0,5.15,6.645,True,760.4123069646857,0.9986967935243877,0.0020857603471045446,True,-1.4949999999999992,-1.54,-1.4500000000000002,0.04499999999999993,-1.5856239434693535,0.09062394346935432,0.0456239434693535,True,760.4447679384257,0.0163907004791182,0.0,0.046957517459182974,-1.600162790539775,0.10516279053977584,0.060162790539775024,True
2026-09-30,0.0334294988280377,763.0,4.64,7.13,4.6,7.03,1267.0,1482.0,49.0,56.0,4.619999999999999,7.08,True,760.4123069646857,0.9986967935243877,0.0033972359449151736,True,-2.460000000000001,-2.5300000000000002,-2.3900000000000006,0.06999999999999984,-2.584320736993741,0.12432073699374024,0.05432073699374085,True,760.4447679384257,0.0163907004791182,0.0,0.05273219456683975,-2.6046342611718196,0.14463426117181877,0.07463426117181937,True
2026-09-30,0.0334294988280377,764.0,4.12,7.64,4.08,7.5,1351.0,1128.0,339.0,180.0,4.1,7.57,True,760.4123069646857,0.9986967935243877,0.004706993826978558,True,-3.4700000000000006,-3.5599999999999996,-3.38,0.08999999999999986,-3.583017530518129,0.11301753051812824,0.02301753051812927,True,760.4447679384257,0.0163907004791182,0.0,0.05939985955446847,-3.6099987196838357,0.13999871968383504,0.04999871968383607,True
2026-09-30,0.0334294988280377,765.0,3.69,8.24,3.65,8.1,4648.0,1789.0,487.0,117.0,3.67,8.17,True,760.4123069646857,0.9986967935243877,0.006015038486994023,True,-4.5,-4.59,-4.41,0.08999999999999986,-4.581714324042516,0.08171432404251622,0.0,False,760.4447679384257,0.0163907004791182,0.0,0.06649573892585714,-4.615791392579612,0.11579139257961213,0.02579139257961227,True
2026-09-30,0.0334294988280377,766.0,3.22,8.82,3.18,8.67,1821.0,2168.0,108.0,22.0,3.2,8.745000000000001,True,760.4123069646857,0.9986967935243877,0.007321374401049383,True,-5.545000000000001,-5.640000000000001,-5.449999999999999,0.09500000000000064,-5.5804111175669044,0.03541111756690363,0.0,False,760.4447679384257,0.0163907004791182,0.0,0.07524476996145246,-5.623237217139595,0.07823721713959397,0.0,False
2026-09-30,0.0334294988280377,767.0,2.82,9.41,2.79,9.23,1651.0,1755.0,131.0,15.0,2.8049999999999997,9.32,True,760.4123069646857,0.9986967935243877,0.008626006027714388,True,-6.515000000000001,-6.62,-6.41,0.10499999999999998,-6.579107911091292,0.06410791109129121,0.0,False,760.4447679384257,0.0163907004791182,0.0,0.08465192616031736,-6.631341166862848,0.11634116686284734,0.011341166862847807,True
2026-09-30,0.0334294988280377,768.0,2.46,10.14,2.42,9.99,1580.0,609.0,15.0,17.0,2.44,10.065000000000001,True,760.4123069646857,0.9986967935243877,0.009928937808130268,True,-7.625000000000002,-7.720000000000001,-7.53,0.0950000000000002,-7.57780470461568,-0.04719529538432177,0.0,False,760.4447679384257,0.0163907004791182,0.0,0.09528686378227924,-7.640672898009197,0.015672898009195357,0.0,False
2026-09-30,0.0334294988280377,769.0,2.16,10.75,2.12,10.57,2502.0,1531.0,112.0,279.0,2.14,10.66,True,760.4123069646857,0.9986967935243877,0.011230174166102194,True,-8.52,-8.629999999999999,-8.41,0.10999999999999943,-8.576501498140066,0.056501498140066886,0.0,False,760.4447679384257,0.0163907004791182,0.0,0.10634685443807257,-8.650429682189378,0.13042968218937823,0.020429682189378795,True
2026-09-30,0.0334294988280377,770.0,1.83,11.55,1.81,11.35,6999.0,5919.0,498.0,37.0,1.82,11.45,True,760.4123069646857,0.9986967935243877,0.012529719508187652,True,-9.629999999999999,-9.74,-9.52,0.11000000000000032,-9.575198291664455,-0.05480170833554432,0.0,False,760.4447679384257,0.0163907004791182,0.0,0.12022931719862484,-9.663008938474318,0.033008938474319294,0.0,False
2026-09-30,0.0334294988280377,771.0,1.58,12.3,1.56,12.05,2065.0,1019.0,85.0,1.0,1.57,12.175,True,760.4123069646857,0.9986967935243877,0.013827578223787726,True,-10.605,-10.74,-10.47,0.1349999999999998,-10.573895085188843,-0.031104914811157514,0.0,False,760.4447679384257,0.0163907004791182,0.0,0.13422005841378137,-10.675696473213863,0.07069647321386263,0.0,False
2026-09-30,0.0334294988280377,772.0,1.34,13.14,1.33,12.9,2226.0,1335.0,215.0,47.0,1.335,13.02,True,760.4123069646857,0.9986967935243877,0.015123754685234306,True,-11.684999999999999,-11.81,-11.56,0.125,-11.572591878713231,-0.11240812128676758,0.0,False,760.4447679384257,0.0163907004791182,0.0,0.15029070161249258,-11.69046390993696,0.005463909936961997,0.0,False
2026-09-30,0.0334294988280377,773.0,1.16,13.97,1.14,13.69,2652.0,802.0,272.0,40.0,1.15,13.83,True,760.4123069646857,0.9986967935243877,0.016418253247880214,True,-12.68,-12.83,-12.53,0.15000000000000036,-12.571288672237618,-0.10871132776238213,0.0,False,760.4447679384257,0.0163907004791182,0.0,0.16617057015405834,-12.705040572002915,0.025040572002914985,0.0,False
2026-09-30,0.0334294988280377,774.0,0.96,15.87,0.95,14.53,1676.0,430.0,220.0,21.0,0.955,15.2,True,760.4123069646857,0.9986967935243877,0.017711078250185266,True,-14.245,-14.92,-13.57,0.6749999999999998,-13.569985465762006,-0.6750145342379934,1.4534237994467958e-05,True,760.4447679384257,0.0163907004791182,0.0,0.18661547847034043,-13.724182273843585,-0.5208177261564142,0.0,False
2026-09-30,0.0334294988280377,775.0,0.81,17.44,0.79,14.2,17583.0,11737.0,445.0,15.0,0.8,15.82,True,760.4123069646857,0.9986967935243877,0.019002234013805266,True,-15.02,-16.650000000000002,-13.389999999999999,1.6300000000000017,-14.568682259286394,-0.45131774071360553,0.0,False,760.4447679384257,0.0163907004791182,0.0,0.20752929156043898,-14.74379288045807,-0.27620711954192956,0.0,False
2026-09-30,0.0334294988280377,776.0,0.67,18.34,0.65,15.11,1058.0,360.0,83.0,1.0,0.66,16.725,True,760.4123069646857,0.9986967935243877,0.02029172484367692,True,-16.065,-17.69,-14.44,1.6250000000000009,-15.56737905281078,-0.4976209471892208,0.0,False,760.4447679384257,0.0163907004791182,0.0,0.23118047148866694,-15.766140853910686,-0.2988591460893151,0.0,False
2026-09-30,0.0334294988280377,777.0,0.57,19.26,0.56,16.15,3741.0,319.0,53.0,5.0,0.565,17.705,True,760.4123069646857,0.9986967935243877,0.02157955502810551,True,-17.139999999999997,-18.700000000000003,-15.579999999999998,1.5600000000000023,-16.566075846335167,-0.5739241536648301,0.0,False,760.4447679384257,0.0163907004791182,0.0,0.2519336783355044,-16.78559085428191,-0.3544091457180869,0.0,False
2026-09-30,0.0334294988280377,778.0,0.47,20.2,0.46,16.92,2861.0,288.0,855.0,10.0,0.46499999999999997,18.560000000000002,True,760.4123069646857,0.9986967935243877,0.022865728838849787,True,-18.095000000000002,-19.74,-16.450000000000003,1.6449999999999978,-17.564772639859555,-0.5302273601404472,0.0,False,760.4447679384257,0.0163907004791182,0.0,0.27832137406582547,-17.81067534353662,-0.284324656463383,0.0,False
2026-09-30,0.0334294988280377,779.0,0.39,21.16,0.37,18.04,5224.0,128.0,2511.0,4.0,0.38,19.6,True,760.4123069646857,0.9986967935243877,0.02415025053120635,True,-19.220000000000002,-20.79,-17.65,1.5700000000000003,-18.563469433383943,-0.656530566616059,0.0,False,760.4447679384257,0.0163907004791182,0.0,0.3069917422159527,-18.838042505211135,-0.38195749478886754,0.0,False
2026-09-30,0.0334294988280377,780.0,0.32,22.1,0.31,18.89,18881.0,576.0,730.0,1.0,0.315,20.495,True,760.4123069646857,0.9986967935243877,0.025433124344095625,True,-20.18,-21.790000000000003,-18.57,1.6100000000000012,-19.56216622690833,-0.6178337730916681,0.0,False,760.4447679384257,0.0163907004791182,0.0,0.334994552691235,-19.864742109210805,-0.3152578907891943,0.0,False
2026-09-30,0.0334294988280377,781.0,0.27,23.1,0.26,19.98,2269.0,25.0,322.0,1.0,0.265,21.54,True,760.4123069646857,0.9986967935243877,0.026714354500144068,True,-21.275,-22.84,-19.71,1.5649999999999995,-20.56086302043272,-0.7141369795672787,0.0,False,760.4447679384257,0.0163907004791182,0.0,0.3619308994345545,-20.890375249478513,-0.3846247505214855,0.0,False
2026-09-30,0.0334294988280377,782.0,0.23,24.11,0.22,20.8,1845.0,82.0,206.0,5.0,0.225,22.455,True,760.4123069646857,0.9986967935243877,0.0279939452057693,True,-22.229999999999997,-23.89,-20.57,1.6600000000000001,-21.559559813957108,-0.6704401860428888,0.0,False,760.4447679384257,0.0163907004791182,0.0,0.38832302483565684,-21.915464168404004,-0.3145358315959932,0.0,False
2026-09-30,0.0334294988280377,783.0,0.2,25.07,0.19,21.83,1214.0,14.0,88.0,1.0,0.195,23.45,True,760.4123069646857,0.9986967935243877,0.029271900651261222,True,-23.255,-24.88,-21.63,1.625,-22.558256607481496,-0.6967433925185027,0.0,False,760.4447679384257,0.0163907004791182,0.0,0.4121655901945154,-22.938003527287247,-0.3169964727127521,0.0,False
2026-09-30,0.0334294988280377,784.0,0.17,26.1,0.16,22.92,1657.0,40.0,433.0,7.0,0.165,24.51,True,760.4123069646857,0.9986967935243877,0.030548225010866084,True,-24.345000000000002,-25.94,-22.75,1.5950000000000006,-23.55695340100588,-0.7880465989941214,0.0,False,760.4447679384257,0.0163907004791182,0.0,0.4404664479119873,-23.965001178529107,-0.37999882147089536,0.0,False
2026-09-30,0.0334294988280377,785.0,0.14,27.27,0.13,23.57,5402.0,105.0,335.0,22.0,0.135,25.42,True,760.4123069646857,0.9986967935243877,0.031822922442866566,True,-25.285,-27.14,-23.43,1.8550000000000004,-24.55565019453027,-0.7293498054697309,0.0,False,760.4447679384257,0.0163907004791182,0.0,0.4717697913885104,-24.99500131553002,-0.2899986844699818,0.0,False
2026-09-30,0.0334294988280377,786.0,0.13,28.25,0.12,24.18,21442.0,21.0,11.0,2.0,0.125,26.215,True,760.4123069646857,0.9986967935243877,0.0330959970896648,True,-26.09,-28.13,-24.05,2.039999999999999,-25.554346988054657,-0.5356530119453424,0.0,False,760.4447679384257,0.0163907004791182,0.0,0.48307300622366967,-26.005001323889566,-0.08499867611043399,0.0,False
2026-09-30,0.0334294988280377,787.0,0.11,29.2,0.1,25.39,2837.0,6.0,510.0,1.0,0.10500000000000001,27.295,True,760.4123069646857,0.9986967935243877,0.03436745307786138,True,-27.19,-29.099999999999998,-25.28,1.9099999999999984,-26.553043781579046,-0.6369562184209556,0.0,False,760.4447679384257,0.0163907004791182,0.0,0.504376364457908,-27.025001475648192,-0.16499852435180884,0.0,False
2026-09-30,0.0334294988280377,788.0,0.09,30.21,0.08,26.18,1415.0,10.0,142.0,1.0,0.08499999999999999,28.195,True,760.4123069646857,0.9986967935243877,0.035637294518337394,True,-28.11,-30.130000000000003,-26.09,2.0200000000000014,-27.551740575103434,-0.5582594248965655,0.0,False,760.4447679384257,0.0163907004791182,0.0,0.5256797893796552,-28.045001694094328,-0.06499830590567157,0.0,False
2026-09-30,0.0334294988280377,789.0,0.09,31.21,0.08,27.18,3823.0,29.0,6.0,3.0,0.08499999999999999,29.195,True,760.4123069646857,0.9986967935243877,0.036905525506332415,True,-29.11,-31.130000000000003,-27.09,2.0200000000000014,-28.550437368627822,-0.5595626313721773,0.0,False,760.4447679384257,0.0163907004791182,0.0,0.5269829327585427,-29.045001630997604,-0.06499836900239586,0.0,False
2026-09-30,0.0334294988280377,790.0,0.07,32.2,0.06,28.38,12617.0,37.0,906.0,1.0,0.065,30.29,True,760.4123069646857,0.9986967935243877,0.03817215012152525,True,-30.224999999999998,-32.14,-28.31,1.915000000000001,-29.549134162152207,-0.6758658378477911,0.0,False,760.4447679384257,0.0163907004791182,0.0,0.5482864582386036,-30.06500195000205,-0.15999804999794875,0.0,False
2026-09-30,0.0334294988280377,791.0,0.07,33.36,0.06,29.45,1467.0,2.0,24.0,1.0,0.065,31.405,True,760.4123069646857,0.9986967935243877,0.03943717242811206,True,-31.34,-33.3,-29.38,1.959999999999999,-30.547830955676595,-0.7921690443234048,0.0,False,760.4447679384257,0.0163907004791182,0.0,0.5495896130845921,-31.065001898372426,-0.274998101627574,0.0,False
2026-09-30,0.0334294988280377,792.0,0.07,34.18,0.06,30.18,1690.0,3.0,4.0,6.0,0.065,32.18,True,760.4123069646857,0.9986967935243877,0.04070059647488394,True,-32.115,-34.12,-30.11,2.004999999999999,-31.546527749200983,-0.5684722507990188,0.0,False,760.4447679384257,0.0163907004791182,0.0,0.5508927698978638,-32.06500184871008,-0.04999815128991969,0.0,False
2026-09-30,0.0334294988280377,793.0,0.06,35.26,0.05,31.34,1863.0,4.0,378.0,1.0,0.055,33.3,True,760.4123069646857,0.9986967935243877,0.041962426295306186,True,-33.245,-35.21,-31.28,1.9649999999999999,-32.54522454272537,-0.699775457274626,0.0,False,760.4447679384257,0.0163907004791182,0.0,0.5621961707067555,-33.07500204304336,-0.16999795695663522,0.0,False
2026-09-30,0.0334294988280377,794.0,0.05,36.21,0.04,32.18,3611.0,13.0,251.0,6.0,0.045,34.195,False,760.4123069646857,0.9986967935243877,0.04322266590759383,True,-34.15,-36.17,-32.13,2.0199999999999996,-33.54392133624976,-0.6060786637502389,0.0,False,760.4447679384257,0.0163907004791182,0.0,0.5735245595015712,-34.085027225362566,-0.06497277463743245,0.0,False
2026-09-30,0.0334294988280377,795.0,0.05,37.19,0.04,33.2,5029.0,20.0,13.0,2.0,0.045,35.195,False,760.4123069646857,0.9986967935243877,0.044481319314790116,True,-35.15,-37.15,-33.150000000000006,1.9999999999999964,-34.54261812977415,-0.6073818702258507,0.0,False,760.4447679384257,0.0163907004791182,0.0,0.5831620775420063,-35.09336153692739,-0.05663846307260911,0.0,False
2026-09-30,0.0334294988280377,796.0,0.05,38.25,0.04,34.36,1099.0,1.0,2.0,1.0,0.045,36.305,False,760.4123069646857,0.9986967935243877,0.04573839050484114,True,-36.26,-38.21,-34.31,1.9499999999999993,-35.541314923298536,-0.7186850767014619,0.0,False,760.4447679384257,0.0163907004791182,0.0,0.5913661312878133,-36.100262384197585,-0.1597376158024133,0.0,False
2026-09-30,0.0334294988280377,797.0,0.05,39.2,0.04,35.18,988.0,0.0,2.0,0.0,0.045,37.19,False,760.4123069646857,0.9986967935243877,0.04699388345067328,True,-37.144999999999996,-39.160000000000004,-35.13,2.0150000000000006,-36.540011716822924,-0.6049882831770717,0.0,False,760.4447679384257,0.0163907004791182,0.0,0.5983603667473858,-37.105953413181545,-0.039046586818450635,0.0,False
2026-09-30,0.0334294988280377,798.0,0.05,40.2,0.04,36.18,1126.0,3.0,20.0,2.0,0.045,38.19,False,760.4123069646857,0.9986967935243877,0.048247802110266906,True,-38.144999999999996,-40.160000000000004,-36.13,2.0150000000000006,-37.53870851034731,-0.6062914896526834,0.0,False,760.4447679384257,0.0163907004791182,0.0,0.6043380780532104,-38.11062791801176,-0.034372081988237824,0.0,False
2026-09-30,0.0334294988280377,799.0,0.05,41.32,0.04,37.18,1369.0,2.0,1.0,0.0,0.045,39.25,False,760.4123069646857,0.9986967935243877,0.04950015042673292,True,-39.205,-41.28,-37.13,2.0749999999999993,-38.5374053038717,-0.6675946961282975,0.0,False,760.4447679384257,0.0163907004791182,0.0,0.6094654605880407,-39.11445209407098,-0.09054790592902151,0.0,False
2026-09-30,0.0334294988280377,800.0,0.04,42.09,0.03,38.25,61144.0,281.0,589.0,1.0,0.035,40.17,False,760.4123069646857,0.9986967935243877,0.05075093232838545,True,-40.135000000000005,-42.06,-38.21,1.9250000000000007,-39.53610209739608,-0.5988979026039232,0.0,False,760.4447679384257,0.0163907004791182,0.0,0.6138846770991222,-40.11756810410645,-0.017431895893558647,0.0,False
2026-09-30,0.0334294988280377,802.0,0.04,44.42,0.03,40.38,829.0,3.0,4.0,1.0,0.035,42.400000000000006,False,760.4123069646857,0.9986967935243877,0.053247812526972665,True,-42.36500000000001,-44.39,-40.34,2.0249999999999986,-41.53349568444486,-0.8315043155551507,0.0,False,760.4447679384257,0.0163907004791182,0.0,0.6210640268075309,-42.12214104086363,-0.24285895913637745,0.0,False
2026-09-30,0.0334294988280377,804.0,0.04,41.86,0.03,39.11,729.0,0.0,11.0,1.0,0.035,40.485,False,760.4123069646857,0.9986967935243877,0.055738473839424554,True,-40.45,-41.83,-39.07,1.379999999999999,-43.530889271493635,3.080889271493632,1.7008892714936366,True,760.4447679384257,0.0163907004791182,0.0,0.6266357999975014,-44.12510640110238,3.6751064011023757,2.2951064011023803,True
2026-09-30,0.0334294988280377,805.0,0.04,47.32,0.03,43.25,4638.0,2.0,26.0,1.0,0.035,45.285,False,760.4123069646857,0.9986967935243877,0.05698148207902146,True,-45.25,-47.29,-43.21,2.039999999999999,-44.52958606501802,-0.7204139349819769,0.0,False,760.4447679384257,0.0163907004791182,0.0,0.6289930149013188,-45.126160409530584,-0.12383959046941584,0.0,False
2026-09-30,0.0334294988280377,806.0,0.03,48.26,0.02,44.34,1236.0,3.0,1.0,1.0,0.025,46.3,False,760.4123069646857,0.9986967935243877,0.058222947167086495,True,-46.275,-48.239999999999995,-44.31,1.9649999999999963,-45.52828285854241,-0.7467171414575873,0.0,False,760.4447679384257,0.0163907004791182,0.0,0.631134707702067,-46.126998895855714,-0.14800110414428502,0.0,False
2026-09-30,0.0334294988280377,808.0,0.03,50.2,0.02,46.18,618.0,0.0,2.0,2.0,0.025,48.19,False,760.4123069646857,0.9986967935243877,0.0607012631815536,True,-48.165,-50.18,-46.15,2.0150000000000006,-47.52567644559119,-0.6393235544088114,0.0,False,760.4447679384257,0.0163907004791182,0.0,0.6349298596670039,-48.12818763486943,-0.03681236513057229,0.0,False
2026-09-30,0.0334294988280377,809.0,0.03,42.1,0.02,38.58,7567.0,0.0,15.0,0.0,0.025,40.34,False,760.4123069646857,0.9986967935243877,0.06193812171894981,True,-40.315000000000005,-42.08,-38.55,1.7650000000000006,-48.524373239115576,8.209373239115571,6.444373239115578,True,760.4447679384257,0.0163907004791182,0.0,0.6366452617557954,-49.12859983048261,8.813599830482602,7.048599830482608,True
2026-09-30,0.0334294988280377,810.0,0.03,52.2,0.02,48.18,11228.0,14.0,5.0,1.0,0.025,50.19,False,760.4123069646857,0.9986967935243877,0.06317345232694269,True,-50.165,-52.18,-48.15,2.0150000000000006,-49.523070032639964,-0.6419299673600349,0.0,False,760.4447679384257,0.0163907004791182,0.0,0.6382712181611083,-50.12892258041231,-0.036077419587691395,0.0,False
2026-09-30,0.0334294988280377,812.0,0.03,54.25,0.02,50.18,790.0,1.0,4.0,0.0,0.025,52.215,False,760.4123069646857,0.9986967935243877,0.0656395448221362,True,-52.190000000000005,-54.23,-50.15,2.039999999999999,-51.52046361968874,-0.6695363803112642,0.0,False,760.4447679384257,0.0163907004791182,0.0,0.641324896230536,-52.12936984553051,-0.060630154469492936,0.0,False
2026-09-30,0.0334294988280377,815.0,0.02,57.21,0.01,53.18,3991.0,1.0,4.0,2.0,0.015,55.195,False,760.4123069646857,0.9986967935243877,0.06932731790132088,True,-55.18,-57.2,-53.16,2.020000000000003,-54.5165540002619,-0.6634459997381015,0.0,False,760.4447679384257,0.0163907004791182,0.0,0.6455920013721439,-55.129727331245284,-0.050272668754715255,0.0,False
2026-09-30,0.0334294988280377,820.0,0.02,62.09,0.01,58.21,2919.0,0.0,103.0,1.0,0.015,60.150000000000006,False,760.4123069646857,0.9986967935243877,0.0754435449187569,True,-60.135000000000005,-62.080000000000005,-58.19,1.9450000000000038,-59.51003796788384,-0.6249620321161657,0.0,False,760.4447679384257,0.0163907004791182,0.0,0.6523207176512713,-60.129940015146346,-0.005059984853659216,0.0,False
2026-09-30,0.0334294988280377,823.0,0.02,65.25,0.01,61.18,220.0,0.0,200.0,0.0,0.015,63.215,False,760.4123069646857,0.9986967935243877,0.07909540533752804,True,-63.2,-65.24,-61.16,2.039999999999999,-62.506128348457004,-0.6938716515429988,0.0,False,760.4447679384257,0.0163907004791182,0.0,0.6562692624949591,-63.1299789405632,-0.07002105943680448,0.0,False
2026-09-30,0.0334294988280377,825.0,0.02,67.26,0.01,63.34,42249.0,4.0,213.0,1.0,0.015,65.30000000000001,False,760.4123069646857,0.9986967935243877,0.08152259099513924,True,-65.28500000000001,-67.25,-63.32,1.9649999999999999,-64.50352193550577,-0.7814780644942374,0.0,False,760.4447679384257,0.0163907004791182,0.0,0.6588877918457428,-65.12999105696275,-0.15500894303725943,0.0,False
2026-09-30,0.0334294988280377,828.0,0.02,70.1,0.01,66.24,1560.0,4.0,101.0,0.0,0.015,68.16999999999999,False,760.4123069646857,0.9986967935243877,0.08515235904571786,True,-68.15499999999999,-70.08999999999999,-66.22,1.9349999999999952,-67.49961231607894,-0.6553876839210488,0.0,False,760.4447679384257,0.0163907004791182,0.0,0.6628060032431051,-68.12999964893328,-0.025000351066708504,0.0,False
2026-10-09,0.0580870330746131,500.0,262.95,0.04,258.86,0.03,0.0,157.0,0.0,26.0,260.905,0.035,False,761.4241699677747,0.9977366393929679,-0.42058248913555085,False,260.86999999999995,258.82,262.92,2.0500000000000114,260.8324727997435,0.0375272002564202,0.0,False,761.5625227294213,0.0007060406332730987,0.0,1.3836498129375999e-05,260.97049858270145,-0.1004985827015048,0.0,False
2026-10-09,0.0580870330746131,520.0,243.0,0.05,239.07,0.04,0.0,40.0,0.0,16.0,241.035,0.045,False,761.4241699677747,0.9977366393929679,-0.3813617759822695,False,240.99,239.01999999999998,242.96,1.970000000000013,240.87774001188419,0.11225998811582372,0.0,False,761.5625227294213,0.0007060406332730987,0.0,4.419201139104628e-05,241.01573543932884,-0.025735439328826715,0.0,False
2026-10-09,0.0580870330746131,550.0,213.12,0.08,209.16,0.07,0.0,33.0,2.0,1.0,211.14,0.07500000000000001,True,761.4241699677747,0.9977366393929679,-0.325272309331226,False,211.065,209.07999999999998,213.05,1.9850000000000136,210.94564083009516,0.11935916990483975,0.0,False,761.5625227294213,0.0007060406332730987,0.0,0.00011175723357875755,211.08356869231758,-0.01856869231758651,0.0,False
2026-10-09,0.0580870330746131,555.0,208.14,0.08,204.17,0.07,0.0,322.0,1.0,1.0,206.15499999999997,0.07500000000000001,True,761.4241699677747,0.9977366393929679,-0.31622247381130797,False,206.07999999999998,204.08999999999997,208.07,1.990000000000009,205.95695763313032,0.12304236686966874,0.0,False,761.5625227294213,0.0007060406332730987,0.0,0.00011484637582984125,206.0948824062105,-0.014882406210517729,0.0,False
2026-10-09,0.0580870330746131,560.0,202.9,0.09,199.12,0.08,0.0,506.0,0.0,54.0,201.01,0.08499999999999999,False,761.4241699677747,0.9977366393929679,-0.30725380382854756,False,200.92499999999998,199.03,202.82,1.894999999999996,200.96827443616547,-0.04327443616548976,0.0,False,761.5625227294213,0.0007060406332730987,0.0,0.00013251686433410348,201.10618153875717,-0.1811815387571869,0.0,False
2026-10-09,0.0580870330746131,565.0,198.17,0.1,194.15,0.09,0.0,54.0,0.0,10.0,196.16,0.095,False,761.4241699677747,0.9977366393929679,-0.29836485641130156,False,196.065,194.05,198.07999999999998,2.0149999999999864,195.97959123920063,0.08540876079936766,0.0,False,761.5625227294213,0.0007060406332730987,0.0,0.00015101670231264241,196.11747984195435,-0.052479841954351514,0.0,False
2026-10-09,0.0580870330746131,575.0,188.22,0.11,184.23,0.1,2.0,17.0,2.0,2.0,186.225,0.10500000000000001,True,761.4241699677747,0.9977366393929679,-0.28082054676039214,False,186.12,184.11999999999998,188.12,2.000000000000014,186.00222484527094,0.11777515472905975,0.0,False,761.5625227294213,0.0007060406332730987,0.0,0.00017574472817447062,186.1400887199988,-0.020088719998796023,0.0,False
2026-10-09,0.0580870330746131,580.0,183.25,0.12,179.19,0.11,0.0,252.0,2.0,26.0,181.22,0.11499999999999999,True,761.4241699677747,0.9977366393929679,-0.27216248401727744,False,181.105,179.07,183.14,2.0349999999999966,181.0135416483061,0.09145835169388761,0.0,False,761.5625227294213,0.0007060406332730987,0.0,0.00019700711112209668,181.151384260651,-0.04638426065102408,0.0,False
2026-10-09,0.0580870330746131,585.0,178.25,0.13,174.24,0.12,0.0,4.0,2.0,2.0,176.245,0.125,True,761.4241699677747,0.9977366393929679,-0.263578740325886,False,176.12,174.11,178.13,2.009999999999991,176.02485845134126,0.09514154865874502,0.0,False,761.5625227294213,0.0007060406332730987,0.0,0.0002194998002725268,176.16267857099703,-0.0426785709970261,0.0,False
2026-10-09,0.0580870330746131,590.0,173.02,0.14,169.24,0.13,0.0,157.0,2.0,100.0,171.13,0.135,True,761.4241699677747,0.9977366393929679,-0.2550680506579774,False,170.995,169.10000000000002,172.89000000000001,1.894999999999996,171.03617525437642,-0.04117525437641234,0.0,False,761.5625227294213,0.0007060406332730987,0.0,0.00024325450828860395,171.17397161932416,-0.17897161932415884,0.0,False
2026-10-09,0.0580870330746131,595.0,168.28,0.15,164.32,0.14,289.0,13.0,74.0,1.0,166.3,0.14500000000000002,True,761.4241699677747,0.9977366393929679,-0.24662918201211279,False,166.155,164.17,168.14000000000001,1.9850000000000136,166.0474920574116,0.10750794258839846,0.0,False,761.5625227294213,0.0007060406332730987,0.0,0.00026842321185835405,166.18526325365576,-0.03026325365576099,0.0,False
2026-10-09,0.0580870330746131,600.0,163.33,0.16,159.34,0.15,46.0,189.0,2.0,32.0,161.335,0.155,True,761.4241699677747,0.9977366393929679,-0.2382609323415962,False,161.18,159.18,163.18,2.0,161.05880886044676,0.12119113955324678,0.0,False,761.5625227294213,0.0007060406332730987,0.0,0.00029521408229393753,161.19655326582048,-0.01655326582047678,0.0,False
2026-10-09,0.0580870330746131,605.0,157.98,0.17,154.29,0.16,373.0,285.0,100.0,214.0,156.135,0.165,True,761.4241699677747,0.9977366393929679,-0.229962129526901,False,155.97,154.12,157.82,1.8499999999999943,156.07012566348192,-0.10012566348191854,0.0,False,761.5625227294213,0.0007060406332730987,0.0,0.0003236188894951142,156.20784166404846,-0.2378416640484602,0.0,False
2026-10-09,0.0580870330746131,610.0,153.28,0.18,149.41,0.17,23.0,261.0,27.0,2.0,151.345,0.175,True,761.4241699677747,0.9977366393929679,-0.22173163039038557,False,151.17,149.23,153.11,1.940000000000012,151.08144246651707,0.08855753348291273,0.0,False,761.5625227294213,0.0007060406332730987,0.0,0.00035382262721489477,151.2191282633459,-0.049128263345920686,0.0,False
2026-10-09,0.0580870330746131,615.0,148.24,0.19,144.37,0.18,253.0,218.0,1.0,190.0,146.305,0.185,True,761.4241699677747,0.9977366393929679,-0.21356831975122467,False,146.12,144.18,148.06,1.9399999999999977,146.09275926955223,0.02724073044777242,0.0,False,761.5625227294213,0.0007060406332730987,0.0,0.00038603761101929646,146.23041285139726,-0.11041285139725687,0.0,False
2026-10-09,0.0580870330746131,620.0,143.16,0.21,139.39,0.2,6.0,233.0,4.0,25.0,141.27499999999998,0.20500000000000002,True,761.4241699677747,0.9977366393929679,-0.2054711095186053,False,141.06999999999996,139.17999999999998,142.96,1.8900000000000148,141.1040760725874,-0.03407607258742473,0.0,False,761.5625227294213,0.0007060406332730987,0.0,0.0004400659615391711,141.2416756260819,-0.1716756260819352,0.0,False
2026-10-09,0.0580870330746131,630.0,133.19,0.24,129.52,0.23,5.0,649.0,1.0,1.0,131.35500000000002,0.235,True,761.4241699677747,0.9977366393929679,-0.1894707681721641,False,131.12,129.28,132.96,1.8400000000000034,131.1267096786577,-0.006709678657699669,0.0,False,761.5625227294213,0.0007060406332730987,0.0,0.0005395357603378836,131.2642097623534,-0.14420976235339822,0.0,False
2026-10-09,0.0580870330746131,635.0,128.24,0.26,124.33,0.25,32.0,229.0,11.0,2.0,126.285,0.255,True,761.4241699677747,0.9977366393929679,-0.18156558866505085,False,126.03,124.07,127.99000000000001,1.960000000000008,126.13802648169288,-0.10802648169287465,0.0,False,761.5625227294213,0.0007060406332730987,0.0,0.0006057925964660371,126.27546030855245,-0.2454603085524525,0.0,False
2026-10-09,0.0580870330746131,640.0,123.18,0.28,119.44,0.27,47.0,305.0,2.0,4.0,121.31,0.275,True,761.4241699677747,0.9977366393929679,-0.17372241120402498,False,121.035,119.16,122.91000000000001,1.875000000000007,121.14934328472803,-0.11434328472803656,0.0,False,761.5625227294213,0.0007060406332730987,0.0,0.0006778238647452417,121.28670508031932,-0.2517050803193257,0.0,False
2026-10-09,0.0580870330746131,650.0,113.59,0.32,109.63,0.31,294.0,635.0,1.0,95.0,111.61,0.315,True,761.4241699677747,0.9977366393929679,-0.1582182246680598,False,111.295,109.31,113.28,1.9849999999999994,111.17197689079836,0.12302310920163961,0.0,False,761.5625227294213,0.0007060406332730987,0.0,0.0008410401995084249,111.30917547005488,-0.01417547005488018,0.0,False
2026-10-09,0.0580870330746131,655.0,108.3,0.34,104.51,0.33,2.0,193.0,4.0,11.0,106.405,0.335,True,761.4241699677747,0.9977366393929679,-0.15055535192249056,False,106.07000000000001,104.17,107.97,1.8999999999999986,106.18329369383352,-0.11329369383351207,0.0,False,761.5625227294213,0.0007060406332730987,0.0,0.0009341891641886924,106.32039912412537,-0.2503991241253658,0.0,False
2026-10-09,0.0580870330746131,660.0,103.48,0.37,99.57,0.36,64.0,410.0,10.0,10.0,101.525,0.365,True,761.4241699677747,0.9977366393929679,-0.14295075253727127,False,101.16000000000001,99.19999999999999,103.12,1.960000000000008,101.19461049686868,-0.03461049686866602,0.0,False,761.5625227294213,0.0007060406332730987,0.0,0.001061947202080915,101.33158816912264,-0.17158816912262864,0.0,False
2026-10-09,0.0580870330746131,665.0,98.63,0.4,94.8,0.39,5.0,600.0,1.0,9.0,96.715,0.395,True,761.4241699677747,0.9977366393929679,-0.13540354690188838,False,96.32000000000001,94.39999999999999,98.24,1.9200000000000017,96.20592729990383,0.11407270009617321,0.0,False,761.5625227294213,0.0007060406332730987,0.0,0.0012023880691505728,96.34276453129073,-0.022764531290718537,0.0,False
2026-10-09,0.0580870330746131,670.0,93.72,0.45,89.75,0.44,27.0,2916.0,4.0,12.0,91.735,0.445,True,761.4241699677747,0.9977366393929679,-0.1279128751727308,False,91.29,89.3,93.28,1.990000000000002,91.217244102939,0.0727558970610005,0.0,False,761.5625227294213,0.0007060406332730987,0.0,0.0014135533609410111,91.35387016903408,-0.06387016903407527,0.0,False
2026-10-09,0.0580870330746131,675.0,88.83,0.49,84.86,0.48,102.0,1337.0,200.0,8.0,86.845,0.485,True,761.4241699677747,0.9977366393929679,-0.12047789668521264,False,86.36,84.37,88.35,1.9899999999999949,86.22856090597416,0.1314390940258363,0.0,False,761.5625227294213,0.0007060406332730987,0.0,0.0016194492316621845,86.36498107619852,-0.004981076198518508,0.0,False
2026-10-09,0.0580870330746131,680.0,83.84,0.53,79.86,0.52,1262.0,1075.0,4.0,31.0,81.85,0.525,True,761.4241699677747,0.9977366393929679,-0.1130977893875901,False,81.32499999999999,79.33,83.32000000000001,1.9950000000000045,81.23987770900932,0.08512229099066815,0.0,False,761.5625227294213,0.0007060406332730987,0.0,0.001850410391955437,81.3760669180734,-0.0510669180734169,0.0,False
2026-10-09,0.0580870330746131,685.0,78.73,0.59,74.93,0.57,10.0,260.0,6.0,27.0,76.83000000000001,0.58,True,761.4241699677747,0.9977366393929679,-0.10577174929551722,True,76.25000000000001,74.34,78.16000000000001,1.9100000000000037,76.25119451204448,-0.001194512044463636,0.0,False,761.5625227294213,0.0007060406332730987,0.0,0.002158697916964436,76.38707543358355,-0.1370754335835329,0.0,False
2026-10-09,0.0580870330746131,690.0,73.85,0.65,70.0,0.64,16.0,2811.0,1.0,22.0,71.925,0.645,True,761.4241699677747,0.9977366393929679,-0.09849898996643747,True,71.28,69.35,73.21,1.9299999999999997,71.26251131507965,0.017488684920351716,0.0,False,761.5625227294213,0.0007060406332730987,0.0,0.0025421491009278707,71.39800878543474,-0.11800878543473914,0.0,False
2026-10-09,0.0580870330746131,695.0,68.76,0.73,64.92,0.72,1113.0,2443.0,10.0,104.0,66.84,0.725,True,761.4241699677747,0.9977366393929679,-0.09127874199295043,True,66.11500000000001,64.19,68.04,1.9250000000000043,66.2738281181148,-0.1588281181147977,0.0,False,761.5625227294213,0.0007060406332730987,0.0,0.0030345612184223825,66.4088331763524,-0.29383317635239337,0.0,False
2026-10-09,0.0580870330746131,700.0,63.7,0.82,60.43,0.81,457.0,2534.0,109.0,1068.0,62.065,0.815,True,761.4241699677747,0.9977366393929679,-0.08411025251433779,True,61.25,59.61,62.89,1.6400000000000006,61.285144921149964,-0.03514492114996415,0.0,False,761.5625227294213,0.0007060406332730987,0.0,0.0036430853772893013,61.4195414552287,-0.16954145522870334,0.0,False
2026-10-09,0.0580870330746131,705.0,59.04,0.94,55.48,0.92,77.0,2353.0,3.0,60.0,57.26,0.9299999999999999,True,761.4241699677747,0.9977366393929679,-0.07699278474547383,True,56.33,54.54,58.12,1.7899999999999991,56.29646172418513,0.03353827581486968,0.0,False,761.5625227294213,0.0007060406332730987,0.0,0.004447791200329454,56.43005355244083,-0.10005355244083347,0.0,False
2026-10-09,0.0580870330746131,710.0,54.14,1.08,50.68,1.07,24.0,3202.0,27.0,277.0,52.41,1.0750000000000002,True,761.4241699677747,0.9977366393929679,-0.06992561752238141,True,51.334999999999994,49.6,53.07,1.7349999999999994,51.307778527220286,0.027221472779707767,0.0,False,761.5625227294213,0.0007060406332730987,0.0,0.0055163263647064475,51.44030182031161,-0.10530182031161672,0.0,False
2026-10-09,0.0580870330746131,715.0,49.23,1.26,46.16,1.25,17.0,1913.0,13.0,55.0,47.69499999999999,1.255,True,761.4241699677747,0.9977366393929679,-0.06290804486373489,True,46.43999999999999,44.9,47.98,1.5399999999999991,46.31909533025545,0.12090466974454017,0.0,False,761.5625227294213,0.0007060406332730987,0.0,0.006945505772015803,46.450189443939465,-0.010189443939474074,0.0,False
2026-10-09,0.0580870330746131,720.0,44.63,1.49,41.27,1.47,27.0,1652.0,13.0,51.0,42.95,1.48,True,761.4241699677747,0.9977366393929679,-0.055939375547641564,True,41.470000000000006,39.78,43.160000000000004,1.6900000000000013,41.33041213329061,0.13958786670939816,0.0,False,761.5625227294213,0.0007060406332730987,0.0,0.008891709164504213,41.45956004358214,0.010439956417869212,0.0,False
2026-10-09,0.0580870330746131,721.0,43.74,1.55,40.14,1.54,10.0,930.0,3.0,90.0,41.94,1.545,True,761.4241699677747,0.9977366393929679,-0.05455145027279339,True,40.394999999999996,38.59,42.2,1.8049999999999997,40.33267549389764,0.062324506102356736,0.0,False,761.5625227294213,0.0007060406332730987,0.0,0.00942304321942844,40.46129207013424,-0.06629207013424576,0.0,False
2026-10-09,0.0580870330746131,723.0,41.74,1.66,38.68,1.64,11.0,401.0,4.0,2.0,40.21,1.65,True,761.4241699677747,0.9977366393929679,-0.05178136539897784,True,38.56,37.02,40.1,1.5399999999999991,38.3372022151117,0.22279778488830004,0.0,False,761.5625227294213,0.0007060406332730987,0.0,0.010429935878267571,38.46481189868946,0.09518810131054067,0.0,False
2026-10-09,0.0580870330746131,724.0,39.45,1.73,39.17,1.71,8.0,408.0,1.0,19.0,39.31,1.72,True,761.4241699677747,0.9977366393929679,-0.05039919517202619,True,37.59,37.440000000000005,37.74,0.14999999999999858,37.33946557571874,0.2505344242812626,0.10053442428126402,True,761.5625227294213,0.0007060406332730987,0.0,0.011052372523997267,37.466452822650766,0.12354717734923781,0.0,False
2026-10-09,0.0580870330746131,725.0,39.99,1.78,38.16,1.77,221.0,1512.0,2.0,104.0,39.075,1.775,True,761.4241699677747,0.9977366393929679,-0.04901893270306769,True,37.300000000000004,36.379999999999995,38.22,0.9200000000000017,36.34172893632577,0.958271063674232,0.03827106367422317,True,761.5625227294213,0.0007060406332730987,0.0,0.01162582137680257,36.468142734405,0.831857265595005,0.0,False
2026-10-09,0.0580870330746131,726.0,39.06,1.85,37.24,1.84,42.0,753.0,32.0,8.0,38.150000000000006,1.8450000000000002,True,761.4241699677747,0.9977366393929679,-0.047640572732946404,True,36.30500000000001,35.39,37.22,0.9149999999999991,35.343992296932804,0.9610077030672031,0.046007703067196815,True,761.5625227294213,0.0007060406332730987,0.0,0.012300074743823775,35.46973184164501,0.8352681583549995,0.0,False
2026-10-09,0.0580870330746131,727.0,37.67,1.92,34.56,1.91,40.0,631.0,6.0,36.0,36.115,1.915,True,761.4241699677747,0.9977366393929679,-0.046264110024223155,True,34.2,32.64,35.760000000000005,1.5600000000000023,34.346255657539835,-0.14625565753983238,0.0,False,761.5625227294213,0.0007060406332730987,0.0,0.013002973107964388,34.4712923038879,-0.27129230388789694,0.0,False
2026-10-09,0.0580870330746131,728.0,37.18,1.99,35.48,1.97,498.0,593.0,90.0,89.0,36.33,1.98,True,761.4241699677747,0.9977366393929679,-0.04488953936105658,True,34.35,33.489999999999995,35.21,0.860000000000003,33.34851901814687,1.0014809818531347,0.14148098185312818,True,761.5625227294213,0.0007060406332730987,0.0,0.013714575998303946,33.47284406160459,0.8771559383954113,0.017155938395404746,True
2026-10-09,0.0580870330746131,729.0,36.29,2.06,34.51,2.04,91.0,861.0,2.0,11.0,35.4,2.05,True,761.4241699677747,0.9977366393929679,-0.04351685554908431,True,33.35,32.449999999999996,34.25,0.9000000000000021,32.3507823787539,0.9992176212461032,0.09921762124609756,True,761.5625227294213,0.0007060406332730987,0.0,0.014484984211890595,32.47433701399804,0.8756629860019629,0.0,False
2026-10-09,0.0580870330746131,730.0,35.32,2.15,33.51,2.13,339.0,1552.0,2.0,490.0,34.415,2.1399999999999997,True,761.4241699677747,0.9977366393929679,-0.04214605341530568,True,32.275,31.36,33.19,0.9149999999999991,31.35304573936093,0.9219542606390689,0.006954260639069787,True,761.5625227294213,0.0007060406332730987,0.0,0.015395639772734615,31.475689719044226,0.7993102809557726,0.0,False
2026-10-09,0.0580870330746131,731.0,32.97,2.23,32.71,2.21,3.0,490.0,2.0,10.0,32.84,2.2199999999999998,True,761.4241699677747,0.9977366393929679,-0.04077712780796402,True,30.620000000000005,30.48,30.759999999999998,0.1399999999999988,30.35530909996796,0.26469090003204343,0.12469090003203931,True,761.5625227294213,0.0007060406332730987,0.0,0.016295719306643086,30.477053000117348,0.1429469998826569,0.00294699988265279,True
2026-10-09,0.0580870330746131,732.0,33.52,2.32,31.8,2.31,33.0,418.0,32.0,56.0,32.660000000000004,2.315,True,761.4241699677747,0.9977366393929679,-0.03941007359643099,True,30.345000000000002,29.48,31.210000000000004,0.865000000000002,29.357572460574996,0.9874275394250063,0.12242753942500428,True,761.5625227294213,0.0007060406332730987,0.0,0.017323387356868114,29.478288692674155,0.866711307325847,0.0017113073258450129,True
2026-10-09,0.0580870330746131,733.0,31.15,2.4,30.93,2.38,35.0,325.0,28.0,39.0,31.04,2.3899999999999997,True,761.4241699677747,0.9977366393929679,-0.038044885671091086,True,28.65,28.53,28.77,0.11999999999999922,28.359835821182028,0.29016417881797096,0.17016417881797352,True,761.5625227294213,0.0007060406332730987,0.0,0.01829499027602033,28.479580450362036,0.17041954963796258,0.05041954963796513,True
2026-10-09,0.0580870330746131,734.0,31.74,2.52,30.02,2.5,163.0,239.0,1.0,21.0,30.88,2.51,True,761.4241699677747,0.9977366393929679,-0.03668155894322691,True,28.369999999999997,27.5,29.24,0.8699999999999992,27.36209918178906,1.0079008182109384,0.1379008182109409,True,761.5625227294213,0.0007060406332730987,0.0,0.0195578887924186,27.48058091245267,0.8894190875473278,0.01941908754733035,True
2026-10-09,0.0580870330746131,735.0,30.46,2.63,29.14,2.61,1163.0,11109.0,19.0,3693.0,29.8,2.62,True,761.4241699677747,0.9977366393929679,-0.03532008834490584,True,27.18,26.51,27.85,0.6699999999999999,26.36436254239609,0.8156374576039092,0.145637457603911,True,761.5625227294213,0.0007060406332730987,0.0,0.020831684486287916,26.481570477365832,0.6984295226341679,0.028429522634169757,True
2026-10-09,0.0580870330746131,736.0,29.97,2.74,28.14,2.72,285.0,610.0,5.0,18.0,29.055,2.7300000000000004,True,761.4241699677747,0.9977366393929679,-0.0339604688288663,True,26.325,25.4,27.25,0.9250000000000007,25.366625903003122,0.9583740969968773,0.033374096996876546,True,761.5625227294213,0.0007060406332730987,0.0,0.022180187460301592,25.482485334998852,0.842514665001147,0.0,False
2026-10-09,0.0580870330746131,737.0,29.08,2.85,27.27,2.83,13.0,498.0,10.0,16.0,28.174999999999997,2.84,True,761.4241699677747,0.9977366393929679,-0.032602695368405966,True,25.334999999999997,24.419999999999998,26.25,0.9150000000000009,24.368889263610154,0.9661107363898438,0.051110736389844647,True,761.5625227294213,0.0007060406332730987,0.0,0.02360130460621912,24.483327578459964,0.8516724215400338,0.0,False
2026-10-09,0.0580870330746131,738.0,26.58,2.96,26.35,2.94,45.0,433.0,10.0,50.0,26.465,2.95,True,761.4241699677747,0.9977366393929679,-0.03124676295726999,True,23.515,23.39,23.639999999999997,0.12499999999999822,23.37115262421719,0.14384737578281204,0.018847375782812037,True,761.5625227294213,0.0007060406332730987,0.0,0.025101869157690526,23.484090374515528,0.030909625484472514,0.0,False
2026-10-09,0.0580870330746131,739.0,25.76,3.1,25.55,3.08,117.0,1028.0,2.0,11.0,25.655,3.09,True,761.4241699677747,0.9977366393929679,-0.02989266660954074,True,22.565,22.45,22.68,0.11500000000000021,22.37341598482422,0.19158401517578127,0.07658401517577929,True,761.5625227294213,0.0007060406332730987,0.0,0.026850370156240366,22.48460523412401,0.08039476587599026,0.0,False
2026-10-09,0.0580870330746131,740.0,24.88,3.23,24.67,3.21,1020.0,1982.0,1.0,181.0,24.775,3.2199999999999998,True,761.4241699677747,0.9977366393929679,-0.028540401359527102,True,21.555,21.44,21.669999999999998,0.11499999999999844,21.37567934543125,0.17932065456874824,0.0643206545687498,True,761.5625227294213,0.0007060406332730987,0.0,0.028648334974676004,21.485070629912606,0.06992937008739375,0.0,False
2026-10-09,0.0580870330746131,741.0,24.02,3.37,23.81,3.35,90.0,343.0,4.0,11.0,23.915,3.3600000000000003,True,761.4241699677747,0.9977366393929679,-0.027189962261655678,True,20.555,20.439999999999998,20.669999999999998,0.11500000000000021,20.377942706038283,0.17705729396171677,0.06205729396171478,True,761.5625227294213,0.0007060406332730987,0.0,0.03060581091999781,20.485376514574316,0.06962348542568364,0.0,False
2026-10-09,0.0580870330746131,742.0,23.16,3.52,22.96,3.49,68.0,808.0,2.0,14.0,23.060000000000002,3.505,True,761.4241699677747,0.9977366393929679,-0.02584134439036203,True,19.555000000000003,19.44,19.67,0.11500000000000021,19.380206066645314,0.17479393335468885,0.05979393335468686,True,761.5625227294213,0.0007060406332730987,0.0,0.03271056071115641,19.48553512539019,0.06946487460981388,0.0,False
2026-10-09,0.0580870330746131,743.0,22.32,3.68,22.11,3.66,24.0,231.0,21.0,20.0,22.215,3.67,True,761.4241699677747,0.9977366393929679,-0.02449454283998334,True,18.545,18.43,18.66,0.11500000000000021,18.38246942725235,0.16253057274765226,0.04753057274765027,True,761.5625227294213,0.0007060406332730987,0.0,0.035048941640371645,18.485460105068007,0.0595398949319943,0.0,False
2026-10-09,0.0580870330746131,744.0,21.49,3.84,21.3,3.82,70.0,287.0,45.0,27.0,21.395,3.83,True,761.4241699677747,0.9977366393929679,-0.02314955272465067,True,17.564999999999998,17.46,17.669999999999998,0.10499999999999865,17.38473278785938,0.1802672121406168,0.07526721214061993,True,761.5625227294213,0.0007060406332730987,0.0,0.03751082519118798,17.485261582124224,0.07973841787577385,0.0,False
2026-10-09,0.0580870330746131,745.0,20.61,4.03,20.41,3.99,1479.0,1437.0,1.0,57.0,20.509999999999998,4.01,True,761.4241699677747,0.9977366393929679,-0.021806369178183047,True,16.5,16.38,16.619999999999997,0.11999999999999922,16.386996148466412,0.11300385153358761,0.0,False,761.5625227294213,0.0007060406332730987,0.0,0.04024530139148785,16.484790466530956,0.015209533469043635,0.0,False
2026-10-09,0.0580870330746131,746.0,19.84,4.22,19.64,4.17,30.0,564.0,2.0,5.0,19.740000000000002,4.195,True,761.4241699677747,0.9977366393929679,-0.020464987353981626,True,15.545000000000002,15.420000000000002,15.67,0.12499999999999911,15.389259509073444,0.15574049092655784,0.03074049092655784,True,761.5625227294213,0.0007060406332730987,0.0,0.04317897352649158,15.484120155002984,0.06087984499701804,0.0,False
2026-10-09,0.0580870330746131,747.0,19.07,4.4,18.87,4.36,308.0,888.0,20.0,71.0,18.97,4.380000000000001,True,761.4241699677747,0.9977366393929679,-0.019125402424925195,True,14.589999999999998,14.47,14.71,0.1200000000000001,14.391522869680477,0.19847713031952097,0.07847713031952352,True,761.5625227294213,0.0007060406332730987,0.0,0.04631816960418078,14.483244319532327,0.10675568046767125,0.0,False
2026-10-09,0.0580870330746131,748.0,18.23,4.61,18.06,4.56,265.0,465.0,5.0,77.0,18.145,4.585,True,761.4241699677747,0.9977366393929679,-0.017787609583265286,True,13.559999999999999,13.45,13.670000000000002,0.11000000000000121,13.393786230287509,0.16621376971249013,0.0562137697124907,True,761.5625227294213,0.0007060406332730987,0.0,0.049770751528816604,13.482055098214722,0.07794490178527624,0.0,False
2026-10-09,0.0580870330746131,749.0,17.42,4.81,17.25,4.78,77.0,2826.0,2.0,8.0,17.335,4.795,True,761.4241699677747,0.9977366393929679,-0.01645160404052308,True,12.540000000000001,12.440000000000001,12.64,0.09999999999999964,12.39604959089454,0.14395040910546086,0.04395040910546122,True,761.5625227294213,0.0007060406332730987,0.0,0.053512023490186245,12.480577186860383,0.0594228131396175,0.0,False
2026-10-09,0.0580870330746131,750.0,16.6,5.04,16.47,5.01,655.0,5073.0,14.0,101.0,16.535,5.025,True,761.4241699677747,0.9977366393929679,-0.015117381027386348,True,11.51,11.43,11.590000000000002,0.08000000000000096,11.398312951501573,0.11168704849842648,0.03168704849842641,True,761.5625227294213,0.0007060406332730987,0.0,0.057624136317138586,11.478728434640466,0.03127156535953368,0.0,False
2026-10-09,0.0580870330746131,751.0,15.87,5.25,15.73,5.22,36.0,540.0,2.0,47.0,15.8,5.234999999999999,True,761.4241699677747,0.9977366393929679,-0.013784935793607756,True,10.565000000000001,10.48,10.649999999999999,0.08499999999999908,10.400576312108605,0.1644236878913965,0.07942368789139564,True,761.5625227294213,0.0007060406332730987,0.0,0.06196959356650922,10.476646337998126,0.08835366200187522,0.003353662001874369,True
2026-10-09,0.0580870330746131,752.0,15.12,5.53,14.96,5.48,248.0,2015.0,254.0,244.0,15.04,5.505000000000001,True,761.4241699677747,0.9977366393929679,-0.012454263607902702,True,9.534999999999998,9.43,9.639999999999999,0.10499999999999954,9.402839672715638,0.13216032728436033,0.027160327284361685,True,761.5625227294213,0.0007060406332730987,0.0,0.06689973379657133,9.473979558375095,0.061020441624902944,0.0,False
2026-10-09,0.0580870330746131,753.0,14.36,5.77,14.22,5.73,54.0,20136.0,12.0,3084.0,14.29,5.75,True,761.4241699677747,0.9977366393929679,-0.011125359757848976,True,8.54,8.450000000000001,8.629999999999999,0.08999999999999897,8.40510303332267,0.13489696667732964,0.04489696667733156,True,761.5625227294213,0.0007060406332730987,0.0,0.07213815392741818,8.471004498851283,0.06899550114871644,0.0,False
2026-10-09,0.0580870330746131,754.0,13.65,6.07,13.51,6.02,90.0,1046.0,10.0,437.0,13.58,6.045,True,761.4241699677747,0.9977366393929679,-0.009798219549786396,True,7.535,7.4399999999999995,7.630000000000001,0.09500000000000064,7.407366393929702,0.12763360607029828,0.03263360607029764,True,761.5625227294213,0.0007060406332730987,0.0,0.07799009455172357,7.467415918834008,0.06758408116599224,0.0,False
2026-10-09,0.0580870330746131,755.0,12.9,6.37,12.79,6.34,503.0,1624.0,4.0,659.0,12.844999999999999,6.355,True,761.4241699677747,0.9977366393929679,-0.00847283830871779,True,6.489999999999998,6.419999999999999,6.5600000000000005,0.07000000000000073,6.409629754536733,0.0803702454632651,0.010370245463265704,True,761.5625227294213,0.0007060406332730987,0.0,0.08434323379358766,6.463326140199176,0.026673859800822264,0.0,False
2026-10-09,0.0580870330746131,756.0,12.2,6.67,12.06,6.63,378.0,548.0,4.0,91.0,12.129999999999999,6.65,True,761.4241699677747,0.9977366393929679,-0.0071492113782095235,True,5.479999999999999,5.390000000000001,5.569999999999999,0.08999999999999941,5.411893115143766,0.06810688485623295,0.0,False,761.5625227294213,0.0007060406332730987,0.0,0.09122108249008942,5.458711652109707,0.02128834789029188,0.0,False
2026-10-09,0.0580870330746131,757.0,11.56,7.03,11.45,6.98,432.0,734.0,622.0,356.0,11.504999999999999,7.005000000000001,True,761.4241699677747,0.9977366393929679,-0.005827334120293772,True,4.499999999999998,4.419999999999999,4.58,0.08000000000000052,4.414156475750798,0.08584352424920016,0.005843524249200982,True,761.5625227294213,0.0007060406332730987,0.0,0.09877480648783887,4.45342128871899,0.046578711281008545,0.0,False
2026-10-09,0.0580870330746131,758.0,10.87,7.34,10.75,7.31,1341.0,747.0,19.0,287.0,10.809999999999999,7.324999999999999,True,761.4241699677747,0.9977366393929679,-0.0045072019153709186,True,3.4849999999999994,3.41,3.5599999999999996,0.07499999999999973,3.41641983635783,0.06858016364216946,0.0,False,761.5625227294213,0.0007060406332730987,0.0,0.10701008991745198,3.4474493658964085,0.03755063410359094,0.0,False
2026-10-09,0.0580870330746131,759.0,10.22,7.75,10.13,7.69,823.0,722.0,141.0,68.0,10.175,7.720000000000001,True,761.4241699677747,0.9977366393929679,-0.003188810162112565,True,2.455,2.380000000000001,2.5300000000000002,0.07499999999999973,2.4186831969648623,0.036316803035137735,0.0,False,761.5625227294213,0.0007060406332730987,0.0,0.11597558071825986,2.4407472357026325,0.014252764297367548,0.0,False
2026-10-09,0.0580870330746131,760.0,9.56,8.12,9.52,8.07,1375.0,1719.0,139.0,488.0,9.54,8.094999999999999,True,761.4241699677747,0.9977366393929679,-0.001872154277365755,True,1.4450000000000003,1.4000000000000004,1.4900000000000002,0.04499999999999993,1.4209465575718943,0.02405344242810603,0.0,False,761.5625227294213,0.0007060406332730987,0.0,0.1258100488596936,1.433176128168231,0.011823871831769361,0.0,False
2026-10-09,0.0580870330746131,761.0,8.95,8.53,8.9,8.48,1210.0,376.0,21.0,250.0,8.925,8.504999999999999,True,761.4241699677747,0.9977366393929679,-0.0005572296960567083,True,0.4200000000000017,0.370000000000001,0.46999999999999886,0.049999999999998934,0.42320991817892645,-0.003209918178924742,0.0,False,761.5625227294213,0.0007060406332730987,0.0,0.13650606134886445,0.4247434762860923,-0.00474347628609062,0.0,False
2026-10-09,0.0580870330746131,762.0,8.31,8.91,8.27,8.85,2146.0,1058.0,92.0,67.0,8.29,8.879999999999999,True,761.4241699677747,0.9977366393929679,0.0007559681289038135,True,-0.5899999999999999,-0.6400000000000006,-0.5399999999999991,0.05000000000000071,-0.5745267212140414,-0.0154732787859585,0.0,False,761.5625227294213,0.0007060406332730987,0.0,0.14856637577997844,-0.5850534775379895,-0.004946522462010328,0.0,False
2026-10-09,0.0580870330746131,763.0,7.79,9.35,7.74,9.29,1066.0,1735.0,110.0,91.0,7.765000000000001,9.32,True,761.4241699677747,0.9977366393929679,0.0020674437267145184,True,-1.5549999999999997,-1.6099999999999994,-1.4999999999999991,0.05500000000000016,-1.5722633606070093,0.017263360607009615,0.0,False,761.5625227294213,0.0007060406332730987,0.0,0.16114228148292575,-1.5953660226339048,0.040366022633905096,0.0,False
2026-10-09,0.0580870330746131,764.0,7.19,9.76,7.14,9.71,1236.0,608.0,151.0,95.0,7.165,9.735,True,761.4241699677747,0.9977366393929679,0.003377201608777978,True,-2.5699999999999994,-2.62,-2.5200000000000005,0.04999999999999982,-2.569999999999977,-2.220446049250313e-14,0.0,False,761.5625227294213,0.0007060406332730987,0.0,0.17579506415408552,-2.607755444698032,0.037755444698032825,0.0,False
2026-10-09,0.0580870330746131,765.0,6.69,10.31,6.65,10.2,773.0,452.0,55.0,167.0,6.67,10.254999999999999,True,761.4241699677747,0.9977366393929679,0.004685246268793297,True,-3.584999999999999,-3.66,-3.509999999999999,0.07500000000000062,-3.567736639392945,-0.017263360607054246,0.0,False,761.5625227294213,0.0007060406332730987,0.0,0.19088036741532655,-3.6205773873522413,0.03557738735224225,0.0,False
2026-10-09,0.0580870330746131,766.0,6.15,10.83,6.11,10.69,1945.0,463.0,256.0,196.0,6.130000000000001,10.76,True,761.4241699677747,0.9977366393929679,0.005991582182848732,True,-4.629999999999999,-4.72,-4.539999999999999,0.0900000000000003,-4.5654732787859125,-0.06452672121408654,0.0,False,761.5625227294213,0.0007060406332730987,0.0,0.20840933723758148,-4.635842996567464,0.005842996567465342,0.0,False
2026-10-09,0.0580870330746131,767.0,5.67,11.41,5.63,11.27,634.0,809.0,46.0,109.0,5.65,11.34,True,761.4241699677747,0.9977366393929679,0.0072962138095135935,True,-5.6899999999999995,-5.78,-5.6,0.0900000000000003,-5.563209918178881,-0.1267900818211185,0.03679008182111865,True,761.5625227294213,0.0007060406332730987,0.0,0.22697418949898385,-5.652144488221834,-0.03785551177816515,0.0,False
2026-10-09,0.0580870330746131,768.0,5.21,11.94,5.16,11.77,942.0,533.0,46.0,1.0,5.1850000000000005,11.855,True,761.4241699677747,0.9977366393929679,0.008599145589929547,True,-6.67,-6.779999999999999,-6.56,0.10999999999999988,-6.560946557571849,-0.10905344242815129,0.0,False,761.5625227294213,0.0007060406332730987,0.0,0.24746778347035914,-6.670374721586177,0.0003747215861773512,0.0,False
2026-10-09,0.0580870330746131,769.0,4.78,12.54,4.74,12.36,896.0,225.0,66.0,3.0,4.76,12.45,True,761.4241699677747,0.9977366393929679,0.009900381947901549,True,-7.6899999999999995,-7.799999999999999,-7.579999999999999,0.10999999999999988,-7.558683196964816,-0.13131680303518323,0.021316803035182907,True,761.5625227294213,0.0007060406332730987,0.0,0.26936011507021895,-7.690003692579005,3.6925790052322327e-06,0.0,False
2026-10-09,0.0580870330746131,770.0,4.35,13.15,4.32,13.03,2703.0,550.0,76.0,4.0,4.335,13.09,True,761.4241699677747,0.9977366393929679,0.01119992728998708,True,-8.754999999999999,-8.83,-8.68,0.07500000000000018,-8.556419836357785,-0.1985801636422142,0.12358016364221491,True,761.5625227294213,0.0007060406332730987,0.0,0.2941267426665952,-8.71250695956835,-0.042493040431649476,0.0,False
2026-10-09,0.0580870330746131,771.0,4.0,13.75,3.96,13.62,826.0,525.0,15.0,5.0,3.98,13.684999999999999,True,761.4241699677747,0.9977366393929679,0.01249778600558701,True,-9.704999999999998,-9.79,-9.62,0.08499999999999996,-9.554156475750752,-0.15084352424924674,0.06584352424924766,True,761.5625227294213,0.0007060406332730987,0.0,0.3188158780772383,-9.73493273437196,0.02993273437196109,0.0,False
2026-10-09,0.0580870330746131,772.0,3.64,14.48,3.6,14.29,707.0,144.0,125.0,8.0,3.62,14.385,True,761.4241699677747,0.9977366393929679,0.013793962467033665,True,-10.765,-10.88,-10.649999999999999,0.1150000000000011,-10.55189311514372,-0.2131068848562805,0.0981068848562785,True,761.5625227294213,0.0007060406332730987,0.0,0.3470989846186434,-10.760952480306333,-0.004047519693667567,0.0,False
2026-10-09,0.0580870330746131,773.0,3.28,15.18,3.24,14.98,714.0,281.0,12.0,34.0,3.26,15.08,True,761.4241699677747,0.9977366393929679,0.01508846102967943,True,-11.82,-11.94,-11.700000000000001,0.11999999999999922,-11.549629754536689,-0.2703702454633117,0.15037024546331246,True,761.5625227294213,0.0007060406332730987,0.0,0.37947413381391826,-11.791064268894576,-0.028935731105423912,0.0,False
2026-10-09,0.0580870330746131,774.0,2.97,15.91,2.92,15.71,964.0,60.0,34.0,2.0,2.9450000000000003,15.81,True,761.4241699677747,0.9977366393929679,0.016381286031984556,True,-12.865,-12.99,-12.74,0.125,-12.547366393929655,-0.31763360607034485,0.19263360607034485,True,761.5625227294213,0.0007060406332730987,0.0,0.41246145529110123,-12.821788229764726,-0.043211770235274116,0.0,False
2026-10-09,0.0580870330746131,775.0,2.65,16.66,2.63,16.43,1866.0,353.0,145.0,20.0,2.6399999999999997,16.545,True,761.4241699677747,0.9977366393929679,0.01767244179560441,True,-13.905000000000001,-14.030000000000001,-13.78,0.1250000000000009,-13.545103033322624,-0.35989696667737725,0.23489696667737547,True,761.5625227294213,0.0007060406332730987,0.0,0.4503802589023138,-13.857443672768907,-0.04755632723109393,0.0,False
2026-10-09,0.0580870330746131,776.0,2.41,17.45,2.38,17.22,474.0,51.0,71.0,92.0,2.395,17.335,True,761.4241699677747,0.9977366393929679,0.01896193262547614,True,-14.940000000000001,-15.07,-14.809999999999999,0.13000000000000078,-14.54283967271559,-0.39716032728441064,0.2671603272844081,True,761.5625227294213,0.0007060406332730987,0.0,0.4863277079759172,-14.891127761235479,-0.04887223876452218,0.0,False
2026-10-09,0.0580870330746131,777.0,2.16,20.04,2.13,18.01,935.0,39.0,89.0,5.0,2.145,19.025,True,761.4241699677747,0.9977366393929679,0.020249762809905023,True,-16.88,-17.91,-15.850000000000001,1.0299999999999994,-15.54057631210856,-1.3394236878914398,0.30942368789144226,True,761.5625227294213,0.0007060406332730987,0.0,0.5283844632241141,-15.930921155876643,-0.9490788441233562,0.0,False
2026-10-09,0.0580870330746131,778.0,1.93,20.84,1.91,18.83,1294.0,36.0,50.0,1.0,1.92,19.835,True,761.4241699677747,0.9977366393929679,0.021535936620649156,True,-17.915,-18.93,-16.9,1.0150000000000006,-16.538312951501528,-1.3766870484984715,0.3616870484984709,True,761.5625227294213,0.0007060406332730987,0.0,0.572340653088645,-16.972613985134142,-0.9423860148658569,0.0,False
2026-10-09,0.0580870330746131,779.0,1.71,21.68,1.69,19.65,1173.0,0.0,58.0,1.0,1.7,20.665,True,761.4241699677747,0.9977366393929679,0.022820458313005793,True,-18.965,-19.99,-17.939999999999998,1.0250000000000004,-17.536049590894496,-1.4289504091055036,0.4039504091055015,True,761.5625227294213,0.0007060406332730987,0.0,0.6228497918677789,-18.020859763306245,-0.9441402366937552,0.0,False
2026-10-09,0.0580870330746131,780.0,1.54,22.55,1.51,19.35,2359.0,112.0,313.0,17.0,1.525,20.950000000000003,True,761.4241699677747,0.9977366393929679,0.024103332125894925,True,-19.425000000000004,-21.04,-17.810000000000002,1.6149999999999984,-18.53378623028746,-0.8912137697125431,0.0,False,761.5625227294213,0.0007060406332730987,0.0,0.6704619728990089,-19.066208583730443,-0.3587914162695611,0.0,False
2026-10-09,0.0580870330746131,781.0,1.37,23.47,1.35,20.25,1031.0,6.0,28.0,1.0,1.36,21.86,True,761.4241699677747,0.9977366393929679,0.02538456228194344,True,-20.5,-22.119999999999997,-18.88,1.6199999999999992,-19.53152286968043,-0.9684771303195703,0.0,False,761.5625227294213,0.0007060406332730987,0.0,0.7224490594001196,-20.11593230962452,-0.38406769037548116,0.0,False
2026-10-09,0.0580870330746131,783.0,1.08,25.3,1.06,22.06,813.0,4.0,96.0,6.0,1.07,23.68,True,761.4241699677747,0.9977366393929679,0.027942108433060525,True,-22.61,-24.240000000000002,-20.979999999999997,1.6300000000000026,-21.526996148466367,-1.0830038515336327,0.0,False,761.5625227294213,0.0007060406332730987,0.0,0.8378464817947489,-22.226803010805085,-0.3831969891949143,0.0,False
2026-10-09,0.0580870330746131,784.0,0.97,26.24,0.95,23.12,695.0,2.0,18.0,0.0,0.96,24.68,True,761.4241699677747,0.9977366393929679,0.029218432792665245,True,-23.72,-25.29,-22.150000000000002,1.5699999999999985,-22.524732787859335,-1.1952672121406636,0.0,False,761.5625227294213,0.0007060406332730987,0.0,0.8935381680914887,-23.280231336494793,-0.4397686635052054,0.0,False
2026-10-09,0.0580870330746131,785.0,0.85,27.22,0.83,23.64,1779.0,6.0,637.0,4.0,0.84,25.43,True,761.4241699677747,0.9977366393929679,0.030493130224665804,True,-24.59,-26.39,-22.79,1.8000000000000007,-23.522469427252304,-1.067530572747696,0.0,False,761.5625227294213,0.0007060406332730987,0.0,0.9634082030207622,-24.347838010817036,-0.24216198918296428,0.0,False
2026-10-09,0.0580870330746131,786.0,0.76,28.16,0.74,24.6,1213.0,3.0,117.0,3.0,0.75,26.380000000000003,True,761.4241699677747,0.9977366393929679,0.03176620487146411,True,-25.630000000000003,-27.42,-23.84,1.790000000000001,-24.52020606664527,-1.1097939333547338,0.0,False,761.5625227294213,0.0007060406332730987,0.0,1.025562306182394,-25.407728753371632,-0.22227124662837028,0.0,False
2026-10-09,0.0580870330746131,787.0,0.67,29.13,0.66,25.58,526.0,4.0,308.0,1.0,0.665,27.354999999999997,True,761.4241699677747,0.9977366393929679,0.03303766085966076,True,-26.689999999999998,-28.47,-24.909999999999997,1.7800000000000011,-25.517942706038237,-1.1720572939617604,0.0,False,761.5625227294213,0.0007060406332730987,0.0,1.0932008278591177,-26.473103914441324,-0.21689608555867324,0.0,False
2026-10-09,0.0580870330746131,788.0,0.59,30.28,0.58,26.6,646.0,3.0,48.0,1.0,0.585,28.44,True,761.4241699677747,0.9977366393929679,0.034307502300136634,True,-27.855,-29.700000000000003,-26.01,1.8450000000000006,-26.515679345431206,-1.3393206545687946,0.0,False,761.5625227294213,0.0007060406332730987,0.0,1.167360043871053,-27.54499976984623,-0.3100002301537721,0.0,False
2026-10-09,0.0580870330746131,790.0,0.47,32.08,0.46,28.53,2268.0,24.0,179.0,4.0,0.46499999999999997,30.305,True,761.4241699677747,0.9977366393929679,0.036842357903324637,True,-29.84,-31.619999999999997,-28.060000000000002,1.7799999999999976,-28.511152624217143,-1.328847375782857,0.0,False,761.5625227294213,0.0007060406332730987,0.0,1.2918864691062026,-29.664999473867315,-0.1750005261326848,0.0,False
2026-10-09,0.0580870330746131,791.0,0.42,33.1,0.41,29.57,740.0,2.0,25.0,0.0,0.415,31.335,True,761.4241699677747,0.9977366393929679,0.03810738020991131,True,-30.92,-32.690000000000005,-29.15,1.7700000000000031,-29.508889263610108,-1.4111107363898938,0.0,False,761.5625227294213,0.0007060406332730987,0.0,1.3441497413184926,-30.71499938547257,-0.20500061452743168,0.0,False
2026-10-09,0.0580870330746131,792.0,0.37,34.07,0.35,30.26,746.0,6.0,83.0,3.0,0.36,32.165,True,761.4241699677747,0.9977366393929679,0.03937080425668326,True,-31.805,-33.72,-29.89,1.9149999999999991,-30.506625903003076,-1.2983740969969233,0.0,False,761.5625227294213,0.0007060406332730987,0.0,1.4014130707605759,-31.769999354307622,-0.03500064569237793,0.0,False
2026-10-09,0.0580870330746131,793.0,0.34,35.28,0.32,31.35,1071.0,1.0,17.0,2.0,0.33,33.315,True,761.4241699677747,0.9977366393929679,0.040632634077105365,True,-32.985,-34.96,-31.01,1.9749999999999996,-31.504362542396045,-1.4806374576039545,0.0,False,761.5625227294213,0.0007060406332730987,0.0,1.433676418652805,-32.79999934159282,-0.1850006584071764,0.0,False
2026-10-09,0.0580870330746131,794.0,0.3,36.2,0.29,32.44,818.0,2.0,6.0,4.0,0.295,34.32,True,761.4241699677747,0.9977366393929679,0.04189287368939329,True,-34.025,-35.910000000000004,-32.14,1.8850000000000016,-32.50209918178901,-1.522900818210985,0.0,False,761.5625227294213,0.0007060406332730987,0.0,1.4709397871560057,-33.83499934948899,-0.1900006505110099,0.0,False
2026-10-09,0.0580870330746131,795.0,0.27,37.42,0.25,33.5,1240.0,5.0,11.0,1.0,0.26,35.46,True,761.4241699677747,0.9977366393929679,0.04315152709658944,True,-35.2,-37.17,-33.23,1.9700000000000024,-33.49983582118198,-1.7001641788180208,0.0,False,761.5625227294213,0.0007060406332730987,0.0,1.50820321276872,-34.86999941449467,-0.3300005855053314,0.0,False
2026-10-09,0.0580870330746131,800.0,0.17,42.26,0.16,38.35,18507.0,2.0,10541.0,1.0,0.165,40.305,True,761.4241699677747,0.9977366393929679,0.04942114011018471,True,-40.14,-42.1,-38.18,1.9600000000000009,-38.48851901814682,-1.651480981853183,0.0,False,761.5625227294213,0.0007060406332730987,0.0,1.614520377255495,-39.96499977594628,-0.1750002240537185,0.0,False
2026-10-09,0.0580870330746131,802.0,0.14,44.19,0.13,40.42,586.0,4.0,255.0,0.0,0.135,42.305,True,761.4241699677747,0.9977366393929679,0.05191802030877207,True,-42.17,-44.059999999999995,-40.28,1.889999999999997,-40.483992296932755,-1.6860077030672471,0.0,False,761.5625227294213,0.0007060406332730987,0.0,1.6490473540157495,-41.995000031492474,-0.17499996850752808,0.0,False
2026-10-09,0.0580870330746131,803.0,0.13,45.27,0.12,41.37,264.0,4.0,8.0,4.0,0.125,43.32,True,761.4241699677747,0.9977366393929679,0.053164126389019226,True,-43.195,-45.150000000000006,-41.239999999999995,1.9550000000000054,-41.48172893632572,-1.7132710636742772,0.0,False,761.5625227294213,0.0007060406332730987,0.0,1.661310806702609,-43.0050001235723,-0.18999987642769867,0.0,False
2026-10-09,0.0580870330746131,804.0,0.12,46.23,0.11,42.35,345.0,1.0,142.0,1.0,0.11499999999999999,44.29,True,761.4241699677747,0.9977366393929679,0.05440868162122389,True,-44.175,-46.12,-42.230000000000004,1.9449999999999967,-42.47946557571869,-1.6955344242813055,0.0,False,761.5625227294213,0.0007060406332730987,0.0,1.6735742784386787,-44.01500023470134,-0.15999976529865734,0.0,False
2026-10-09,0.0580870330746131,805.0,0.12,47.21,0.11,43.18,1471.0,1.0,118.0,1.0,0.11499999999999999,45.195,True,761.4241699677747,0.9977366393929679,0.05565168986082087,True,-45.08,-47.1,-43.06,2.0199999999999996,-43.47720221511166,-1.6027977848883381,0.0,False,761.5625227294213,0.0007060406332730987,0.0,1.6758375924900974,-45.01500018814573,-0.06499981185427117,0.0,False
2026-10-09,0.0580870330746131,806.0,0.11,48.41,0.1,44.49,239.0,1.0,40.0,0.0,0.10500000000000001,46.45,True,761.4241699677747,0.9977366393929679,0.05689315494888576,True,-46.345000000000006,-48.309999999999995,-44.38,1.9649999999999963,-44.47493885450463,-1.8700611454953773,0.0,False,761.5625227294213,0.0007060406332730987,0.0,1.6881010763558635,-46.02500031140446,-0.3199996885955443,0.0,False
2026-10-09,0.0580870330746131,810.0,0.09,52.18,0.08,48.28,660.0,4.0,32.0,0.0,0.08499999999999999,50.230000000000004,True,761.4241699677747,0.9977366393929679,0.06184366010874203,True,-50.145,-52.1,-48.19,1.9550000000000018,-48.465885412076496,-1.6791145879235074,0.0,False,761.5625227294213,0.0007060406332730987,0.0,1.717154785108967,-50.04500057772943,-0.0999994222705709,0.0,False
2026-10-09,0.0580870330746131,814.0,0.07,56.09,0.06,52.26,1277.0,1.0,16.0,0.0,0.065,54.175,True,761.4241699677747,0.9977366393929679,0.06676977844479778,True,-54.11,-56.03,-52.19,1.9200000000000017,-52.45683196964837,-1.6531680303516296,0.0,False,761.5625227294213,0.0007060406332730987,0.0,1.7462086216760824,-54.06500097186842,-0.044999028131577745,0.0,False
2026-10-09,0.0580870330746131,821.0,0.06,63.42,0.05,59.38,530.0,5.0,400.0,4.0,0.055,61.400000000000006,True,761.4241699677747,0.9977366393929679,0.07533252189468574,True,-61.345000000000006,-63.370000000000005,-59.32,2.025000000000002,-59.44098844539914,-1.9040115546008636,0.0,False,761.5625227294213,0.0007060406332730987,0.0,1.772052286599127,-61.07500111254224,-0.269998887457767,0.0,False
2026-10-09,0.0580870330746131,822.0,0.05,64.38,0.04,60.35,425.0,6.0,3.0,0.0,0.045,62.364999999999995,False,761.4241699677747,0.9977366393929679,0.0765498074984374,True,-62.31999999999999,-64.33999999999999,-60.300000000000004,2.0199999999999925,-60.43872508479211,-1.8812749152078823,0.0,False,761.5625227294213,0.0007060406332730987,0.0,1.78063313596666,-62.08131860130274,-0.2386813986972527,0.0,False
2026-10-09,0.0580870330746131,823.0,0.05,65.42,0.04,61.38,151.0,3.0,25.0,0.0,0.045,63.400000000000006,False,761.4241699677747,0.9977366393929679,0.07776561311932728,True,-63.355000000000004,-65.38,-61.330000000000005,2.024999999999995,-61.43646172418508,-1.9185382758149245,0.0,False,761.5625227294213,0.0007060406332730987,0.0,1.7885402003023358,-63.086962305031385,-0.2680376949686192,0.0,False
2026-10-09,0.0580870330746131,824.0,0.05,66.42,0.04,62.38,136.0,1.0,10.0,1.0,0.045,64.4,False,761.4241699677747,0.9977366393929679,0.07897994235172914,True,-64.355,-66.38,-62.330000000000005,2.024999999999995,-62.43419836357805,-1.920801636421956,0.0,False,761.5625227294213,0.0007060406332730987,0.0,1.795838760263429,-64.09199750438545,-0.2630024956145576,0.0,False
2026-10-09,0.0580870330746131,825.0,0.05,67.42,0.04,63.38,260.0,10.0,19.0,0.0,0.045,65.4,False,761.4241699677747,0.9977366393929679,0.0801927987769384,True,-65.355,-67.38,-63.330000000000005,2.024999999999995,-63.43193500297102,-1.9230649970289875,0.0,False,761.5625227294213,0.0007060406332730987,0.0,1.8025885779124877,-65.09648396142748,-0.25851603857252314,0.0,False
2026-10-09,0.0580870330746131,830.0,0.04,72.42,0.03,68.38,206.0,2.0,1.0,0.0,0.035,70.4,False,761.4241699677747,0.9977366393929679,0.0862351132329011,True,-70.36500000000001,-72.39,-68.33999999999999,2.0250000000000057,-68.42061819993586,-1.94438180006415,0.0,False,761.5625227294213,0.0007060406332730987,0.0,1.8298572325133762,-70.1124358129932,-0.2525641870068114,0.0,False
2026-10-09,0.0580870330746131,835.0,0.03,77.38,0.02,73.35,301.0,2.0,66.0,0.0,0.025,75.365,False,761.4241699677747,0.9977366393929679,0.09224113729311306,True,-75.33999999999999,-77.36,-73.32,2.020000000000003,-73.4093013969007,-1.9306986030992874,0.0,False,761.5625227294213,0.0007060406332730987,0.0,1.8498054913606268,-75.12106726880529,-0.21893273119469825,0.0,False
2026-10-09,0.0580870330746131,840.0,0.03,82.2,0.02,78.22,696.0,4.0,8.0,0.0,0.025,80.21000000000001,False,761.4241699677747,0.9977366393929679,0.09821130427961676,False,-80.185,-82.18,-78.19,1.9950000000000045,-78.39798459386553,-1.787015406134472,0.0,False,761.5625227294213,0.0007060406332730987,0.0,1.8656460431722621,-80.12559101758177,-0.059408982418233336,0.0,False
2026-10-16,0.0772651152663939,390.0,372.46,0.02,368.68,0.01,1.0,4633.0,0.0,100.0,370.57,0.015,False,762.0030662814997,0.9969904910836334,-0.6698038405463274,False,370.555,368.66,372.45,1.8949999999999818,370.88351973660986,-0.3285197366098487,0.0,False,762.1602220880545,5.963098686861262e-05,0.0,3.828676546123802e-07,371.0402021984959,-0.48520219849586965,0.0,False
2026-10-16,0.0772651152663939,400.0,362.93,0.02,359.05,0.01,0.0,21657.0,2.0,1.0,360.99,0.015,False,762.0030662814997,0.9969904910836334,-0.6444860325620376,False,360.975,359.03000000000003,362.92,1.9449999999999932,360.9136148257735,0.06138517422652967,0.0,False,762.1602220880545,5.963098686861262e-05,0.0,7.965387118893984e-07,361.0702968739885,-0.09529687398850228,0.0,False
2026-10-16,0.0772651152663939,405.0,354.54,0.02,351.06,0.01,1.0,3749.0,0.0,25.0,352.8,0.015,False,762.0030662814997,0.9969904910836334,-0.6320635125634804,False,352.785,351.04,354.53000000000003,1.7450000000000045,355.9286623703553,-3.143662370355287,1.3986623703552823,True,762.1602220880545,5.963098686861262e-05,0.0,1.1319991504388444e-06,356.0853440831099,-3.3003440831098487,1.5553440831098442,True
2026-10-16,0.0772651152663939,410.0,349.62,0.02,346.11,0.01,1.0,12728.0,0.0,86.0,347.865,0.015,False,762.0030662814997,0.9969904910836334,-0.619793419971666,False,347.85,346.09000000000003,349.61,1.759999999999991,350.9437099149372,-3.0937099149371647,1.3337099149371738,True,762.1602220880545,5.963098686861262e-05,0.0,1.5933070400995456e-06,351.1003911663838,-3.2503911663837926,1.4903911663838016,True
2026-10-16,0.0772651152663939,420.0,342.56,0.03,338.75,0.02,0.0,1486.0,4.0,1.0,340.655,0.025,False,762.0030662814997,0.9969904910836334,-0.5956958683926056,False,340.63,338.72,342.54,1.9099999999999966,340.9738050041008,-0.3438050041008296,0.0,False,762.1602220880545,5.963098686861262e-05,0.0,3.0702385569111867e-06,341.130484778616,-0.5004847786159985,0.0,False
2026-10-16,0.0772651152663939,440.0,326.28,0.03,323.5,0.02,1.0,534.0,0.0,90.0,324.89,0.025,False,762.0030662814997,0.9969904910836334,-0.5491758527577126,False,324.865,323.47,326.26,1.3949999999999818,321.03399518242816,3.831004817571852,2.4360048175718703,True,762.1602220880545,5.963098686861262e-05,0.0,1.0312299275744112e-05,321.19066771488264,3.674332285117373,2.279332285117391,True
2026-10-16,0.0772651152663939,445.0,317.88,0.04,314.09,0.03,0.0,4472.0,36.0,163.0,315.985,0.035,False,762.0030662814997,0.9969904910836334,-0.5378762975037794,False,315.95,314.04999999999995,317.85,1.900000000000034,316.04904272701,-0.09904272700998717,0.0,False,762.1602220880545,5.963098686861262e-05,0.0,1.3696718856879078e-05,316.20571187504487,-0.2557118750448808,0.0,False
2026-10-16,0.0772651152663939,450.0,312.91,0.04,309.19,0.03,2.0,1541.0,6.0,80.0,311.05,0.035,False,762.0030662814997,0.9969904910836334,-0.5267029969056541,False,311.015,309.15,312.88000000000005,1.8650000000000375,311.06409027159185,-0.049090271591865076,0.0,False,762.1602220880545,5.963098686861262e-05,0.0,1.8058269954683223e-05,311.22075505807555,-0.20575505807556738,0.0,False
2026-10-16,0.0772651152663939,465.0,298.04,0.05,294.28,0.04,0.0,2817.0,9.0,151.0,296.15999999999997,0.045,False,762.0030662814997,0.9969904910836334,-0.4939131740826633,False,296.11499999999995,294.22999999999996,298.0,1.8850000000000193,296.1092329053373,0.0057670946626444675,0.0,False,762.1602220880545,5.963098686861262e-05,0.0,3.967877965521324e-05,296.26587607131137,-0.15087607131141567,0.0,False
2026-10-16,0.0772651152663939,480.0,283.11,0.06,279.14,0.05,0.0,2233.0,8.0,20.0,281.125,0.055,True,762.0030662814997,0.9969904910836334,-0.4621644757680829,False,281.07,279.08,283.06,1.990000000000009,281.1543755390828,-0.0843755390828278,0.0,False,762.1602220880545,5.963098686861262e-05,0.0,8.236434447777413e-05,281.3109760194921,-0.24097601949210912,0.0,False
2026-10-16,0.0772651152663939,485.0,278.12,0.06,274.36,0.05,0.0,134.0,11.0,1.0,276.24,0.055,True,762.0030662814997,0.9969904910836334,-0.45180168873253623,False,276.185,274.3,278.07,1.884999999999991,276.16942308366464,0.015576916335362512,0.0,False,762.1602220880545,5.963098686861262e-05,0.0,8.418526332214932e-05,276.326021743155,-0.14102174315502225,0.0,False
2026-10-16,0.0772651152663939,495.0,268.07,0.07,264.31,0.06,0.0,229.0,0.0,41.0,266.19,0.065,False,762.0030662814997,0.9969904910836334,-0.43139281710132926,False,266.125,264.24,268.01,1.884999999999991,266.19951817282833,-0.07451817282833417,0.0,False,762.1602220880545,5.963098686861262e-05,0.0,0.00010279909472574178,266.35609821848726,-0.23109821848726142,0.0,False
2026-10-16,0.0772651152663939,500.0,263.29,0.08,259.41,0.07,23.0,3946.0,4.0,12.0,261.35,0.07500000000000001,True,762.0030662814997,0.9969904910836334,-0.42134248124782775,False,261.27500000000003,259.33000000000004,263.22,1.9449999999999932,261.21456571741015,0.06043428258988115,0.0,False,762.1602220880545,5.963098686861262e-05,0.0,0.00012009663777880208,261.3711284655261,-0.09612846552607834,0.0,False
2026-10-16,0.0772651152663939,505.0,258.13,0.08,254.31,0.07,0.0,479.0,36.0,263.0,256.22,0.07500000000000001,True,762.0030662814997,0.9969904910836334,-0.41139215039465965,False,256.14500000000004,254.23,258.06,1.9150000000000063,256.22961326199203,-0.08461326199198993,0.0,False,762.1602220880545,5.963098686861262e-05,0.0,0.00012289555415234688,256.38617321119153,-0.24117321119149437,0.0,False
2026-10-16,0.0772651152663939,510.0,253.33,0.08,249.46,0.07,1.0,1512.0,1.0,10.0,251.395,0.07500000000000001,True,762.0030662814997,0.9969904910836334,-0.401539853951648,False,251.32000000000002,249.38,253.26000000000002,1.940000000000012,251.24466080657385,0.07533919342617423,0.0,False,762.1602220880545,5.963098686861262e-05,0.0,0.00012579703905594986,251.40121785428846,-0.08121785428843964,0.0,False
2026-10-16,0.0772651152663939,515.0,248.18,0.09,244.35,0.08,43.0,337.0,43.0,3.0,246.265,0.08499999999999999,True,762.0030662814997,0.9969904910836334,-0.3917836790062834,False,246.17999999999998,244.26,248.1,1.9200000000000017,246.25970835115567,-0.07970835115568775,0.0,False,762.1602220880545,5.963098686861262e-05,0.0,0.00014467482536179022,246.41624652108402,-0.2362465210840412,0.0,False
2026-10-16,0.0772651152663939,520.0,243.32,0.1,239.32,0.09,73.0,948.0,1.0,35.0,241.32,0.095,True,762.0030662814997,0.9969904910836334,-0.3821217680945465,False,241.225,239.22,243.23,2.0049999999999955,241.2747558957375,-0.04975589573751904,0.0,False,762.1602220880545,5.963098686861262e-05,0.0,0.0001643117656444093,241.43127442872554,-0.2062744287255498,0.0,False
2026-10-16,0.0772651152663939,525.0,238.23,0.11,234.48,0.1,5.0,301531.0,43.0,1.0,236.355,0.10500000000000001,True,762.0030662814997,0.9969904910836334,-0.37255231707839576,False,236.25,234.36999999999998,238.13,1.8800000000000097,236.28980344031933,-0.03980344031933214,0.0,False,762.1602220880545,5.963098686861262e-05,0.0,0.00018480463461090224,236.44630148043842,-0.19630148043842155,0.0,False
2026-10-16,0.0772651152663939,530.0,233.42,0.11,229.56,0.1,84.0,827.0,1.0,2.0,231.49,0.10500000000000001,True,762.0030662814997,0.9969904910836334,-0.36307357312385197,False,231.38500000000002,229.45,233.32,1.9350000000000023,231.30485098490118,0.08014901509883998,0.0,False,762.1602220880545,5.963098686861262e-05,0.0,0.00018953393313143885,231.46134429572172,-0.07634429572169665,0.0,False
2026-10-16,0.0772651152663939,535.0,228.27,0.12,224.52,0.11,0.0,631.0,1.0,1.0,226.395,0.11499999999999999,True,762.0030662814997,0.9969904910836334,-0.3536838327740129,False,226.28,224.4,228.16,1.8799999999999955,226.319898529483,-0.03989852948299699,0.0,False,762.1602220880545,5.963098686861262e-05,0.0,0.00021152200653455633,226.47636985223016,-0.19636985223016268,0.0,False
2026-10-16,0.0772651152663939,540.0,227.04,0.13,224.3,0.12,2.0,4900.0,1.0,45.0,225.67000000000002,0.125,True,762.0030662814997,0.9969904910836334,-0.3443814401116995,False,225.54500000000002,224.17000000000002,226.92,1.3749999999999858,221.33494607406485,4.210053925935171,2.8350539259351706,True,762.1602220880545,5.963098686861262e-05,0.0,0.00023450170532451908,221.49139441711318,4.053605582886831,2.6786055828868314,True
2026-10-16,0.0772651152663939,550.0,213.08,0.15,209.59,0.14,2.0,12520.0,1.0,1.0,211.335,0.14500000000000002,True,762.0030662814997,0.9969904910836334,-0.3260323014435029,False,211.19,209.44,212.94000000000003,1.7500000000000142,211.3650411632285,-0.1750411632285136,0.0,False,762.1602220880545,5.963098686861262e-05,0.0,0.0002836488173631191,211.5214403591648,-0.33144035916481585,0.0,False
2026-10-16,0.0772651152663939,555.0,208.09,0.16,204.66,0.15,3.0,567.0,1.0,10.0,206.375,0.155,True,762.0030662814997,0.9969904910836334,-0.316982465923585,False,206.22,204.5,207.94,1.7199999999999989,206.38008870781033,-0.16008870781033124,0.0,False,762.1602220880545,5.963098686861262e-05,0.0,0.0003100939939598424,206.53646145857007,-0.3164614585700747,0.0,False
2026-10-16,0.0772651152663939,560.0,203.56,0.17,199.71,0.16,30.0,370.0,4.0,52.0,201.635,0.165,True,762.0030662814997,0.9969904910836334,-0.3080137959408247,False,201.47,199.54000000000002,203.4,1.9299999999999926,201.39513625239218,0.07486374760782155,0.0,False,762.1602220880545,5.963098686861262e-05,0.0,0.0003378122114099935,201.55148128493445,-0.08148128493445483,0.0,False
2026-10-16,0.0772651152663939,565.0,198.16,0.18,194.72,0.17,12.0,858.0,7.0,10.0,196.44,0.175,True,762.0030662814997,0.9969904910836334,-0.2991248485235786,False,196.265,194.54,197.99,1.7250000000000085,196.410183796974,-0.14518379697400974,0.0,False,762.1602220880545,5.963098686861262e-05,0.0,0.0003668799836480663,196.56649976174404,-0.30149976174405424,0.0,False
2026-10-16,0.0772651152663939,570.0,193.46,0.2,189.73,0.19,24.0,853.0,2.0,52.0,191.595,0.195,True,762.0030662814997,0.9969904910836334,-0.29031421884142367,False,191.4,189.53,193.27,1.8700000000000045,191.42523134155584,-0.025231341555837616,0.0,False,762.1602220880545,5.963098686861262e-05,0.0,0.0004170373120197801,191.5814971489975,-0.1814971489974937,0.0,False
2026-10-16,0.0772651152663939,575.0,188.64,0.2,184.76,0.19,50.0,1265.0,49.0,1.0,186.7,0.195,True,762.0030662814997,0.9969904910836334,-0.28158053887266904,False,186.505,184.56,188.45,1.9449999999999932,186.44027888613766,0.06472111386233337,0.0,False,762.1602220880545,5.963098686861262e-05,0.0,0.0004296452789505911,186.5965320856124,-0.091532085612414,0.0,False
2026-10-16,0.0772651152663939,580.0,183.53,0.22,179.8,0.21,22.0,1769.0,2.0,2.0,181.66500000000002,0.215,True,762.0030662814997,0.9969904910836334,-0.27292247612955445,False,181.45000000000002,179.58,183.32,1.8699999999999903,181.4553264307195,-0.005326430719492237,0.0,False,762.1602220880545,5.963098686861262e-05,0.0,0.00048428057252097867,181.61152499490066,-0.16152499490064542,0.0,False
2026-10-16,0.0772651152663939,585.0,178.7,0.23,174.83,0.22,24.0,1804.0,5.0,5.0,176.765,0.225,True,762.0030662814997,0.9969904910836334,-0.2643387324381631,False,176.54,174.60000000000002,178.48,1.9399999999999835,176.47037397530133,0.06962602469866397,0.0,False,762.1602220880545,5.963098686861262e-05,0.0,0.0005209786880201184,176.626535841367,-0.08653584136700943,0.0,False
2026-10-16,0.0772651152663939,590.0,173.71,0.25,169.85,0.24,282.0,3207.0,5.0,5.0,171.78,0.245,True,762.0030662814997,0.9969904910836334,-0.2558280427702544,False,171.535,169.6,173.47,1.9350000000000023,171.48542151988318,0.04957848011682131,0.0,False,762.1602220880545,5.963098686861262e-05,0.0,0.0005814673535925463,171.64152289728327,-0.10652289728326991,0.0,False
2026-10-16,0.0772651152663939,595.0,168.76,0.27,164.9,0.26,57.0,1690.0,2.0,1.0,166.82999999999998,0.265,True,762.0030662814997,0.9969904910836334,-0.24738917412438977,False,166.565,164.63,168.5,1.9350000000000023,166.500469064465,0.06453093553500366,0.0,False,762.1602220880545,5.963098686861262e-05,0.0,0.0006454295633070983,166.65650647965538,-0.09150647965537928,0.0,False
2026-10-16,0.0772651152663939,600.0,163.37,0.28,159.93,0.27,422.0,12035.0,64.0,1023.0,161.65,0.275,True,762.0030662814997,0.9969904910836334,-0.23902092445387313,False,161.375,159.65,163.1,1.7249999999999943,161.51551660904684,-0.14051660904684127,0.0,False,762.1602220880545,5.963098686861262e-05,0.0,0.0006909626975618588,161.67150849110294,-0.29650849110294075,0.0,False
2026-10-16,0.0772651152663939,605.0,158.83,0.31,154.98,0.3,44.0,2517.0,6.0,4.0,156.905,0.305,True,762.0030662814997,0.9969904910836334,-0.230722121639178,False,156.6,154.67,158.53,1.9300000000000068,156.53056415362866,0.06943584637133426,0.0,False,762.1602220880545,5.963098686861262e-05,0.0,0.0007862130491288477,156.68646078533322,-0.0864607853332302,0.0,False
2026-10-16,0.0772651152663939,610.0,153.86,0.32,150.03,0.31,73.0,3706.0,24.0,5.0,151.945,0.315,True,762.0030662814997,0.9969904910836334,-0.22249162250266263,False,151.63,149.71,153.55,1.9200000000000017,151.5456116982105,0.0843883017894882,0.0,False,762.1602220880545,5.963098686861262e-05,0.0,0.0008394148597256068,151.70145512810447,-0.07145512810447485,0.0,False
2026-10-16,0.0772651152663939,615.0,148.73,0.35,145.14,0.34,211.0,1241.0,12.0,5.0,146.935,0.345,True,762.0030662814997,0.9969904910836334,-0.21432831186350168,False,146.59,144.79,148.39,1.7999999999999972,146.56065924279233,0.02934075720767737,0.0,False,762.1602220880545,5.963098686861262e-05,0.0,0.0009460002360237585,146.71639608731002,-0.12639608731001317,0.0,False
2026-10-16,0.0772651152663939,620.0,143.94,0.37,140.06,0.36,193.0,4284.0,15.0,9.0,142.0,0.365,True,762.0030662814997,0.9969904910836334,-0.20623110163088226,False,141.635,139.69,143.57999999999998,1.9449999999999932,141.57570678737417,0.05929321262581766,0.0,False,762.1602220880545,5.963098686861262e-05,0.0,0.0010347686871847728,141.73135486344066,-0.09635486344066635,0.0,False
2026-10-16,0.0772651152663939,625.0,138.98,0.4,135.1,0.39,238.0,156877.0,10.0,41.0,137.04,0.395,True,762.0030662814997,0.9969904910836334,-0.19819892993361798,False,136.64499999999998,134.7,138.59,1.9450000000000074,136.590754331956,0.05424566804398978,0.0,False,762.1602220880545,5.963098686861262e-05,0.0,0.0011558894799719721,136.74628128722972,-0.10128128722973884,0.0,False
2026-10-16,0.0772651152663939,630.0,134.02,0.42,130.14,0.41,53.0,33352.0,1.0,6.0,132.07999999999998,0.415,True,762.0030662814997,0.9969904910836334,-0.19023076028444108,False,131.665,129.72,133.61,1.9450000000000074,131.60580187653784,0.05919812346215281,0.0,False,762.1602220880545,5.963098686861262e-05,0.0,0.0012588064951442046,131.7612259147964,-0.09622591479640619,0.0,False
2026-10-16,0.0772651152663939,635.0,129.01,0.45,125.18,0.44,4348.0,2570.0,5.0,5.0,127.095,0.445,True,762.0030662814997,0.9969904910836334,-0.1823255807773279,False,126.65,124.73,128.57,1.9199999999999946,126.62084942111966,0.029150578880347666,0.0,False,762.1602220880545,5.963098686861262e-05,0.0,0.0013976729594841752,126.77613459291388,-0.1261345929138713,0.0,False
2026-10-16,0.0772651152663939,640.0,124.11,0.48,120.28,0.47,422.0,6246.0,33.0,7.0,122.195,0.475,True,762.0030662814997,0.9969904910836334,-0.174482403316302,False,121.72,119.8,123.64,1.9200000000000017,121.63589696570149,0.08410303429850785,0.0,False,762.1602220880545,5.963098686861262e-05,0.0,0.0015473384792477063,121.79103247197595,-0.07103247197595408,0.0,False
2026-10-16,0.0772651152663939,645.0,118.95,0.52,115.29,0.51,249.0,5404.0,19.0,895.0,117.12,0.515,True,762.0030662814997,0.9969904910836334,-0.16670026287424702,False,116.605,114.77000000000001,118.44,1.8349999999999937,116.65094451028332,-0.04594451028332003,0.0,False,762.1602220880545,5.963098686861262e-05,0.0,0.001739996333219862,116.80588735870381,-0.20088735870380958,0.0,False
2026-10-16,0.0772651152663939,650.0,113.78,0.56,110.34,0.55,334.0,25232.0,1.0,507.0,112.06,0.555,True,762.0030662814997,0.9969904910836334,-0.1589782167803367,False,111.505,109.78,113.23,1.7250000000000014,111.66599205486516,-0.16099205486516155,0.0,False,762.1602220880545,5.963098686861262e-05,0.0,0.0019505749484609591,111.8207243246704,-0.31572432467039846,0.0,False
2026-10-16,0.0772651152663939,655.0,109.27,0.59,105.39,0.58,33.0,14070.0,9.0,3.0,107.33,0.585,True,762.0030662814997,0.9969904910836334,-0.15131534403476765,False,106.745,104.8,108.69,1.9450000000000003,106.68103959944699,0.06396040055301455,0.0,False,762.1602220880545,5.963098686861262e-05,0.0,0.0021485530282886467,106.8355738911724,-0.09057389117239723,0.0,False
2026-10-16,0.0772651152663939,660.0,104.26,0.64,100.49,0.63,286.0,14206.0,11.0,846.0,102.375,0.635,True,762.0030662814997,0.9969904910836334,-0.14371074464954833,False,101.74,99.85,103.63000000000001,1.8900000000000077,101.69608714402884,0.04391285597115768,0.0,False,762.1602220880545,5.963098686861262e-05,0.0,0.002432527317064337,101.85033746146546,-0.11033746146546264,0.0,False
2026-10-16,0.0772651152663939,665.0,99.4,0.68,95.55,0.67,475.0,4576.0,4.0,7.0,97.475,0.675,True,762.0030662814997,0.9969904910836334,-0.1361635390141654,False,96.8,94.86999999999999,98.73,1.9300000000000068,96.71113468861067,0.08886531138932696,0.0,False,762.1602220880545,5.963098686861262e-05,0.0,0.002710069129258086,96.8651074642351,-0.06510746423509772,0.0,False
2026-10-16,0.0772651152663939,670.0,94.32,0.76,90.83,0.74,500.0,16057.0,1.0,1264.0,92.57499999999999,0.75,True,762.0030662814997,0.9969904910836334,-0.12867286728500776,False,91.82499999999999,90.07,93.58,1.7550000000000026,91.7261822331925,0.09881776680748544,0.0,False,762.1602220880545,5.963098686861262e-05,0.0,0.0031447300081623997,91.87972034793803,-0.054720347938044256,0.0,False
2026-10-16,0.0772651152663939,675.0,89.41,0.82,85.68,0.8,108.0,14284.0,23.0,216.0,87.545,0.81,True,762.0030662814997,0.9969904910836334,-0.12123788879748965,False,86.735,84.86000000000001,88.61,1.874999999999993,86.74122977777434,-0.006229777774336753,0.0,False,762.1602220880545,5.963098686861262e-05,0.0,0.003570656020265961,86.89434196650775,-0.15934196650775334,0.0,False
2026-10-16,0.0772651152663939,680.0,84.56,0.91,80.76,0.9,2417.0,28072.0,4.0,1462.0,82.66,0.905,True,762.0030662814997,0.9969904910836334,-0.1138577814998672,False,81.755,79.85000000000001,83.66,1.904999999999994,81.75627732235617,-0.0012773223561737268,0.0,False,762.1602220880545,5.963098686861262e-05,0.0,0.00418882593435177,81.90877134117551,-0.1537713411755135,0.0,False
2026-10-16,0.0772651152663939,685.0,79.1,0.98,75.94,0.97,1548.0,4663.0,300.0,3748.0,77.52,0.975,True,762.0030662814997,0.9969904910836334,-0.10653174140779426,True,76.545,74.96,78.13,1.5850000000000009,76.771324866938,-0.22632486693800047,0.0,False,762.1602220880545,5.963098686861262e-05,0.0,0.004774724608888503,76.9232329870828,-0.3782329870827965,0.0,False
2026-10-16,0.0772651152663939,690.0,74.71,1.09,71.19,1.07,1197.0,12872.0,1.0,644.0,72.94999999999999,1.08,True,762.0030662814997,0.9969904910836334,-0.09925898207871446,True,71.86999999999999,70.1,73.64,1.7700000000000031,71.78637241151984,0.08362758848015517,0.0,False,762.1602220880545,5.963098686861262e-05,0.0,0.0055882796737074525,71.93746697659982,-0.0674669765998317,0.0,False
2026-10-16,0.0772651152663939,695.0,69.85,1.21,66.27,1.2,1075.0,7977.0,2.0,159.0,68.06,1.205,True,762.0030662814997,0.9969904910836334,-0.09203873410522737,True,66.855,65.06,68.64999999999999,1.7949999999999946,66.80141995610167,0.053580043898335816,0.0,False,762.1602220880545,5.963098686861262e-05,0.0,0.0066053764758864375,66.95149742437947,-0.09649742437946429,0.0,False
2026-10-16,0.0772651152663939,700.0,65.16,1.36,62.53,1.34,916.0,32918.0,28.0,782.0,63.845,1.35,True,762.0030662814997,0.9969904910836334,-0.0848702446266148,True,62.495,61.17,63.81999999999999,1.3249999999999957,61.816467500683494,0.6785324993165034,0.0,False,762.1602220880545,5.963098686861262e-05,0.0,0.007867696006232716,61.96528264943096,0.5297173505690367,0.0,False
2026-10-16,0.0772651152663939,701.0,63.77,1.38,60.59,1.37,34.0,2782.0,2.0,80.0,62.18000000000001,1.375,True,762.0030662814997,0.9969904910836334,-0.08344269263542947,True,60.80500000000001,59.21,62.400000000000006,1.5950000000000024,60.819477009599865,-0.014477009599858093,0.0,False,762.1602220880545,5.963098686861262e-05,0.0,0.008124051389999165,60.96803580296356,-0.1630358029635559,0.0,False
2026-10-16,0.0772651152663939,702.0,62.72,1.42,59.37,1.41,75.0,1174.0,4.0,3.0,61.045,1.415,True,762.0030662814997,0.9969904910836334,-0.0820171756442084,True,59.63,57.949999999999996,61.31,1.6800000000000033,59.82248651851623,-0.1924865185162261,0.0,False,762.1602220880545,5.963098686861262e-05,0.0,0.008461686988978201,59.970707676280945,-0.34070767628094245,0.0,False
2026-10-16,0.0772651152663939,703.0,61.88,1.47,58.46,1.45,29.0,1268.0,25.0,271.0,60.17,1.46,True,762.0030662814997,0.9969904910836334,-0.0805936878593546,True,58.71,56.99,60.43,1.7199999999999989,58.82549602743259,-0.11549602743259157,0.0,False,762.1602220880545,5.963098686861262e-05,0.0,0.008834916652639357,58.97334395553366,-0.2633439555336565,0.0,False
2026-10-16,0.0772651152663939,704.0,60.83,1.5,57.74,1.49,74.0,1545.0,6.0,53.0,59.285,1.495,True,762.0030662814997,0.9969904910836334,-0.07917222351197707,True,57.79,56.24,59.339999999999996,1.5499999999999972,57.82850553634896,-0.03850553634896414,0.0,False,762.1602220880545,5.963098686861262e-05,0.0,0.00916974344730126,57.97601863765536,-0.18601863765535853,0.0,False
2026-10-16,0.0772651152663939,705.0,60.07,1.54,56.98,1.52,305.0,14218.0,38.0,1192.0,58.525,1.53,True,762.0030662814997,0.9969904910836334,-0.07775277685775091,True,56.995,55.44,58.55,1.5549999999999997,56.83151504526533,0.1634849547346704,0.0,False,762.1602220880545,5.963098686861262e-05,0.0,0.009513690771289385,56.97868419924774,0.01631580075225969,0.0,False
2026-10-16,0.0772651152663939,706.0,59.17,1.57,55.64,1.56,25.0,1107.0,3.0,12.0,57.405,1.565,True,762.0030662814997,0.9969904910836334,-0.07633534217677745,True,55.84,54.07,57.61,1.7699999999999996,55.8345245541817,0.005475445818305502,0.0,False,762.1602220880545,5.963098686861262e-05,0.0,0.009867973128733887,55.98133942580666,-0.14133942580665604,0.0,False
2026-10-16,0.0772651152663939,707.0,58.26,1.61,54.69,1.6,42.0,1048.0,1.0,8.0,56.474999999999994,1.605,True,762.0030662814997,0.9969904910836334,-0.07491991377344676,True,54.87,53.08,56.66,1.7899999999999991,54.83753406309806,0.03246593690193578,0.0,False,762.1602220880545,5.963098686861262e-05,0.0,0.01025880099045362,54.9839581068613,-0.11395810686130403,0.0,False
2026-10-16,0.0772651152663939,708.0,57.34,1.65,53.73,1.64,16.0,2937.0,1.0,17.0,55.535,1.645,True,762.0030662814997,0.9969904910836334,-0.07350648597629972,True,53.88999999999999,52.08,55.7,1.8100000000000023,53.84054357201443,0.049456427985560936,0.0,False,762.1602220880545,5.963098686861262e-05,0.0,0.010664110395012028,53.986562306373116,-0.09656230637312291,0.0,False
2026-10-16,0.0772651152663939,709.0,56.11,1.69,52.79,1.68,6.0,1666.0,4.0,5.0,54.45,1.685,True,762.0030662814997,0.9969904910836334,-0.07209505313789207,True,52.765,51.1,54.43,1.6649999999999991,52.843553080930796,-0.07855308093079572,0.0,False,762.1602220880545,5.963098686861262e-05,0.0,0.011083133859221883,52.98915279182527,-0.2241527918252686,0.0,False
2026-10-16,0.0772651152663939,710.0,55.42,1.76,51.83,1.74,1186.0,14220.0,1.0,1412.0,53.625,1.75,True,762.0030662814997,0.9969904910836334,-0.07068560963465843,True,51.875,50.07,53.68,1.8049999999999997,51.84656258984716,0.02843741015283996,0.0,False,762.1602220880545,5.963098686861262e-05,0.0,0.011645239371700145,51.99160019522916,-0.11660019522916087,0.0,False
2026-10-16,0.0772651152663939,711.0,53.72,1.79,51.13,1.78,9.0,3789.0,3.0,120.0,52.425,1.7850000000000001,True,762.0030662814997,0.9969904910836334,-0.06927814986677863,True,50.64,49.34,51.94,1.2999999999999972,50.84957209876353,-0.20957209876353033,0.0,False,762.1602220880545,5.963098686861262e-05,0.0,0.012065669526336587,50.99418927399089,-0.3541892739908903,0.0,False
2026-10-16,0.0772651152663939,712.0,53.54,1.85,49.93,1.83,329.0,1201.0,1.0,34.0,51.735,1.84,True,762.0030662814997,0.9969904910836334,-0.06787266825804372,True,49.894999999999996,48.08,51.71,1.8150000000000013,49.852581607679895,0.04241839232010136,0.0,False,762.1602220880545,5.963098686861262e-05,0.0,0.012607872156544353,49.99665658027705,-0.10165658027705149,0.0,False
2026-10-16,0.0772651152663939,713.0,52.59,1.9,48.98,1.89,9.0,1316.0,1.0,31.0,50.785,1.895,True,762.0030662814997,0.9969904910836334,-0.06646915925572364,True,48.88999999999999,47.08,50.7,1.8100000000000023,48.855591116596266,0.03440888340372794,0.0,False,762.1602220880545,5.963098686861262e-05,0.0,0.013168545328604786,48.99910541602136,-0.10910541602136448,0.0,False
2026-10-16,0.0772651152663939,714.0,50.97,1.96,49.14,1.94,194.0,4573.0,92.0,30.0,50.055,1.95,True,762.0030662814997,0.9969904910836334,-0.06506761733043516,True,48.105,47.18,49.03,0.9250000000000007,47.85860062551263,0.2463993744873676,0.0,False,762.1602220880545,5.963098686861262e-05,0.0,0.013748816799863395,48.001534653466464,0.10346534653353245,0.0,False
2026-10-16,0.0772651152663939,715.0,50.71,2.02,47.41,2.0,363.0,9695.0,64.0,2024.0,49.06,2.01,True,762.0030662814997,0.9969904910836334,-0.06366803697601187,True,47.050000000000004,45.38999999999999,48.71,1.6600000000000037,46.86161013442899,0.18838986557101123,0.0,False,762.1602220880545,5.963098686861262e-05,0.0,0.014374335607027833,47.003918643575666,0.04608135642433808,0.0,False
2026-10-16,0.0772651152663939,716.0,49.77,2.06,47.96,2.05,19.0,11269.0,1.0,116.0,48.865,2.0549999999999997,True,762.0030662814997,0.9969904910836334,-0.06227041270937387,True,46.81,45.9,47.720000000000006,0.9100000000000037,45.864619643345364,0.9453803566546384,0.03538035665463468,True,762.1602220880545,5.963098686861262e-05,0.0,0.014938252347524994,46.00636423575153,0.8036357642484688,0.0,False
2026-10-16,0.0772651152663939,717.0,48.83,2.12,46.99,2.11,8.0,1461.0,1.0,1.0,47.91,2.115,True,762.0030662814997,0.9969904910836334,-0.06087473907039922,True,45.794999999999995,44.870000000000005,46.72,0.9249999999999972,44.86762915226173,0.927370847738267,0.0023708477382768933,True,762.1602220880545,5.963098686861262e-05,0.0,0.015608381715794373,45.00870361529963,0.7862963847003641,0.0,False
2026-10-16,0.0772651152663939,718.0,47.88,2.18,46.13,2.16,31.0,4842.0,1.0,119.0,47.005,2.17,True,762.0030662814997,0.9969904910836334,-0.059481010621795366,True,44.835,43.95,45.72,0.884999999999998,43.8706386611781,0.9643613388219023,0.07936133882190433,True,762.1602220880545,5.963098686861262e-05,0.0,0.016276106539967916,44.011045399391826,0.8239546006081753,0.0,False
2026-10-16,0.0772651152663939,719.0,46.97,2.25,45.15,2.24,12.0,1446.0,1.0,9.0,46.06,2.245,True,762.0030662814997,0.9969904910836334,-0.05808922194897283,True,43.815000000000005,42.9,44.73,0.9149999999999991,42.87364817009446,0.9413518299055426,0.026351829905536306,True,762.1602220880545,5.963098686861262e-05,0.0,0.01708247880569269,43.01324853604247,0.8017514639575367,0.0,False
2026-10-16,0.0772651152663939,720.0,46.04,2.31,44.24,2.3,549.0,33509.0,2.0,619.0,45.14,2.3049999999999997,True,762.0030662814997,0.9969904910836334,-0.056699367659918495,True,42.835,41.93,43.74,0.9050000000000011,41.876657679010826,0.9583423209891748,0.053342320989173686,True,762.1602220880545,5.963098686861262e-05,0.0,0.017829888715327424,42.0155106350492,0.8194893649507975,0.0,False
2026-10-16,0.0772651152663939,721.0,45.11,2.4,43.23,2.38,54.0,935.0,17.0,35.0,44.17,2.3899999999999997,True,762.0030662814997,0.9969904910836334,-0.05531144238507039,True,41.78,40.83,42.73,0.9499999999999993,40.8796671879272,0.9003328120728042,0.0,False,762.1602220880545,5.963098686861262e-05,0.0,0.01874992079429516,41.0176001118866,0.7623998881134,0.0,False
2026-10-16,0.0772651152663939,722.0,44.19,2.48,42.34,2.45,78.0,20855.0,1.0,28.0,43.265,2.465,True,762.0030662814997,0.9969904910836334,-0.05392544077719332,True,40.8,39.86000000000001,41.739999999999995,0.9399999999999942,39.88267669684356,0.9173233031564365,0.0,False,762.1602220880545,5.963098686861262e-05,0.0,0.01965029585427036,40.01970924574299,0.7802907542570097,0.0,False
2026-10-16,0.0772651152663939,723.0,43.27,2.55,41.42,2.54,20.0,5423.0,1.0,212.0,42.345,2.545,True,762.0030662814997,0.9969904910836334,-0.052541357511254834,True,39.8,38.870000000000005,40.730000000000004,0.9299999999999997,38.88568620575993,0.9143137942400656,0.0,False,762.1602220880545,5.963098686861262e-05,0.0,0.020614470936592966,39.021754579577035,0.7782454204229623,0.0,False
2026-10-16,0.0772651152663939,724.0,42.35,2.61,40.47,2.6,13.0,29473.0,2.0,4092.0,41.41,2.605,True,762.0030662814997,0.9969904910836334,-0.05115918728430313,True,38.805,37.86,39.75,0.9450000000000003,37.888695714676295,0.9163042853237044,0.0,False,762.1602220880545,5.963098686861262e-05,0.0,0.021498005865879133,38.02388055356411,0.7811194464358877,0.0,False
2026-10-16,0.0772651152663939,725.0,39.85,2.7,39.6,2.68,1123.0,44189.0,2.0,2134.0,39.725,2.6900000000000004,True,762.0030662814997,0.9969904910836334,-0.04977892481534469,True,37.035000000000004,36.9,37.17,0.13500000000000156,36.89170522359266,0.14329477640734467,0.008294776407339555,True,762.1602220880545,5.963098686861262e-05,0.0,0.022572323382310522,37.02581574496405,0.009184255035954436,0.0,False
2026-10-16,0.0772651152663939,726.0,40.53,2.77,38.65,2.75,26.0,10398.0,4.0,8.0,39.59,2.76,True,762.0030662814997,0.9969904910836334,-0.04840056484522347,True,36.830000000000005,35.879999999999995,37.78,0.9500000000000028,35.89471473250903,0.9352852674909755,0.0,False,762.1602220880545,5.963098686861262e-05,0.0,0.02359953051059893,36.027798046752125,0.8022019532478808,0.0,False
2026-10-16,0.0772651152663939,727.0,39.62,2.88,37.78,2.86,92.0,12307.0,1.0,82.0,38.7,2.87,True,762.0030662814997,0.9969904910836334,-0.047024102136500164,True,35.830000000000005,34.9,36.76,0.9299999999999997,34.897724241425394,0.9322757585746118,0.002275758574604936,True,762.1602220880545,5.963098686861262e-05,0.0,0.024920562211153907,35.02948652396793,0.8005134760320729,0.0,False
2026-10-16,0.0772651152663939,728.0,37.22,2.98,36.96,2.96,182.0,24147.0,3.0,24.0,37.09,2.9699999999999998,True,762.0030662814997,0.9969904910836334,-0.04564953147333353,True,34.120000000000005,33.980000000000004,34.26,0.13999999999999702,33.900733750341765,0.21926624965824004,0.07926624965823947,True,762.1602220880545,5.963098686861262e-05,0.0,0.026233788486372145,34.03118280660909,0.08881719339091632,0.0,False
2026-10-16,0.0772651152663939,729.0,37.82,3.07,36.0,3.06,42.0,2089.0,18.0,62.0,36.91,3.065,True,762.0030662814997,0.9969904910836334,-0.04427684766136132,True,33.845,32.93,34.76,0.9149999999999991,32.90374325925813,0.9412567407418706,0.026256740741871454,True,762.1602220880545,5.963098686861262e-05,0.0,0.027569475073820904,33.032856628938006,0.8121433710619925,0.0,False
2026-10-16,0.0772651152663939,730.0,35.36,3.16,35.1,3.15,1088.0,43666.0,1.0,4080.0,35.230000000000004,3.1550000000000002,True,762.0030662814997,0.9969904910836334,-0.042906045527582745,True,32.075,31.94,32.21,0.1349999999999998,31.906752768174496,0.16824723182550727,0.03324723182550571,True,762.1602220880545,5.963098686861262e-05,0.0,0.028933384574682197,32.03450222835351,0.04049777164649271,0.0,False
2026-10-16,0.0772651152663939,731.0,36.03,3.27,34.25,3.25,285.0,1598.0,1.0,10.0,35.14,3.26,True,762.0030662814997,0.9969904910836334,-0.04153711992024103,True,31.880000000000003,30.98,32.78,0.9000000000000004,30.909762277090863,0.9702377229091397,0.07023772290913755,True,762.1602220880545,5.963098686861262e-05,0.0,0.030449477524437718,31.03599564432012,0.844004355679882,0.0,False
2026-10-16,0.0772651152663939,732.0,35.15,3.39,33.34,3.37,140.0,36522.0,10.0,41.0,34.245000000000005,3.38,True,762.0030662814997,0.9969904910836334,-0.040170065708707944,True,30.865000000000006,29.950000000000003,31.779999999999998,0.9149999999999974,29.91277178600723,0.9522282139927754,0.03722821399277265,True,762.1602220880545,5.963098686861262e-05,0.0,0.032133414007200045,30.037321216753725,0.8276787832462809,0.0,False
2026-10-16,0.0772651152663939,733.0,34.27,3.48,32.4,3.46,158.0,3754.0,3.0,79.0,33.335,3.4699999999999998,True,762.0030662814997,0.9969904910836334,-0.03880487778336798,True,29.865000000000002,28.919999999999998,30.810000000000002,0.9450000000000021,28.915781294923594,0.949218705076408,0.0042187050764042056,True,762.1602220880545,5.963098686861262e-05,0.0,0.03370778369652072,29.038756355980773,0.8262436440192289,0.0,False
2026-10-16,0.0772651152663939,734.0,31.77,3.62,31.52,3.61,223.0,3510.0,5.0,21.0,31.645,3.615,True,762.0030662814997,0.9969904910836334,-0.03744155105550398,True,28.03,27.9,28.16,0.13000000000000078,27.91879080383996,0.11120919616003988,0.0,False,762.1602220880545,5.963098686861262e-05,0.0,0.035703359746869445,28.039770288846793,-0.00977028884679143,0.0,False
2026-10-16,0.0772651152663939,735.0,30.95,3.75,30.74,3.72,2686.0,27223.0,11.0,866.0,30.845,3.7350000000000003,True,762.0030662814997,0.9969904910836334,-0.036080080457182855,True,27.11,26.99,27.23,0.120000000000001,26.92180031275633,0.18819968724367087,0.06819968724366987,True,762.1602220880545,5.963098686861262e-05,0.0,0.03763152396418423,27.04085163354584,0.0691483664541579,0.0,False
2026-10-16,0.0772651152663939,736.0,31.65,3.88,29.82,3.86,158.0,26681.0,1.0,17.0,30.735,3.87,True,762.0030662814997,0.9969904910836334,-0.03472046094114327,True,26.865,25.94,27.79,0.9249999999999989,25.924809821672696,0.9401901783273026,0.015190178327305404,True,762.1602220880545,5.963098686861262e-05,0.0,0.03974496596520494,26.041747700461187,0.8232522995388116,0.0,False
2026-10-16,0.0772651152663939,737.0,30.79,4.01,28.97,3.99,181.0,3236.0,3.0,120.0,29.88,4.0,True,762.0030662814997,0.9969904910836334,-0.03336268748068288,True,25.88,24.96,26.799999999999997,0.9199999999999982,24.927819330589063,0.9521806694109358,0.03218066941093767,True,762.1602220880545,5.963098686861262e-05,0.0,0.04193578233956252,25.0425663930032,0.8374336069968003,0.0,False
2026-10-16,0.0772651152663939,738.0,28.33,4.17,28.12,4.15,411.0,6584.0,9.0,73.0,28.225,4.16,True,762.0030662814997,0.9969904910836334,-0.03200675506954707,True,24.065,23.950000000000003,24.18,0.11499999999999844,23.930828839505427,0.13417116049457434,0.0191711604945759,True,762.1602220880545,5.963098686861262e-05,0.0,0.04443057620838875,24.04308110805074,0.02191889194926233,0.0,False
2026-10-16,0.0772651152663939,739.0,27.49,4.31,27.27,4.3,658.0,2823.0,3.0,173.0,27.38,4.305,True,762.0030662814997,0.9969904910836334,-0.030652658721817765,True,23.075,22.96,23.189999999999998,0.11499999999999844,22.933838348421794,0.14116165157820504,0.0261616515782066,True,762.1602220880545,5.963098686861262e-05,0.0,0.046956215543905166,23.04356497763159,0.03143502236840945,0.0,False
2026-10-16,0.0772651152663939,740.0,26.59,4.45,26.44,4.43,5104.0,31086.0,132.0,1776.0,26.515,4.4399999999999995,True,762.0030662814997,0.9969904910836334,-0.029300393471804072,True,22.075000000000003,21.990000000000002,22.16,0.08499999999999908,21.93684785733816,0.13815214266184128,0.05315214266184043,True,762.1602220880545,5.963098686861262e-05,0.0,0.04955649675417373,22.043974205337683,0.031025794662319583,0.0,False
2026-10-16,0.0772651152663939,741.0,25.86,4.64,25.65,4.61,458.0,3620.0,3.0,504.0,25.755,4.625,True,762.0030662814997,0.9969904910836334,-0.027949954373932596,True,21.13,21.009999999999998,21.25,0.120000000000001,20.93985736625453,0.19014263374547014,0.07014263374546914,True,762.1602220880545,5.963098686861262e-05,0.0,0.0526018446826475,21.043938366325577,0.08606163367442221,0.0,False
2026-10-16,0.0772651152663939,742.0,24.95,4.81,24.79,4.78,247.0,6257.0,2.0,26.0,24.869999999999997,4.795,True,762.0030662814997,0.9969904910836334,-0.02660133650263912,True,20.074999999999996,19.98,20.169999999999998,0.09499999999999886,19.942866875170896,0.13213312482909956,0.03713312482910425,True,762.1602220880545,5.963098686861262e-05,0.0,0.05571531423532328,20.043834405689267,0.031165594310728295,0.0,False
2026-10-16,0.0772651152663939,743.0,24.19,4.98,24.0,4.93,475.0,2161.0,1.0,15.0,24.095,4.955,True,762.0030662814997,0.9969904910836334,-0.025254534952260377,True,19.14,19.02,19.26,0.120000000000001,18.94587638408726,0.19412361591274063,0.07412361591273964,True,762.1602220880545,5.963098686861262e-05,0.0,0.0589607267424066,19.043598502098554,0.09640149790144648,0.0,False
2026-10-16,0.0772651152663939,744.0,23.34,5.17,23.15,5.13,192.0,2601.0,2.0,48.0,23.244999999999997,5.15,True,762.0030662814997,0.9969904910836334,-0.023909544836927647,True,18.095,17.979999999999997,18.21,0.11500000000000199,17.948885893003627,0.14611410699637162,0.031114106996369628,True,762.1602220880545,5.963098686861262e-05,0.0,0.06261166025510168,18.042957077502226,0.05204292249777254,0.0,False
2026-10-16,0.0772651152663939,745.0,22.51,5.39,22.31,5.35,2657.0,42311.0,24.0,1786.0,22.41,5.369999999999999,True,762.0030662814997,0.9969904910836334,-0.02256636129045997,True,17.04,16.919999999999998,17.160000000000004,0.12000000000000277,16.951895401919995,0.08810459808000459,0.0,False,762.1602220880545,5.963098686861262e-05,0.0,0.06660323051724681,17.04197501615645,-0.0019750161564502378,0.0,False
2026-10-16,0.0772651152663939,746.0,21.75,5.56,21.58,5.51,257.0,2070.0,3.0,15.0,21.665,5.535,True,762.0030662814997,0.9969904910836334,-0.02122497946625872,True,16.13,16.02,16.240000000000002,0.11000000000000121,15.954904910836362,0.17509508916363714,0.06509508916363771,True,762.1602220880545,5.963098686861262e-05,0.0,0.07052397947984534,16.041063776110214,0.08893622388978528,0.0,False
2026-10-16,0.0772651152663939,747.0,20.92,5.77,20.78,5.73,248.0,2832.0,2.0,243.0,20.85,5.75,True,762.0030662814997,0.9969904910836334,-0.019885394537202238,True,15.100000000000001,15.010000000000002,15.190000000000001,0.08999999999999986,14.957914419752727,0.14208558024727402,0.052085580247274166,True,762.1602220880545,5.963098686861262e-05,0.0,0.07496281668066818,15.039634447825758,0.06036555217424322,0.0,False
2026-10-16,0.0772651152663939,748.0,20.1,6.02,19.96,5.98,183.0,2450.0,1.0,53.0,20.03,6.0,True,762.0030662814997,0.9969904910836334,-0.018547601695542273,True,14.030000000000001,13.940000000000001,14.120000000000001,0.08999999999999986,13.960923928669095,0.06907607133090643,0.0,False,762.1602220880545,5.963098686861262e-05,0.0,0.07987168613500728,14.037735087287786,-0.007735087287784381,0.0,False
2026-10-16,0.0772651152663939,749.0,19.38,6.23,19.22,6.18,373.0,2002.0,25.0,83.0,19.299999999999997,6.205,True,762.0030662814997,0.9969904910836334,-0.01721159615280001,True,13.094999999999997,12.989999999999998,13.2,0.10500000000000043,12.963933437585462,0.13106656241453507,0.02606656241453642,True,762.1602220880545,5.963098686861262e-05,0.0,0.08486360334687948,13.035752678992282,0.05924732100771557,0.0,False
2026-10-16,0.0772651152663939,750.0,18.55,6.45,18.46,6.42,8666.0,37975.0,141.0,4429.0,18.505000000000003,6.4350000000000005,True,762.0030662814997,0.9969904910836334,-0.015877373139663337,True,12.070000000000002,12.010000000000002,12.13,0.05999999999999961,11.966942946501828,0.10305705349817451,0.043057053498174014,True,762.1602220880545,5.963098686861262e-05,0.0,0.09033063359583782,12.033295157659687,0.036704842340315125,0.0,False
2026-10-16,0.0772651152663939,751.0,17.82,6.68,17.68,6.63,388.0,2147.0,68.0,86.0,17.75,6.654999999999999,True,762.0030662814997,0.9969904910836334,-0.014544927905884804,True,11.095,11.0,11.190000000000001,0.09500000000000064,10.969952455418195,0.12504754458180578,0.03004754458180514,True,762.1602220880545,5.963098686861262e-05,0.0,0.09612553971264148,11.030509760459251,0.06449023954074917,0.0,False
2026-10-16,0.0772651152663939,752.0,17.08,7.01,16.95,6.96,463.0,5634.0,3.0,49.0,17.015,6.984999999999999,True,762.0030662814997,0.9969904910836334,-0.013214255720179697,True,10.030000000000001,9.94,10.119999999999997,0.08999999999999897,9.972961964334562,0.05703803566543897,0.0,False,762.1602220880545,5.963098686861262e-05,0.0,0.10274818563200938,10.026896623456249,0.0031033765437520344,0.0,False
2026-10-16,0.0772651152663939,753.0,16.39,7.29,16.23,7.25,408.0,28205.0,5.0,425.0,16.310000000000002,7.27,True,762.0030662814997,0.9969904910836334,-0.011885351870125916,True,9.040000000000003,8.940000000000001,9.14,0.09999999999999964,8.975971473250928,0.064028526749075,0.0,False,762.1602220880545,5.963098686861262e-05,0.0,0.10962249451082595,9.023031823493799,0.016968176506203747,0.0,False
2026-10-16,0.0772651152663939,754.0,15.6,7.54,15.5,7.5,779.0,1698.0,5.0,192.0,15.55,7.52,True,762.0030662814997,0.9969904910836334,-0.010558211662063393,True,8.030000000000001,7.96,8.1,0.06999999999999984,7.978980982167295,0.051019017832706126,0.0,False,762.1602220880545,5.963098686861262e-05,0.0,0.11689488974845119,8.018768937172542,0.011231062827459226,0.0,False
2026-10-16,0.0772651152663939,755.0,14.92,7.85,14.8,7.8,4375.0,16746.0,22.0,3788.0,14.86,7.824999999999999,True,762.0030662814997,0.9969904910836334,-0.009232830420994848,True,7.035,6.950000000000001,7.12,0.08499999999999952,6.981990491083661,0.05300950891633871,0.0,False,762.1602220880545,5.963098686861262e-05,0.0,0.12488538068402999,7.0137879551533295,0.021212044846670608,0.0,False
2026-10-16,0.0772651152663939,756.0,14.23,8.2,14.08,8.14,1030.0,2131.0,98.0,87.0,14.155000000000001,8.17,True,762.0030662814997,0.9969904910836334,-0.007909203490486526,True,5.985000000000001,5.880000000000001,6.09,0.10499999999999954,5.985000000000028,-2.6645352591003757e-14,0.0,False,762.1602220880545,5.963098686861262e-05,0.0,0.13350887369523967,6.008173971058486,-0.023173971058485066,0.0,False
2026-10-16,0.0772651152663939,757.0,13.58,8.46,13.45,8.41,847.0,28155.0,49.0,284.0,13.515,8.435,True,762.0030662814997,0.9969904910836334,-0.006587326232570721,True,5.08,4.989999999999998,5.17,0.09000000000000075,4.988009508916394,0.0919904910836058,0.0019904910836041623,True,762.1602220880545,5.963098686861262e-05,0.0,0.14273403434786225,5.00195831932223,0.07804168067776995,0.0,False
2026-10-16,0.0772651152663939,758.0,12.89,8.83,12.81,8.77,1486.0,3203.0,73.0,289.0,12.850000000000001,8.8,True,762.0030662814997,0.9969904910836334,-0.005267194027647813,True,4.050000000000001,3.9800000000000004,4.120000000000001,0.07000000000000028,3.991019017832761,0.05898098216723957,0.0,False,762.1602220880545,5.963098686861262e-05,0.0,0.15273950026765704,3.9949623623188018,0.05503763768119896,0.0,False
2026-10-16,0.0772651152663939,759.0,12.26,9.18,12.14,9.14,1199.0,2153.0,137.0,663.0,12.2,9.16,True,762.0030662814997,0.9969904910836334,-0.003948802274389629,True,3.039999999999999,2.960000000000001,3.119999999999999,0.07999999999999918,2.994028526749128,0.04597147325087114,0.0,False,762.1602220880545,5.963098686861262e-05,0.0,0.1635266342797177,2.987184737223108,0.05281526277689119,0.0,False
2026-10-16,0.0772651152663939,760.0,11.55,9.58,11.5,9.52,10211.0,15889.0,1314.0,1690.0,11.525,9.55,True,762.0030662814997,0.9969904910836334,-0.002632146389642765,True,1.9749999999999996,1.92,2.030000000000001,0.055000000000000604,1.9970380356654944,-0.022038035665494782,0.0,False,762.1602220880545,5.963098686861262e-05,0.0,0.17514660162223805,1.9785742787969545,-0.0035742787969548218,0.0,False
2026-10-16,0.0772651152663939,761.0,10.93,10.02,10.9,9.96,1488.0,1576.0,2955.0,1075.0,10.915,9.99,True,762.0030662814997,0.9969904910836334,-0.0013172218083336645,True,0.9249999999999989,0.8800000000000008,0.9699999999999989,0.04499999999999904,1.000047544581861,-0.07504754458186214,0.030047544581862207,True,762.1602220880545,5.963098686861262e-05,0.0,0.18748659464194972,0.9692437946936092,-0.04424379469361028,0.0,False
2026-10-16,0.0772651152663939,762.0,10.33,10.37,10.3,10.31,2027.0,2064.0,1262.0,1088.0,10.315000000000001,10.34,True,762.0030662814997,0.9969904910836334,-4.023983373200178e-06,True,-0.02499999999999858,-0.06999999999999851,0.019999999999999574,0.04499999999999904,0.0030570534982277465,-0.028057053498226327,0.0,False,762.1602220880545,5.963098686861262e-05,0.0,0.20137675140299294,-0.04163685315106727,0.016636853151068692,0.0,False
2026-10-16,0.0772651152663939,763.0,9.78,10.81,9.73,10.76,1786.0,2423.0,1079.0,1022.0,9.754999999999999,10.785,True,762.0030662814997,0.9969904910836334,0.0013074516144375582,True,-1.0300000000000011,-1.08,-0.9800000000000004,0.04999999999999982,-0.9939334375854056,-0.03606656241459549,0.0,False,762.1602220880545,5.963098686861262e-05,0.0,0.21570373985626645,-1.0529543326879742,0.02295433268797309,0.0,False
2026-10-16,0.0772651152663939,764.0,9.17,11.27,9.12,11.2,2495.0,1485.0,82.0,68.0,9.145,11.235,True,762.0030662814997,0.9969904910836334,0.0026172094965010713,True,-2.09,-2.1500000000000004,-2.0299999999999994,0.0600000000000005,-1.990923928669039,-0.09907607133096086,0.03907607133096036,True,762.1602220880545,5.963098686861262e-05,0.0,0.23192853295601878,-2.0661696168713597,-0.023830383128640165,0.0,False
2026-10-16,0.0772651152663939,765.0,8.65,11.72,8.61,11.65,7098.0,13267.0,912.0,336.0,8.629999999999999,11.685,True,762.0030662814997,0.9969904910836334,0.003925254156516222,True,-3.0550000000000015,-3.110000000000001,-3.0,0.055000000000000604,-2.987914419752672,-0.06708558024732936,0.012085580247327865,True,762.1602220880545,5.963098686861262e-05,0.0,0.24856819494564242,-3.079799769944617,0.024799769944615413,0.0,False
2026-10-16,0.0772651152663939,766.0,8.1,12.23,8.06,12.1,6194.0,4467.0,266.0,116.0,8.08,12.165,True,762.0030662814997,0.9969904910836334,0.005231590070571711,True,-4.084999999999999,-4.17,-4.0,0.08499999999999996,-3.9849049108363057,-0.10009508916369336,0.015095089163694286,True,762.1602220880545,5.963098686861262e-05,0.0,0.2672781804295514,-4.0955002465121595,0.010500246512160416,0.0,False
2026-10-16,0.0772651152663939,767.0,7.58,12.72,7.53,12.61,7513.0,5846.0,70.0,3.0,7.555,12.665,True,762.0030662814997,0.9969904910836334,0.006536221697236625,True,-5.109999999999999,-5.19,-5.029999999999999,0.08000000000000052,-4.981895401919939,-0.12810459808006058,0.04810459808006051,True,762.1602220880545,5.963098686861262e-05,0.0,0.28744472527585074,-5.1126572824420915,0.002657282442092068,0.0,False
2026-10-16,0.0772651152663939,768.0,7.09,13.27,7.05,13.1,4750.0,3532.0,164.0,19.0,7.07,13.184999999999999,True,762.0030662814997,0.9969904910836334,0.007839153477652632,True,-6.114999999999998,-6.22,-6.01,0.10499999999999998,-5.978885893003572,-0.136114106996426,0.03111410699642736,True,762.1602220880545,5.963098686861262e-05,0.0,0.3087558099290746,-6.130958858178949,0.015958858178950486,0.0,False
2026-10-16,0.0772651152663939,769.0,6.63,13.82,6.58,13.66,2313.0,3065.0,22.0,2.0,6.605,13.74,True,762.0030662814997,0.9969904910836334,0.009140389835624466,True,-7.135,-7.24,-7.03,0.10499999999999998,-6.975876384087206,-0.15912361591279378,0.05412361591279424,True,762.1602220880545,5.963098686861262e-05,0.0,0.33166804136448036,-7.150861580697988,0.015861580697988487,0.0,False
2026-10-16,0.0772651152663939,770.0,6.17,14.38,6.13,14.25,18267.0,9558.0,1303.0,266.0,6.15,14.315000000000001,True,762.0030662814997,0.9969904910836334,0.010439935177710052,True,-8.165000000000001,-8.25,-8.08,0.08499999999999996,-7.972866875170839,-0.19213312482916223,0.10713312482916137,True,762.1602220880545,5.963098686861262e-05,0.0,0.35656917050212833,-8.17275320091927,0.007753200919269787,0.0,False
2026-10-16,0.0772651152663939,771.0,5.77,15.02,5.73,14.84,3272.0,1442.0,107.0,1.0,5.75,14.93,True,762.0030662814997,0.9969904910836334,0.011737793893310035,True,-9.18,-9.29,-9.07,0.10999999999999943,-8.969857366254473,-0.21014263374552655,0.10014263374552712,True,762.1602220880545,5.963098686861262e-05,0.0,0.38201263202978986,-9.195187153530565,0.015187153530565212,0.0,False
2026-10-16,0.0772651152663939,772.0,5.32,15.61,5.27,15.45,2662.0,2212.0,25.0,3.0,5.295,15.53,True,762.0030662814997,0.9969904910836334,0.013033970354756742,True,-10.235,-10.34,-10.129999999999999,0.10500000000000043,-9.966847857338106,-0.2681521426618936,0.16315214266189315,True,762.1602220880545,5.963098686861262e-05,0.0,0.41250312926028165,-10.22266814184469,-0.012331858155310016,0.0,False
2026-10-16,0.0772651152663939,773.0,4.94,16.26,4.89,16.07,2229.0,1141.0,166.0,52.0,4.915,16.165,True,762.0030662814997,0.9969904910836334,0.01432846891740234,True,-11.25,-11.370000000000001,-11.129999999999999,0.120000000000001,-10.963838348421739,-0.28616165157826146,0.16616165157826046,True,762.1602220880545,5.963098686861262e-05,0.0,0.44285363047969994,-11.25000913414774,9.134147740397225e-06,0.0,False
2026-10-16,0.0772651152663939,774.0,4.55,16.86,4.51,16.66,1815.0,1050.0,66.0,35.0,4.529999999999999,16.759999999999998,True,762.0030662814997,0.9969904910836334,0.015621293919707522,True,-12.229999999999999,-12.35,-12.11,0.1200000000000001,-11.960828839505373,-0.26917116049462564,0.14917116049462642,True,762.1602220880545,5.963098686861262e-05,0.0,0.47677175910449776,-12.280917753856173,0.05091775385617403,0.0,False
2026-10-16,0.0772651152663939,775.0,4.21,17.62,4.17,17.42,13145.0,6894.0,533.0,66.0,4.1899999999999995,17.520000000000003,True,762.0030662814997,0.9969904910836334,0.016912449683327425,True,-13.330000000000004,-13.450000000000001,-13.21,0.1200000000000001,-12.957819330589006,-0.3721806694109979,0.25218066941099515,True,762.1602220880545,5.963098686861262e-05,0.0,0.5113381453820374,-13.312474631217345,-0.017525368782658646,0.0,False
2026-10-16,0.0772651152663939,776.0,3.88,18.33,3.84,18.11,1747.0,860.0,98.0,1.0,3.86,18.22,True,762.0030662814997,0.9969904910836334,0.01820194051319921,True,-14.36,-14.489999999999998,-14.23,0.129999999999999,-13.954809821672638,-0.40519017832736104,0.27519017832736203,True,762.1602220880545,5.963098686861262e-05,0.0,0.5492047683667529,-14.347331745285695,-0.012668254714304439,0.0,False
2026-10-16,0.0772651152663939,777.0,3.59,20.87,3.55,18.81,1887.0,1229.0,164.0,6.0,3.57,19.84,True,762.0030662814997,0.9969904910836334,0.019489770697627924,True,-16.27,-17.32,-15.219999999999999,1.0500000000000007,-14.951800312756273,-1.3181996872437267,0.268199687243726,True,762.1602220880545,5.963098686861262e-05,0.0,0.5869671145491537,-15.382084582551729,-0.8879154174482711,0.0,False
2026-10-16,0.0772651152663939,778.0,3.28,21.63,3.26,19.51,3845.0,590.0,657.0,12.0,3.2699999999999996,20.57,True,762.0030662814997,0.9969904910836334,0.020775944508372113,True,-17.3,-18.369999999999997,-16.23,1.0699999999999985,-15.948790803839906,-1.3512091961600952,0.2812091961600949,True,762.1602220880545,5.963098686861262e-05,0.0,0.6306089771799499,-16.422716936266156,-0.8772830637338451,0.0,False
2026-10-16,0.0772651152663939,779.0,3.0,20.62,2.97,20.37,1921.0,605.0,123.0,1.0,2.9850000000000003,20.495,True,762.0030662814997,0.9969904910836334,0.022060466200728802,True,-17.51,-17.650000000000002,-17.37,0.14000000000000057,-16.94578129492354,-0.5642187050764633,0.42421870507646275,True,762.1602220880545,5.963098686861262e-05,0.0,0.6776231889028494,-17.46672163907269,-0.04327836092731019,0.0,False
2026-10-16,0.0772651152663939,780.0,2.75,21.47,2.73,21.19,13157.0,2747.0,5212.0,1816.0,2.74,21.33,True,762.0030662814997,0.9969904910836334,0.023343340013617986,True,-18.589999999999996,-18.74,-18.44,0.14999999999999858,-17.94277178600717,-0.6472282139928254,0.49722821399283035,True,762.1602220880545,5.963098686861262e-05,0.0,0.7239714809548836,-18.51006042220836,-0.07993957779163807,0.0,False
2026-10-16,0.0772651152663939,781.0,2.5,22.21,2.48,21.89,3409.0,346.0,952.0,4.0,2.49,22.05,True,762.0030662814997,0.9969904910836334,0.02462457016966634,True,-19.560000000000002,-19.73,-19.39,0.16999999999999993,-18.939762277090807,-0.6202377229091951,0.4502377229091934,True,762.1602220880545,5.963098686861262e-05,0.0,0.7777357877690818,-19.56081522010619,0.0008152201061868425,0.0,False
2026-10-16,0.0772651152663939,782.0,2.31,24.87,2.29,22.71,2881.0,205.0,137.0,1.0,2.3,23.79,True,762.0030662814997,0.9969904910836334,0.02590416087529148,True,-21.49,-22.580000000000002,-20.400000000000002,1.0899999999999999,-19.93675276817444,-1.5532472318255586,0.46324723182556227,True,762.1602220880545,5.963098686861262e-05,0.0,0.8252014052983974,-20.605271328719137,-0.8847286712808611,0.0,False
2026-10-16,0.0772651152663939,783.0,2.09,25.73,2.07,23.62,2292.0,167.0,288.0,83.0,2.08,24.675,True,762.0030662814997,0.9969904910836334,0.027182116320783527,True,-22.595,-23.66,-21.53,1.0649999999999995,-20.933743259258073,-1.6612567407419263,0.5962567407419286,True,762.1602220880545,5.963098686861262e-05,0.0,0.8852620814597962,-21.662322495964172,-0.9326775040358264,0.0,False
2026-10-16,0.0772651152663939,784.0,1.91,26.33,1.9,23.46,2473.0,225.0,195.0,2.0,1.9049999999999998,24.895,True,762.0030662814997,0.9969904910836334,0.0284584406803883,True,-22.99,-24.43,-21.55,1.4399999999999995,-21.930733750341705,-1.0592662496582932,0.0,False,762.1602220880545,5.963098686861262e-05,0.0,0.9410326589142635,-22.715083564502272,-0.27491643549772604,0.0,False
2026-10-16,0.0772651152663939,785.0,1.73,27.5,1.71,24.23,13125.0,403.0,492.0,1628.0,1.72,25.865000000000002,True,762.0030662814997,0.9969904910836334,0.02973313811238891,True,-24.145000000000003,-25.79,-22.5,1.6449999999999996,-22.927724241425338,-1.2172757585746652,0.0,False,762.1602220880545,5.963098686861262e-05,0.0,1.00718595558347,-23.77822735225511,-0.3667726477448916,0.0,False
2026-10-16,0.0772651152663939,786.0,1.57,28.3,1.55,24.84,4363.0,122.0,595.0,21.0,1.56,26.57,True,762.0030662814997,0.9969904910836334,0.03100621275918705,True,-25.01,-26.75,-23.27,1.7400000000000002,-23.924714732508974,-1.0852852674910274,0.0,False,762.1602220880545,5.963098686861262e-05,0.0,1.0729813773003265,-24.8410132650556,-0.16898673494440075,0.0,False
2026-10-16,0.0772651152663939,787.0,1.43,29.21,1.41,25.77,2064.0,72.0,627.0,1.0,1.42,27.490000000000002,True,762.0030662814997,0.9969904910836334,0.032277668747383755,True,-26.07,-27.8,-24.34,1.7300000000000004,-24.921705223592607,-1.1482947764073934,0.0,False,762.1602220880545,5.963098686861262e-05,0.0,1.1385503806080628,-25.90357275944697,-0.1664272405530305,0.0,False
2026-10-16,0.0772651152663939,788.0,1.3,30.4,1.28,26.75,1712.0,3.0,310.0,1.0,1.29,28.575,True,762.0030662814997,0.9969904910836334,0.03354751018785968,True,-27.285,-29.119999999999997,-25.45,1.834999999999999,-25.91869571467624,-1.3663042853237606,0.0,False,762.1602220880545,5.963098686861262e-05,0.0,1.2074672953980858,-26.96948016532063,-0.31551983467937106,0.0,False
2026-10-16,0.0772651152663939,789.0,1.17,31.48,1.15,27.97,1539.0,17.0,293.0,2.0,1.16,29.725,True,762.0030662814997,0.9969904910836334,0.03481574117585482,True,-28.565,-30.330000000000002,-26.799999999999997,1.7650000000000023,-26.915686205759872,-1.649313794240129,0.0,False,762.1602220880545,5.963098686861262e-05,0.0,1.286123738091753,-28.04512709909793,-0.5198729009020724,0.0,False
2026-10-16,0.0772651152663939,790.0,1.06,32.32,1.05,28.84,21273.0,118.0,5267.0,8.0,1.0550000000000002,30.58,True,762.0030662814997,0.9969904910836334,0.03608236579104757,True,-29.525,-31.27,-27.78,1.7449999999999992,-27.912676696843505,-1.6123233031564936,0.0,False,762.1602220880545,5.963098686861262e-05,0.0,1.3591471897430587,-29.115141041832867,-0.40985895816713125,0.0,False
2026-10-16,0.0772651152663939,791.0,0.97,33.41,0.95,29.81,1900.0,142.0,371.0,2.0,0.96,31.61,True,762.0030662814997,0.9969904910836334,0.03734738809763429,True,-30.65,-32.459999999999994,-28.84,1.809999999999997,-28.90966718792714,-1.7403328120728574,0.0,False,762.1602220880545,5.963098686861262e-05,0.0,1.433047066230536,-30.186031409403977,-0.46396859059602136,0.0,False
2026-10-16,0.0772651152663939,792.0,0.87,34.42,0.86,30.61,2014.0,11.0,417.0,6.0,0.865,32.515,True,762.0030662814997,0.9969904910836334,0.0386108121444063,True,-31.650000000000002,-33.56,-29.74,1.910000000000002,-29.906657679010774,-1.7433423209892283,0.0,False,762.1602220880545,5.963098686861262e-05,0.0,1.5161794215620432,-31.266154255819117,-0.3838457441808849,0.0,False
2026-10-16,0.0772651152663939,793.0,0.8,35.18,0.79,31.6,7321.0,3.0,87.0,1.0,0.795,33.39,True,762.0030662814997,0.9969904910836334,0.039872641964828454,True,-32.595,-34.39,-30.8,1.795,-30.903648170094407,-1.6913518299055923,0.0,False,762.1602220880545,5.963098686861262e-05,0.0,1.5880332263602277,-32.334998551700934,-0.26000144829906446,0.0,False
2026-10-16,0.0772651152663939,794.0,0.73,36.28,0.71,32.79,3957.0,1.0,101.0,1.0,0.72,34.535,True,762.0030662814997,0.9969904910836334,0.04113288157711622,True,-33.815,-35.57,-32.06,1.754999999999999,-31.90063866117804,-1.9143613388219585,0.15936133882196302,True,762.1602220880545,5.963098686861262e-05,0.0,1.6660424518865895,-33.40999826831093,-0.40500173168906883,0.0,False
2026-10-16,0.0772651152663939,795.0,0.65,37.29,0.64,33.58,10409.0,27.0,3343.0,2.0,0.645,35.435,True,762.0030662814997,0.9969904910836334,0.042391534984312425,True,-34.79,-36.65,-32.93,1.8599999999999994,-32.89762915226167,-1.8923708477383272,0.03237084773832777,True,762.1602220880545,5.963098686861262e-05,0.0,1.7440517641967048,-34.48499807170468,-0.3050019282953187,0.0,False
2026-10-16,0.0772651152663939,796.0,0.6,38.05,0.58,34.52,2470.0,1.0,39.0,1.0,0.59,36.285,True,762.0030662814997,0.9969904910836334,0.043648606174363565,True,-35.69499999999999,-37.47,-33.92,1.7749999999999986,-33.89461964334531,-1.800380356654685,0.025380356654693514,True,762.1602220880545,5.963098686861262e-05,0.0,1.8020612699711904,-35.5399980685628,-0.15500193143719088,0.0,False
2026-10-16,0.0772651152663939,797.0,0.55,39.4,0.54,35.55,11643.0,40.0,701.0,80.0,0.545,37.474999999999994,True,762.0030662814997,0.9969904910836334,0.04490409912019561,True,-36.92999999999999,-38.86,-35.0,1.9299999999999997,-34.89161013442894,-2.0383898655710553,0.10838986557106267,True,762.1602220880545,5.963098686861262e-05,0.0,1.8500707283917706,-36.58499801806701,-0.34500198193298104,0.0,False
2026-10-16,0.0772651152663939,798.0,0.49,40.18,0.48,36.24,1679.0,28.0,18.0,2.0,0.485,38.21,True,762.0030662814997,0.9969904910836334,0.04615801777978915,True,-37.725,-39.7,-35.75,1.9750000000000014,-35.888600625512574,-1.8363993744874278,0.0,False,762.1602220880545,5.963098686861262e-05,0.0,1.9130800604996736,-37.64499784125855,-0.08000215874145056,0.0,False
2026-10-16,0.0772651152663939,799.0,0.46,41.2,0.45,37.18,2812.0,100.0,310.0,0.0,0.455,39.19,True,762.0030662814997,0.9969904910836334,0.04741036609625508,True,-38.735,-40.75,-36.72,2.0150000000000006,-36.88559111659621,-1.8494088834037896,0.0,False,762.1602220880545,5.963098686861262e-05,0.0,1.9460897158154609,-38.67499798765797,-0.060002012342032174,0.0,False
2026-10-16,0.0772651152663939,800.0,0.42,42.18,0.41,38.18,22107.0,491.0,3067.0,1.0,0.415,40.18,True,762.0030662814997,0.9969904910836334,0.04866114799790774,True,-39.765,-41.77,-37.76,2.0050000000000026,-37.88258160767984,-1.8824183923201616,0.0,False,762.1602220880545,5.963098686861262e-05,0.0,1.989099122104271,-39.714997885030414,-0.05000211496958684,0.0,False
2026-10-16,0.0772651152663939,805.0,0.27,47.28,0.26,43.34,10081.0,18.0,442.0,5.0,0.265,45.31,True,762.0030662814997,0.9969904910836334,0.05489169774854394,True,-45.045,-47.02,-43.07,1.9750000000000014,-42.867534063098006,-2.1774659369019957,0.20246593690199433,True,762.1602220880545,5.963098686861262e-05,0.0,2.1541469926850922,-44.8649982110294,-0.18000178897059982,0.0,False
2026-10-16,0.0772651152663939,810.0,0.19,52.26,0.18,48.34,15187.0,88.0,144.0,6.0,0.185,50.3,True,762.0030662814997,0.9969904910836334,0.06108366799646493,True,-50.114999999999995,-52.08,-48.150000000000006,1.9649999999999963,-47.85248651851617,-2.262513481483822,0.2975134814838327,True,762.1602220880545,5.963098686861262e-05,0.0,2.249195018900039,-49.944998692662516,-0.1700013073374791,0.0,False
2026-10-16,0.0772651152663939,815.0,0.15,57.21,0.14,53.22,16309.0,8.0,107.0,4.0,0.14500000000000002,55.215,True,762.0030662814997,0.9969904910836334,0.06723753357084311,True,-55.07,-57.07,-53.07,2.0,-52.83743897393434,-2.2325610260656603,0.23256102606566031,True,762.1602220880545,5.963098686861262e-05,0.0,2.304242894437273,-54.98499902361792,-0.08500097638208359,0.0,False
2026-10-16,0.0772651152663939,820.0,0.11,62.27,0.1,58.34,14361.0,9.0,8.0,8.0,0.10500000000000001,60.30500000000001,True,762.0030662814997,0.9969904910836334,0.07335376058827932,True,-60.20000000000001,-62.17,-58.230000000000004,1.9699999999999989,-57.82239142935251,-2.377608570647503,0.407608570647497,True,762.1602220880545,5.963098686861262e-05,0.0,2.3592910157748364,-60.02499960037365,-0.17500039962636293,0.0,False
2026-10-16,0.0772651152663939,825.0,0.09,67.2,0.08,63.18,16091.0,2.0,2.0,2.0,0.08499999999999999,65.19,True,762.0030662814997,0.9969904910836334,0.07943280666466143,True,-65.105,-67.12,-63.089999999999996,2.015000000000004,-62.807343884770674,-2.29765611522933,0.2826561152293223,True,762.1602220880545,5.963098686861262e-05,0.0,2.3943389240997064,-65.04499996411668,-0.060000035883319924,0.0,False
2026-10-16,0.0772651152663939,830.0,0.08,72.18,0.07,68.18,18376.0,50.0,13.0,1.0,0.07500000000000001,70.18,True,762.0030662814997,0.9969904910836334,0.08547512112062418,True,-70.105,-72.11000000000001,-68.10000000000001,2.0050000000000026,-67.79229634018884,-2.312703659811163,0.30770365981116754,True,762.1602220880545,5.963098686861262e-05,0.0,2.4193866301340705,-70.05500012556921,-0.0499998744307959,0.0,False
2026-10-16,0.0772651152663939,835.0,0.06,77.26,0.05,73.34,3413.0,4.0,3.0,4.0,0.055,75.30000000000001,True,762.0030662814997,0.9969904910836334,0.09148114518083597,True,-75.245,-77.21000000000001,-73.28,1.9650000000000034,-72.77724879560701,-2.4677512043929966,0.5027512043929931,True,762.1602220880545,5.963098686861262e-05,0.0,2.454434783128562,-75.07500073398187,-0.16999926601813797,0.0,False
2026-10-16,0.0772651152663939,840.0,0.05,82.27,0.04,78.34,3068.0,2.0,26.0,1.0,0.045,80.305,False,762.0030662814997,0.9969904910836334,0.09745131216733971,False,-80.26,-82.22999999999999,-78.29,1.9699999999999918,-77.76220125102517,-2.49779874897483,0.5277987489748313,True,762.1602220880545,5.963098686861262e-05,0.0,2.491811514569534,-80.097329920841,-0.16267007915899967,0.0,False
2026-10-16,0.0772651152663939,845.0,0.05,87.21,0.04,83.18,1886.0,1.0,2.0,1.0,0.045,85.195,False,762.0030662814997,0.9969904910836334,0.10338604768715438,False,-85.14999999999999,-87.16999999999999,-83.13000000000001,2.019999999999989,-82.74715370644334,-2.4028462935566495,0.38284629355666766,True,762.1602220880545,5.963098686861262e-05,0.0,2.5205100076074984,-85.11098086929714,-0.039019130702854454,0.0,False
2026-10-16,0.0772651152663939,850.0,0.04,92.18,0.03,88.22,9894.0,12.0,4.0,1.0,0.035,90.2,False,762.0030662814997,0.9969904910836334,0.10928576981434258,False,-90.165,-92.15,-88.17999999999999,1.9850000000000065,-87.73210616186151,-2.4328938381384972,0.4478938381384836,True,762.1602220880545,5.963098686861262e-05,0.0,2.5437242826754556,-90.11914759978326,-0.04585240021674508,0.0,False
2026-10-16,0.0772651152663939,855.0,0.03,97.21,0.02,93.24,714.0,2.0,2.0,1.0,0.025,95.225,False,762.0030662814997,0.9969904910836334,0.11515088926674079,False,-95.19999999999999,-97.19,-93.21,1.990000000000002,-92.71705861727968,-2.4829413827203126,0.49294138272031773,True,762.1602220880545,5.963098686861262e-05,0.0,2.5635541428116113,-95.12392991533758,-0.07607008466240472,0.0,False
2026-10-16,0.0772651152663939,865.0,0.02,107.21,0.01,103.54,509.0,0.0,1.0,1.0,0.015,105.375,False,762.0030662814997,0.9969904910836334,0.12677892726185974,False,-105.36,-107.19999999999999,-103.52000000000001,1.8399999999999892,-102.68696352811601,-2.6730364718839894,0.8330364718840002,True,762.1602220880545,5.963098686861262e-05,0.0,2.597930626698499,-105.1282113100608,-0.23178868993919366,0.0,False
2026-10-16,0.0772651152663939,880.0,0.02,122.34,0.01,118.56,433.0,91.0,10.0,0.0,0.015,120.45,False,762.0030662814997,0.9969904910836334,0.14397132780223273,False,-120.435,-122.33,-118.54,1.894999999999996,-117.64182089437051,-2.7931791056294912,0.8981791056294952,True,762.1602220880545,5.963098686861262e-05,0.0,2.6446175904896734,-120.12975564010648,-0.3052443598935213,0.0,False
2026-10-30,0.1156212796499556,470.0,293.88,0.12,290.07,0.11,6.0,76097.0,1.0,178.0,291.975,0.11499999999999999,True,763.3028684901353,0.9954998680484348,-0.4849222021047033,False,291.86,289.95,293.77,1.9099999999999966,291.98296688015716,-0.12296688015715063,0.0,False,763.485464389848,-0.002044941322464619,0.0,0.00025389200374101306,292.1644871822235,-0.3044871822235109,0.0,False
2026-10-30,0.1156212796499556,475.0,288.92,0.13,285.09,0.12,15.0,128.0,3.0,19.0,287.005,0.125,True,763.3028684901353,0.9954998680484348,-0.47434009277416633,False,286.88,284.96,288.8,1.920000000000016,287.00546753991495,-0.12546753991495052,0.0,False,763.485464389848,-0.002044941322464619,0.0,0.00028033465720743445,287.18696139932786,-0.3069613993278608,0.0,False
2026-10-30,0.1156212796499556,480.0,283.96,0.13,280.14,0.12,1.0,421.0,1.0,1.0,282.04999999999995,0.125,True,763.3028684901353,0.9954998680484348,-0.4638687929068709,False,281.92499999999995,280.01,283.84,1.914999999999992,282.0279681996728,-0.10296819967283,0.0,False,763.485464389848,-0.002044941322464619,0.0,0.0002865835872525452,282.20945581015565,-0.2844558101556913,0.0,False
2026-10-30,0.1156212796499556,490.0,274.01,0.15,270.17,0.14,71.0,236.0,1.0,4.0,272.09000000000003,0.14500000000000002,True,763.3028684901353,0.9954998680484348,-0.4432495057041353,False,271.94500000000005,270.02000000000004,273.87,1.924999999999983,272.07296951918846,-0.1279695191884116,0.0,False,763.485464389848,-0.002044941322464619,0.0,0.0003438170751623171,272.2543998961834,-0.3093998961833222,0.0,False
2026-10-30,0.1156212796499556,495.0,269.07,0.16,265.22,0.15,1.0,216.0,0.0,6.0,267.145,0.155,True,763.3028684901353,0.9954998680484348,-0.43309713424011725,False,266.99,265.06,268.92,1.9300000000000068,267.0954701789463,-0.10547017894629107,0.0,False,763.485464389848,-0.002044941322464619,0.0,0.00037407771140851587,267.276870295305,-0.2868702953049933,0.0,False
2026-10-30,0.1156212796499556,500.0,264.09,0.17,260.27,0.16,2.0,1190.0,2.0,30.0,262.17999999999995,0.165,True,763.3028684901353,0.9954998680484348,-0.42304679838661574,False,262.01499999999993,260.09999999999997,263.92999999999995,1.914999999999992,262.1179708387041,-0.10297083870415236,0.0,False,763.485464389848,-0.002044941322464619,0.0,0.0004054892046063685,262.2993395435696,-0.28433954356967206,0.0,False
2026-10-30,0.1156212796499556,520.0,244.24,0.21,240.42,0.2,9.0,477.0,1.0,1.0,242.32999999999998,0.20500000000000002,True,763.3028684901353,0.9954998680484348,-0.3838260852333344,False,242.12499999999997,240.20999999999998,244.04000000000002,1.9150000000000205,242.2079734777354,-0.08297347773543606,0.0,False,763.485464389848,-0.002044941322464619,0.0,0.0005452785247529179,242.38920239328075,-0.2642023932807831,0.0,False
2026-10-30,0.1156212796499556,530.0,232.46,0.25,229.04,0.24,2.0,615.0,0.0,1.0,230.75,0.245,True,763.3028684901353,0.9954998680484348,-0.36477789026264,False,230.505,228.79,232.22,1.7150000000000034,232.25297479725106,-1.7479747972510609,0.03297479725105745,True,763.485464389848,-0.002044941322464619,0.0,0.00067610337793933,232.43407288794322,-1.9290728879432208,0.21407288794321744,True
2026-10-30,0.1156212796499556,540.0,224.42,0.28,220.58,0.27,3.0,835.0,1.0,1.0,222.5,0.275,True,763.3028684901353,0.9954998680484348,-0.3460857572504875,False,222.225,220.3,224.14999999999998,1.924999999999983,222.2979761167667,-0.07297611676671067,0.0,False,763.485464389848,-0.002044941322464619,0.0,0.0007924269130310524,222.47895788392378,-0.25395788392378904,0.0,False
2026-10-30,0.1156212796499556,545.0,219.59,0.29,215.8,0.28,2.0,438.0,1.0,2.0,217.695,0.28500000000000003,True,763.3028684901353,0.9954998680484348,-0.3368691021455635,False,217.41,215.51000000000002,219.31,1.8999999999999915,217.32047677652454,0.08952322347545305,0.0,False,763.485464389848,-0.002044941322464619,0.0,0.0008411717048611433,217.5014097988898,-0.09140979888979928,0.0,False
2026-10-30,0.1156212796499556,550.0,214.49,0.31,210.66,0.3,3.0,811.0,3.0,6.0,212.575,0.305,True,763.3028684901353,0.9954998680484348,-0.3277366185822909,False,212.26999999999998,210.35,214.19,1.9200000000000017,212.34297743628235,-0.07297743628237185,0.0,False,763.485464389848,-0.002044941322464619,0.0,0.0009199107393784156,212.52383171961307,-0.25383171961308904,0.0,False
2026-10-30,0.1156212796499556,555.0,209.52,0.33,205.68,0.32,2.0,447.0,1.0,1.0,207.60000000000002,0.325,True,763.3028684901353,0.9954998680484348,-0.3186867830623731,False,207.27500000000003,205.35,209.20000000000002,1.9250000000000114,207.3654780960402,-0.0904780960401581,0.0,False,763.485464389848,-0.002044941322464619,0.0,0.0010026884353678267,207.54624960167493,-0.27124960167489576,0.0,False
2026-10-30,0.1156212796499556,560.0,204.18,0.35,200.74,0.34,4.0,322.0,4.0,1.0,202.46,0.345,True,763.3028684901353,0.9954998680484348,-0.30971811307961267,False,202.115,200.39000000000001,203.84,1.7249999999999943,202.387978755798,-0.27297875579799324,0.0,False,763.485464389848,-0.002044941322464619,0.0,0.0010898288284169055,202.5686631210397,-0.453663121039682,0.0,False
2026-10-30,0.1156212796499556,565.0,208.57,0.36,205.3,0.35,6.0,211.0,3.0,2.0,206.935,0.355,True,763.3028684901353,0.9954998680484348,-0.30082916566236656,False,206.58,204.94,208.22,1.6400000000000006,197.41047941555584,9.169520584444172,7.529520584444157,True,763.485464389848,-0.002044941322464619,0.0,0.0011518321143267896,197.59110177751162,8.988898222488388,7.348898222488373,True
2026-10-30,0.1156212796499556,570.0,194.7,0.39,190.84,0.38,1235.0,150815.0,25.0,3.0,192.76999999999998,0.385,True,763.3028684901353,0.9954998680484348,-0.29201853598021166,False,192.385,190.45000000000002,194.32,1.934999999999988,192.43298007531365,-0.04798007531366011,0.0,False,763.485464389848,-0.002044941322464619,0.0,0.001277618489661847,192.6134766508941,-0.22847665089412317,0.0,False
2026-10-30,0.1156212796499556,575.0,189.7,0.42,185.78,0.41,32.0,1227.0,1.0,4.0,187.74,0.415,True,763.3028684901353,0.9954998680484348,-0.28328485601145714,False,187.32500000000002,185.36,189.29,1.9649999999999892,187.4554807350715,-0.1304807350714725,0.0,False,763.485464389848,-0.002044941322464619,0.0,0.001409793473047427,187.63584513566855,-0.31084513566852934,0.0,False
2026-10-30,0.1156212796499556,580.0,184.74,0.44,180.84,0.43,154.0,3672.0,1.0,2.0,182.79000000000002,0.435,True,763.3028684901353,0.9954998680484348,-0.2746267932683425,False,182.35500000000002,180.4,184.31,1.9549999999999983,182.47798139482933,-0.12298139482930992,0.0,False,763.485464389848,-0.002044941322464619,0.0,0.0015174109439893835,182.65823817795544,-0.3032381779554214,0.0,False
2026-10-30,0.1156212796499556,585.0,179.8,0.46,175.9,0.45,9.0,589.0,25.0,25.0,177.85000000000002,0.455,True,763.3028684901353,0.9954998680484348,-0.266043049576951,False,177.395,175.44,179.35000000000002,1.9550000000000125,177.50048205458714,-0.105482054587128,0.0,False,763.485464389848,-0.002044941322464619,0.0,0.0016311133900983044,177.68062513526715,-0.2856251352671393,0.0,False
2026-10-30,0.1156212796499556,590.0,175.0,0.49,171.04,0.48,58.0,958.0,1.0,336.0,173.01999999999998,0.485,True,763.3028684901353,0.9954998680484348,-0.25753235990904244,False,172.53499999999997,170.54999999999998,174.52,1.9850000000000136,172.52298271434498,0.012017285654991383,0.0,False,763.485464389848,-0.002044941322464619,0.0,0.0017849526045595754,172.7029719558105,-0.16797195581054325,0.0,False
2026-10-30,0.1156212796499556,595.0,169.9,0.52,166.01,0.51,315.0,21150.0,44.0,5.0,167.95499999999998,0.515,True,763.3028684901353,0.9954998680484348,-0.24909349126317779,False,167.44,165.48999999999998,169.39000000000001,1.950000000000017,167.5454833741028,-0.10548337410278918,0.0,False,763.485464389848,-0.002044941322464619,0.0,0.0019484615104471414,167.72530910666245,-0.2853091066624529,0.0,False
2026-10-30,0.1156212796499556,600.0,165.27,0.55,161.2,0.54,26.0,21320.0,3.0,12.0,163.235,0.545,True,763.3028684901353,0.9954998680484348,-0.24072524159266115,False,162.69000000000003,160.64999999999998,164.73000000000002,2.0400000000000205,162.56798403386063,0.12201596613940069,0.0,False,763.485464389848,-0.002044941322464619,0.0,0.0021235282579333825,162.7476346996728,-0.057634699672775014,0.0,False
2026-10-30,0.1156212796499556,605.0,160.17,0.59,156.21,0.58,10.0,992.0,1.0,65.0,158.19,0.585,True,763.3028684901353,0.9954998680484348,-0.232426438777966,False,157.605,155.62,159.58999999999997,1.9849999999999852,157.59048469361844,0.014515306381554183,0.0,False,763.485464389848,-0.002044941322464619,0.0,0.0023452622454686045,157.76991362544308,-0.1649136254430914,0.0,False
2026-10-30,0.1156212796499556,610.0,155.25,0.63,151.34,0.62,29.0,759.0,8.0,117.0,153.29500000000002,0.625,True,763.3028684901353,0.9954998680484348,-0.22419593964145063,False,152.67000000000002,150.71,154.63,1.9599999999999937,152.61298535337627,0.05701464662374178,0.0,False,763.485464389848,-0.002044941322464619,0.0,0.0025818120426194247,152.79217773540375,-0.12217773540373855,0.0,False
2026-10-30,0.1156212796499556,615.0,150.1,0.67,146.34,0.65,4.0,664.0,1.0,7.0,148.22,0.66,True,763.3028684901353,0.9954998680484348,-0.21603262900228967,False,147.56,145.67000000000002,149.45,1.8899999999999864,147.63548601313408,-0.07548601313408199,0.0,False,763.485464389848,-0.002044941322464619,0.0,0.002815053031603121,147.8144451541726,-0.2544451541726005,0.0,False
2026-10-30,0.1156212796499556,620.0,145.25,0.72,141.46,0.7,25.0,2108.0,1.0,7.0,143.35500000000002,0.71,True,763.3028684901353,0.9954998680484348,-0.20793541876967025,False,142.645,140.74,144.55,1.9050000000000011,142.65798667289192,-0.012986672891912576,0.0,False,763.485464389848,-0.002044941322464619,0.0,0.0031224675943628544,142.83663839936767,-0.1916383993676618,0.0,False
2026-10-30,0.1156212796499556,625.0,145.22,0.76,141.99,0.74,0.0,839.0,2.0,14.0,143.60500000000002,0.75,True,763.3028684901353,0.9954998680484348,-0.1999032470724061,False,142.85500000000002,141.23000000000002,144.48,1.6249999999999858,137.68048733264976,5.174512667350257,3.549512667350257,True,763.485464389848,-0.002044941322464619,0.0,0.0034119850278941932,137.85884954169197,4.996150458308051,3.371150458308051,True
2026-10-30,0.1156212796499556,630.0,135.44,0.82,131.56,0.8,33.0,2010.0,22.0,12.0,133.5,0.81,True,763.3028684901353,0.9954998680484348,-0.19193507742322918,False,132.69,130.74,134.64,1.9499999999999886,132.70298799240757,-0.012987992407573756,0.0,False,763.485464389848,-0.002044941322464619,0.0,0.0038064470521298466,132.88095573942553,-0.190955739425533,0.0,False
2026-10-30,0.1156212796499556,635.0,130.37,0.87,126.59,0.85,156.0,683.0,24.0,49.0,128.48000000000002,0.86,True,763.3028684901353,0.9954998680484348,-0.18402989791611585,False,127.62000000000002,125.72,129.52,1.9000000000000057,127.7254886521654,-0.10548865216537706,0.0,False,763.485464389848,-0.002044941322464619,0.0,0.004190760518877457,127.90307208571662,-0.28307208571659714,0.0,False
2026-10-30,0.1156212796499556,640.0,125.54,0.93,121.63,0.91,110.0,361.0,24.0,7.0,123.58500000000001,0.92,True,763.3028684901353,0.9954998680484348,-0.17618672045509007,False,122.665,120.69999999999999,124.63000000000001,1.9650000000000105,122.74798931192322,-0.0829893119232139,0.0,False,763.485464389848,-0.002044941322464619,0.0,0.0046508876268051,122.92511261836653,-0.2601126183665201,0.0,False
2026-10-30,0.1156212796499556,641.0,124.62,0.94,121.03,0.92,3239.0,268.0,4.0,3.0,122.825,0.9299999999999999,True,763.3028684901353,0.9954998680484348,-0.17462543988813756,False,121.895,120.09,123.7,1.8049999999999997,121.7524894438748,0.14251055612520247,0.0,False,763.485464389848,-0.002044941322464619,0.0,0.004738412577209861,121.92952522536768,-0.03452522536768754,0.0,False
2026-10-30,0.1156212796499556,642.0,123.17,0.95,119.75,0.94,53.0,130.0,2.0,1.0,121.46000000000001,0.945,True,763.3028684901353,0.9954998680484348,-0.17306659311884642,False,120.51500000000001,118.8,122.23,1.7150000000000034,120.75698957582635,-0.24198957582633795,0.0,False,763.485464389848,-0.002044941322464619,0.0,0.004849553247586735,120.93391421664887,-0.418914216648858,0.0,False
2026-10-30,0.1156212796499556,645.0,120.6,0.99,116.81,0.98,21.0,459.0,2.0,291.0,118.705,0.985,True,763.3028684901353,0.9954998680484348,-0.16840458001303507,False,117.72,115.82000000000001,119.61999999999999,1.8999999999999915,117.77048997168106,-0.05048997168105984,0.0,False,763.485464389848,-0.002044941322464619,0.0,0.005170556454468955,117.94709360929669,-0.22709360929668776,0.0,False
2026-10-30,0.1156212796499556,646.0,119.74,1.01,115.97,0.99,7.0,141.0,8.0,2.0,117.85499999999999,1.0,True,763.3028684901353,0.9954998680484348,-0.1668553930262057,False,116.85499999999999,114.96,118.75,1.8950000000000031,116.77499010363262,0.08000989636737188,0.0,False,763.485464389848,-0.002044941322464619,0.0,0.005288592800493097,116.95147570490222,-0.09647570490223245,0.0,False
2026-10-30,0.1156212796499556,648.0,117.69,1.04,113.76,1.03,1.0,407.0,0.0,7.0,115.725,1.0350000000000001,True,763.3028684901353,0.9954998680484348,-0.16376420045653284,False,114.69,112.72,116.66,1.9699999999999989,114.78399036753575,-0.09399036753575274,0.0,False,763.485464389848,-0.002044941322464619,0.0,0.005553836772882903,114.96021072483296,-0.27021072483296393,0.0,False
2026-10-30,0.1156212796499556,649.0,125.95,1.05,122.68,1.03,0.0,159.0,1.0,6.0,124.315,1.04,True,763.3028684901353,0.9954998680484348,-0.16222218010471753,False,123.27499999999999,121.63000000000001,124.92,1.644999999999996,113.78849049948731,9.486509500512682,7.8415095005127,True,763.485464389848,-0.002044941322464619,0.0,0.005631162420367097,113.96463353113704,9.310366468862952,7.66536646886297,True
2026-10-30,0.1156212796499556,650.0,115.66,1.07,112.26,1.06,86.0,15281.0,17.0,19.0,113.96000000000001,1.065,True,763.3028684901353,0.9954998680484348,-0.16068253391912474,False,112.89500000000001,111.19000000000001,114.6,1.7049999999999912,112.79299063143888,0.10200936856112719,0.0,False,763.485464389848,-0.002044941322464619,0.0,0.005803871633706326,112.96896095387528,-0.07396095387527168,0.0,False
2026-10-30,0.1156212796499556,652.0,106.06,1.1,102.54,1.08,2.0,278.0,0.0,86.0,104.30000000000001,1.09,True,763.3028684901353,0.9954998680484348,-0.15761033488215456,False,103.21000000000001,101.44000000000001,104.98,1.769999999999996,110.80199089534202,-7.591990895342008,5.821990895342012,True,763.485464389848,-0.002044941322464619,0.0,0.006038912998379775,110.97772617641374,-7.767726176413731,5.997726176413735,True
2026-10-30,0.1156212796499556,654.0,111.83,1.13,107.99,1.12,4.0,175.0,0.0,1.0,109.91,1.125,True,763.3028684901353,0.9954998680484348,-0.15454754535160878,False,108.785,106.86,110.71,1.9249999999999972,108.81099115924513,-0.025991159245137396,0.0,False,763.485464389848,-0.002044941322464619,0.0,0.006330132635990582,108.98643522067924,-0.2014352206792438,0.0,False
2026-10-30,0.1156212796499556,655.0,111.0,1.15,107.2,1.13,67.0,187.0,1.0,10.0,109.1,1.14,True,763.3028684901353,0.9954998680484348,-0.15301966117355556,False,107.96,106.05,109.87,1.9100000000000037,107.81549129119671,0.14450870880328637,0.0,False,763.485464389848,-0.002044941322464619,0.0,0.006467563315422087,107.99079792195138,-0.03079792195138964,0.0,False
2026-10-30,0.1156212796499556,656.0,110.03,1.16,106.04,1.15,176.0,494.0,23.0,3.0,108.035,1.1549999999999998,True,763.3028684901353,0.9954998680484348,-0.15149410786471842,False,106.88,104.88000000000001,108.88,1.999999999999993,106.81999142314827,0.06000857685172889,0.0,False,763.485464389848,-0.002044941322464619,0.0,0.006608043496040494,106.99515757372232,-0.11515757372232827,0.0,False
2026-10-30,0.1156212796499556,658.0,108.08,1.2,104.14,1.18,1.0,84.0,1.0,6.0,106.11,1.19,True,763.3028684901353,0.9954998680484348,-0.14844996548349038,False,104.92,102.94,106.89999999999999,1.9799999999999969,104.8289916870514,0.09100831294860257,0.0,False,763.485464389848,-0.002044941322464619,0.0,0.006921897702454549,105.00384398341905,-0.08384398341904387,0.0,False
2026-10-30,0.1156212796499556,660.0,105.92,1.24,102.04,1.22,74.0,989.0,1.0,98.0,103.98,1.23,True,763.3028684901353,0.9954998680484348,-0.14541506178833635,False,102.75,100.80000000000001,104.7,1.9499999999999957,102.83799195095453,-0.08799195095453172,0.0,False,763.485464389848,-0.002044941322464619,0.0,0.0072714767819663795,103.01249466824267,-0.26249466824266676,0.0,False
2026-10-30,0.1156212796499556,661.0,104.99,1.27,101.05,1.25,7.0,73.0,25.0,37.0,103.02,1.26,True,763.3028684901353,0.9954998680484348,-0.14390105695712127,False,101.75999999999999,99.78,103.74,1.9799999999999969,101.84249208290609,-0.0824920829061,0.0,False,763.485464389848,-0.002044941322464619,0.0,0.0075018680790379655,102.01676440889716,-0.256764408897169,0.0,False
2026-10-30,0.1156212796499556,662.0,106.83,1.29,104.82,1.27,7.0,246.0,6.0,12.0,105.82499999999999,1.28,True,763.3028684901353,0.9954998680484348,-0.14238934087179936,False,104.54499999999999,103.52999999999999,105.56,1.0150000000000077,100.84699221485766,3.698007785142323,2.6830077851423226,True,763.485464389848,-0.002044941322464619,0.0,0.007685886777458739,101.02108052215031,3.523919477849674,2.5089194778496733,True
2026-10-30,0.1156212796499556,663.0,102.83,1.3,99.4,1.28,1.0,594.0,0.0,2.0,101.11500000000001,1.29,True,763.3028684901353,0.9954998680484348,-0.14087990662294506,False,99.825,98.10000000000001,101.55,1.7249999999999943,99.85149234680922,-0.026492346809220635,0.0,False,763.485464389848,-0.002044941322464619,0.0,0.007821769715218752,100.0254447711641,-0.20044477116410064,0.0,False
2026-10-30,0.1156212796499556,664.0,101.95,1.32,98.43,1.31,1.0,837.0,1.0,1.0,100.19,1.315,True,763.3028684901353,0.9954998680484348,-0.1393727473323737,False,98.875,97.11000000000001,100.64,1.7649999999999935,98.8559924787608,0.01900752123920313,0.0,False,763.485464389848,-0.002044941322464619,0.0,0.008037957209991342,99.0297287156209,-0.15472871562090518,0.0,False
2026-10-30,0.1156212796499556,665.0,100.98,1.34,97.42,1.33,16.0,364.0,4.0,1.0,99.2,1.335,True,763.3028684901353,0.9954998680484348,-0.1378678561529534,False,97.86500000000001,96.08,99.65,1.7850000000000037,97.86049261071236,0.004507389287653041,0.0,False,763.485464389848,-0.002044941322464619,0.0,0.00823192402300621,98.03403488075945,-0.1690348807594404,0.0,False
2026-10-30,0.1156212796499556,666.0,102.74,1.36,99.26,1.35,2.0,192.0,1.0,188.0,101.0,1.355,True,763.3028684901353,0.9954998680484348,-0.1363652262684184,False,99.645,97.9,101.39,1.7449999999999974,96.86499274266392,2.780007257336081,1.0350072573360904,True,763.485464389848,-0.002044941322464619,0.0,0.008429568692023492,97.03833736804201,2.606662631957988,0.8616626319579979,True
2026-10-30,0.1156212796499556,668.0,98.06,1.42,94.72,1.4,4.0,54.0,2.0,1.0,96.39,1.41,True,763.3028684901353,0.9954998680484348,-0.13336672327216179,False,94.98,93.3,96.66,1.6799999999999997,94.87399300656705,0.10600699343295616,0.0,False,763.485464389848,-0.002044941322464619,0.0,0.008917346785935143,95.04684985385121,-0.06684985385120967,0.0,False
2026-10-30,0.1156212796499556,669.0,97.09,1.43,93.56,1.41,2.0,88.0,1.0,31.0,95.325,1.42,True,763.3028684901353,0.9954998680484348,-0.13187083668057906,False,93.905,92.13,95.68,1.7750000000000057,93.87849313851862,0.02650686148137993,0.0,False,763.485464389848,-0.002044941322464619,0.0,0.009075732192913577,94.05119160039581,-0.14619160039580947,0.0,False
2026-10-30,0.1156212796499556,670.0,96.07,1.46,92.49,1.45,30.0,76121.0,9.0,108.0,94.28,1.455,True,763.3028684901353,0.9954998680484348,-0.13037718442379576,False,92.825,91.03,94.61999999999999,1.7949999999999946,92.88299327047018,-0.05799327047017755,0.0,False,763.485464389848,-0.002044941322464619,0.0,0.009373613207550147,93.05539385133274,-0.23039385133273527,0.0,False
2026-10-30,0.1156212796499556,671.0,95.13,1.49,91.97,1.47,0.0,122.0,2.0,30.0,93.55,1.48,True,763.3028684901353,0.9954998680484348,-0.1288857598371257,False,92.07,90.48,93.66,1.5899999999999963,91.88749340242175,0.1825065975782394,0.0,False,763.485464389848,-0.002044941322464619,0.0,0.009622607054703192,92.05964498943715,0.010355010562847156,0.0,False
2026-10-30,0.1156212796499556,672.0,94.18,1.51,90.97,1.5,4.0,37.0,1.0,2.0,92.575,1.505,True,763.3028684901353,0.9954998680484348,-0.12739655628565794,False,91.07000000000001,89.46,92.68,1.6100000000000065,90.89199353437331,0.17800646562669442,0.0,False,763.485464389848,-0.002044941322464619,0.0,0.009876769258294837,91.06389095918512,0.006109040814891387,0.0,False
2026-10-30,0.1156212796499556,673.0,93.07,1.54,89.57,1.52,29.0,828.0,1.0,10.0,91.32,1.53,True,763.3028684901353,0.9954998680484348,-0.12590956716407967,False,89.78999999999999,88.02999999999999,91.55,1.7600000000000051,89.89649366632487,-0.10649366632488011,0.0,False,763.485464389848,-0.002044941322464619,0.0,0.010135495723689436,90.06813236467129,-0.27813236467129343,0.0,False
2026-10-30,0.1156212796499556,674.0,91.91,1.57,88.64,1.55,16.0,203.0,15.0,4.0,90.275,1.56,True,763.3028684901353,0.9954998680484348,-0.12442478589650056,False,88.715,87.07000000000001,90.36,1.644999999999996,88.90099379827645,-0.18599379827644213,0.0,False,763.485464389848,-0.002044941322464619,0.0,0.01042712378743027,89.07234086855911,-0.3573408685591062,0.0,False
2026-10-30,0.1156212796499556,675.0,91.24,1.59,88.03,1.58,5.0,921.0,1.0,509.0,89.63499999999999,1.585,True,763.3028684901353,0.9954998680484348,-0.12294220593627776,False,88.05,86.44,89.66,1.6099999999999994,87.905493930228,0.14450606977199243,0.0,False,763.485464389848,-0.002044941322464619,0.0,0.010698089408329503,88.07657003488977,-0.026570034889772387,0.0,False
2026-10-30,0.1156212796499556,677.0,89.11,1.65,85.67,1.64,2.0,181.0,1.0,1.0,87.39,1.645,True,763.3028684901353,0.9954998680484348,-0.11998362389653258,False,85.745,84.02,87.47,1.7250000000000014,85.91449419413114,-0.16949419413113276,0.0,False,763.485464389848,-0.002044941322464619,0.0,0.01131653479398076,86.08495185340726,-0.339951853407257,0.0,False
2026-10-30,0.1156212796499556,678.0,88.37,1.67,84.78,1.65,2.0,286.0,2.0,3.0,86.575,1.66,True,763.3028684901353,0.9954998680484348,-0.118507608868412,False,84.915,83.11,86.72,1.8049999999999997,84.91899432608271,-0.003994326082704447,0.0,False,763.485464389848,-0.002044941322464619,0.0,0.01154840331893947,85.08922011683387,-0.1742201168338653,0.0,False
2026-10-30,0.1156212796499556,679.0,87.07,1.7,83.73,1.68,3.0,251.0,1.0,33.0,85.4,1.69,True,763.3028684901353,0.9954998680484348,-0.11703376925011143,False,83.71000000000001,82.03,85.38999999999999,1.6799999999999926,83.92349445803427,-0.21349445803426192,0.0,False,763.485464389848,-0.002044941322464619,0.0,0.011872373239520728,84.09339627886484,-0.3833962788648364,0.0,False
2026-10-30,0.1156212796499556,680.0,85.4,1.74,82.96,1.72,116.0,1894.0,77.0,15.0,84.18,1.73,True,763.3028684901353,0.9954998680484348,-0.11556209863865517,False,82.45,81.22,83.68,1.230000000000004,82.92799458998583,-0.4779945899858262,0.0,False,763.485464389848,-0.002044941322464619,0.0,0.01226079926667567,83.09750798478926,-0.6475079847892573,0.0,False
2026-10-30,0.1156212796499556,681.0,85.48,1.78,82.0,1.76,18.0,277.0,2.0,1.0,83.74000000000001,1.77,True,763.3028684901353,0.9954998680484348,-0.11409259065929518,False,81.97000000000001,80.22,83.72,1.75,81.9324947219374,0.037505278062610614,0.0,False,763.485464389848,-0.002044941322464619,0.0,0.012657353486503098,82.101611562521,-0.1316115625209875,0.0,False
2026-10-30,0.1156212796499556,682.0,84.51,1.82,80.92,1.8,4.0,223.0,1.0,64.0,82.715,1.81,True,763.3028684901353,0.9954998680484348,-0.11262523896534544,False,80.905,79.10000000000001,82.71000000000001,1.8049999999999997,80.93699485388896,-0.031994853888960506,0.0,False,763.485464389848,-0.002044941322464619,0.0,0.013064673090114498,81.10570437486895,-0.20070437486894832,0.0,False
2026-10-30,0.1156212796499556,683.0,83.55,1.84,80.01,1.81,1.0,1829.0,1.0,1.0,81.78,1.8250000000000002,True,763.3028684901353,0.9954998680484348,-0.11116003723801747,False,79.955,78.17,81.74,1.7849999999999966,79.94149498584054,0.013505014159463258,0.0,False,763.485464389848,-0.002044941322464619,0.0,0.013331630548219398,80.10993754936241,-0.15493754936241544,0.0,False
2026-10-30,0.1156212796499556,684.0,82.59,1.87,79.02,1.85,3.0,537.0,1.0,11.0,80.805,1.86,True,763.3028684901353,0.9954998680484348,-0.10969697918625707,True,78.94500000000001,77.14999999999999,80.74000000000001,1.7950000000000088,78.9459951177921,-0.0009951177920868304,0.0,False,763.485464389848,-0.002044941322464619,0.0,0.013724351697485648,79.1140449601647,-0.1690449601646975,0.0,False
2026-10-30,0.1156212796499556,685.0,81.63,1.91,78.09,1.89,13.0,9492.0,1.0,17.0,79.86,1.9,True,763.3028684901353,0.9954998680484348,-0.10823605854658222,True,77.96,76.18,79.74,1.779999999999994,77.95049524974365,0.009504750256340344,0.0,False,763.485464389848,-0.002044941322464619,0.0,0.014155135139195085,78.11811430867458,-0.15811430867458398,0.0,False
2026-10-30,0.1156212796499556,686.0,80.67,1.95,77.12,1.93,19.0,354.0,1.0,4.0,78.89500000000001,1.94,True,763.3028684901353,0.9954998680484348,-0.10677726908292229,True,76.95500000000001,75.17,78.74,1.7849999999999966,76.95499538169523,4.61830478570846e-06,0.0,False,763.485464389848,-0.002044941322464619,0.0,0.014595557217527588,77.1221740185478,-0.16717401854778302,0.0,False
2026-10-30,0.1156212796499556,687.0,79.64,1.98,76.04,1.97,11.0,159.0,2.0,3.0,77.84,1.975,True,763.3028684901353,0.9954998680484348,-0.10532060458645816,True,75.86500000000001,74.06,77.67,1.8049999999999997,75.95949551364679,-0.09449551364677689,0.0,False,763.485464389848,-0.002044941322464619,0.0,0.01501439226656065,76.12625531545032,-0.2612553154503132,0.0,False
2026-10-30,0.1156212796499556,688.0,78.55,2.02,75.08,2.01,3096.0,3077.0,51.0,9.0,76.815,2.0149999999999997,True,763.3028684901353,0.9954998680484348,-0.10386605887546384,True,74.8,73.06,76.53999999999999,1.7399999999999949,74.96399564559836,-0.16399564559836222,0.0,False,763.485464389848,-0.002044941322464619,0.0,0.015475748602571837,75.13029409106589,-0.3302940910658947,0.0,False
2026-10-30,0.1156212796499556,689.0,77.8,2.05,74.26,2.03,3068.0,2906.0,8.0,8.0,76.03,2.04,True,763.3028684901353,0.9954998680484348,-0.10241362579514891,True,73.99,72.21000000000001,75.77,1.779999999999994,73.96849577754992,0.021504222450076327,0.0,False,763.485464389848,-0.002044941322464619,0.0,0.01585645288749271,74.13441351873253,-0.14441351873253438,0.0,False
2026-10-30,0.1156212796499556,690.0,76.48,2.1,73.23,2.09,730.0,3828.0,49.0,50.0,74.855,2.0949999999999998,True,763.3028684901353,0.9954998680484348,-0.10096329921750241,True,72.76,71.13000000000001,74.39,1.6299999999999955,72.97299590950149,-0.21299590950148684,0.0,False,763.485464389848,-0.002044941322464619,0.0,0.016434526850504838,73.13833557672109,-0.378335576721085,0.0,False
2026-10-30,0.1156212796499556,691.0,75.89,2.14,72.32,2.11,2.0,160.0,10.0,4.0,74.10499999999999,2.125,True,763.3028684901353,0.9954998680484348,-0.0995150730411377,True,71.97999999999999,70.17999999999999,73.78,1.8000000000000043,71.97749604145305,0.002503958546938634,0.0,False,763.485464389848,-0.002044941322464619,0.0,0.01686614756988236,72.14240408795327,-0.1624040879532771,0.0,False
2026-10-30,0.1156212796499556,692.0,74.94,2.18,71.37,2.16,141.0,108.0,2.0,2.0,73.155,2.17,True,763.3028684901353,0.9954998680484348,-0.09806894119113803,True,70.985,69.19,72.78,1.7950000000000017,70.98199617340461,0.003003826595389114,0.0,False,763.485464389848,-0.002044941322464619,0.0,0.01740317863092411,71.14636718884378,-0.16136718884378354,0.0,False
2026-10-30,0.1156212796499556,693.0,73.8,2.23,71.0,2.21,2005.0,1599.0,1.0,133.0,72.4,2.2199999999999998,True,763.3028684901353,0.9954998680484348,-0.09662489761890435,True,70.18,68.77,71.59,1.4100000000000037,69.98649630535618,0.1935036946438231,0.0,False,763.485464389848,-0.002044941322464619,0.0,0.017985539819869167,70.15028495960641,0.029715040393597292,0.0,False
2026-10-30,0.1156212796499556,694.0,72.8,2.28,69.65,2.26,29.0,187.0,1.0,58.0,71.225,2.2699999999999996,True,763.3028684901353,0.9954998680484348,-0.09518293630200307,True,68.955,67.37,70.53999999999999,1.5849999999999937,68.99099643730774,-0.0359964373077446,0.0,False,763.485464389848,-0.002044941322464619,0.0,0.018582736273265787,69.15418789510458,-0.19918789510458623,0.0,False
2026-10-30,0.1156212796499556,695.0,72.09,2.31,68.47,2.3,1865.0,2230.0,1.0,875.0,70.28,2.3049999999999997,True,763.3028684901353,0.9954998680484348,-0.09374305124401544,True,67.975,66.16,69.79,1.8150000000000048,67.99549656925932,-0.020496569259321973,0.0,False,763.485464389848,-0.002044941322464619,0.0,0.01909893717570954,68.1581718261537,-0.18317182615371053,0.0,False
2026-10-30,0.1156212796499556,696.0,71.04,2.36,67.89,2.34,24.0,336.0,2.0,2.0,69.465,2.3499999999999996,True,763.3028684901353,0.9954998680484348,-0.09230523647438792,True,67.11500000000001,65.53,68.7,1.5850000000000009,66.99999670121088,0.11500329878913362,0.0,False,763.485464389848,-0.002044941322464619,0.0,0.019695701524744536,67.16207519375624,-0.04707519375622837,0.0,False
2026-10-30,0.1156212796499556,697.0,70.11,2.43,67.79,2.4,8.0,293.0,2.0,2.0,68.95,2.415,True,763.3028684901353,0.9954998680484348,-0.09086948604828367,True,66.535,65.36,67.71,1.1749999999999972,66.00449683316245,0.5305031668375477,0.0,False,763.485464389848,-0.002044941322464619,0.0,0.02043899143641692,66.16583203579613,0.3691679642038679,0.0,False
2026-10-30,0.1156212796499556,698.0,69.25,2.46,65.68,2.45,1242.0,983.0,3.0,11.0,67.465,2.455,True,763.3028684901353,0.9954998680484348,-0.08943579404643508,True,65.01,63.220000000000006,66.8,1.7899999999999956,65.00899696511401,0.0010030348859970672,0.0,False,763.485464389848,-0.002044941322464619,0.0,0.021032263093381243,65.16973889609073,-0.15973889609072955,0.0,False
2026-10-30,0.1156212796499556,699.0,68.25,2.53,65.98,2.5,47.0,467.0,15.0,6.0,67.11500000000001,2.5149999999999997,True,763.3028684901353,0.9954998680484348,-0.08800415457499729,True,64.60000000000001,63.45,65.75,1.1499999999999986,64.01349709706557,0.5865029029344413,0.0,False,763.485464389848,-0.002044941322464619,0.0,0.021775772969472307,64.17349551816619,0.42650448183381684,0.0,False
2026-10-30,0.1156212796499556,700.0,67.36,2.58,64.74,2.56,1542.0,4988.0,28.0,2232.0,66.05,2.5700000000000003,True,763.3028684901353,0.9954998680484348,-0.08657456176540286,True,63.48,62.16,64.8,1.3200000000000003,63.01799722901714,0.46200277098285625,0.0,False,763.485464389848,-0.002044941322464619,0.0,0.022505952116071537,63.17726547097117,0.30273452902882525,0.0,False
2026-10-30,0.1156212796499556,701.0,66.42,2.64,62.84,2.62,1.0,236.0,2.0,4.0,64.63,2.63,True,763.3028684901353,0.9954998680484348,-0.08514700977421744,True,61.99999999999999,60.2,63.800000000000004,1.8000000000000007,62.0224973609687,-0.022497360968706914,0.0,False,763.485464389848,-0.002044941322464619,0.0,0.023290241908894505,62.18098131312991,-0.18098131312991939,0.0,False
2026-10-30,0.1156212796499556,702.0,64.07,2.7,63.76,2.68,2.0,416.0,10.0,5.0,63.91499999999999,2.6900000000000004,True,763.3028684901353,0.9954998680484348,-0.0837214927829964,True,61.224999999999994,61.059999999999995,61.38999999999999,0.16499999999999915,61.026997492920266,0.19800250707972822,0.03300250707972907,True,763.485464389848,-0.002044941322464619,0.0,0.024099665760616507,61.18467202122975,0.04032797877024308,0.0,False
2026-10-30,0.1156212796499556,703.0,74.04,2.75,70.77,2.73,4.0,132.0,3.0,9.0,72.405,2.74,True,763.3028684901353,0.9954998680484348,-0.0822980049981426,True,69.665,68.02,71.31,1.6450000000000031,60.03149762487183,9.633502375128174,7.988502375128164,True,763.485464389848,-0.002044941322464619,0.0,0.024863796001546756,60.188408022940386,9.47659197705962,7.83159197705961,True
2026-10-30,0.1156212796499556,704.0,63.61,2.81,61.83,2.79,31.0,134.0,1.0,7.0,62.72,2.8,True,763.3028684901353,0.9954998680484348,-0.0808765406507651,True,59.92,59.019999999999996,60.82,0.9000000000000021,59.0359977568234,0.884002243176603,0.0,False,763.485464389848,-0.002044941322464619,0.0,0.025719119999072504,59.192052830894426,0.7279471691055761,0.0,False
2026-10-30,0.1156212796499556,705.0,62.71,2.87,60.95,2.85,60.0,699.0,2.0,139.0,61.83,2.8600000000000003,True,763.3028684901353,0.9954998680484348,-0.07945709399653884,True,58.97,58.080000000000005,59.86,0.889999999999997,58.040497888774965,0.9295021112250339,0.03950211122504044,True,763.485464389848,-0.002044941322464619,0.0,0.02659853743998042,58.195673545405086,0.7743264545949131,0.0,False
2026-10-30,0.1156212796499556,706.0,61.74,2.92,60.02,2.89,91.0,249.0,1.0,11.0,60.88,2.9050000000000002,True,763.3028684901353,0.9954998680484348,-0.07803965931556542,True,57.975,57.1,58.85,0.875,57.04499802072653,0.9300019792734702,0.05500197927347017,True,763.485464389848,-0.002044941322464619,0.0,0.027396458615911,57.19937575618072,0.77562424381928,0.0,False
2026-10-30,0.1156212796499556,707.0,60.81,3.0,59.09,2.98,10.0,21224.0,6.0,12.0,59.95,2.99,True,763.3028684901353,0.9954998680484348,-0.07662423091223472,True,56.96,56.09,57.830000000000005,0.870000000000001,56.0494981526781,0.9105018473219033,0.04050184732190587,True,763.485464389848,-0.002044941322464619,0.0,0.028502590779046155,56.20276975596915,0.7572302440308505,0.0,False
2026-10-30,0.1156212796499556,708.0,58.4,3.07,58.07,3.05,16.0,158.0,2.0,4.0,58.235,3.0599999999999996,True,763.3028684901353,0.9954998680484348,-0.07521080311508783,True,55.175,55.0,55.35,0.1750000000000007,55.05399828462966,0.12100171537034043,0.0,False,763.485464389848,-0.002044941322464619,0.0,0.029532506397634606,55.20623997230212,-0.031239972302124386,0.0,False
2026-10-30,0.1156212796499556,709.0,58.96,3.12,57.19,3.1,17.0,493.0,7.0,3.0,58.075,3.1100000000000003,True,763.3028684901353,0.9954998680484348,-0.07379937027668008,True,54.965,54.07,55.86,0.8949999999999996,54.05849841658122,0.9065015834187804,0.011501583418777273,True,763.485464389848,-0.002044941322464619,0.0,0.030452362417114465,54.20982024823421,0.7551797517657945,0.0,False
2026-10-30,0.1156212796499556,710.0,56.53,3.2,56.26,3.18,762.0,2354.0,91.0,33.0,56.394999999999996,3.1900000000000004,True,763.3028684901353,0.9954998680484348,-0.07238992677344648,True,53.205,53.059999999999995,53.35,0.14500000000000313,53.06299854853279,0.142001451467209,0.0,False,763.485464389848,-0.002044941322464619,0.0,0.03161842754349431,53.2131543150594,-0.008154315059400119,0.0,False
2026-10-30,0.1156212796499556,711.0,57.11,3.28,55.27,3.26,98.0,170.0,1.0,2.0,56.19,3.2699999999999996,True,763.3028684901353,0.9954998680484348,-0.0709824670055667,True,52.92,51.99,53.85,0.9299999999999997,52.067498680484356,0.8525013195156461,0.0,False,763.485464389848,-0.002044941322464619,0.0,0.03281823238869652,52.21645464216576,0.7035453578342441,0.0,False
2026-10-30,0.1156212796499556,712.0,56.2,3.34,54.39,3.32,40.0,274.0,3.0,20.0,55.295,3.33,True,763.3028684901353,0.9954998680484348,-0.0695769853968318,True,51.965,51.05,52.88,0.9150000000000027,51.07199881243592,0.8930011875640815,0.0,False,763.485464389848,-0.002044941322464619,0.0,0.03390446990928897,51.219868536596735,0.7451314634032684,0.0,False
2026-10-30,0.1156212796499556,713.0,55.28,3.42,53.46,3.4,78.0,784.0,77.0,5.0,54.370000000000005,3.41,True,763.3028684901353,0.9954998680484348,-0.06817347639451163,True,50.96000000000001,50.04,51.88,0.9200000000000017,50.07649894438749,0.8835010556125198,0.0,False,763.485464389848,-0.002044941322464619,0.0,0.03517184898634573,50.223101289471245,0.736898710528763,0.0,False
2026-10-30,0.1156212796499556,714.0,54.36,3.52,52.56,3.5,27.0,280.0,2.0,400.0,53.46,3.51,True,763.3028684901353,0.9954998680484348,-0.06677193446922317,True,49.95,49.04,50.86,0.9100000000000001,49.08099907633905,0.8690009236609555,0.0,False,763.485464389848,-0.002044941322464619,0.0,0.03662552612058212,49.226147744288575,0.723852255711428,0.0,False
2026-10-30,0.1156212796499556,715.0,51.98,3.61,51.68,3.58,994.0,1350.0,2.0,117.0,51.83,3.5949999999999998,True,763.3028684901353,0.9954998680484348,-0.06537235411479989,True,48.235,48.07,48.4,0.16499999999999915,48.085499208290614,0.1495007917093858,0.0,False,763.485464389848,-0.002044941322464619,0.0,0.03801415972359257,48.22925924263712,0.0057407573628793784,0.0,False
2026-10-30,0.1156212796499556,716.0,52.54,3.69,50.72,3.67,14.0,408.0,3.0,684.0,51.629999999999995,3.6799999999999997,True,763.3028684901353,0.9954998680484348,-0.06397472984816192,True,47.949999999999996,47.03,48.87,0.9199999999999982,47.08999934024218,0.8600006597578158,0.0,False,763.485464389848,-0.002044941322464619,0.0,0.03944824228988697,47.232325292022395,0.7176747079776007,0.0,False
2026-10-30,0.1156212796499556,717.0,51.64,3.77,49.85,3.75,21.0,908.0,19.0,20.0,50.745000000000005,3.76,True,763.3028684901353,0.9954998680484348,-0.06257905620918718,True,46.98500000000001,46.08,47.89,0.9050000000000011,46.094499472193746,0.8905005278062603,0.0,False,763.485464389848,-0.002044941322464619,0.0,0.04089611581237529,46.235377550451474,0.7496224495485322,0.0,False
2026-10-30,0.1156212796499556,718.0,50.53,3.86,48.94,3.84,20.0,556.0,1.0,25.0,49.735,3.8499999999999996,True,763.3028684901353,0.9954998680484348,-0.061185327760583344,True,45.885,45.08,46.69,0.8049999999999997,45.09899960414531,0.7860003958546855,0.0,False,763.485464389848,-0.002044941322464619,0.0,0.0424636443932207,45.23831015382219,0.6466898461778072,0.0,False
2026-10-30,0.1156212796499556,719.0,49.83,3.95,48.03,3.93,106.0,365.0,2.0,3.0,48.93,3.9400000000000004,True,763.3028684901353,0.9954998680484348,-0.05979353908776083,True,44.99,44.08,45.9,0.9100000000000001,44.10349973609688,0.8865002639031232,0.0,False,763.485464389848,-0.002044941322464619,0.0,0.04408442006471125,44.24118951010227,0.7488104898977355,0.0,False
2026-10-30,0.1156212796499556,720.0,47.44,4.03,47.15,4.02,953.0,4987.0,366.0,133.0,47.295,4.025,True,763.3028684901353,0.9954998680484348,-0.058403684798706515,True,43.27,43.12,43.42,0.15000000000000213,43.10799986804844,0.16200013195156515,0.012000131951559467,True,763.485464389848,-0.002044941322464619,0.0,0.04571731214265462,43.24405674997589,0.02594325002411324,0.0,False
2026-10-30,0.1156212796499556,721.0,48.03,4.14,46.26,4.12,12.0,383.0,2.0,39.0,47.144999999999996,4.13,True,763.3028684901353,0.9954998680484348,-0.05701575952385843,True,43.01499999999999,42.12,43.910000000000004,0.8950000000000031,42.112500000000004,0.9024999999999892,0.007499999999993179,True,763.485464389848,-0.002044941322464619,0.0,0.047560066900773634,42.246714127169334,0.7682858728306599,0.0,False
2026-10-30,0.1156212796499556,722.0,45.6,4.25,45.35,4.23,50.0,269.0,1.0,1.0,45.475,4.24,True,763.3028684901353,0.9954998680484348,-0.055629757915981265,True,41.235,41.1,41.370000000000005,0.13500000000000156,41.11700013195157,0.11799986804842888,0.0,False,763.485464389848,-0.002044941322464619,0.0,0.04951020538727935,41.24926412063439,-0.014264120634393862,0.0,False
2026-10-30,0.1156212796499556,723.0,46.25,4.36,44.46,4.35,37.0,112.0,3.0,11.0,45.355000000000004,4.355,True,763.3028684901353,0.9954998680484348,-0.054245674650042805,True,41.0,40.1,41.9,0.8999999999999986,40.12150026390314,0.8784997360968632,0.0,False,763.485464389848,-0.002044941322464619,0.0,0.05156778039554677,40.251706677577694,0.7482933224223061,0.0,False
2026-10-30,0.1156212796499556,724.0,45.48,4.48,43.58,4.46,56.0,244.0,8.0,2.0,44.53,4.470000000000001,True,763.3028684901353,0.9954998680484348,-0.052863504423091116,True,40.06,39.099999999999994,41.019999999999996,0.9600000000000009,39.1260003958547,0.9339996041452991,0.0,False,763.485464389848,-0.002044941322464619,0.0,0.05370382927696138,39.25407076064784,0.8059292393521602,0.0,False
2026-10-30,0.1156212796499556,725.0,44.49,4.6,42.72,4.57,521.0,6158.0,6.0,591.0,43.605000000000004,4.585,True,763.3028684901353,0.9954998680484348,-0.05148324195413282,True,39.02,38.12,39.92,0.9000000000000021,38.13050052780627,0.8894994721937337,0.0,False,763.485464389848,-0.002044941322464619,0.0,0.055913817104346286,38.25636090477202,0.7636390952279797,0.0,False
2026-10-30,0.1156212796499556,726.0,43.61,4.7,41.83,4.67,78.0,238.0,2.0,5.0,42.72,4.6850000000000005,True,763.3028684901353,0.9954998680484348,-0.0501048819840115,True,38.035,37.129999999999995,38.94,0.9050000000000011,37.135000659757836,0.8999993402421609,0.0,False,763.485464389848,-0.002044941322464619,0.0,0.058080407001630974,37.258694446826304,0.7763055531736924,0.0,False
2026-10-30,0.1156212796499556,727.0,42.73,4.84,40.94,4.81,49.0,11556.0,17.0,38.0,41.834999999999994,4.824999999999999,True,763.3028684901353,0.9954998680484348,-0.04872841927528822,True,37.00999999999999,36.099999999999994,37.919999999999995,0.9100000000000001,36.139500791709395,0.870499208290596,0.0,False,763.485464389848,-0.002044941322464619,0.0,0.06065270683119994,36.260622278948304,0.7493777210516868,0.0,False
2026-10-30,0.1156212796499556,728.0,40.35,4.93,40.09,4.89,280.0,225.0,1.0,413.0,40.22,4.91,True,763.3028684901353,0.9954998680484348,-0.04735384861212161,True,35.31,35.160000000000004,35.46,0.14999999999999858,35.14400092366096,0.1659990763390411,0.015999076339042517,True,763.485464389848,-0.002044941322464619,0.0,0.06287882938211808,35.26289628834894,0.04710371165106153,0.0,False
2026-10-30,0.1156212796499556,729.0,40.99,5.07,39.17,5.05,94.0,229.0,1.0,16.0,40.08,5.0600000000000005,True,763.3028684901353,0.9954998680484348,-0.04598116480014942,True,35.019999999999996,34.1,35.940000000000005,0.9200000000000017,34.14850105561253,0.8714989443874686,0.0,False,763.485464389848,-0.002044941322464619,0.0,0.06571324253199684,34.26456200715063,0.755437992849366,0.0,False
2026-10-30,0.1156212796499556,730.0,38.56,5.22,38.3,5.19,887.0,12337.0,79.0,247.0,38.43,5.205,True,763.3028684901353,0.9954998680484348,-0.044610362666370744,True,33.225,33.08,33.370000000000005,0.14500000000000313,33.153001187564094,0.07199881243590767,0.0,False,763.485464389848,-0.002044941322464619,0.0,0.06862578038040645,33.26614960125379,-0.041149601253785306,0.0,False
2026-10-30,0.1156212796499556,731.0,39.27,5.34,37.45,5.31,90.0,329.0,1.0,10.0,38.36,5.324999999999999,True,763.3028684901353,0.9954998680484348,-0.043241437059029046,True,33.035,32.11,33.96,0.9250000000000007,32.15750131951566,0.8774986804843365,0.0,False,763.485464389848,-0.002044941322464619,0.0,0.07145702045857494,32.26781849312719,0.7671815068728094,0.0,False
2026-10-30,0.1156212796499556,732.0,36.92,5.48,36.67,5.46,66.0,633.0,1.0,6.0,36.795,5.470000000000001,True,763.3028684901353,0.9954998680484348,-0.041874382847495985,True,31.325000000000003,31.19,31.46,0.1349999999999998,31.162001451467223,0.16299854853278006,0.0279985485327785,True,763.485464389848,-0.002044941322464619,0.0,0.07460106691064361,31.269174578626682,0.055825421373320694,0.0,False
2026-10-30,0.1156212796499556,733.0,35.99,5.64,35.73,5.61,179.0,250.0,202.0,7.0,35.86,5.625,True,763.3028684901353,0.9954998680484348,-0.040509194922156044,True,30.235,30.089999999999996,30.380000000000003,0.14500000000000313,30.16650158341879,0.06849841658121036,0.0,False,763.485464389848,-0.002044941322464619,0.0,0.0779445470571476,30.270331230431744,-0.03533123043174413,0.0,False
2026-10-30,0.1156212796499556,734.0,35.2,5.78,34.95,5.75,43.0,405.0,1.0,6.0,35.075,5.765000000000001,True,763.3028684901353,0.9954998680484348,-0.03914586819429195,True,29.310000000000002,29.17,29.450000000000003,0.14000000000000057,29.171001715370355,0.13899828462964692,0.0,False,763.485464389848,-0.002044941322464619,0.0,0.08130204451030032,29.271473864930158,0.03852613506984426,0.0,False
2026-10-30,0.1156212796499556,735.0,34.28,5.94,34.12,5.92,224.0,9047.0,46.0,55.0,34.2,5.93,True,763.3028684901353,0.9954998680484348,-0.037784397595970846,True,28.270000000000003,28.179999999999996,28.36,0.09000000000000163,28.175501847321918,0.09449815267808503,0.004498152678078071,True,763.485464389848,-0.002044941322464619,0.0,0.08500135698902955,28.272274684402994,-0.0022746844029910562,0.0,False
2026-10-30,0.1156212796499556,736.0,33.51,6.1,33.3,6.08,64.0,242.0,1.0,49.0,33.405,6.09,True,763.3028684901353,0.9954998680484348,-0.03642477807993128,True,27.315,27.199999999999996,27.43,0.11500000000000199,27.180001979273484,0.1349980207265169,0.019998020726511356,True,763.485464389848,-0.002044941322464619,0.0,0.08882125823543063,27.272954915108155,0.04204508489184633,0.0,False
2026-10-30,0.1156212796499556,737.0,32.6,6.27,32.43,6.24,106.0,296.0,13.0,9.0,32.515,6.255,True,763.3028684901353,0.9954998680484348,-0.03506700461947091,True,26.26,26.16,26.36,0.09999999999999964,26.18450211122505,0.0754978887749509,0.0,False,763.485464389848,-0.002044941322464619,0.0,0.09284776637940784,26.273428538915745,-0.01342853891574336,0.0,False
2026-10-30,0.1156212796499556,738.0,33.4,6.45,31.63,6.4,142.0,1183.0,1.0,15.0,32.515,6.425000000000001,True,763.3028684901353,0.9954998680484348,-0.03371107220833501,True,26.09,25.18,27.0,0.9100000000000001,25.189002243176613,0.9009977568233865,0.0,False,763.485464389848,-0.002044941322464619,0.0,0.0971076439960159,25.273668793250703,0.8163312067492967,0.0,False
2026-10-30,0.1156212796499556,739.0,30.97,6.64,30.81,6.58,208.0,772.0,1.0,9.0,30.89,6.609999999999999,True,763.3028684901353,0.9954998680484348,-0.03235697586060572,True,24.28,24.169999999999998,24.39,0.11000000000000121,24.19350237512818,0.08649762487182144,0.0,False,763.485464389848,-0.002044941322464619,0.0,0.10166512906631198,24.27361144013197,0.0063885598680322175,0.0,False
2026-10-30,0.1156212796499556,740.0,30.14,6.83,29.98,6.78,1784.0,2674.0,60.0,82.0,30.060000000000002,6.805,True,763.3028684901353,0.9954998680484348,-0.031004710610592054,True,23.255000000000003,23.15,23.36,0.10500000000000043,23.198002507079746,0.056997492920256576,0.0,False,763.485464389848,-0.002044941322464619,0.0,0.10648923122068599,23.273287469929162,-0.018287469929159528,0.0,False
2026-10-30,0.1156212796499556,741.0,29.35,6.98,29.18,6.94,161.0,880.0,3.0,12.0,29.265,6.960000000000001,True,763.3028684901353,0.9954998680484348,-0.029654271512720598,True,22.305,22.2,22.41,0.10500000000000043,22.20250263903131,0.102497360968691,0.0,False,763.485464389848,-0.002044941322464619,0.0,0.11125608309858226,22.273020750002832,0.031979249997167614,0.0,False
2026-10-30,0.1156212796499556,742.0,28.61,7.22,27.39,7.16,336.0,455.0,58.0,4.0,28.0,7.1899999999999995,True,763.3028684901353,0.9954998680484348,-0.028305653641427144,True,20.810000000000002,20.17,21.45,0.6399999999999988,21.207002770982875,-0.39700277098287273,0.0,False,763.485464389848,-0.002044941322464619,0.0,0.11677415220562537,21.27200281284735,-0.46200281284734857,0.0,False
2026-10-30,0.1156212796499556,743.0,27.81,7.44,27.59,7.38,1066.0,413.0,1.0,16.0,27.7,7.41,True,763.3028684901353,0.9954998680484348,-0.02695885209104842,True,20.29,20.15,20.43,0.14000000000000057,20.21150290293444,0.07849709706555785,0.0,False,763.485464389848,-0.002044941322464619,0.0,0.1224661335225683,20.270810963481974,0.01918903651802495,0.0,False
2026-10-30,0.1156212796499556,744.0,27.03,7.64,26.86,7.58,278.0,577.0,12.0,2.0,26.945,7.609999999999999,True,763.3028684901353,0.9954998680484348,-0.025613861975715715,True,19.335,19.22,19.450000000000003,0.11500000000000199,19.216003034886004,0.11899696511399682,0.0039969651139948326,True,763.485464389848,-0.002044941322464619,0.0,0.12829390400305485,19.269483324953054,0.06551667504694692,0.0,False
2026-10-30,0.1156212796499556,745.0,26.22,7.85,26.04,7.79,1065.0,2229.0,23.0,316.0,26.13,7.82,True,763.3028684901353,0.9954998680484348,-0.024270678429248058,True,18.31,18.189999999999998,18.43,0.120000000000001,18.22050316683757,0.0894968331624284,0.0,False,763.485464389848,-0.002044941322464619,0.0,0.13450184450693126,18.26777551640074,0.042224483599259344,0.0,False
2026-10-30,0.1156212796499556,746.0,25.47,8.09,25.24,8.03,300.0,945.0,1.0,5.0,25.354999999999997,8.059999999999999,True,763.3028684901353,0.9954998680484348,-0.022929296605046716,True,17.294999999999998,17.15,17.439999999999998,0.14499999999999957,17.225003298789137,0.06999670121086154,0.0,False,763.485464389848,-0.002044941322464619,0.0,0.14120535069695972,17.265572142162277,0.02942785783772095,0.0,False
2026-10-30,0.1156212796499556,747.0,24.69,8.32,24.49,8.25,178.0,475.0,140.0,2.0,24.59,8.285,True,763.3028684901353,0.9954998680484348,-0.021589711675990254,True,16.305,16.169999999999998,16.44,0.13500000000000156,16.229503430740703,0.07549656925929682,0.0,False,763.485464389848,-0.002044941322464619,0.0,0.1481521331267146,16.26312549168409,0.04187450831591022,0.0,False
2026-10-30,0.1156212796499556,748.0,23.94,8.57,23.74,8.5,86.0,414.0,1.0,5.0,23.84,8.535,True,763.3028684901353,0.9954998680484348,-0.02025191883433031,True,15.305,15.169999999999998,15.440000000000001,0.13500000000000156,15.234003562692266,0.07099643730773408,0.0,False,763.485464389848,-0.002044941322464619,0.0,0.15562110966371456,15.260156647098654,0.04484335290134567,0.0,False
2026-10-30,0.1156212796499556,749.0,23.19,8.79,22.97,8.73,376.0,391.0,218.0,8.0,23.08,8.76,True,763.3028684901353,0.9954998680484348,-0.01891591329158807,True,14.319999999999999,14.18,14.46,0.14000000000000057,14.238503694643832,0.08149630535616659,0.0,False,763.485464389848,-0.002044941322464619,0.0,0.16333334435551095,14.256944544358422,0.06305545564157633,0.0,False
2026-10-30,0.1156212796499556,750.0,22.4,9.04,22.21,8.98,2602.0,7904.0,112.0,541.0,22.305,9.01,True,763.3028684901353,0.9954998680484348,-0.017581690278451415,True,13.295,13.170000000000002,13.419999999999998,0.12499999999999822,13.243003826595396,0.051996173404603496,0.0,False,763.485464389848,-0.002044941322464619,0.0,0.17160492418927475,13.253173096476225,0.04182690352377527,0.0,False
2026-10-30,0.1156212796499556,751.0,21.69,9.35,21.53,9.28,246.0,811.0,40.0,6.0,21.61,9.315,True,763.3028684901353,0.9954998680484348,-0.01624924504467279,True,12.295,12.180000000000001,12.410000000000002,0.11500000000000021,12.247503958546963,0.04749604145303721,0.0,False,763.485464389848,-0.002044941322464619,0.0,0.18057827480891753,12.248699877808146,0.04630012219185353,0.0,False
2026-10-30,0.1156212796499556,752.0,20.9,9.59,20.78,9.54,344.0,431.0,265.0,10.0,20.84,9.565,True,763.3028684901353,0.9954998680484348,-0.014918572858967702,True,11.275,11.190000000000001,11.36,0.08499999999999908,11.252004090498527,0.022995909501473122,0.0,False,763.485464389848,-0.002044941322464619,0.0,0.18981048835303227,11.243967796215596,0.03103220378440419,0.0,False
2026-10-30,0.1156212796499556,753.0,20.26,9.96,20.13,9.89,39.0,149.0,14.0,10.0,20.195,9.925,True,763.3028684901353,0.9954998680484348,-0.013589669008913943,True,10.27,10.169999999999998,10.370000000000001,0.10000000000000142,10.256504222450092,0.013495777549907828,0.0,False,763.485464389848,-0.002044941322464619,0.0,0.1999411325852556,10.23833728393494,0.03166271606506044,0.0,False
2026-10-30,0.1156212796499556,754.0,19.56,10.22,19.36,10.15,194.0,1016.0,20.0,331.0,19.46,10.185,True,763.3028684901353,0.9954998680484348,-0.01226252880085144,True,9.275,9.139999999999999,9.409999999999998,0.1349999999999998,9.261004354401658,0.013995645598342321,0.0,False,763.485464389848,-0.002044941322464619,0.0,0.21034636680030694,9.232432181671452,0.04256781832854806,0.0,False
2026-10-30,0.1156212796499556,755.0,18.78,10.53,18.67,10.46,756.0,1759.0,75.0,266.0,18.725,10.495000000000001,True,763.3028684901353,0.9954998680484348,-0.010937147559782803,True,8.23,8.140000000000002,8.32,0.08999999999999897,8.265504486353223,-0.03550448635322212,0.0,False,763.485464389848,-0.002044941322464619,0.0,0.22151748535092608,8.2257611950724,0.004238804927600981,0.0,False
2026-10-30,0.1156212796499556,756.0,18.1,10.8,17.98,10.74,39.0,439.0,51.0,1.0,18.04,10.77,True,763.3028684901353,0.9954998680484348,-0.009613520629274503,True,7.27,7.18,7.360000000000001,0.09000000000000075,7.270004618304788,-4.6183047883729955e-06,0.0,False,763.485464389848,-0.002044941322464619,0.0,0.23332028835165985,7.21845852402323,0.05154147597676939,0.0,False
2026-10-30,0.1156212796499556,757.0,17.5,11.14,17.31,11.07,319.0,915.0,4.0,164.0,17.405,11.105,True,763.3028684901353,0.9954998680484348,-0.008291643371358718,True,6.300000000000001,6.169999999999998,6.43,0.13000000000000078,6.274504750256353,0.025495249743647364,0.0,False,763.485464389848,-0.002044941322464619,0.0,0.2459203082552417,6.210358636071214,0.08964136392878697,0.0,False
2026-10-30,0.1156212796499556,758.0,16.83,11.53,16.67,11.44,154.0,937.0,5.0,30.0,16.75,11.485,True,763.3028684901353,0.9954998680484348,-0.00697151116643583,True,5.265000000000001,5.140000000000002,5.389999999999999,0.12499999999999822,5.279004882207918,-0.01400488220791729,0.0,False,763.485464389848,-0.002044941322464619,0.0,0.2592441885215173,5.201534887756503,0.06346511224349793,0.0,False
2026-10-30,0.1156212796499556,759.0,16.15,11.94,15.96,11.86,228.0,520.0,216.0,22.0,16.055,11.899999999999999,True,763.3028684901353,0.9954998680484348,-0.005653119413177666,True,4.155000000000001,4.020000000000001,4.289999999999999,0.1349999999999989,4.283505014159483,-0.12850501415948212,0.0,False,763.485464389848,-0.002044941322464619,0.0,0.27325574790086904,4.192023460328716,-0.037023460328715174,0.0,False
2026-10-30,0.1156212796499556,760.0,15.49,12.3,15.4,12.23,3460.0,7420.0,185.0,147.0,15.445,12.265,True,763.3028684901353,0.9954998680484348,-0.004336463528430823,True,3.1799999999999997,3.0999999999999996,3.26,0.08000000000000007,3.2880051461110487,-0.10800514611104894,0.028005146111048873,True,763.485464389848,-0.002044941322464619,0.0,0.2882317010707478,3.181547639110403,-0.0015476391104032317,0.0,False
2026-10-30,0.1156212796499556,761.0,14.79,12.65,14.72,12.57,383.0,376.0,111.0,135.0,14.754999999999999,12.61,True,763.3028684901353,0.9954998680484348,-0.003021538947121743,True,2.1449999999999996,2.0700000000000003,2.219999999999999,0.07499999999999929,2.2925052780626136,-0.14750527806261404,0.07250527806261475,True,763.485464389848,-0.002044941322464619,0.0,0.3043522275655661,2.1699272445671496,-0.02492724456715001,0.0,False
2026-10-30,0.1156212796499556,762.0,14.23,13.05,14.17,12.96,284.0,798.0,10.0,236.0,14.2,13.005,True,763.3028684901353,0.9954998680484348,-0.0017083411221612988,True,1.1949999999999985,1.1199999999999992,1.2699999999999996,0.07500000000000018,1.297005410014179,-0.10200541001418051,0.027005410014179443,True,763.485464389848,-0.002044941322464619,0.0,0.32130766561155255,1.1574719384727286,0.03752806152726995,0.0,False
2026-10-30,0.1156212796499556,763.0,13.61,13.43,13.56,13.36,165.0,285.0,3.0,51.0,13.585,13.395,True,763.3028684901353,0.9954998680484348,-0.0003968655243505607,True,0.19000000000000128,0.13000000000000078,0.25,0.05999999999999961,0.3015055419657442,-0.11150554196574292,0.051505541965744195,True,763.485464389848,-0.002044941322464619,0.0,0.33951090664176675,0.14376882939407942,0.046231170605921856,0.0,False
2026-10-30,0.1156212796499556,764.0,12.98,13.88,12.92,13.79,277.0,443.0,5.0,9.0,12.95,13.835,True,763.3028684901353,0.9954998680484348,0.000912892357713043,True,-0.8850000000000016,-0.9600000000000009,-0.8099999999999987,0.07500000000000107,-0.6939943260826906,-0.19100567391731094,0.1160056739173081,True,763.485464389848,-0.002044941322464619,0.0,0.3586500419257259,-0.8708701739383146,-0.014129826061687,0.0,False
2026-10-30,0.1156212796499556,765.0,12.42,14.3,12.35,14.24,1535.0,1392.0,83.0,51.0,12.385,14.27,True,763.3028684901353,0.9954998680484348,0.0022209370177282846,True,-1.8849999999999998,-1.950000000000001,-1.8200000000000003,0.06500000000000039,-1.6894941941311254,-0.19550580586887434,0.13050580586887484,True,763.485464389848,-0.002044941322464619,0.0,0.3788316084451111,-1.8865516085061345,0.0015516085061346718,0.0,False
2026-10-30,0.1156212796499556,766.0,11.85,14.8,11.79,14.7,619.0,793.0,5.0,2.0,11.82,14.75,True,763.3028684901353,0.9954998680484348,0.0035272729317838633,True,-2.9299999999999997,-3.0100000000000016,-2.8499999999999996,0.08000000000000096,-2.6849940621795603,-0.24500593782043945,0.16500593782043937,True,763.485464389848,-0.002044941322464619,0.0,0.4004545166594493,-2.9036743847689075,-0.026325615231092225,0.0,False
2026-10-30,0.1156212796499556,767.0,11.28,15.22,11.23,15.14,1027.0,333.0,11.0,16.0,11.254999999999999,15.18,True,763.3028684901353,0.9954998680484348,0.004831904558448646,True,-3.9250000000000007,-3.99,-3.860000000000001,0.0649999999999995,-3.6804939302279953,-0.2445060697720054,0.1795060697720059,True,763.485464389848,-0.002044941322464619,0.0,0.42367432051246645,-3.9223940566703597,-0.002605943329641036,0.0,False
2026-10-30,0.1156212796499556,768.0,10.77,15.8,10.71,15.61,662.0,298.0,3.0,9.0,10.74,15.705,True,763.3028684901353,0.9954998680484348,0.006134836338864523,True,-4.965,-5.09,-4.84,0.125,-4.67599379827643,-0.28900620172356994,0.16400620172356994,True,763.485464389848,-0.002044941322464619,0.0,0.44759637752282977,-4.941815981729158,-0.023184018270842266,0.0,False
2026-10-30,0.1156212796499556,769.0,10.22,16.31,10.18,16.13,308.0,297.0,2.0,46.0,10.2,16.22,True,763.3028684901353,0.9954998680484348,0.007436072696836447,True,-6.02,-6.129999999999999,-5.909999999999998,0.11000000000000032,-5.6714936663248645,-0.34850633367513506,0.23850633367513385,True,763.485464389848,-0.002044941322464619,0.0,0.4739008414824326,-5.963620313737195,-0.05637968626280454,0.0,False
2026-10-30,0.1156212796499556,770.0,9.71,16.83,9.67,16.65,4005.0,2474.0,193.0,37.0,9.690000000000001,16.74,True,763.3028684901353,0.9954998680484348,0.008735618038921903,True,-7.049999999999997,-7.159999999999998,-6.939999999999998,0.11000000000000032,-6.6669935343733,-0.38300646562669716,0.2730064656266977,True,763.485464389848,-0.002044941322464619,0.0,0.501472648394067,-6.986691988697265,-0.06330801130273223,0.0,False
2026-10-30,0.1156212796499556,771.0,9.24,17.35,9.19,17.15,424.0,217.0,2.0,3.0,9.215,17.25,True,763.3028684901353,0.9954998680484348,0.010033476754521976,True,-8.035,-8.160000000000002,-7.909999999999998,0.12500000000000178,-7.662493402421735,-0.37250659757826554,0.24750659757826377,True,763.485464389848,-0.002044941322464619,0.0,0.53006290096668,-8.010782109318313,-0.024217890681686782,0.0,False
2026-10-30,0.1156212796499556,772.0,8.77,17.87,8.71,17.7,359.0,313.0,16.0,25.0,8.74,17.785,True,763.3028684901353,0.9954998680484348,0.011329653215968552,True,-9.045,-9.16,-8.93,0.11500000000000021,-8.65799327047017,-0.38700672952982984,0.2720067295298296,True,763.485464389848,-0.002044941322464619,0.0,0.5608619445536256,-9.037081020953693,-0.007918979046307228,0.0,False
2026-10-30,0.1156212796499556,773.0,8.31,18.46,8.25,18.26,394.0,276.0,16.0,9.0,8.280000000000001,18.36,True,763.3028684901353,0.9954998680484348,0.01262415177861446,True,-10.079999999999998,-10.21,-9.950000000000001,0.1299999999999999,-9.653493138518604,-0.4265068614813945,0.29650686148139727,True,763.485464389848,-0.002044941322464619,0.0,0.5934166378224539,-10.065135582270957,-0.01486441772904179,0.0,False
2026-10-30,0.1156212796499556,774.0,7.87,19.03,7.81,18.82,575.0,336.0,11.0,11.0,7.84,18.925,True,763.3028684901353,0.9954998680484348,0.01391697678091951,True,-11.085,-11.220000000000002,-10.95,0.13500000000000156,-10.64899300656704,-0.43600699343296156,0.30100699343296,True,763.485464389848,-0.002044941322464619,0.0,0.627884387263034,-11.09510319975997,0.010103199759969428,0.0,False
2026-10-30,0.1156212796499556,775.0,7.46,19.69,7.4,19.47,5439.0,600.0,197.0,23.0,7.43,19.58,True,763.3028684901353,0.9954998680484348,0.015208132544539506,True,-12.149999999999999,-12.290000000000001,-12.009999999999998,0.14000000000000146,-11.644492874615473,-0.5055071253845256,0.365507125384525,True,763.485464389848,-0.002044941322464619,0.0,0.663082804445466,-12.125801484990838,-0.024198515009160815,0.0,False
2026-10-30,0.1156212796499556,776.0,7.05,20.16,7.0,19.98,1316.0,395.0,9.0,1.0,7.025,20.07,True,763.3028684901353,0.9954998680484348,0.016497623374411158,True,-13.045,-13.16,-12.93,0.11500000000000021,-12.639992742663908,-0.40500725733609144,0.29000725733609123,True,763.485464389848,-0.002044941322464619,0.0,0.7013721210962416,-13.159590669690049,0.11459066969004894,0.0,False
2026-10-30,0.1156212796499556,777.0,6.62,22.14,6.57,20.74,784.0,1320.0,1.0,104.0,6.595000000000001,21.439999999999998,True,763.3028684901353,0.9954998680484348,0.017785453558839964,True,-14.844999999999997,-15.57,-14.119999999999997,0.7250000000000014,-13.635492610712344,-1.2095073892876531,0.48450738928765347,True,763.485464389848,-0.002044941322464619,0.0,0.7440725080480775,-14.197790924690318,-0.6472090753096786,0.0,False
2026-10-30,0.1156212796499556,778.0,6.26,21.55,6.21,21.38,828.0,86.0,31.0,5.0,6.234999999999999,21.465,True,763.3028684901353,0.9954998680484348,0.019071627369584024,True,-15.23,-15.34,-15.12,0.11000000000000032,-14.630992478760778,-0.5990075212392227,0.48900752123922153,True,763.485464389848,-0.002044941322464619,0.0,0.7855157443357292,-15.234734029026406,0.004734029026405295,0.0,False
2026-10-30,0.1156212796499556,779.0,5.9,22.17,5.85,21.95,412.0,308.0,3.0,5.0,5.875,22.060000000000002,True,763.3028684901353,0.9954998680484348,0.0203561490619408,True,-16.185000000000002,-16.32,-16.049999999999997,0.13500000000000156,-15.626492346809213,-0.5585076531907891,0.423507653190784,True,763.485464389848,-0.002044941322464619,0.0,0.8306019549560482,-16.27532010769516,0.09032010769515608,0.0,False
2026-10-30,0.1156212796499556,780.0,5.54,22.93,5.5,22.73,7545.0,725.0,99.0,8.0,5.52,22.83,True,763.3028684901353,0.9954998680484348,0.021639022874829855,True,-17.31,-17.43,-17.19,0.11999999999999922,-16.62199221485765,-0.6880077851423501,0.5680077851423526,True,763.485464389848,-0.002044941322464619,0.0,0.8777013339037367,-17.317919354691284,0.007919354691285463,0.0,False
2026-10-30,0.1156212796499556,781.0,5.19,23.68,5.14,23.44,751.0,333.0,43.0,3.0,5.165,23.560000000000002,True,763.3028684901353,0.9954998680484348,0.022920253030878513,True,-18.395000000000003,-18.54,-18.25,0.14499999999999957,-17.617492082906082,-0.7775079170939208,0.6325079170939176,True,763.485464389848,-0.002044941322464619,0.0,0.9315663322306698,-18.36728422106665,-0.027715778933352198,0.0,False
2026-10-30,0.1156212796499556,782.0,4.89,26.13,4.85,24.1,862.0,315.0,176.0,2.0,4.869999999999999,25.115000000000002,True,763.3028684901353,0.9954998680484348,0.024199843736503527,True,-20.245000000000005,-21.28,-19.21,1.0350000000000001,-18.612991950954516,-1.6320080490454885,0.5970080490454848,True,763.485464389848,-0.002044941322464619,0.0,0.9808377971179105,-19.412055554002325,-0.8329444459976791,0.0,False
2026-10-30,0.1156212796499556,783.0,4.59,25.09,4.55,24.83,21269.0,85.0,26.0,1.0,4.57,24.96,True,763.3028684901353,0.9954998680484348,0.025477799181995664,True,-20.39,-20.54,-20.24,0.15000000000000036,-19.608491819002953,-0.7815081809970472,0.6315081809970451,True,763.485464389848,-0.002044941322464619,0.0,1.035364538936296,-20.462082163869145,0.07208216386914401,0.0,False
2026-10-30,0.1156212796499556,784.0,4.29,25.85,4.27,25.59,243.0,310.0,22.0,1.0,4.279999999999999,25.72,True,763.3028684901353,0.9954998680484348,0.026754123541600307,True,-21.439999999999998,-21.580000000000002,-21.3,0.14000000000000057,-20.603991687051387,-0.8360083129486107,0.6960083129486136,True,763.485464389848,-0.002044941322464619,0.0,1.0939267032474582,-21.516144196228744,0.07614419622874635,0.0,False
2026-10-30,0.1156212796499556,785.0,4.02,28.22,3.99,26.43,11001.0,194.0,153.0,4.0,4.005,27.325,True,763.3028684901353,0.9954998680484348,0.02802882097360079,True,-23.32,-24.229999999999997,-22.41,0.9099999999999984,-21.59949155509982,-1.7205084449001795,0.8105084449001794,True,763.485464389848,-0.002044941322464619,0.0,1.154883189266215,-22.572600550295935,-0.7473994497040657,0.0,False
2026-10-30,0.1156212796499556,786.0,3.75,27.49,3.72,27.18,274.0,22.0,36.0,1.0,3.7350000000000003,27.335,True,763.3028684901353,0.9954998680484348,0.02930189562039902,True,-23.6,-23.77,-23.43,0.16999999999999993,-22.594991423148258,-1.0050085768517434,0.8350085768517417,True,763.485464389848,-0.002044941322464619,0.0,1.2202955576405188,-23.633512786718672,0.03351278671867064,0.0,False
2026-10-30,0.1156212796499556,787.0,3.49,30.11,3.47,28.04,193.0,511.0,57.0,5.0,3.4800000000000004,29.075,True,763.3028684901353,0.9954998680484348,0.0305733516085956,True,-25.595,-26.64,-24.549999999999997,1.0450000000000017,-23.59049129119669,-2.004508708803307,0.9595087088033054,True,763.485464389848,-0.002044941322464619,0.0,1.288903052375474,-24.697620149502065,-0.8973798504979342,0.0,False
2026-10-30,0.1156212796499556,788.0,3.28,29.24,3.26,27.41,316.0,524.0,17.0,1.0,3.2699999999999996,28.325,True,763.3028684901353,0.9954998680484348,0.031843193049071614,True,-25.055,-25.979999999999997,-24.13,0.9249999999999989,-24.585991159245125,-0.46900884075487426,0.0,False,763.485464389848,-0.002044941322464619,0.0,1.3531403158324267,-25.75735728100745,0.7023572810074512,0.0,False
2026-10-30,0.1156212796499556,789.0,3.07,31.82,3.04,29.78,437.0,217.0,302.0,1.0,3.0549999999999997,30.8,True,763.3028684901353,0.9954998680484348,0.03311142403706663,True,-27.745,-28.78,-26.71,1.0350000000000001,-25.581491027293563,-2.1635089727064383,1.1285089727064381,True,763.485464389848,-0.002044941322464619,0.0,1.4237641173466393,-26.823480950570097,-0.9215190494299037,0.0,False
2026-10-30,0.1156212796499556,790.0,2.87,32.81,2.84,29.19,6797.0,419.0,287.0,1.0,2.855,31.0,True,763.3028684901353,0.9954998680484348,0.03437804865225968,True,-28.145,-29.970000000000002,-26.32,1.825000000000001,-26.576990895341996,-1.5680091046580031,0.0,False,763.485464389848,-0.002044941322464619,0.0,1.496572469389072,-27.891789170660967,-0.2532108293390323,0.0,False
2026-10-30,0.1156212796499556,791.0,2.66,33.62,2.63,30.11,338.0,89.0,38.0,1.0,2.645,31.865,True,763.3028684901353,0.9954998680484348,0.03564307095884627,True,-29.22,-30.99,-27.45,1.7699999999999996,-27.57249076339043,-1.6475092366095687,0.0,False,763.485464389848,-0.002044941322464619,0.0,1.5795412982106818,-28.97025786753101,-0.24974213246898813,0.0,False
2026-10-30,0.1156212796499556,792.0,2.48,34.49,2.45,30.94,311.0,5.0,28.0,1.0,2.465,32.715,True,763.3028684901353,0.9954998680484348,0.036906495005618364,True,-30.250000000000004,-32.04,-28.46,1.7899999999999991,-28.567990631438867,-1.6820093685611361,0.0,False,763.485464389848,-0.002044941322464619,0.0,1.6595687125659389,-30.0457851499347,-0.20421485006530204,0.0,False
2026-10-30,0.1156212796499556,793.0,2.31,35.41,2.28,31.86,465.0,87.0,21.0,1.0,2.295,33.635,True,763.3028684901353,0.9954998680484348,0.03816832482604039,True,-31.339999999999996,-33.129999999999995,-29.55,1.7899999999999974,-29.5634904994873,-1.7765095005126952,0.0,False,763.485464389848,-0.002044941322464619,0.0,1.742975228139013,-31.124691533556213,-0.21530846644378343,0.0,False
2026-10-30,0.1156212796499556,794.0,2.15,36.36,2.12,32.88,303.0,5.0,21.0,2.0,2.135,34.620000000000005,True,763.3028684901353,0.9954998680484348,0.03942856443832825,True,-32.48500000000001,-34.24,-30.730000000000004,1.754999999999999,-30.558990367535735,-1.9260096324642717,0.17100963246426915,True,763.485464389848,-0.002044941322464619,0.0,1.8289582631705628,-32.206174436636196,-0.27882556336381015,0.0,False
2026-10-30,0.1156212796499556,795.0,2.0,37.27,1.97,33.73,1216.0,3.0,162.0,2.0,1.9849999999999999,35.5,True,763.3028684901353,0.9954998680484348,0.04068721784552432,True,-33.515,-35.300000000000004,-31.729999999999997,1.7850000000000037,-31.55449023558417,-1.960509764415832,0.17550976441582833,True,763.485464389848,-0.002044941322464619,0.0,1.9190262090054588,-33.291742250519526,-0.2232577494804744,0.0,False
2026-10-30,0.1156212796499556,797.0,1.73,39.24,1.7,35.68,1452.0,1.0,2.0,1.0,1.7149999999999999,37.46,True,763.3028684901353,0.9954998680484348,0.043199781981407476,True,-35.745000000000005,-37.54,-33.95,1.7949999999999982,-33.54548997168104,-2.1995100283189615,0.40451002831895977,True,763.485464389848,-0.002044941322464619,0.0,2.105456590335301,-35.469172367946236,-0.2758276320537689,0.0,False
2026-10-30,0.1156212796499556,798.0,1.6,40.12,1.58,36.61,284.0,2.0,49.0,1.0,1.59,38.364999999999995,True,763.3028684901353,0.9954998680484348,0.04445370064100131,True,-36.77499999999999,-38.54,-35.01,1.7650000000000006,-34.54098983972948,-2.2340101602705147,0.4690101602705212,True,763.485464389848,-0.002044941322464619,0.0,2.2049324364696403,-36.564148082129016,-0.21085191787097557,0.0,False
2026-10-30,0.1156212796499556,799.0,1.49,41.15,1.48,37.58,602.0,2.0,1.0,1.0,1.4849999999999999,39.364999999999995,True,763.3028684901353,0.9954998680484348,0.04570604895746711,True,-37.879999999999995,-39.67,-36.089999999999996,1.7900000000000027,-35.53648970777791,-2.343510292222085,0.5535102922220858,True,763.485464389848,-0.002044941322464619,0.0,2.2979150552104883,-37.6526305689183,-0.22736943108169783,0.0,False
2026-10-30,0.1156212796499556,800.0,1.38,42.22,1.36,38.61,15049.0,51.0,906.0,4.0,1.37,40.415,True,763.3028684901353,0.9954998680484348,0.04695683085911986,True,-39.045,-40.86,-37.23,1.8150000000000013,-36.531989575826344,-2.5130104241736575,0.6980104241736527,True,763.485464389848,-0.002044941322464619,0.0,2.409783449590769,-38.75999883134701,-0.28500116865298963,0.0,False
2026-10-30,0.1156212796499556,802.0,1.2,44.11,1.18,40.53,680.0,8.0,3.0,7.0,1.19,42.32,True,763.3028684901353,0.9954998680484348,0.04945371105770686,True,-41.13,-42.93,-39.33,1.8000000000000007,-38.52298931192321,-2.607010688076791,0.8070106880767867,True,763.485464389848,-0.002044941322464619,0.0,2.5987829762587182,-40.93999809411183,-0.1900019058881739,0.0,False
2026-10-30,0.1156212796499556,804.0,1.03,46.06,1.01,42.52,810.0,1.0,259.0,0.0,1.02,44.290000000000006,True,763.3028684901353,0.9954998680484348,0.05194437237015874,True,-43.27,-45.050000000000004,-41.49,1.7800000000000011,-40.513989048020086,-2.756010951979917,0.9760109519799158,True,763.485464389848,-0.002044941322464619,0.0,2.7777826035626774,-43.10999745751266,-0.1600025424873408,0.0,False
2026-10-30,0.1156212796499556,805.0,0.95,47.05,0.93,43.51,1424.0,8.0,10.0,1.0,0.94,45.28,True,763.3028684901353,0.9954998680484348,0.053187380609755856,True,-44.34,-46.12,-42.559999999999995,1.7800000000000011,-41.50948891606852,-2.8305110839314835,1.0505110839314753,True,763.485464389848,-0.002044941322464619,0.0,2.862282457898182,-44.1899971798966,-0.1500028201034027,0.0,False
2026-10-30,0.1156212796499556,808.0,0.76,50.22,0.75,46.35,1019.0,1.0,2.0,1.0,0.755,48.285,True,763.3028684901353,0.9954998680484348,0.056907161712287775,True,-47.529999999999994,-49.47,-45.59,1.9399999999999977,-44.49598852021382,-3.034011479786173,1.0940114797861824,True,763.485464389848,-0.002044941322464619,0.0,3.0607823226430213,-47.37499664878674,-0.15500335121325293,0.0,False
2026-10-30,0.1156212796499556,809.0,0.7,51.28,0.69,47.34,581.0,1.0,2.0,1.0,0.695,49.31,True,763.3028684901353,0.9954998680484348,0.058144020249684195,True,-48.615,-50.59,-46.64,1.9750000000000014,-45.491488388262255,-3.1235116117377473,1.1485116117377459,True,763.485464389848,-0.002044941322464619,0.0,3.1252823187408794,-48.43499651293303,-0.18000348706696911,0.0,False
2026-10-30,0.1156212796499556,810.0,0.66,52.27,0.64,48.18,2938.0,26.0,27.0,20.0,0.65,50.225,True,763.3028684901353,0.9954998680484348,0.05937935085767686,True,-49.575,-51.63,-47.52,2.0549999999999997,-46.486988256310696,-3.0880117436893073,1.0330117436893076,True,763.485464389848,-0.002044941322464619,0.0,3.174782350285426,-49.47999641252601,-0.09500358747398963,0.0,False
2026-10-30,0.1156212796499556,815.0,0.47,57.16,0.46,53.18,2389.0,1.0,38.0,1.0,0.46499999999999997,55.17,True,763.3028684901353,0.9954998680484348,0.06553321643205526,True,-54.705,-56.699999999999996,-52.71,1.9949999999999974,-51.464487596552864,-3.240512403447134,1.2455124034471368,True,763.485464389848,-0.002044941322464619,0.0,3.3822828618927474,-54.66499626437551,-0.040003735624488,0.0,False
2026-10-30,0.1156212796499556,818.0,0.39,60.2,0.37,56.2,631.0,3.0,2.0,3.0,0.38,58.2,True,763.3028684901353,0.9954998680484348,0.06920743979393952,True,-57.82,-59.830000000000005,-55.81,2.0100000000000016,-54.45098720069817,-3.369012799301828,1.35901279930183,True,763.485464389848,-0.002044941322464619,0.0,3.4807833640459975,-57.74999637067407,-0.07000362932593163,0.0,False
2026-10-30,0.1156212796499556,819.0,0.37,61.26,0.36,57.34,166.0,2.0,1.0,2.0,0.365,59.3,True,763.3028684901353,0.9954998680484348,0.07042918704426178,True,-58.934999999999995,-60.9,-56.970000000000006,1.9649999999999963,-55.446487068746606,-3.488512931253389,1.5235129312534,True,763.485464389848,-0.002044941322464619,0.0,3.500283529526371,-58.764996404202876,-0.17000359579711954,0.0,False
2026-10-30,0.1156212796499556,820.0,0.34,62.29,0.33,58.18,1376.0,15.0,19.0,5.0,0.335,60.235,True,763.3028684901353,0.9954998680484348,0.07164944344949127,True,-59.9,-61.96,-57.839999999999996,2.0600000000000023,-56.44198693679504,-3.458013063204959,1.3980130632049566,True,763.485464389848,-0.002044941322464619,0.0,3.5347837543824454,-59.794996497107384,-0.10500350289261462,0.0,False
2026-10-30,0.1156212796499556,825.0,0.25,67.29,0.24,63.18,878.0,4.0,1.0,4.0,0.245,65.235,True,763.3028684901353,0.9954998680484348,0.07772848952587338,True,-64.99,-67.05000000000001,-62.93,2.060000000000006,-61.419486277037215,-3.5705137229627795,1.5105137229627843,True,763.485464389848,-0.002044941322464619,0.0,3.6472849193424253,-64.88499700230955,-0.1050029976904483,0.0,False
2026-10-30,0.1156212796499556,835.0,0.16,77.25,0.15,73.18,393.0,1.0,6.0,1.0,0.155,75.215,True,763.3028684901353,0.9954998680484348,0.08977682804204794,True,-75.06,-77.1,-73.02000000000001,2.039999999999992,-71.37448495752156,-3.6855150424784426,1.6455150424784506,True,763.485464389848,-0.002044941322464619,0.0,3.782287099952754,-74.97499786340421,-0.08500213659579003,0.0,False
2026-10-30,0.1156212796499556,840.0,0.13,82.25,0.12,78.18,734.0,18.0,115.0,1.0,0.125,80.215,True,763.3028684901353,0.9954998680484348,0.09574699502855169,False,-80.09,-82.13,-78.05000000000001,2.039999999999992,-76.35198429776374,-3.738015702236268,1.698015702236276,True,763.485464389848,-0.002044941322464619,0.0,3.834788236357298,-80.00499834005093,-0.0850016599490715,0.0,False
2026-10-30,0.1156212796499556,845.0,0.11,82.81,0.1,79.61,567.0,0.0,8.0,1.0,0.10500000000000001,81.21000000000001,True,763.3028684901353,0.9954998680484348,0.10168173054836636,False,-81.105,-82.71000000000001,-79.5,1.605000000000004,-81.32948363800591,0.22448363800590698,0.0,False,763.485464389848,-0.002044941322464619,0.0,3.877289267947617,-85.02499871188343,3.919998711883423,2.314998711883419,True
2026-10-30,0.1156212796499556,850.0,0.1,92.21,0.09,88.18,2203.0,4.0,16.0,4.0,0.095,90.195,True,763.3028684901353,0.9954998680484348,0.10758145267555459,False,-90.1,-92.11999999999999,-88.08000000000001,2.019999999999989,-86.30698297824809,-3.7930170217519077,1.7730170217519259,True,763.485464389848,-0.002044941322464619,0.0,3.909790089028874,-90.03499887320686,-0.06500112679313474,0.0,False
2026-10-30,0.1156212796499556,855.0,0.08,118.08,0.07,114.71,954.0,0.0,5.0,1.0,0.07500000000000001,116.395,True,763.3028684901353,0.9954998680484348,0.11344657212795259,False,-116.32,-118.01,-114.63,1.6900000000000048,-91.28448231849026,-25.03551768150973,23.345517681509733,True,763.485464389848,-0.002044941322464619,0.0,3.952291345830673,-95.05499947025083,-21.26500052974916,19.57500052974916,True
2026-10-30,0.1156212796499556,860.0,0.07,102.29,0.06,98.18,1597.0,14.0,21.0,4.0,0.065,100.23500000000001,True,763.3028684901353,0.9954998680484348,0.11927749243874593,False,-100.17000000000002,-102.23,-98.11000000000001,2.059999999999995,-96.26198165873244,-3.908018341267578,1.8480183412675757,True,763.485464389848,-0.002044941322464619,0.0,3.984792315624489,-100.06499978028683,-0.10500021971319029,0.0,False
2026-10-30,0.1156212796499556,875.0,0.05,117.2,0.03,113.18,379.0,4.0,20.0,4.0,0.04,115.19,False,763.3028684901353,0.9954998680484348,0.13656898954880692,False,-115.14999999999999,-117.17,-113.13000000000001,2.019999999999996,-111.19447967945895,-3.9555203205410407,1.935520320541059,True,763.485464389848,-0.002044941322464619,0.0,4.092237814671108,-115.10494330005996,-0.045056699940033695,0.0,False
2026-10-30,0.1156212796499556,900.0,0.02,147.3,0.01,143.85,1594.0,0.0,137.0,0.0,0.015,145.575,False,763.3028684901353,0.9954998680484348,0.1647398665155033,False,-145.56,-147.29000000000002,-143.82999999999998,1.7300000000000182,-136.08197638066983,-9.478023619330173,7.748023619330155,True,763.485464389848,-0.002044941322464619,0.0,4.226856828797651,-140.12705901539738,-5.432940984602624,3.7029409846026056,True
2026-11-30,0.2005527864992707,475.0,290.87,0.35,287.0,0.34,1.0,1193.0,2.0,15.0,288.935,0.345,True,765.8949025697918,0.9922071290451722,-0.4777301533812706,False,288.59,286.65,290.53000000000003,1.9400000000000261,288.6279961326482,-0.03799613264823165,0.0,False,766.2886419604583,-0.0029327056977748386,0.0,0.0013429145728130476,289.0173242484806,-0.4273242484806019,0.0,False
2026-11-30,0.2005527864992707,480.0,285.96,0.37,282.06,0.36,0.0,50.0,0.0,5.0,284.01,0.365,False,765.8949025697918,0.9922071290451722,-0.4672588535139753,False,283.645,281.69,285.59999999999997,1.954999999999984,283.6669604874224,-0.02196048742240464,0.0,False,766.2886419604583,-0.0029327056977748386,0.0,0.0014459979020502445,284.0561855199255,-0.41118551992553876,0.0,False
2026-11-30,0.2005527864992707,485.0,280.99,0.39,277.12,0.38,25.0,150.0,0.0,20.0,279.055,0.385,True,765.8949025697918,0.9922071290451722,-0.4568960664784288,False,278.67,276.73,280.61,1.9399999999999977,278.7059248421965,-0.0359248421964935,0.0,False,766.2886419604583,-0.0029327056977748386,0.0,0.001552872869721722,279.095042999732,-0.42504299973199977,0.0,False
2026-11-30,0.2005527864992707,500.0,270.07,0.46,266.95,0.45,1.0,487.0,1.0,45.0,268.51,0.455,True,765.8949025697918,0.9922071290451722,-0.42643685899372025,False,268.055,266.49,269.62,1.5649999999999977,263.82281790651894,4.232182093481072,2.667182093481074,True,766.2886419604583,-0.0029327056977748386,0.0,0.0019396568232106781,264.21154928010094,3.8434507198990673,2.2784507198990696,True
2026-11-30,0.2005527864992707,520.0,246.23,0.56,242.49,0.55,6.0,32.0,4.0,11.0,244.36,0.555,True,765.8949025697918,0.9922071290451722,-0.38721614584043884,False,243.805,241.93,245.67999999999998,1.8749999999999858,243.97867532561548,-0.17367532561547705,0.0,False,766.2886419604583,-0.0029327056977748386,0.0,0.0025699070732218,244.36677644894746,-0.5617764489474553,0.0,False
2026-11-30,0.2005527864992707,545.0,221.89,0.73,217.98,0.72,5.0,65.0,1.0,7.0,219.935,0.725,True,765.8949025697918,0.9922071290451722,-0.34025916275266793,False,219.21,217.25,221.17,1.9599999999999937,219.17349709948618,0.03650290051382399,0.0,False,766.2886419604583,-0.0029327056977748386,0.0,0.003737405661183746,219.5604307242302,-0.3504307242301934,0.0,False
2026-11-30,0.2005527864992707,550.0,216.97,0.77,213.12,0.76,4.0,753.0,2.0,23.0,215.04500000000002,0.765,True,765.8949025697918,0.9922071290451722,-0.33112667918939526,False,214.28000000000003,212.35,216.21,1.9300000000000068,214.21246145426034,0.0675385457396942,0.0,False,766.2886419604583,-0.0029327056977748386,0.0,0.004033519740305858,214.59909896492522,-0.31909896492518897,0.0,False
2026-11-30,0.2005527864992707,555.0,212.05,0.82,208.15,0.8,5.0,552.0,4.0,10.0,210.10000000000002,0.81,True,765.8949025697918,0.9922071290451722,-0.3220768436694774,False,209.29000000000002,207.33,211.25,1.9599999999999937,209.25142580903446,0.03857419096556214,0.0,False,766.2886419604583,-0.0029327056977748386,0.0,0.004369659433360651,209.6377271800063,-0.3477271800062738,0.0,False
2026-11-30,0.2005527864992707,560.0,215.92,0.86,212.43,0.84,3.0,954.0,1.0,1.0,214.175,0.85,True,765.8949025697918,0.9922071290451722,-0.31310817368671706,False,213.32500000000002,211.57,215.07999999999998,1.7549999999999955,204.2903901638086,9.034609836191407,7.2796098361913835,True,766.2886419604583,-0.0029327056977748386,0.0,0.004699891009712465,204.6763613032041,8.648638696795928,6.893638696795904,True
2026-11-30,0.2005527864992707,570.0,201.64,0.95,198.5,0.94,1.0,684.0,2.0,1.0,200.07,0.945,True,765.8949025697918,0.9922071290451722,-0.2954085965873161,False,199.125,197.55,200.7,1.5749999999999886,194.36831887335688,4.756681126643116,3.1816811266431273,True,766.2886419604583,-0.0029327056977748386,0.0,0.005489305407935019,194.75350059835415,4.371499401645849,2.7964994016458604,True
2026-11-30,0.2005527864992707,575.0,201.22,1.01,197.7,0.99,2.0,768.0,1.0,38.0,199.45999999999998,1.0,True,765.8949025697918,0.9922071290451722,-0.2866749166185614,False,198.45999999999998,196.69,200.23,1.769999999999996,189.407283228131,9.052716771868973,7.282716771868991,True,766.2886419604583,-0.0029327056977748386,0.0,0.005954601836328344,189.7919996566999,8.668000343300093,6.898000343300112,True
2026-11-30,0.2005527864992707,580.0,187.6,1.07,183.71,1.05,15.0,420.0,4.0,7.0,185.655,1.06,True,765.8949025697918,0.9922071290451722,-0.2780168538754469,False,184.595,182.64000000000001,186.54999999999998,1.954999999999984,184.44624758290516,0.14875241709484044,0.0,False,766.2886419604583,-0.0029327056977748386,0.0,0.006471258966752602,184.83044735434362,-0.23544735434361996,0.0,False
2026-11-30,0.2005527864992707,585.0,182.6,1.12,178.56,1.11,7.0,1094.0,15.0,7.0,180.57999999999998,1.1150000000000002,True,765.8949025697918,0.9922071290451722,-0.26943311018405547,False,179.46499999999997,177.44,181.48999999999998,2.0249999999999915,179.4852119376793,-0.020211937679334824,0.0,False,766.2886419604583,-0.0029327056977748386,0.0,0.006990216529454862,179.86889275155502,-0.40389275155504833,0.0,False
2026-11-30,0.2005527864992707,595.0,177.37,1.25,174.22,1.24,2.0,432.0,1.0,252.0,175.79500000000002,1.245,True,765.8949025697918,0.9922071290451722,-0.25248355187028215,False,174.55,172.97,176.13,1.5799999999999983,169.56314064722758,4.986859352772427,3.4068593527724147,True,766.2886419604583,-0.0029327056977748386,0.0,0.008238202229281955,169.9455734754035,4.604426524596505,3.0244265245964925,True
2026-11-30,0.2005527864992707,600.0,167.95,1.32,163.97,1.3,21.0,514.0,1.0,1.0,165.95999999999998,1.31,True,765.8949025697918,0.9922071290451722,-0.24411530219976557,False,164.64999999999998,162.65,166.64999999999998,1.9999999999999858,164.6021050020017,0.04789499799827013,0.0,False,766.2886419604583,-0.0029327056977748386,0.0,0.00891820937200416,164.9838578230349,-0.3338578230349185,0.0,False
2026-11-30,0.2005527864992707,605.0,163.06,1.4,159.09,1.39,8.0,813.0,6.0,2.0,161.075,1.395,True,765.8949025697918,0.9922071290451722,-0.2358164993850704,False,159.67999999999998,157.69,161.67000000000002,1.990000000000009,159.64106935677586,0.038930643224119876,0.0,False,766.2886419604583,-0.0029327056977748386,0.0,0.00976487878402299,160.02197550839705,-0.3419755083970699,0.0,False
2026-11-30,0.2005527864992707,610.0,158.16,1.48,154.27,1.46,2.0,824.0,0.0,11.0,156.215,1.47,True,765.8949025697918,0.9922071290451722,-0.22758600024855496,False,154.745,152.79000000000002,156.7,1.954999999999984,154.68003371154998,0.06496628845002306,0.0,False,766.2886419604583,-0.0029327056977748386,0.0,0.010607112642646133,155.06009762931254,-0.3150976293125325,0.0,False
2026-11-30,0.2005527864992707,615.0,153.3,1.56,149.56,1.55,2.0,634.0,0.0,13.0,151.43,1.5550000000000002,True,765.8949025697918,0.9922071290451722,-0.21942268960939407,False,149.875,148.0,151.75,1.875,149.71899806632413,0.15600193367586712,0.0,False,766.2886419604583,-0.0029327056977748386,0.0,0.01157795387216276,150.09809114285716,-0.22309114285715737,0.0,False
2026-11-30,0.2005527864992707,620.0,148.49,1.66,144.81,1.65,12.0,491.0,1.0,1.0,146.65,1.6549999999999998,True,765.8949025697918,0.9922071290451722,-0.21132547937677462,False,144.995,143.15,146.84,1.8449999999999989,144.75796242109828,0.23703757890172028,0.0,False,766.2886419604583,-0.0029327056977748386,0.0,0.012711707648679127,145.13592174385477,-0.14092174385476142,0.0,False
2026-11-30,0.2005527864992707,625.0,143.71,1.77,139.69,1.75,1.0,411.0,1.0,2.0,141.7,1.76,True,765.8949025697918,0.9922071290451722,-0.2032933076795104,False,139.94,137.92,141.96,2.0200000000000102,139.7969267758724,0.1430732241275905,0.0,False,766.2886419604583,-0.0029327056977748386,0.0,0.013957675857133811,140.17364013042047,-0.2336401304204685,0.0,False
2026-11-30,0.2005527864992707,630.0,138.66,1.88,135.21,1.86,5.0,225.0,2.0,5.0,136.935,1.87,True,765.8949025697918,0.9922071290451722,-0.19532513803033358,False,135.065,133.33,136.79999999999998,1.7349999999999852,134.83589113064656,0.2291088693534391,0.0,False,766.2886419604583,-0.0029327056977748386,0.0,0.01532428562629895,135.21123787542547,-0.14623787542547007,0.0,False
2026-11-30,0.2005527864992707,635.0,133.82,1.99,130.24,1.98,3.0,52.0,1.0,4.0,132.03,1.9849999999999999,True,765.8949025697918,0.9922071290451722,-0.18741995852322021,False,130.045,128.25,131.84,1.7950000000000017,129.87485548542068,0.1701445145793059,0.0,False,766.2886419604583,-0.0029327056977748386,0.0,0.016828909430318673,130.24869760639555,-0.2036976063955649,0.0,False
2026-11-30,0.2005527864992707,640.0,128.93,2.12,125.25,2.11,164.0,529.0,1.0,10.0,127.09,2.115,True,765.8949025697918,0.9922071290451722,-0.17957678106219438,False,124.97500000000001,123.13,126.82000000000001,1.845000000000006,124.91381984019483,0.06118015980517555,0.0,False,766.2886419604583,-0.0029327056977748386,0.0,0.01855529038225301,125.28593558021778,-0.3109355802177731,0.0,False
2026-11-30,0.2005527864992707,645.0,133.22,2.27,129.7,2.24,16.0,74.0,1.0,1.0,131.45999999999998,2.255,True,765.8949025697918,0.9922071290451722,-0.17179464062013947,False,129.20499999999998,127.42999999999999,130.98,1.7749999999999986,119.95278419496897,9.252215805031014,7.4772158050310225,True,766.2886419604583,-0.0029327056977748386,0.0,0.02049606055524178,120.32295916481893,8.882040835181058,7.107040835181067,True
2026-11-30,0.2005527864992707,650.0,119.3,2.42,115.64,2.39,14.0,412.0,1.0,3.0,117.47,2.4050000000000002,True,765.8949025697918,0.9922071290451722,-0.16407259452622908,False,115.065,113.22,116.91,1.8449999999999989,114.99174854974311,0.0732514502568904,0.0,False,766.2886419604583,-0.0029327056977748386,0.0,0.022669660458866314,115.35974991968945,-0.2947499196894512,0.0,False
2026-11-30,0.2005527864992707,655.0,114.51,2.58,110.94,2.55,799.0,717.0,2.0,2.0,112.725,2.565,True,765.8949025697918,0.9922071290451722,-0.15640972178066,False,110.16,108.36,111.96000000000001,1.8000000000000043,110.03071290451724,0.12928709548275208,0.0,False,766.2886419604583,-0.0029327056977748386,0.0,0.0251194707702469,110.3962644641522,-0.2362644641521996,0.0,False
2026-11-30,0.2005527864992707,660.0,109.78,2.77,106.22,2.74,978.0,1081.0,335.0,10.0,108.0,2.755,True,765.8949025697918,0.9922071290451722,-0.14880512239544072,False,105.245,103.45,107.04,1.7950000000000017,105.06967725929138,0.17532274070862286,0.0,False,766.2886419604583,-0.0029327056977748386,0.0,0.02803495665287814,105.43231333304371,-0.18731333304370423,0.0,False
2026-11-30,0.2005527864992707,665.0,105.02,2.97,101.4,2.94,1606.0,745.0,321.0,3.0,103.21000000000001,2.955,True,765.8949025697918,0.9922071290451722,-0.14125791676005772,False,100.25500000000001,98.43,102.08,1.8249999999999957,100.10864161406552,0.1463583859344908,0.0,False,766.2886419604583,-0.0029327056977748386,0.0,0.031321828558705356,100.46799081591202,-0.21299081591200775,0.0,False
2026-11-30,0.2005527864992707,670.0,100.25,3.19,96.71,3.17,1377.0,532.0,86.0,2.0,98.47999999999999,3.1799999999999997,True,765.8949025697918,0.9922071290451722,-0.13376724503090018,False,95.29999999999998,93.52,97.08,1.7800000000000011,95.14760596883966,0.1523940311603269,0.0,False,766.2886419604583,-0.0029327056977748386,0.0,0.035122338805877895,95.50315466043898,-0.20315466043899733,0.0,False
2026-11-30,0.2005527864992707,672.0,104.14,3.28,100.95,3.26,1.0,11.0,2.0,3.0,102.545,3.2699999999999996,True,765.8949025697918,0.9922071290451722,-0.13078661689276233,False,99.275,97.67,100.88,1.6049999999999969,93.16319171074932,6.111808289250689,4.506808289250685,True,766.2886419604583,-0.0029327056977748386,0.0,0.036742222215302434,93.51712051893921,5.757879481060797,4.152879481060793,True
2026-11-30,0.2005527864992707,673.0,97.43,3.34,94.14,3.31,316.0,161.0,60.0,2.0,95.785,3.325,True,765.8949025697918,0.9922071290451722,-0.1292996277711841,False,92.46,90.8,94.12,1.6600000000000037,92.17098458170415,0.28901541829584687,0.0,False,766.2886419604583,-0.0029327056977748386,0.0,0.0376698817994936,92.52398573030986,-0.06398573030986654,0.0,False
2026-11-30,0.2005527864992707,674.0,96.49,3.38,92.9,3.35,108.0,235.0,7.0,20.0,94.695,3.365,True,765.8949025697918,0.9922071290451722,-0.1278148465036049,False,91.33,89.52000000000001,93.14,1.8099999999999952,91.17877745265898,0.15122254734102114,0.0,False,766.2886419604583,-0.0029327056977748386,0.0,0.03847934841793599,91.53096913464624,-0.20096913464624322,0.0,False
2026-11-30,0.2005527864992707,675.0,95.55,3.42,91.96,3.4,207.0,637.0,2.0,26.0,93.755,3.41,True,765.8949025697918,0.9922071290451722,-0.12633226654338214,False,90.345,88.53999999999999,92.14999999999999,1.8049999999999997,90.18657032361381,0.15842967638619143,0.0,False,766.2886419604583,-0.0029327056977748386,0.0,0.039349620364745874,90.53789173365426,-0.19289173365426393,0.0,False
2026-11-30,0.2005527864992707,676.0,94.49,3.47,91.37,3.45,30.0,159.0,16.0,1.0,92.93,3.46,True,765.8949025697918,0.9922071290451722,-0.12485188137294778,False,89.47000000000001,87.9,91.03999999999999,1.5699999999999932,89.19436319456862,0.2756368054313896,0.0,False,766.2886419604583,-0.0029327056977748386,0.0,0.040279983664319285,89.5447542413095,-0.07475424130949193,0.0,False
2026-11-30,0.2005527864992707,677.0,97.25,3.53,93.89,3.52,1.0,272.0,0.0,1.0,95.57,3.525,True,765.8949025697918,0.9922071290451722,-0.12337368450363691,False,92.04499999999999,90.36,93.73,1.6850000000000023,88.20215606552345,3.8428439344765337,2.1578439344765457,True,766.2886419604583,-0.0029327056977748386,0.0,0.041363213649065145,88.55146388227959,3.493536117720396,1.8085361177204078,True
2026-11-30,0.2005527864992707,678.0,92.68,3.58,89.06,3.56,127.0,186.0,1.0,2.0,90.87,3.5700000000000003,True,765.8949025697918,0.9922071290451722,-0.12189766947551636,False,87.30000000000001,85.48,89.12,1.8200000000000003,87.20994893647828,0.09005106352172731,0.0,False,766.2886419604583,-0.0029327056977748386,0.0,0.04228363467323826,87.55833633221025,-0.25833633221023433,0.0,False
2026-11-30,0.2005527864992707,679.0,91.73,3.65,88.2,3.62,110.0,396.0,4.0,1.0,89.965,3.635,True,765.8949025697918,0.9922071290451722,-0.12042382985721585,False,86.33,84.55,88.11,1.7800000000000011,86.21774180743311,0.11225819256688396,0.0,False,766.2886419604583,-0.0029327056977748386,0.0,0.04340457987796009,86.56500825796036,-0.2350082579603594,0.0,False
2026-11-30,0.2005527864992707,680.0,90.86,3.7,87.73,3.67,94.0,389.0,1.0,1.0,89.295,3.685,True,765.8949025697918,0.9922071290451722,-0.1189521592457595,False,85.61,84.03,87.19,1.5799999999999983,85.22553467838794,0.3844653216120548,0.0,False,766.2886419604583,-0.0029327056977748386,0.0,0.04441025875990512,85.57179545003324,0.038204549966764034,0.0,False
2026-11-30,0.2005527864992707,681.0,89.92,3.76,88.07,3.73,32.0,285.0,2.0,7.0,88.995,3.745,True,765.8949025697918,0.9922071290451722,-0.11748265126639955,False,85.25,84.30999999999999,86.19,0.9400000000000048,84.23332754934277,1.0166724506572251,0.07667245065721318,True,766.2886419604583,-0.0029327056977748386,0.0,0.045529879473166446,84.5784687002748,0.6715312997252028,0.0,False
2026-11-30,0.2005527864992707,682.0,88.99,3.81,87.08,3.79,58.0,28.0,8.0,2.0,88.035,3.8,True,765.8949025697918,0.9922071290451722,-0.11601529957244985,False,84.235,83.27,85.19999999999999,0.9649999999999963,83.24112042029759,0.9938795797024085,0.028879579702405067,True,766.2886419604583,-0.0029327056977748386,0.0,0.04662553050847418,83.58516592019431,0.6498340798056859,0.0,False
2026-11-30,0.2005527864992707,683.0,88.05,3.88,86.2,3.85,40.0,283.0,4.0,5.0,87.125,3.865,True,765.8949025697918,0.9922071290451722,-0.1145500978451218,False,83.26,82.32000000000001,84.2,0.9399999999999977,82.24891329125242,1.0110867087475839,0.07108670874758616,True,766.2886419604583,-0.0029327056977748386,0.0,0.04784466651582164,82.5917396551418,0.6682603448582114,0.0,False
2026-11-30,0.2005527864992707,684.0,87.12,3.93,85.23,3.92,109.0,18846.0,56.0,13.0,86.17500000000001,3.925,True,765.8949025697918,0.9922071290451722,-0.11308703979336143,True,82.25000000000001,81.3,83.2,0.9500000000000028,81.25670616220725,0.9932938377927627,0.04329383779274565,True,766.2886419604583,-0.0029327056977748386,0.0,0.04904185323376531,81.59833533937869,0.6516646606213214,0.0,False
2026-11-30,0.2005527864992707,685.0,86.19,4.0,84.35,3.97,28.0,4299.0,6.0,1.0,85.27,3.9850000000000003,True,765.8949025697918,0.9922071290451722,-0.11162611915368663,True,81.285,80.35,82.22,0.9350000000000023,80.26449903316208,1.0205009668379148,0.08550096683791253,True,766.2886419604583,-0.0029327056977748386,0.0,0.05026197657929421,80.60490808698799,0.6800919130120064,0.0,False
2026-11-30,0.2005527864992707,686.0,85.26,4.05,83.35,4.03,54.0,250.0,4.0,6.0,84.305,4.04,True,765.8949025697918,0.9922071290451722,-0.11016732969002674,True,80.265,79.3,81.23,0.9650000000000034,79.27229190411691,0.9927080958830885,0.027708095883085093,True,766.2886419604583,-0.0029327056977748386,0.0,0.05145847637727252,79.61150445814484,0.6534955418551647,0.0,False
2026-11-30,0.2005527864992707,687.0,84.33,4.13,82.49,4.1,39.0,9.0,19.0,3.0,83.41,4.115,True,765.8949025697918,0.9922071290451722,-0.10871066519356253,True,79.295,78.36,80.23,0.9350000000000023,78.28008477507174,1.0149152249282594,0.07991522492825709,True,766.2886419604583,-0.0029327056977748386,0.0,0.05287049450221204,78.61788531097471,0.6771146890252879,0.0,False
2026-11-30,0.2005527864992707,688.0,83.4,4.17,81.54,4.14,33.0,133.0,1.0,1.0,82.47,4.154999999999999,True,765.8949025697918,0.9922071290451722,-0.10725611948256823,True,78.315,77.37,79.26,0.9450000000000003,77.28787764602656,1.0271223539734393,0.08212235397344614,True,766.2886419604583,-0.0029327056977748386,0.0,0.05397160175725091,77.6245770746745,0.6904229253254925,0.0,False
2026-11-30,0.2005527864992707,689.0,82.47,4.25,80.59,4.23,296.0,224.0,14.0,1.0,81.53,4.24,True,765.8949025697918,0.9922071290451722,-0.10580368640225336,True,77.29,76.34,78.24,0.9499999999999957,76.29567051698139,0.9943294830186176,0.044329483018614724,True,766.2886419604583,-0.0029327056977748386,0.0,0.05553732633586517,76.63080422105072,0.6591957789492824,0.0,False
2026-11-30,0.2005527864992707,690.0,81.55,4.32,79.67,4.3,83.0,378.0,2.0,4.0,80.61,4.3100000000000005,True,765.8949025697918,0.9922071290451722,-0.1043533598246069,True,76.3,75.35,77.25,0.9500000000000028,75.30346338793622,0.9965366120637782,0.04653661206377535,True,766.2886419604583,-0.0029327056977748386,0.0,0.05698501932894473,75.63714939901247,0.6628506009875252,0.0,False
2026-11-30,0.2005527864992707,691.0,79.16,4.39,78.79,4.37,51.0,38.0,10.0,2.0,78.975,4.38,True,765.8949025697918,0.9922071290451722,-0.10290513364824198,True,74.595,74.4,74.78999999999999,0.19499999999999318,74.31125625889105,0.2837437411089496,0.08874374110895644,True,766.2886419604583,-0.0029327056977748386,0.0,0.05847205274687273,74.64345523654937,-0.04845523654937267,0.0,False
2026-11-30,0.2005527864992707,692.0,78.16,4.46,76.1,4.44,5.0,1115.0,4.0,1.0,77.13,4.45,True,765.8949025697918,0.9922071290451722,-0.10145900179824234,True,72.67999999999999,71.64,73.72,1.0399999999999991,73.31904912984588,-0.6390491298458869,0.0,False,766.2886419604583,-0.0029327056977748386,0.0,0.05999708610871757,73.64972307414236,-0.9697230741423652,0.0,False
2026-11-30,0.2005527864992707,693.0,78.78,4.54,76.92,4.51,196.0,52.0,124.0,1.0,77.85,4.525,True,765.8949025697918,0.9922071290451722,-0.10001495822600871,True,73.32499999999999,72.38,74.27,0.9450000000000003,72.32684200080071,0.9981579991992788,0.053157999199285655,True,766.2886419604583,-0.0029327056977748386,0.0,0.0616052517148038,72.65590777949109,0.6690922205089009,0.0,False
2026-11-30,0.2005527864992707,694.0,77.86,4.61,76.08,4.58,14.0,73.0,4.0,2.0,76.97,4.595000000000001,True,765.8949025697918,0.9922071290451722,-0.09857299690910735,True,72.375,71.47,73.28,0.9050000000000011,71.33463487175553,1.0403651282444741,0.135365128244473,True,766.2886419604583,-0.0029327056977748386,0.0,0.06320381304236733,71.66210208911836,0.7128979108816367,0.0,False
2026-11-30,0.2005527864992707,695.0,76.94,4.68,75.05,4.66,16.0,564.0,1.0,1.0,75.995,4.67,True,765.8949025697918,0.9922071290451722,-0.09713311185111975,True,71.325,70.37,72.28,0.9549999999999983,70.34242774271036,0.9825722572896467,0.027572257289648405,True,766.2886419604583,-0.0029327056977748386,0.0,0.06489177463768225,70.66820699847787,0.6567930015221322,0.0,False
2026-11-30,0.2005527864992707,696.0,74.56,4.74,74.25,4.72,102.0,14.0,3.0,1.0,74.405,4.73,True,765.8949025697918,0.9922071290451722,-0.09569529708149227,True,69.675,69.51,69.84,0.16499999999999915,69.35022061366519,0.32477938633481074,0.1597793863348187,True,766.2886419604583,-0.0029327056977748386,0.0,0.06646369231693416,69.67442795175346,0.0005720482465392251,0.0,False
2026-11-30,0.2005527864992707,697.0,75.11,4.82,73.24,4.79,20.0,177.0,10.0,1.0,74.175,4.805,True,765.8949025697918,0.9922071290451722,-0.09425954665538806,True,69.37,68.41999999999999,70.32,0.9500000000000028,68.35801348462002,1.0119865153799878,0.0619865153799708,True,766.2886419604583,-0.0029327056977748386,0.0,0.06822008584587902,68.68046442917934,0.6895355708206665,0.0,False
2026-11-30,0.2005527864992707,698.0,72.72,4.91,72.35,4.89,13.0,259.0,13.0,2.0,72.535,4.9,True,765.8949025697918,0.9922071290451722,-0.09282585465353939,True,67.63499999999999,67.44,67.83,0.19500000000000028,67.36580635557485,0.26919364442514393,0.07419364442515075,True,766.2886419604583,-0.0029327056977748386,0.0,0.07022173208579474,67.68625565389425,-0.05125565389425901,0.0,False
2026-11-30,0.2005527864992707,699.0,73.29,4.99,71.47,4.97,126.0,88.0,125.0,1.0,72.38,4.98,True,765.8949025697918,0.9922071290451722,-0.09139421518210164,True,67.39999999999999,66.48,68.32000000000001,0.9200000000000017,66.37359922652966,1.0264007734703284,0.10640077347034094,True,766.2886419604583,-0.0029327056977748386,0.0,0.07211729247353205,66.69215296446133,0.7078470355386628,0.0,False
2026-11-30,0.2005527864992707,700.0,70.9,5.09,69.5,5.06,326.0,1279.0,11.0,15.0,70.2,5.074999999999999,True,765.8949025697918,0.9922071290451722,-0.08996462237250726,True,65.125,64.41,65.84,0.7150000000000034,65.3813920974845,-0.2563920974844933,0.0,False,766.2886419604583,-0.0029327056977748386,0.0,0.07420606622788739,65.69785706166181,-0.5728570616618072,0.0,False
2026-11-30,0.2005527864992707,701.0,71.47,5.16,69.62,5.13,18.0,37.0,3.0,1.0,70.545,5.145,True,765.8949025697918,0.9922071290451722,-0.08853707038132187,True,65.4,64.46000000000001,66.34,0.9399999999999977,64.38918496843932,1.010815031560682,0.07081503156068436,True,766.2886419604583,-0.0029327056977748386,0.0,0.0760925673526085,64.70376343149192,0.696236568508084,0.0,False
2026-11-30,0.2005527864992707,702.0,69.08,5.26,67.68,5.23,24.0,118.0,24.0,1.0,68.38,5.245,True,765.8949025697918,0.9922071290451722,-0.08711155339010075,True,63.135,62.42000000000001,63.849999999999994,0.7149999999999928,63.396977839394154,-0.26197783939415586,0.0,False,766.2886419604583,-0.0029327056977748386,0.0,0.07834108730833922,63.70930778249102,-0.5743077824910188,0.0,False
2026-11-30,0.2005527864992707,703.0,69.66,5.34,67.82,5.31,23.0,21.0,13.0,1.0,68.74,5.324999999999999,True,765.8949025697918,0.9922071290451722,-0.085688065605247,True,63.41499999999999,62.47999999999999,64.35,0.9350000000000023,62.404770710348984,1.010229289651008,0.07522928965100562,True,766.2886419604583,-0.0029327056977748386,0.0,0.08043763316240238,62.715004107591774,0.6999958924082179,0.0,False
2026-11-30,0.2005527864992707,704.0,67.28,5.43,66.94,5.41,11.0,206.0,1.0,1.0,67.11,5.42,True,765.8949025697918,0.9922071290451722,-0.08426660125786954,True,61.69,61.51,61.870000000000005,0.18000000000000327,61.41256358130381,0.2774364186961904,0.09743641869619069,True,766.2886419604583,-0.0029327056977748386,0.0,0.08274259110913373,61.72049202059988,-0.030492020599879766,0.0,False
2026-11-30,0.2005527864992707,705.0,66.29,5.52,66.02,5.5,278.0,496.0,1.0,1.0,66.155,5.51,True,765.8949025697918,0.9922071290451722,-0.08284715460364332,True,60.645,60.5,60.790000000000006,0.14500000000000313,60.42035645225864,0.22464354774136552,0.0796435477413624,True,766.2886419604583,-0.0029327056977748386,0.0,0.0850560743896489,60.72597140827419,-0.0809714082741877,0.0,False
2026-11-30,0.2005527864992707,706.0,66.96,5.63,65.13,5.61,40.0,249.0,34.0,1.0,66.04499999999999,5.62,True,765.8949025697918,0.9922071290451722,-0.0814297199226698,True,60.42499999999999,59.49999999999999,61.349999999999994,0.9250000000000007,59.42814932321347,0.9968506767865222,0.07185067678652501,True,766.2886419604583,-0.0029327056977748386,0.0,0.08764120079154125,59.731179152827124,0.6938208471728657,0.0,False
2026-11-30,0.2005527864992707,707.0,64.57,5.72,62.44,5.68,42.0,196.0,43.0,2.0,63.504999999999995,5.699999999999999,True,765.8949025697918,0.9922071290451722,-0.08001429151933916,True,57.80499999999999,56.72,58.88999999999999,1.0849999999999973,58.43594219416829,-0.6309421941682984,0.0,False,766.2886419604583,-0.0029327056977748386,0.0,0.08997598597432521,58.736637238599165,-0.9316372385991727,0.0,False
2026-11-30,0.2005527864992707,708.0,64.94,5.83,63.27,5.8,12.0,42.0,4.0,2.0,64.105,5.8149999999999995,True,765.8949025697918,0.9922071290451722,-0.07860086372219219,True,58.290000000000006,57.440000000000005,59.14,0.8499999999999979,57.44373506512312,0.8462649348768849,0.0,False,766.2886419604583,-0.0029327056977748386,0.0,0.09274017327266826,57.741665922255656,0.5483340777443502,0.0,False
2026-11-30,0.2005527864992707,709.0,64.28,5.92,62.46,5.88,21.0,445.0,1.0,10.0,63.370000000000005,5.9,True,765.8949025697918,0.9922071290451722,-0.07718943088378435,True,57.470000000000006,56.54,58.4,0.9299999999999997,56.45152793607795,1.0184720639220544,0.08847206392204754,True,766.2886419604583,-0.0029327056977748386,0.0,0.095254330537351,56.746944635945795,0.7230553640542112,0.0,False
2026-11-30,0.2005527864992707,710.0,63.39,6.03,61.58,6.01,158.0,462.0,4.0,4.0,62.485,6.02,True,765.8949025697918,0.9922071290451722,-0.07577998738055078,True,56.465,55.55,57.38,0.9150000000000027,55.459320807032775,1.0056791929672286,0.09067919296722238,True,766.2886419604583,-0.0029327056977748386,0.0,0.09821515732923469,55.75177668010874,0.713223319891263,0.0,False
2026-11-30,0.2005527864992707,711.0,60.93,6.11,60.65,6.08,14.0,218.0,5.0,1.0,60.79,6.095000000000001,True,765.8949025697918,0.9922071290451722,-0.07437252761267105,True,54.695,54.54,54.85,0.15500000000000114,54.467113677987605,0.22788632201239523,0.07288632201239409,True,766.2886419604583,-0.0029327056977748386,0.0,0.10077222967676036,54.75701247871605,-0.0620124787160492,0.0,False
2026-11-30,0.2005527864992707,712.0,61.62,6.25,59.8,6.22,30.0,1255.0,4.0,7.0,60.709999999999994,6.234999999999999,True,765.8949025697918,0.9922071290451722,-0.07296704600393619,True,54.474999999999994,53.55,55.4,0.9250000000000007,53.474906548942435,1.000093451057559,0.07509345105756182,True,766.2886419604583,-0.0029327056977748386,0.0,0.10408861002581382,53.76148896932182,0.7135110306781769,0.0,False
2026-11-30,0.2005527864992707,713.0,60.74,6.35,58.91,6.33,26.0,108.0,1.0,2.0,59.825,6.34,True,765.8949025697918,0.9922071290451722,-0.07156353700161593,True,53.485,52.559999999999995,54.410000000000004,0.9250000000000043,52.48269941989726,1.002300580102741,0.07730058010273666,True,766.2886419604583,-0.0029327056977748386,0.0,0.10712092908587945,52.76624952121658,0.71875047878342,0.0,False
2026-11-30,0.2005527864992707,714.0,58.27,6.47,58.02,6.43,10.0,285.0,10.0,3.0,58.145,6.449999999999999,True,765.8949025697918,0.9922071290451722,-0.07016199507632752,True,51.69500000000001,51.550000000000004,51.84,0.14499999999999957,51.49049229085209,0.2045077091479186,0.05950770914791548,True,766.2886419604583,-0.0029327056977748386,0.0,0.1102992818387607,51.77086403941853,-0.07586403941851927,0.0,False
2026-11-30,0.2005527864992707,715.0,58.98,6.58,57.17,6.54,154.0,388.0,2.0,109.0,58.075,6.5600000000000005,True,765.8949025697918,0.9922071290451722,-0.06876241472190428,True,51.515,50.59,52.44,0.9249999999999972,50.49828516180691,1.0167148381930886,0.09171483819309145,True,766.2886419604583,-0.0029327056977748386,0.0,0.11356869634332689,50.775387495868785,0.739612504131216,0.0,False
2026-11-30,0.2005527864992707,716.0,58.1,6.71,56.24,6.67,155.0,183.0,1.0,2.0,57.17,6.6899999999999995,True,765.8949025697918,0.9922071290451722,-0.06736479045526635,True,50.480000000000004,49.53,51.43,0.9499999999999993,49.50607803276174,0.9739219672382617,0.0239219672382589,True,766.2886419604583,-0.0029327056977748386,0.0,0.11714289331581629,49.77960616985113,0.7003938301488759,0.0,False
2026-11-30,0.2005527864992707,717.0,55.74,6.8,55.4,6.77,84.0,64.0,2.0,170.0,55.57,6.785,True,765.8949025697918,0.9922071290451722,-0.06596911681629151,True,48.785,48.6,48.97,0.18499999999999872,48.51387090371657,0.2711290962834241,0.08612909628342891,True,766.2886419604583,-0.0029327056977748386,0.0,0.12044169985739206,48.78410023426438,0.0008997657356175637,0.0,False
2026-11-30,0.2005527864992707,718.0,54.88,6.96,54.56,6.92,59.0,365.0,1.0,2.0,54.72,6.9399999999999995,True,765.8949025697918,0.9922071290451722,-0.06457538836768772,True,47.78,47.6,47.96,0.17999999999999972,47.521663774671396,0.25833622532860545,0.07833622532860574,True,766.2886419604583,-0.0029327056977748386,0.0,0.12448604014240594,47.78784876493419,-0.007848764934188068,0.0,False
2026-11-30,0.2005527864992707,719.0,55.5,7.09,53.69,7.06,16.0,27.0,4.0,4.0,54.595,7.074999999999999,True,765.8949025697918,0.9922071290451722,-0.06318359969486526,True,47.519999999999996,46.599999999999994,48.44,0.9200000000000017,46.529456645626226,0.9905433543737701,0.07054335437376835,True,766.2886419604583,-0.0029327056977748386,0.0,0.12842613844902573,46.7917015375824,0.7282984624175981,0.0,False
2026-11-30,0.2005527864992707,720.0,54.63,7.2,52.76,7.17,403.0,851.0,6.0,218.0,53.695,7.1850000000000005,True,765.8949025697918,0.9922071290451722,-0.06179374540581098,True,46.51,45.559999999999995,47.46,0.9500000000000028,45.537249516581056,0.9727504834189418,0.022750483418938927,True,766.2886419604583,-0.0029327056977748386,0.0,0.1321961509358731,45.79572439605038,0.7142756039496163,0.0,False
2026-11-30,0.2005527864992707,721.0,53.77,7.35,51.97,7.31,22.0,194.0,1.0,1.0,52.870000000000005,7.33,True,765.8949025697918,0.9922071290451722,-0.06040582013096281,True,45.540000000000006,44.62,46.46,0.9200000000000017,44.54504238753588,0.9949576124641268,0.07495761246411803,True,766.2886419604583,-0.0029327056977748386,0.0,0.13646532448096504,44.799248093460115,0.7407519065398915,0.0,False
2026-11-30,0.2005527864992707,722.0,52.91,7.48,51.03,7.44,25.0,63.0,1.0,7.0,51.97,7.460000000000001,True,765.8949025697918,0.9922071290451722,-0.05901981852308569,True,44.51,43.55,45.47,0.9600000000000009,43.55283525849071,0.9571647415092883,0.0,False,766.2886419604583,-0.0029327056977748386,0.0,0.14068667607718854,43.80281961281872,0.7071803871812747,0.0,False
2026-11-30,0.2005527864992707,723.0,50.44,7.59,50.21,7.56,1.0,314.0,1.0,34.0,50.325,7.574999999999999,True,765.8949025697918,0.9922071290451722,-0.05763573525714726,True,42.75,42.620000000000005,42.879999999999995,0.12999999999999545,42.56062812944554,0.18937187055446003,0.05937187055446458,True,766.2886419604583,-0.0029327056977748386,0.0,0.14489357832180705,42.806405581528935,-0.056405581528935045,0.0,False
2026-11-30,0.2005527864992707,724.0,51.21,7.77,49.42,7.74,175.0,399.0,4.0,8.0,50.315,7.755,True,765.8949025697918,0.9922071290451722,-0.0562535650301955,True,42.559999999999995,41.650000000000006,43.47,0.9099999999999966,41.56842100040036,0.991578999599632,0.08157899959964254,True,766.2886419604583,-0.0029327056977748386,0.0,0.14993270333365682,41.80915932747191,0.750840672528085,0.0,False
2026-11-30,0.2005527864992707,725.0,50.36,7.92,48.54,7.89,243.0,1403.0,11.0,5.0,49.45,7.904999999999999,True,765.8949025697918,0.9922071290451722,-0.05487330256123712,True,41.545,40.62,42.47,0.9250000000000007,40.57621387135519,0.9687861286448083,0.04378612864480402,True,766.2886419604583,-0.0029327056977748386,0.0,0.1547919490717513,40.812092952688644,0.7329070473113575,0.0,False
2026-11-30,0.2005527864992707,726.0,47.99,8.05,47.74,8.01,213.0,188.0,1.0,8.0,47.865,8.030000000000001,True,765.8949025697918,0.9922071290451722,-0.053494942591115834,True,39.835,39.69,39.980000000000004,0.14500000000000313,39.584006742310024,0.25099325768997716,0.10599325768997403,True,766.2886419604583,-0.0029327056977748386,0.0,0.15952772740410026,39.81515004531113,0.01984995468887263,0.0,False
2026-11-30,0.2005527864992707,727.0,47.17,8.22,45.55,8.18,9.0,20500.0,6.0,1.0,46.36,8.2,True,765.8949025697918,0.9922071290451722,-0.05211847988239259,True,38.16,37.33,38.99,0.8300000000000018,38.59179961326485,-0.4317996132648503,0.0,False,766.2886419604583,-0.0029327056977748386,0.0,0.1649355806333297,38.817535063036715,-0.6575350630367183,0.0,False
2026-11-30,0.2005527864992707,728.0,46.34,8.34,46.01,8.31,227.0,447.0,1.0,6.0,46.175,8.325,True,765.8949025697918,0.9922071290451722,-0.050743909219225905,True,37.849999999999994,37.67,38.03,0.17999999999999972,37.59959248421968,0.25040751578031717,0.07040751578032456,True,766.2886419604583,-0.0029327056977748386,0.0,0.17002136320276762,37.82024215142211,0.029757848577887103,0.0,False
2026-11-30,0.2005527864992707,729.0,45.37,8.52,45.16,8.49,29.0,98.0,1.0,3.0,45.265,8.504999999999999,True,765.8949025697918,0.9922071290451722,-0.049371225407253756,True,36.760000000000005,36.64,36.879999999999995,0.11999999999999744,36.60738535517451,0.1526146448254977,0.032614644825493144,True,766.2886419604583,-0.0029327056977748386,0.0,0.17585707162238862,36.82219931395731,-0.06219931395730782,0.0,False
2026-11-30,0.2005527864992707,730.0,44.63,8.7,44.38,8.67,662.0,796.0,2.0,1.0,44.505,8.684999999999999,True,765.8949025697918,0.9922071290451722,-0.04800042327347512,True,35.82000000000001,35.68000000000001,35.96,0.13999999999999702,35.61517822612933,0.2048217738706768,0.06482177387067622,True,766.2886419604583,-0.0029327056977748386,0.0,0.18186137638062583,35.82398788015391,-0.003987880153900392,0.0,False
2026-11-30,0.2005527864992707,731.0,45.35,8.88,43.53,8.82,75.0,89.0,57.0,7.0,44.44,8.850000000000001,True,765.8949025697918,0.9922071290451722,-0.04663149766613346,True,35.589999999999996,34.65,36.53,0.9400000000000013,34.62297109708416,0.9670289029158354,0.027028902915837705,True,766.2886419604583,-0.0029327056977748386,0.0,0.18791591978992273,34.82572620769944,0.7642737923005569,0.0,False
2026-11-30,0.2005527864992707,732.0,43.02,9.09,40.98,9.01,351.0,45.0,30.0,13.0,42.0,9.05,True,765.8949025697918,0.9922071290451722,-0.045264443454600324,True,32.95,31.889999999999997,34.010000000000005,1.060000000000004,33.63076396803899,-0.6807639680389883,0.0,False,766.2886419604583,-0.0029327056977748386,0.0,0.19453613034943373,33.82689886809475,-0.8768988680947487,0.0,False
2026-11-30,0.2005527864992707,733.0,42.2,9.24,40.38,9.16,205.0,76.0,3.0,2.0,41.290000000000006,9.2,True,765.8949025697918,0.9922071290451722,-0.04389925552926042,True,32.09,31.14,33.040000000000006,0.9500000000000028,32.638556838993814,-0.5485568389938109,0.0,False,766.2886419604583,-0.0029327056977748386,0.0,0.2008492277221432,32.82837864167687,-0.7383786416768672,0.0,False
2026-11-30,0.2005527864992707,734.0,41.39,9.43,39.47,9.37,47.0,101.0,1.0,3.0,40.43,9.399999999999999,True,765.8949025697918,0.9922071290451722,-0.04253592880139636,True,31.03,30.04,32.02,0.990000000000002,31.646349709948645,-0.6163497099486435,0.0,False,766.2886419604583,-0.0029327056977748386,0.0,0.20789418736736565,31.82912655298648,-0.799126552986479,0.0,False
2026-11-30,0.2005527864992707,735.0,40.46,9.6,40.26,9.53,880.0,562.0,3.0,4.0,40.36,9.565,True,765.8949025697918,0.9922071290451722,-0.04117445820307518,True,30.795,30.659999999999997,30.93,0.13500000000000156,30.65414258090347,0.14085741909653038,0.005857419096525263,True,766.2886419604583,-0.0029327056977748386,0.0,0.21483865926716383,30.82997495204151,-0.0349749520415088,0.0,False
2026-11-30,0.2005527864992707,736.0,41.29,9.82,39.42,9.75,276.0,185.0,20.0,1.0,40.355000000000004,9.785,True,765.8949025697918,0.9922071290451722,-0.03981483868703565,True,30.570000000000004,29.6,31.54,0.9699999999999989,29.6619354518583,0.9080645481417022,0.0,False,766.2886419604583,-0.0029327056977748386,0.0,0.22258516716434684,29.830021315099152,0.7399786849008514,0.0,False
2026-11-30,0.2005527864992707,737.0,39.99,10.0,38.62,9.92,353.0,175.0,2.0,1.0,39.305,9.96,True,765.8949025697918,0.9922071290451722,-0.03845706522657531,True,29.345,28.619999999999997,30.07,0.7250000000000014,28.66972832281313,0.6752716771868705,0.0,False,766.2886419604583,-0.0029327056977748386,0.0,0.2301600392703147,28.830239313948013,0.5147606860519858,0.0,False
2026-11-30,0.2005527864992707,738.0,38.16,10.2,36.84,10.13,85.0,390.0,1.0,1.0,37.5,10.165,True,765.8949025697918,0.9922071290451722,-0.037101132815439454,True,27.335,26.640000000000004,28.029999999999994,0.694999999999995,27.677521193767955,-0.3425211937679542,0.0,False,766.2886419604583,-0.0029327056977748386,0.0,0.23830410919848788,27.82988811497467,-0.49488811497466756,0.0,False
2026-11-30,0.2005527864992707,739.0,38.9,10.41,37.09,10.33,97.0,186.0,164.0,1.0,37.995000000000005,10.370000000000001,True,765.8949025697918,0.9922071290451722,-0.03574703646771009,True,27.625000000000004,26.680000000000003,28.57,0.9449999999999985,26.685314064722782,0.9396859352772218,0.0,False,766.2886419604583,-0.0029327056977748386,0.0,0.24674927087583498,26.829235824252148,0.7957641757478555,0.0,False
2026-11-30,0.2005527864992707,740.0,36.54,10.63,36.23,10.57,622.0,1861.0,1.0,3.0,36.385,10.600000000000001,True,765.8949025697918,0.9922071290451722,-0.03439477121769646,True,25.784999999999997,25.599999999999994,25.97,0.18500000000000227,25.693106935677612,0.09189306432238453,0.0,False,766.2886419604583,-0.0029327056977748386,0.0,0.2557142814461333,25.828063684636675,-0.04306368463667809,0.0,False
2026-11-30,0.2005527864992707,741.0,36.91,10.85,33.99,10.77,164.0,118.0,9.0,1.0,35.45,10.809999999999999,True,765.8949025697918,0.9922071290451722,-0.03304433211982504,True,24.640000000000004,23.14,26.139999999999997,1.4999999999999982,24.70089980663244,-0.06089980663243466,0.0,False,766.2886419604583,-0.0029327056977748386,0.0,0.2648547459565016,24.82671609108114,-0.1867160910811343,0.0,False
2026-11-30,0.2005527864992707,742.0,36.57,11.08,34.68,11.01,105.0,217.0,3.0,15.0,35.625,11.045,True,765.8949025697918,0.9922071290451722,-0.03169571424853151,True,24.58,23.6,25.560000000000002,0.9800000000000004,23.708692677587266,0.8713073224127328,0.0,False,766.2886419604583,-0.0029327056977748386,0.0,0.27454730265597327,23.82481640533649,0.7551835946635066,0.0,False
2026-11-30,0.2005527864992707,743.0,34.25,11.26,33.98,11.19,255.0,119.0,4.0,1.0,34.114999999999995,11.225,True,765.8949025697918,0.9922071290451722,-0.03034891269815271,True,22.889999999999993,22.72,23.060000000000002,0.1700000000000017,22.716485548542096,0.17351445145789768,0.0035144514579030783,True,766.2886419604583,-0.0029327056977748386,0.0,0.2841641901307117,22.82299238881658,0.06700761118341347,0.0,False
2026-11-30,0.2005527864992707,744.0,33.46,11.55,33.19,11.46,511.0,49.0,5.0,1.0,33.325,11.505,True,765.8949025697918,0.9922071290451722,-0.02900392258282004,True,21.82,21.639999999999997,22.0,0.1800000000000015,21.724278419496923,0.09572158050307777,0.0,False,766.2886419604583,-0.0029327056977748386,0.0,0.2949497115502009,21.819999738351925,2.616480756501005e-07,0.0,False
2026-11-30,0.2005527864992707,745.0,32.71,11.79,32.44,11.69,606.0,342.0,12.0,2.0,32.575,11.739999999999998,True,765.8949025697918,0.9922071290451722,-0.02766073903635242,True,20.835000000000004,20.65,21.020000000000003,0.18500000000000227,20.73207129045175,0.10292870954825517,0.0,False,766.2886419604583,-0.0029327056977748386,0.0,0.3058038135791641,20.816938507277786,0.01806149272221802,0.0,False
2026-11-30,0.2005527864992707,746.0,31.97,12.03,31.7,11.94,509.0,576.0,2.0,14.0,31.835,11.985,True,765.8949025697918,0.9922071290451722,-0.026319357212151118,True,19.85,19.67,20.03,0.17999999999999972,19.73986416140658,0.11013583859342191,0.0,False,766.2886419604583,-0.0029327056977748386,0.0,0.31719123369611424,19.813343958115663,0.036656041884338464,0.0,False
2026-11-30,0.2005527864992707,747.0,31.19,12.29,30.91,12.2,710.0,72.0,4.0,13.0,31.05,12.245,True,765.8949025697918,0.9922071290451722,-0.024979772283094576,True,18.805,18.62,18.990000000000002,0.1850000000000005,18.747657032361406,0.05734296763859348,0.0,False,766.2886419604583,-0.0029327056977748386,0.0,0.3291250390079803,18.809203023758627,-0.004203023758627467,0.0,False
2026-11-30,0.2005527864992707,748.0,30.48,12.56,30.21,12.46,96.0,364.0,9.0,1.0,30.345,12.510000000000002,True,765.8949025697918,0.9922071290451722,-0.02364197944143467,True,17.834999999999997,17.65,18.02,0.1850000000000005,17.755449903316233,0.07955009668376434,0.0,False,766.2886419604583,-0.0029327056977748386,0.0,0.34155847465664557,17.80456245906479,0.030437540935206897,0.0,False
2026-11-30,0.2005527864992707,749.0,29.61,12.82,29.45,12.73,152.0,453.0,2.0,3.0,29.53,12.775,True,765.8949025697918,0.9922071290451722,-0.022305973898692467,True,16.755000000000003,16.63,16.88,0.125,16.763242774271063,-0.008242774271060682,0.0,False,766.2886419604583,-0.0029327056977748386,0.0,0.3545316916467307,16.79938211302953,-0.04438211302952766,0.0,False
2026-11-30,0.2005527864992707,750.0,29.0,13.09,28.74,13.0,773.0,2063.0,404.0,13.0,28.869999999999997,13.045,True,765.8949025697918,0.9922071290451722,-0.020971750885555737,True,15.824999999999998,15.649999999999999,16.0,0.1750000000000007,15.77103564522589,0.05396435477410755,0.0,False,766.2886419604583,-0.0029327056977748386,0.0,0.36807987486330873,15.793626800767782,0.03137319923221504,0.0,False
2026-11-30,0.2005527864992707,751.0,28.16,13.37,28.0,13.29,214.0,96.0,3.0,16.0,28.08,13.329999999999998,True,765.8949025697918,0.9922071290451722,-0.01963930565177715,True,14.75,14.63,14.870000000000001,0.1200000000000001,14.778828516180717,-0.02882851618071669,0.0,False,766.2886419604583,-0.0029327056977748386,0.0,0.3823005334907954,14.787199013095123,-0.037199013095122524,0.0,False
2026-11-30,0.2005527864992707,752.0,27.56,13.68,27.29,13.57,188.0,220.0,411.0,20.0,27.424999999999997,13.625,True,765.8949025697918,0.9922071290451722,-0.0183086334660721,True,13.799999999999997,13.61,13.989999999999998,0.1899999999999995,13.786621387135545,0.013378612864451966,0.0,False,766.2886419604583,-0.0029327056977748386,0.0,0.3971898842965036,13.780102533244241,0.0198974667557561,0.0,False
2026-11-30,0.2005527864992707,753.0,26.86,13.95,26.59,13.86,278.0,76.0,2.0,1.0,26.725,13.905,True,765.8949025697918,0.9922071290451722,-0.016979729616018378,True,12.820000000000002,12.64,13.0,0.17999999999999972,12.794414258090374,0.025585741909628368,0.0,False,766.2886419604583,-0.0029327056977748386,0.0,0.4126836356134458,12.772401652882127,0.047598347117874695,0.0,False
2026-11-30,0.2005527864992707,754.0,26.13,14.31,25.88,14.21,133.0,101.0,5.0,32.0,26.005,14.260000000000002,True,765.8949025697918,0.9922071290451722,-0.0156525894079558,True,11.744999999999997,11.569999999999999,11.919999999999998,0.17499999999999982,11.8022071290452,-0.057207129045202976,0.0,False,766.2886419604583,-0.0029327056977748386,0.0,0.428995551378307,11.763882608072095,-0.018882608072097185,0.0,False
2026-11-30,0.2005527864992707,755.0,25.43,14.54,25.17,14.44,341.0,317.0,23.0,9.0,25.3,14.489999999999998,True,765.8949025697918,0.9922071290451722,-0.014327208166887198,True,10.810000000000002,10.630000000000003,10.99,0.17999999999999883,10.810000000000029,-2.6645352591003757e-14,0.0,False,766.2886419604583,-0.0029327056977748386,0.0,0.4458866790465823,10.754784351358646,0.055215648641356196,0.0,False
2026-11-30,0.2005527864992707,756.0,24.63,14.91,24.51,14.81,362.0,56.0,8.0,3.0,24.57,14.86,True,765.8949025697918,0.9922071290451722,-0.013003581236378934,True,9.71,9.600000000000001,9.819999999999999,0.10999999999999854,9.817792870954857,-0.10779287095485657,0.0,False,766.2886419604583,-0.0029327056977748386,0.0,0.463655380671236,9.74480852068882,-0.03480852068882001,0.0,False
2026-11-30,0.2005527864992707,757.0,24.1,15.24,23.82,15.14,190.0,368.0,255.0,3.0,23.96,15.190000000000001,True,765.8949025697918,0.9922071290451722,-0.011681703978463185,True,8.77,8.58,8.96,0.1900000000000004,8.825585741909684,-0.05558574190968457,0.0,False,766.2886419604583,-0.0029327056977748386,0.0,0.4822549557029614,8.734001816611922,0.035998183388077365,0.0,False
2026-11-30,0.2005527864992707,758.0,23.27,15.62,23.15,15.51,2189.0,152.0,1.0,4.0,23.21,15.565,True,765.8949025697918,0.9922071290451722,-0.010361571773540223,True,7.645000000000001,7.529999999999999,7.76,0.11500000000000021,7.833378612864513,-0.1883786128645113,0.07337861286451286,True,766.2886419604583,-0.0029327056977748386,0.0,0.5016101925700447,7.722439450699667,-0.07743945069966607,0.0,False
2026-11-30,0.2005527864992707,759.0,22.73,15.98,22.47,15.87,126.0,223.0,19.0,2.0,22.6,15.925,True,765.8949025697918,0.9922071290451722,-0.009043180020281984,True,6.675000000000001,6.489999999999998,6.860000000000001,0.18500000000000139,6.84117148381934,-0.16617148381933955,0.0,False,766.2886419604583,-0.0029327056977748386,0.0,0.5218630663279278,6.709979447896612,-0.03497944789661123,0.0,False
2026-11-30,0.2005527864992707,760.0,22.0,16.28,21.86,16.19,2491.0,2313.0,328.0,51.0,21.93,16.235,True,765.8949025697918,0.9922071290451722,-0.007726524135535177,True,5.695,5.579999999999998,5.809999999999999,0.11500000000000021,5.848964354774168,-0.1539643547741676,0.03896435477416915,True,766.2886419604583,-0.0029327056977748386,0.0,0.5433048280779609,5.696330557101407,-0.0013305571014070594,0.0,False
2026-11-30,0.2005527864992707,761.0,21.35,16.66,21.22,16.55,292.0,915.0,78.0,62.0,21.285,16.605,True,765.8949025697918,0.9922071290451722,-0.0064115995542260214,True,4.68,4.559999999999999,4.800000000000001,0.120000000000001,4.8567572257289955,-0.17675722572899577,0.056757225728994776,True,766.2886419604583,-0.0029327056977748386,0.0,0.5655901717293794,4.681838084404816,-0.0018380844048166978,0.0,False
2026-11-30,0.2005527864992707,762.0,20.65,17.04,20.61,16.93,599.0,383.0,11.0,39.0,20.63,16.985,True,765.8949025697918,0.9922071290451722,-0.005098401729265615,True,3.6449999999999996,3.5700000000000003,3.719999999999999,0.07499999999999929,3.8645500966838235,-0.21955009668382397,0.14455009668382468,True,766.2886419604583,-0.0029327056977748386,0.0,0.5888850759771387,3.6663360511118848,-0.02133605111188519,0.0,False
2026-11-30,0.2005527864992707,763.0,20.09,17.4,20.0,17.29,869.0,159.0,6.0,40.0,20.045,17.345,True,765.8949025697918,0.9922071290451722,-0.003786926131454913,True,2.700000000000003,2.6000000000000014,2.8000000000000007,0.09999999999999964,2.8723429676386516,-0.17234296763864876,0.07234296763865089,True,766.2886419604583,-0.0029327056977748386,0.0,0.6135920926788323,2.649421905365019,0.05057809463498364,0.0,False
2026-11-30,0.2005527864992707,764.0,19.42,17.82,19.34,17.72,416.0,81.0,16.0,11.0,19.380000000000003,17.77,True,765.8949025697918,0.9922071290451722,-0.0024771682493914563,True,1.610000000000003,1.5199999999999996,1.7000000000000028,0.09000000000000163,1.8801358385934792,-0.27013583859347623,0.18013583859347637,True,766.2886419604583,-0.0029327056977748386,0.0,0.6388885109551978,1.6319183580434813,-0.021918358043478303,0.0,False
2026-11-30,0.2005527864992707,765.0,18.83,18.23,18.76,18.12,737.0,358.0,32.0,1.0,18.795,18.175,True,765.8949025697918,0.9922071290451722,-0.001169123589376029,True,0.620000000000001,0.5300000000000011,0.7099999999999973,0.08999999999999808,0.887928709548307,-0.26792870954830605,0.17792870954830975,True,766.2886419604583,-0.0029327056977748386,0.0,0.6657092472846244,0.6128904926688827,0.007109507331118259,0.0,False
2026-11-30,0.2005527864992707,766.0,18.2,18.68,18.13,18.56,189.0,593.0,67.0,4.0,18.165,18.619999999999997,True,765.8949025697918,0.9922071290451722,0.00013721232467940275,True,-0.4549999999999983,-0.5500000000000007,-0.35999999999999943,0.09500000000000064,-0.10427841949686509,-0.3507215805031332,0.2557215805031343,True,766.2886419604583,-0.0029327056977748386,0.0,0.6932764976291566,-0.40688388672082165,-0.04811611327917664,0.0,False
2026-11-30,0.2005527864992707,767.0,17.65,19.1,17.58,18.98,308.0,302.0,14.0,5.0,17.615,19.04,True,765.8949025697918,0.9922071290451722,0.0014418439513442603,True,-1.4250000000000007,-1.5200000000000031,-1.3300000000000018,0.09500000000000064,-1.0964855485420373,-0.32851445145796343,0.23351445145796457,True,766.2886419604583,-0.0029327056977748386,0.0,0.7226839743783131,-1.4284984925151503,0.003498492515149554,0.0,False
2026-11-30,0.2005527864992707,768.0,17.06,19.53,16.98,19.42,538.0,242.0,3.0,2.0,17.02,19.475,True,765.8949025697918,0.9922071290451722,0.0027447757317602107,True,-2.455000000000002,-2.5500000000000007,-2.360000000000003,0.09499999999999886,-2.0886926775872094,-0.3663073224127924,0.27130732241279354,True,766.2886419604583,-0.0029327056977748386,0.0,0.7536336084330273,-2.4516552556150364,-0.003344744384965459,0.0,False
2026-11-30,0.2005527864992707,769.0,16.52,20.02,16.43,19.91,392.0,737.0,1.0,50.0,16.475,19.965,True,765.8949025697918,0.9922071290451722,0.004046012089731989,True,-3.4899999999999984,-3.59,-3.3900000000000006,0.09999999999999964,-3.0808998066323814,-0.40910019336761705,0.3091001933676192,True,766.2886419604583,-0.0029327056977748386,0.0,0.785103038326568,-3.4753318145537495,-0.014668185446248927,0.0,False
2026-11-30,0.2005527864992707,770.0,15.9,20.45,15.83,20.35,1436.0,748.0,11.0,48.0,15.865,20.4,True,765.8949025697918,0.9922071290451722,0.005345557431817517,True,-4.534999999999998,-4.619999999999999,-4.450000000000001,0.08499999999999908,-4.073106935677553,-0.46189306432244503,0.37689306432244774,True,766.2886419604583,-0.0029327056977748386,0.0,0.8199966532449245,-4.502432558517278,-0.03256744148271995,0.0,False
2026-11-30,0.2005527864992707,771.0,15.36,20.96,15.29,20.85,552.0,291.0,2.0,6.0,15.325,20.905,True,765.8949025697918,0.9922071290451722,0.006643416147417666,True,-5.580000000000002,-5.670000000000002,-5.490000000000002,0.08999999999999986,-5.065314064722726,-0.5146859352772761,0.42468593527727627,True,766.2886419604583,-0.0029327056977748386,0.0,0.854988398054136,-5.529631432371662,-0.05036856762833963,0.0,False
2026-11-30,0.2005527864992707,772.0,14.86,21.42,14.79,21.32,726.0,134.0,284.0,1.0,14.825,21.37,True,765.8949025697918,0.9922071290451722,0.007939592608864317,True,-6.545000000000002,-6.630000000000003,-6.460000000000001,0.08500000000000085,-6.057521193767898,-0.4874788062321036,0.40247880623210275,True,766.2886419604583,-0.0029327056977748386,0.0,0.8904213662772378,-6.5572715296399355,0.012271529639933831,0.0,False
2026-11-30,0.2005527864992707,773.0,14.28,21.93,14.22,21.79,863.0,345.0,32.0,2.0,14.25,21.86,True,765.8949025697918,0.9922071290451722,0.009234091171510079,True,-7.609999999999999,-7.709999999999999,-7.51,0.09999999999999964,-7.0497283228130705,-0.5602716771869289,0.4602716771869293,True,766.2886419604583,-0.0029327056977748386,0.0,0.9305925431052735,-7.589649835513144,-0.020350164486855782,0.0,False
2026-11-30,0.2005527864992707,774.0,13.76,22.44,13.69,22.3,341.0,399.0,1.0,10.0,13.725,22.37,True,765.8949025697918,0.9922071290451722,0.010526916173815203,True,-8.645000000000001,-8.750000000000002,-8.540000000000001,0.10500000000000043,-8.041935451858242,-0.6030645481417594,0.49806454814175893,True,766.2886419604583,-0.0029327056977748386,0.0,0.9714188137391453,-8.622683235192188,-0.022316764807813527,0.0,False
2026-11-30,0.2005527864992707,775.0,13.25,23.07,13.2,22.84,706.0,1153.0,3.0,102.0,13.225,22.955,True,765.8949025697918,0.9922071290451722,0.011818071937435053,True,-9.729999999999999,-9.870000000000001,-9.59,0.14000000000000057,-9.034142580903415,-0.6958574190965834,0.5558574190965846,True,766.2886419604583,-0.0029327056977748386,0.0,1.0132312820282792,-9.656702832526493,-0.07329716747350545,0.0,False
2026-11-30,0.2005527864992707,776.0,12.78,23.62,12.71,23.36,148.0,101.0,5.0,1.0,12.745000000000001,23.490000000000002,True,765.8949025697918,0.9922071290451722,0.013107562767306779,True,-10.745000000000001,-10.91,-10.58,0.16500000000000004,-10.026349709948587,-0.7186502900514142,0.5536502900514133,True,766.2886419604583,-0.0029327056977748386,0.0,1.0565078925786189,-10.692186572122006,-0.05281342787799481,0.0,False
2026-11-30,0.2005527864992707,777.0,12.29,24.17,12.23,23.91,352.0,189.0,5.0,3.0,12.26,24.04,True,765.8949025697918,0.9922071290451722,0.014395392951735439,True,-11.78,-11.940000000000001,-11.620000000000001,0.16000000000000014,-11.018556838993758,-0.7614431610062411,0.6014431610062427,True,766.2886419604583,-0.0029327056977748386,0.0,1.1030823344171807,-11.73096814300574,-0.049031856994259826,0.0,False
2026-11-30,0.2005527864992707,778.0,11.83,24.61,11.78,24.46,530.0,150.0,1.0,145.0,11.805,24.535,True,765.8949025697918,0.9922071290451722,0.01568156676247979,True,-12.73,-12.83,-12.63,0.09999999999999964,-12.010763968038932,-0.7192360319610689,0.6192360319610692,True,766.2886419604583,-0.0029327056977748386,0.0,1.149869303924671,-12.769962241558401,0.03996224155840089,0.0,False
2026-11-30,0.2005527864992707,779.0,11.37,26.61,11.3,25.11,922.0,766.0,81.0,4.0,11.335,25.86,True,765.8949025697918,0.9922071290451722,0.016966088454836423,True,-14.524999999999999,-15.309999999999999,-13.74,0.7849999999999993,-13.002971097084103,-1.5220289029158955,0.7370289029158972,True,766.2886419604583,-0.0029327056977748386,0.0,1.200214278604939,-13.812514345283843,-0.712485654716156,0.0,False
2026-11-30,0.2005527864992707,780.0,10.91,25.84,10.86,25.68,4176.0,427.0,766.0,313.0,10.885,25.759999999999998,True,765.8949025697918,0.9922071290451722,0.01824896226772555,True,-14.874999999999998,-14.98,-14.77,0.10500000000000043,-13.995178226129275,-0.8798217738707237,0.774821773870725,True,766.2886419604583,-0.0029327056977748386,0.0,1.253811685840514,-14.858318881564589,-0.016681118435409203,0.0,False
2026-11-30,0.2005527864992707,781.0,10.49,26.44,10.43,26.27,668.0,128.0,1.0,1.0,10.46,26.355,True,765.8949025697918,0.9922071290451722,0.019530192423774066,True,-15.895,-16.01,-15.78,0.1150000000000011,-14.987385355174448,-0.9076146448255518,0.7926146448255516,True,766.2886419604583,-0.0029327056977748386,0.0,1.3073410589735275,-15.904055383742776,0.009055383742776257,0.0,False
2026-11-30,0.2005527864992707,782.0,10.06,27.02,9.99,26.83,360.0,2.0,4.0,2.0,10.025,26.924999999999997,True,765.8949025697918,0.9922071290451722,0.02080978312939915,True,-16.9,-17.03,-16.769999999999996,0.13000000000000256,-15.97959248421962,-0.9204075157803793,0.7904075157803767,True,766.2886419604583,-0.0029327056977748386,0.0,1.363851366390005,-16.952772820204423,0.05277282020442442,0.0,False
2026-11-30,0.2005527864992707,783.0,9.67,29.51,9.6,27.52,246.0,3.0,1.0,1.0,9.635,28.515,True,765.8949025697918,0.9922071290451722,0.022087738574891144,True,-18.880000000000003,-19.910000000000004,-17.85,1.0300000000000011,-16.971799613264793,-1.90820038673521,0.8782003867352088,True,766.2886419604583,-0.0029327056977748386,0.0,1.4226766497195271,-18.00380523257912,-0.8761947674208841,0.0,False
2026-11-30,0.2005527864992707,785.0,8.86,30.83,8.79,27.83,831.0,153.0,2.0,1.0,8.825,29.33,True,765.8949025697918,0.9922071290451722,0.024638760366496416,True,-20.505,-22.04,-18.97,1.5350000000000001,-18.956213871355136,-1.5487861286448634,0.013786128644863282,True,766.2886419604583,-0.0029327056977748386,0.0,1.550083016919416,-20.115625857869354,-0.38937414213064514,0.0,False
2026-11-30,0.2005527864992707,786.0,8.49,29.81,8.43,29.52,104.0,65.0,10.0,0.0,8.46,29.665,True,765.8949025697918,0.9922071290451722,0.025911835013294717,True,-21.205,-21.38,-21.03,0.17499999999999893,-19.94842100040031,-1.2565789995996894,1.0815789995996923,True,766.2886419604583,-0.0029327056977748386,0.0,1.615900989263789,-21.173650959258897,-0.031349040741101675,0.0,False
2026-11-30,0.2005527864992707,787.0,8.14,30.41,8.08,30.2,27.0,1.0,1.0,0.0,8.11,30.305,True,765.8949025697918,0.9922071290451722,0.027183291001491368,True,-22.195,-22.33,-22.06,0.1349999999999998,-20.940628129445482,-1.2543718705545182,1.1193718705545166,True,766.2886419604583,-0.0029327056977748386,0.0,1.6846286650216342,-22.234585764061915,0.03958576406191483,0.0,False
2026-11-30,0.2005527864992707,788.0,7.76,32.93,7.7,29.75,95.0,1.0,36.0,0.0,7.73,31.34,True,765.8949025697918,0.9922071290451722,0.02845313244196724,True,-23.61,-25.23,-21.990000000000002,1.6199999999999992,-21.932835258490652,-1.6771647415093476,0.05716474150935014,True,766.2886419604583,-0.0029327056977748386,0.0,1.7608220275476327,-23.302986255633087,-0.30701374436691253,0.0,False
2026-11-30,0.2005527864992707,789.0,7.43,31.9,7.38,31.67,962.0,32.0,2.0,31.0,7.404999999999999,31.785,True,765.8949025697918,0.9922071290451722,0.029721363429962327,True,-24.380000000000003,-24.52,-24.240000000000002,0.1399999999999988,-22.925042387535825,-1.4549576124641774,1.3149576124641769,True,766.2886419604583,-0.0029327056977748386,0.0,1.8332470430793215,-24.367618400209945,-0.012381599790057152,0.0,False
2026-11-30,0.2005527864992707,790.0,7.09,32.71,7.04,32.4,1410.0,300.0,2.0,24.0,7.0649999999999995,32.555,True,765.8949025697918,0.9922071290451722,0.03098798804515523,True,-25.490000000000002,-25.67,-25.31,0.1800000000000015,-23.917249516581,-1.5727504834190036,1.3927504834190003,True,766.2886419604583,-0.0029327056977748386,0.0,1.912592120937429,-25.439170607113226,-0.05082939288677579,0.0,False
2026-11-30,0.2005527864992707,791.0,6.78,33.35,6.72,31.59,16.0,1.0,2.0,0.0,6.75,32.47,True,765.8949025697918,0.9922071290451722,0.0322530103517419,True,-25.72,-26.630000000000003,-24.81,0.9100000000000019,-24.909456645626168,-0.8105433543738307,0.0,False,766.2886419604583,-0.0029327056977748386,0.0,1.9937822779312064,-26.512567893152177,0.792567893152178,0.0,False
2026-11-30,0.2005527864992707,794.0,5.9,35.72,5.85,33.96,105.0,22.0,68.0,10.0,5.875,34.84,True,765.8949025697918,0.9922071290451722,0.036038503831223874,True,-28.965000000000003,-29.869999999999997,-28.060000000000002,0.9049999999999976,-27.886078032761684,-1.078921967238319,0.17392196723831788,True,766.2886419604583,-0.0029327056977748386,0.0,2.252184025197323,-29.74759102755381,0.7825910275538064,0.0,False
2026-11-30,0.2005527864992707,795.0,5.63,36.69,5.6,34.78,579.0,46.0,9.0,1.0,5.615,35.735,True,765.8949025697918,0.9922071290451722,0.037297157238420024,True,-30.119999999999997,-31.089999999999996,-29.150000000000002,0.9699999999999971,-28.878285161806858,-1.2417148381931398,0.27171483819314446,True,766.2886419604583,-0.0029327056977748386,0.0,2.3404924486179794,-30.828106580019636,0.7081065800196384,0.0,False
2026-11-30,0.2005527864992707,796.0,5.34,37.47,5.31,35.62,154.0,10.0,6.0,0.0,5.324999999999999,36.545,True,765.8949025697918,0.9922071290451722,0.03855422842847111,True,-31.220000000000002,-32.16,-30.279999999999998,0.9399999999999995,-29.87049229085203,-1.3495077091479715,0.40950770914796664,True,766.2886419604583,-0.0029327056977748386,0.0,2.4451969400151086,-31.92501820046194,0.7050182004619359,0.0,False
2026-11-30,0.2005527864992707,800.0,4.38,42.53,4.36,39.1,2276.0,50.0,6.0,28.0,4.37,40.815,True,765.8949025697918,0.9922071290451722,0.04356677025201528,True,-36.445,-38.17,-34.72,1.7250000000000014,-33.83932080703272,-2.60567919296728,0.8806791929672784,True,766.2886419604583,-0.0029327056977748386,0.0,2.864945967841102,-36.31359574446862,-0.13140425553137902,0.0,False
2026-11-30,0.2005527864992707,805.0,3.41,47.25,3.39,43.72,251.0,7.0,3.0,3.0,3.4000000000000004,45.485,True,765.8949025697918,0.9922071290451722,0.04979732000265142,True,-42.085,-43.86,-40.31,1.7749999999999986,-38.800356452258576,-3.2846435477414246,1.509643547741426,True,766.2886419604583,-0.0029327056977748386,0.0,3.456647704885434,-41.866333126738816,-0.21866687326118495,0.0,False
2026-11-30,0.2005527864992707,810.0,2.62,52.1,2.61,50.2,601.0,78.0,22.0,1.0,2.615,51.150000000000006,True,765.8949025697918,0.9922071290451722,0.055989290250572574,True,-48.535000000000004,-49.49,-47.580000000000005,0.9549999999999983,-43.76139209748444,-4.773607902515565,3.8186079025155664,True,766.2886419604583,-0.0029327056977748386,0.0,4.1442784858513875,-47.514999552930625,-1.0200004470693784,0.06500044706938013,True
2026-11-30,0.2005527864992707,813.0,2.24,55.05,2.21,51.53,12.0,2.0,2.0,0.0,2.225,53.29,True,765.8949025697918,0.9922071290451722,0.05968615213189863,True,-51.065,-52.839999999999996,-49.29,1.7749999999999986,-46.738013484619955,-4.326986515380042,2.551986515380044,True,766.2886419604583,-0.0029327056977748386,0.0,4.557655433381804,-50.90499788759656,-0.16000211240343987,0.0,False
2026-11-30,0.2005527864992707,815.0,2.0,57.1,1.98,53.57,311.0,12.0,297.0,1.0,1.99,55.335,True,765.8949025697918,0.9922071290451722,0.0621431558249509,True,-53.345,-55.120000000000005,-51.57,1.7750000000000021,-48.7224277427103,-4.622572257289697,2.8475722572896984,True,766.2886419604583,-0.0029327056977748386,0.0,4.808240197239002,-53.1399969095441,-0.2050030904558966,0.0,False
2026-11-30,0.2005527864992707,820.0,1.52,62.14,1.51,58.31,1822.0,4.0,3.0,2.0,1.5150000000000001,60.225,True,765.8949025697918,0.9922071290451722,0.06825938284238685,True,-58.71,-60.63,-56.79,1.9200000000000017,-53.683463387936165,-5.026536612063836,3.1065366120638345,True,766.2886419604583,-0.0029327056977748386,0.0,5.3222026671279465,-58.61499502465891,-0.09500497534109087,0.0,False
2026-11-30,0.2005527864992707,825.0,1.14,67.27,1.13,63.22,236.0,19.0,3.0,1.0,1.1349999999999998,65.245,True,765.8949025697918,0.9922071290451722,0.0743384289187691,True,-64.11,-66.14,-62.08,2.030000000000001,-58.64449903316202,-5.465500966837979,3.435500966837978,True,766.2886419604583,-0.0029327056977748386,0.0,5.741165829879861,-63.99499383263669,-0.11500616736331182,0.0,False
2026-11-30,0.2005527864992707,830.0,0.89,72.26,0.87,68.22,1837.0,4.0,5.0,15.0,0.88,70.24000000000001,True,765.8949025697918,0.9922071290451722,0.08038074337473179,True,-69.36000000000001,-71.39,-67.33,2.030000000000001,-63.60553467838788,-5.75446532161213,3.724465321612115,True,766.2886419604583,-0.0029327056977748386,0.0,6.035129582685215,-69.2499932306679,-0.1100067693321165,0.0,False
2026-11-30,0.2005527864992707,835.0,0.69,68.06,0.67,64.54,1156.0,1.0,8.0,0.0,0.6799999999999999,66.30000000000001,True,765.8949025697918,0.9922071290451722,0.08638676743494353,True,-65.62,-67.39,-63.85000000000001,1.769999999999996,-68.56657032361375,2.9465703236137415,1.1765703236137455,True,766.2886419604583,-0.0029327056977748386,0.0,6.274093787517671,-74.44999308072622,8.829993080726211,7.0599930807262155,True
2026-11-30,0.2005527864992707,840.0,0.53,82.25,0.52,78.22,358.0,0.0,1.0,26.0,0.525,80.235,True,765.8949025697918,0.9922071290451722,0.0923569344214474,False,-79.71,-81.73,-77.69,2.020000000000003,-73.52760596883961,-6.182394031160385,4.162394031160389,True,766.2886419604583,-0.0029327056977748386,0.0,6.468058351141266,-79.60499328957567,-0.10500671042431975,0.0,False
2026-11-30,0.2005527864992707,845.0,0.41,77.97,0.4,74.45,426.0,0.0,1.0,1.0,0.405,76.21000000000001,True,765.8949025697918,0.9922071290451722,0.09829166994126202,False,-75.805,-77.57,-74.04,1.7649999999999935,-78.48864161406547,2.683641614065465,0.9186416140654785,True,766.2886419604583,-0.0029327056977748386,0.0,6.6270231832644555,-84.72499376692473,8.91999376692472,7.154993766924733,True
2026-11-30,0.2005527864992707,850.0,0.34,87.82,0.33,84.61,5179.0,0.0,109.0,1.0,0.335,86.215,True,765.8949025697918,0.9922071290451722,0.10419139206845018,False,-85.88000000000001,-87.49,-84.27,1.6099999999999994,-83.44967725929132,-2.4303227407086894,0.8203227407086757,True,766.2886419604583,-0.0029327056977748386,0.0,6.735987906867464,-89.7949941357536,3.914994135753588,2.304994135753603,True
2026-11-30,0.2005527864992707,860.0,0.22,102.2,0.21,98.22,659.0,2.0,6.0,2.0,0.215,100.21000000000001,True,765.8949025697918,0.9922071290451722,0.11588743183164159,False,-99.995,-101.99000000000001,-98.0,1.9950000000000045,-93.37174854974305,-6.623251450256959,4.628251450256954,True,766.2886419604583,-0.0029327056977748386,0.0,6.93391791565432,-99.91499543499216,-0.08000456500784026,0.0,False
2026-11-30,0.2005527864992707,870.0,0.17,112.26,0.16,108.22,1179.0,0.0,7.0,0.0,0.165,110.24000000000001,False,765.8949025697918,0.9922071290451722,0.12744825423271752,False,-110.075,-112.10000000000001,-108.05,2.0250000000000057,-103.29381984019477,-6.781180159805231,4.756180159805226,True,766.2886419604583,-0.0029327056977748386,0.0,7.061847327405786,-109.96499613719536,-0.11000386280464625,0.0,False
2026-11-30,0.2005527864992707,885.0,0.11,127.26,0.09,123.22,240.0,0.0,6.0,0.0,0.1,125.24000000000001,False,765.8949025697918,0.9922071290451722,0.14454268759201763,False,-125.14000000000001,-127.17,-123.11,2.030000000000001,-118.17692677587235,-6.963073224127669,4.933073224127654,True,766.2886419604583,-0.0029327056977748386,0.0,7.243742012849879,-125.02999775831704,-0.11000224168297734,0.0,False
2026-11-30,0.2005527864992707,900.0,0.08,142.1,0.07,138.23,3990.0,0.0,90.0,1.0,0.07500000000000001,140.165,True,765.8949025697918,0.9922071290451722,0.16134980590839884,False,-140.09,-142.03,-138.14999999999998,1.940000000000012,-133.06003371154995,-7.029966288450055,5.089966288450029,True,766.2886419604583,-0.0029327056977748386,0.0,7.385635854713968,-140.05499853585872,-0.03500146414128835,0.0,False
2026-11-30,0.2005527864992707,920.0,0.05,162.05,0.04,158.73,302.0,1.0,24.0,0.0,0.045,160.39,False,765.8949025697918,0.9922071290451722,0.18332871262717415,False,-160.345,-162.01000000000002,-158.67999999999998,1.6650000000000205,-152.90417629245337,-7.4408237075466275,5.775823707546607,True,766.2886419604583,-0.0029327056977748386,0.0,7.578651937618702,-160.09215719966687,-0.2528428003331271,0.0,False
2026-12-31,0.2854842933485857,460.0,307.1,0.66,303.1,0.65,21.0,1873.0,4.0,2.0,305.1,0.655,True,766.7928259910993,0.9889075872640698,-0.5109901658687608,False,304.44500000000005,302.44,306.45000000000005,2.005000000000024,303.38975334078367,1.0552466592163796,0.0,False,767.6279418929962,0.003490863838121437,0.0,0.0028789028978747355,304.2127268895165,0.23227311048356114,0.0,False
2026-12-31,0.2854842933485857,470.0,280.59,0.72,277.2,0.7,0.0,63.0,0.0,1.0,278.895,0.71,False,766.7928259910993,0.9889075872640698,-0.48948396064779726,False,278.185,276.47999999999996,279.89,1.7050000000000125,293.50067746814295,-15.315677468142951,13.610677468142967,True,767.6279418929962,0.003490863838121437,0.0,0.0032368462761733774,294.32329307349744,-16.138293073497437,14.433293073497452,True
2026-12-31,0.2854842933485857,475.0,295.99,0.75,292.87,0.74,0.0,576.0,0.0,5.0,294.43,0.745,False,766.7928259910993,0.9889075872640698,-0.47890185131726015,False,293.685,292.12,295.25,1.5649999999999977,288.5561395318226,5.128860468177379,3.5638604681773813,True,767.6279418929962,0.003490863838121437,0.0,0.003457554317821576,289.37853442913547,4.306465570864532,2.741465570864534,True
2026-12-31,0.2854842933485857,480.0,269.73,0.78,266.31,0.77,1.0,16176.0,2.0,200.0,268.02,0.775,True,766.7928259910993,0.9889075872640698,-0.46843055144996476,False,267.245,265.53000000000003,268.96000000000004,1.7150000000000034,283.61160159550224,-16.36660159550223,14.6516015955022,True,767.6279418929962,0.003490863838121437,0.0,0.0036643830388684018,284.43378966409404,-17.18878966409403,15.473789664094,True
2026-12-31,0.2854842933485857,485.0,286.22,0.82,283.11,0.81,1.0,365.0,1.0,2.0,284.665,0.815,True,766.7928259910993,0.9889075872640698,-0.4580677644144182,False,283.85,282.29,285.41,1.5600000000000023,278.6670636591819,5.182936340818117,3.6229363408181143,True,767.6279418929962,0.003490863838121437,0.0,0.003922914994059501,279.4889931958185,4.3610068041815,2.8010068041814975,True
2026-12-31,0.2854842933485857,490.0,277.3,0.86,273.61,0.85,4.0,7302.0,1.0,70.0,275.45500000000004,0.855,True,766.7928259910993,0.9889075872640698,-0.4478112642472291,False,274.6,272.75,276.45,1.8499999999999943,273.7225257228616,0.8774742771384467,0.0,False,767.6279418929962,0.003490863838121437,0.0,0.004190891505415406,274.54418728298685,0.05581271701316837,0.0,False
2026-12-31,0.2854842933485857,500.0,267.82,0.93,263.84,0.92,201.0,1350.0,1.0,5.0,265.83,0.925,True,766.7928259910993,0.9889075872640698,-0.4276085569297097,False,264.905,262.90999999999997,266.9,1.9950000000000045,263.83344985022086,1.0715501497791138,0.0,False,767.6279418929962,0.003490863838121437,0.0,0.004713759562424702,264.6545885422891,0.25041145771086804,0.0,False
2026-12-31,0.2854842933485857,510.0,258.0,1.02,253.94,1.01,25.0,759.0,10.0,2.0,255.97,1.0150000000000001,True,766.7928259910993,0.9889075872640698,-0.4078059296335299,False,254.955,252.92,256.99,2.035000000000011,253.94437397758017,1.0106260224198422,0.0,False,767.6279418929962,0.003490863838121437,0.0,0.005376299601626,254.76485012960921,0.19014987039079756,0.0,False
2026-12-31,0.2854842933485857,515.0,236.05,1.07,232.62,1.06,2.0,113.0,2.0,1.0,234.335,1.065,True,766.7928259910993,0.9889075872640698,-0.3980497546881652,False,233.27,231.55,234.99,1.7199999999999989,248.9998360412598,-15.729836041259802,14.009836041259803,True,767.6279418929962,0.003490863838121437,0.0,0.005754774361110382,249.81993371852937,-16.54993371852936,14.829933718529361,True
2026-12-31,0.2854842933485857,520.0,248.23,1.12,244.23,1.11,18.0,745.0,2.0,7.0,246.23,1.1150000000000002,True,766.7928259910993,0.9889075872640698,-0.3883878437764284,False,245.11499999999998,243.10999999999999,247.11999999999998,2.0049999999999955,244.05529810493945,1.0597018950605275,0.0,False,767.6279418929962,0.003490863838121437,0.0,0.006150381766075297,244.8750001748041,0.2399998251958948,0.0,False
2026-12-31,0.2854842933485857,525.0,243.32,1.17,239.33,1.15,7.0,381.0,1.0,3.0,241.325,1.16,True,766.7928259910993,0.9889075872640698,-0.3788183927602777,False,240.165,238.16000000000003,242.17,2.0049999999999812,239.11076016861912,1.054239831380869,0.0,False,767.6279418929962,0.003490863838121437,0.0,0.006536763018985203,239.93007585723083,0.23492414276915952,0.0,False
2026-12-31,0.2854842933485857,535.0,232.19,1.28,228.68,1.26,1.0,15104.0,0.0,2.0,230.435,1.27,True,766.7928259910993,0.9889075872640698,-0.3599499084558949,False,229.165,227.4,230.93,1.7650000000000006,229.2216842959784,-0.05668429597841396,0.0,False,767.6279418929962,0.003490863838121437,0.0,0.007465364665083518,230.04007138294403,-0.8750713829440429,0.0,False
2026-12-31,0.2854842933485857,540.0,228.31,1.34,224.57,1.32,22.0,635.0,1.0,2.0,226.44,1.33,True,766.7928259910993,0.9889075872640698,-0.3506475157935813,False,225.10999999999999,223.23,226.99,1.8800000000000097,224.27714635965808,0.8328536403419093,0.0,False,767.6279418929962,0.003490863838121437,0.0,0.007986887147599209,225.09501192414115,0.014988075858838101,0.0,False
2026-12-31,0.2854842933485857,545.0,222.62,1.41,219.11,1.39,4.0,1127.0,3.0,2.0,220.865,1.4,True,766.7928259910993,0.9889075872640698,-0.3414308606886573,False,219.465,217.70000000000002,221.23000000000002,1.7650000000000006,219.33260842333772,0.13239157666228607,0.0,False,767.6279418929962,0.003490863838121437,0.0,0.008586683603577505,220.14987419136483,-0.6848741913648269,0.0,False
2026-12-31,0.2854842933485857,550.0,218.87,1.47,214.88,1.45,24.0,2104.0,1.0,13.0,216.875,1.46,True,766.7928259910993,0.9889075872640698,-0.3322983771253848,False,215.415,213.41,217.42000000000002,2.0050000000000097,214.38807048701736,1.0269295129826332,0.0,False,767.6279418929962,0.003490863838121437,0.0,0.009159093171727584,215.20476384547635,0.21023615452364197,0.0,False
2026-12-31,0.2854842933485857,555.0,214.0,1.55,209.92,1.53,31.0,633.0,2.0,1.0,211.95999999999998,1.54,True,766.7928259910993,0.9889075872640698,-0.3232485416054669,False,210.42,208.36999999999998,212.47,2.0500000000000114,209.44353255069703,0.9764674493029588,0.0,False,767.6279418929962,0.003490863838121437,0.0,0.009873970979460411,210.25951103134824,0.1604889686517481,0.0,False
2026-12-31,0.2854842933485857,560.0,208.81,1.62,205.04,1.6,24.0,822.0,11.0,4.0,206.925,1.61,True,766.7928259910993,0.9889075872640698,-0.31427987162270654,False,205.315,203.42,207.21,1.8950000000000102,204.49899461437667,0.8160053856233276,0.0,False,767.6279418929962,0.003490863838121437,0.0,0.010565015127906863,205.31428205087946,0.0007179491205420163,0.0,False
2026-12-31,0.2854842933485857,565.0,203.94,1.71,200.26,1.69,70.0,419.0,1.0,4.0,202.1,1.7,True,766.7928259910993,0.9889075872640698,-0.30539092420546055,False,200.4,198.54999999999998,202.25,1.8500000000000085,199.5544566780563,0.8455433219436941,0.0,False,767.6279418929962,0.003490863838121437,0.0,0.011408306866159457,200.36890082282085,0.031099177179157778,0.0,False
2026-12-31,0.2854842933485857,570.0,199.38,1.78,195.11,1.76,59.0,486.0,1.0,1.0,197.245,1.77,True,766.7928259910993,0.9889075872640698,-0.29658029452330553,False,195.475,193.33,197.62,2.144999999999996,194.60991874173598,0.8650812582640128,0.0,False,767.6279418929962,0.003490863838121437,0.0,0.012173667154983248,195.42359752621167,0.05140247378832896,0.0,False
2026-12-31,0.2854842933485857,575.0,194.51,1.85,190.48,1.84,792.0,892.0,2.0,3.0,192.495,1.8450000000000002,True,766.7928259910993,0.9889075872640698,-0.2878466145545509,False,190.65,188.63,192.67,2.019999999999996,189.66538080541562,0.9846191945843827,0.0,False,767.6279418929962,0.003490863838121437,0.0,0.013012631339288872,190.47822062570702,0.1717793742929814,0.0,False
2026-12-31,0.2854842933485857,580.0,189.33,1.95,185.58,1.94,26.0,2211.0,6.0,1.0,187.455,1.9449999999999998,True,766.7928259910993,0.9889075872640698,-0.27918855181143637,False,185.51000000000002,183.63000000000002,187.39000000000001,1.8799999999999955,184.72084286909526,0.7891571309047549,0.0,False,767.6279418929962,0.003490863838121437,0.0,0.014060331358062506,185.53263498936792,-0.022634989367901426,0.0,False
2026-12-31,0.2854842933485857,585.0,184.81,2.05,180.76,2.03,21.0,182.0,1.0,2.0,182.785,2.04,True,766.7928259910993,0.9889075872640698,-0.27060480812004495,False,180.745,178.70999999999998,182.78,2.035000000000011,179.77630493277493,0.9686950672250703,0.0,False,767.6279418929962,0.003490863838121437,0.0,0.01513687537885744,180.58702050902676,0.15797949097324704,0.0,False
2026-12-31,0.2854842933485857,590.0,179.97,2.16,175.92,2.13,35.0,648.0,1.0,4.0,177.945,2.145,True,766.7928259910993,0.9889075872640698,-0.2620941184521363,False,175.79999999999998,173.76,177.84,2.0400000000000063,174.83176699645458,0.9682330035454072,0.0,False,767.6279418929962,0.003490863838121437,0.0,0.01633860259337805,175.64128084549188,0.15871915450810548,0.0,False
2026-12-31,0.2854842933485857,595.0,174.81,2.26,171.13,2.24,70.0,627.0,1.0,2.0,172.97,2.25,True,766.7928259910993,0.9889075872640698,-0.2536552498062717,False,170.72,168.87,172.57,1.8499999999999943,169.88722906013422,0.8327709398657817,0.0,False,767.6279418929962,0.003490863838121437,0.0,0.017609331358603875,170.6954721804063,0.024527819593686218,0.0,False
2026-12-31,0.2854842933485857,600.0,170.02,2.39,166.25,2.36,441.0,3623.0,1.0,1.0,168.135,2.375,True,766.7928259910993,0.9889075872640698,-0.2452870001357551,False,165.76,163.86,167.66,1.8999999999999915,164.9426911238139,0.8173088761861038,0.0,False,767.6279418929962,0.003490863838121437,0.0,0.019087822426627987,165.74945575301794,0.010544246982050254,0.0,False
2026-12-31,0.2854842933485857,605.0,165.31,2.52,161.74,2.49,2179.0,2705.0,1.0,2.0,163.525,2.505,True,766.7928259910993,0.9889075872640698,-0.2369881973210599,False,161.02,159.22,162.82,1.7999999999999972,159.99815318749353,1.0218468125064817,0.0,False,767.6279418929962,0.003490863838121437,0.0,0.020690576466213972,160.803315062658,0.21668493734202343,0.0,False
2026-12-31,0.2854842933485857,610.0,160.1,2.65,156.62,2.62,388.0,535.0,1.0,1.0,158.36,2.635,True,766.7928259910993,0.9889075872640698,-0.22875769818454444,False,155.72500000000002,153.97,157.48,1.7549999999999955,155.05361525117317,0.6713847488268527,0.0,False,767.6279418929962,0.003490863838121437,0.0,0.02238822224228043,155.8570794805616,-0.13207948056157193,0.0,False
2026-12-31,0.2854842933485857,615.0,155.38,2.8,151.81,2.77,205.0,7130.0,1.0,3.0,153.595,2.785,True,766.7928259910993,0.9889075872640698,-0.22059438754538355,False,150.81,149.01,152.60999999999999,1.7999999999999972,150.10907731485284,0.7009226851471624,0.0,False,767.6279418929962,0.003490863838121437,0.0,0.024337171984865957,150.91059259449867,-0.10059259449866431,0.0,False
2026-12-31,0.2854842933485857,620.0,150.8,2.94,147.31,2.91,269.0,3128.0,6.0,1.0,149.055,2.925,True,766.7928259910993,0.9889075872640698,-0.21249717731276418,False,146.13,144.37,147.89000000000001,1.7600000000000051,145.16453937853248,0.9654606214675141,0.0,False,767.6279418929962,0.003490863838121437,0.0,0.02633978197856779,145.96405204818458,0.16594795181541144,0.0,False
2026-12-31,0.2854842933485857,624.0,148.4,3.08,144.94,3.06,785.0,154.0,1.0,2.0,146.67000000000002,3.0700000000000003,True,766.7928259910993,0.9889075872640698,-0.2060662869824737,False,143.60000000000002,141.85999999999999,145.34,1.740000000000009,141.2089090294762,2.391090970523834,0.6510909705237964,True,767.6279418929962,0.003490863838121437,0.0,0.02828669049201027,142.00647479061487,1.5935252093851489,0.0,False
2026-12-31,0.2854842933485857,625.0,146.1,3.11,142.51,3.09,78.0,483.0,2.0,4.0,144.305,3.0999999999999996,True,766.7928259910993,0.9889075872640698,-0.20446500561549996,False,141.205,139.39999999999998,143.01,1.8050000000000068,140.22000144221212,0.9849985577878897,0.0,False,767.6279418929962,0.003490863838121437,0.0,0.028740347107373054,141.01711354673546,0.18788645326455367,0.0,False
2026-12-31,0.2854842933485857,628.0,143.23,3.22,139.67,3.2,179.0,162.0,2.0,97.0,141.45,3.21,True,766.7928259910993,0.9889075872640698,-0.19967648888370276,False,138.23999999999998,136.45,140.03,1.7900000000000063,137.25327868041992,0.9867213195800559,0.0,False,767.6279418929962,0.003490863838121437,0.0,0.030296027043015705,138.04883510500758,0.1911648949923972,0.0,False
2026-12-31,0.2854842933485857,629.0,142.27,3.25,138.69,3.23,1122.0,283.0,1.0,1.0,140.48000000000002,3.24,True,766.7928259910993,0.9889075872640698,-0.19808539865146085,False,137.24,135.44,139.04000000000002,1.8000000000000114,136.26437109315586,0.9756289068441504,0.0,False,767.6279418929962,0.003490863838121437,0.0,0.030778650305427036,137.05944489448112,0.18055510551889142,0.0,False
2026-12-31,0.2854842933485857,630.0,141.25,3.28,137.44,3.26,350.0,1102.0,10.0,4.0,139.345,3.2699999999999996,True,766.7928259910993,0.9889075872640698,-0.19649683596632309,False,136.075,134.16,137.99,1.9150000000000063,135.2754635058918,0.7995364941081959,0.0,False,767.6279418929962,0.003490863838121437,0.0,0.031267220110804406,136.07004873741167,0.004951262588321015,0.0,False
2026-12-31,0.2854842933485857,632.0,144.51,3.37,141.32,3.34,6.0,35.0,4.0,3.0,142.915,3.355,True,766.7928259910993,0.9889075872640698,-0.19332726120504395,False,139.56,137.95,141.17,1.6099999999999994,133.29764833136363,6.26235166863637,4.652351668636356,True,767.6279418929962,0.003490863838121437,0.0,0.03246528745660271,134.09103549553774,5.468964504462264,3.85896450446225,True
2026-12-31,0.2854842933485857,633.0,138.36,3.42,134.87,3.39,32.0,56.0,1.0,6.0,136.615,3.4050000000000002,True,766.7928259910993,0.9889075872640698,-0.19174623320772527,False,133.21,131.45000000000002,134.97000000000003,1.7600000000000051,132.30874074409957,0.9012592559004418,0.0,False,767.6279418929962,0.003490863838121437,0.0,0.033137371290339335,133.10145582443994,0.10854417556006979,0.0,False
2026-12-31,0.2854842933485857,634.0,137.5,3.44,133.89,3.41,5.0,130.0,3.0,1.0,135.695,3.425,True,766.7928259910993,0.9889075872640698,-0.19016770091467547,False,132.26999999999998,130.45,134.09,1.8200000000000074,131.3198331568355,0.9501668431644816,0.0,False,767.6279418929962,0.003490863838121437,0.0,0.033576005429066136,132.1121096030371,0.15789039696286977,0.0,False
2026-12-31,0.2854842933485857,635.0,136.52,3.48,132.99,3.45,50.0,650.0,2.0,1.0,134.755,3.465,True,766.7928259910993,0.9889075872640698,-0.18859165645920983,False,131.29,129.51000000000002,133.07000000000002,1.7800000000000011,130.33092556957143,0.9590744304285579,0.0,False,767.6279418929962,0.003490863838121437,0.0,0.0341820213157793,131.12259599988633,0.1674040001136632,0.0,False
2026-12-31,0.2854842933485857,636.0,140.76,3.52,137.56,3.49,33.0,172.0,2.0,1.0,139.16,3.505,True,766.7928259910993,0.9889075872640698,-0.1870180920117793,False,135.655,134.04,137.26999999999998,1.6149999999999949,129.34201798230737,6.312982017692633,4.697982017692624,True,767.6279418929962,0.003490863838121437,0.0,0.03479733784191241,130.13307309609613,5.521926903903875,3.906926903903866,True
2026-12-31,0.2854842933485857,637.0,126.52,3.56,123.0,3.53,14.0,271.0,2.0,1.0,124.75999999999999,3.545,True,766.7928259910993,0.9889075872640698,-0.18544699977973805,False,121.21499999999999,119.44,122.99,1.7749999999999986,128.3531103950433,-7.138110395043313,5.363110395043307,True,767.6279418929962,0.003490863838121437,0.0,0.03542073820857006,129.14354210846543,-7.928542108465436,6.15354210846543,True
2026-12-31,0.2854842933485857,638.0,142.49,3.59,138.96,3.57,4.0,196.0,1.0,166.0,140.72500000000002,3.58,True,766.7928259910993,0.9889075872640698,-0.1838783720071116,False,137.145,135.37,138.92000000000002,1.7750000000000057,127.36420280777922,9.780797192220788,8.005797192220783,True,767.6279418929962,0.003490863838121437,0.0,0.0360118432787182,128.1540434161312,8.990956583868808,7.2159565838688025,True
2026-12-31,0.2854842933485857,639.0,132.68,3.65,128.95,3.62,22.0,560.0,6.0,1.0,130.815,3.635,True,766.7928259910993,0.9889075872640698,-0.18231220097436662,False,127.17999999999999,125.29999999999998,129.06,1.8800000000000097,126.37529522051516,0.8047047794848368,0.0,False,767.6279418929962,0.003490863838121437,0.0,0.03677776353591522,127.16436990860994,0.015630091390050893,0.0,False
2026-12-31,0.2854842933485857,640.0,131.72,3.69,127.92,3.67,346.0,857.0,1.0,51.0,129.82,3.6799999999999997,True,766.7928259910993,0.9889075872640698,-0.18074847899818383,False,126.13999999999999,124.23,128.05,1.9100000000000037,125.38638763325108,0.7536123667489107,0.0,False,767.6279418929962,0.003490863838121437,0.0,0.03747247562260814,126.17476760925916,-0.03476760925917688,0.0,False
2026-12-31,0.2854842933485857,641.0,130.38,3.73,127.1,3.71,18.0,219.0,1.0,24.0,128.74,3.7199999999999998,True,766.7928259910993,0.9889075872640698,-0.17918719843123143,False,125.02000000000001,123.36999999999999,126.67,1.6500000000000057,124.39748004598701,0.6225199540130006,0.0,False,767.6279418929962,0.003490863838121437,0.0,0.038139992483001706,125.18519250513471,-0.16519250513469785,0.0,False
2026-12-31,0.2854842933485857,642.0,129.82,3.77,126.31,3.74,57.0,121.0,19.0,2.0,128.065,3.755,True,766.7928259910993,0.9889075872640698,-0.17762835166194024,False,124.31,122.54,126.08,1.769999999999996,123.40857245872294,0.9014275412770587,0.0,False,767.6279418929962,0.003490863838121437,0.0,0.03877630504706575,124.19564860530657,0.11435139469342914,0.0,False
2026-12-31,0.2854842933485857,643.0,128.83,3.82,125.38,3.8,13.0,261.0,5.0,2.0,127.105,3.8099999999999996,True,766.7928259910993,0.9889075872640698,-0.176071931114282,False,123.295,121.56,125.03000000000002,1.7350000000000065,122.41966487145888,0.8753351285411242,0.0,False,767.6279418929962,0.003490863838121437,0.0,0.03958885786048505,123.20592846522908,0.08907153477092322,0.0,False
2026-12-31,0.2854842933485857,644.0,120.51,3.85,116.99,3.83,0.0,17.0,1.0,1.0,118.75,3.84,True,766.7928259910993,0.9889075872640698,-0.17451792924754783,False,114.91,113.14,116.68,1.7700000000000031,121.4307572841948,-6.520757284194801,4.7507572841947905,True,767.6279418929962,0.003490863838121437,0.0,0.040200122916957515,122.21640961290854,-7.3064096129085385,5.536409612908528,True
2026-12-31,0.2854842933485857,645.0,127.06,3.91,123.47,3.89,59.0,1597.0,2.0,4.0,125.265,3.9000000000000004,True,766.7928259910993,0.9889075872640698,-0.17296633855612892,False,121.365,119.56,123.17,1.8049999999999997,120.44184969693073,0.9231503030692636,0.0,False,767.6279418929962,0.003490863838121437,0.0,0.041075062968861875,121.22662708559257,0.1383729144074266,0.0,False
2026-12-31,0.2854842933485857,646.0,128.43,3.95,124.97,3.92,14.0,66.0,1.0,5.0,126.7,3.935,True,766.7928259910993,0.9889075872640698,-0.17141715156929963,False,122.765,121.02,124.51,1.7450000000000045,119.45294210966667,3.3120578903333353,1.5670578903333308,True,767.6279418929962,0.003490863838121437,0.0,0.041747766624036675,120.23704679467332,2.527953205326682,0.7829532053266774,True
2026-12-31,0.2854842933485857,647.0,133.96,3.99,130.44,3.96,17.0,256.0,1.0,1.0,132.2,3.975,True,766.7928259910993,0.9889075872640698,-0.16987036085100088,False,128.225,126.45,130.0,1.7749999999999986,118.4640345224026,9.760965477597395,7.985965477597404,True,767.6279418929962,0.003490863838121437,0.0,0.04247243216514596,119.24741454186814,8.977585458131855,7.202585458131864,True
2026-12-31,0.2854842933485857,648.0,124.18,4.05,120.63,4.03,33.0,57.0,10.0,40.0,122.405,4.04,True,766.7928259910993,0.9889075872640698,-0.16832595899962668,False,118.365,116.58,120.15,1.7850000000000037,117.47512693513852,0.8898730648614759,0.0,False,767.6279418929962,0.003490863838121437,0.0,0.04342260736810566,118.25755677940111,0.10744322059888134,0.0,False
2026-12-31,0.2854842933485857,649.0,123.28,4.1,119.66,4.07,57.0,104.0,2.0,1.0,121.47,4.085,True,766.7928259910993,0.9889075872640698,-0.16678393864781146,False,117.385,115.56,119.21000000000001,1.8250000000000028,116.48621934787445,0.8987806521255521,0.0,False,767.6279418929962,0.003490863838121437,0.0,0.044213643698660654,117.2678581558065,0.1171418441935117,0.0,False
2026-12-31,0.2854842933485857,650.0,122.27,4.14,118.68,4.11,673.0,2102.0,10.0,97.0,120.475,4.125,True,766.7928259910993,0.9889075872640698,-0.1652442924622186,False,116.35,114.54,118.16,1.8099999999999952,115.49731176061039,0.8526882393896074,0.0,False,767.6279418929962,0.003490863838121437,0.0,0.0449739511952254,116.27819026104585,0.07180973895414411,0.0,False
2026-12-31,0.2854842933485857,651.0,126.79,4.19,123.59,4.16,74.0,103.0,100.0,20.0,125.19,4.175000000000001,True,766.7928259910993,0.9889075872640698,-0.16370701314333214,False,121.015,119.4,122.63000000000001,1.615000000000002,114.50840417334632,6.50659582665368,4.891595826653685,True,767.6279418929962,0.003490863838121437,0.0,0.04583173247936312,115.28842489249764,5.726575107502356,4.111575107502361,True
2026-12-31,0.2854842933485857,652.0,120.45,4.24,116.83,4.23,8.0,49.0,1.0,1.0,118.64,4.235,True,766.7928259910993,0.9889075872640698,-0.1621720934252485,False,114.405,112.59,116.22,1.8149999999999977,113.51949658608224,0.8855034139177604,0.0,False,767.6279418929962,0.003490863838121437,0.0,0.0467914708812156,114.29855756683172,0.10644243316828295,0.0,False
2026-12-31,0.2854842933485857,653.0,124.93,4.3,121.72,4.28,5.0,141.0,1.0,1.0,123.325,4.29,True,766.7928259910993,0.9889075872640698,-0.16063952607547033,False,119.035,117.42,120.65,1.615000000000002,112.53058899881817,6.504411001181822,4.889411001181827,True,767.6279418929962,0.003490863838121437,0.0,0.047723838655095996,113.30871761179377,5.726282388206229,4.111282388206234,True
2026-12-31,0.2854842933485857,654.0,107.29,4.35,103.96,4.32,8.0,41.0,6.0,2.0,105.625,4.335,True,766.7928259910993,0.9889075872640698,-0.1591093038947028,False,101.29,99.61,102.97,1.6799999999999997,111.54168141155411,-10.251681411554102,8.57168141155411,True,767.6279418929962,0.003490863838121437,0.0,0.04858494565643667,112.31894891752836,-11.028948917528353,9.34894891752836,True
2026-12-31,0.2854842933485857,655.0,117.56,4.39,113.97,4.37,193.0,384.0,50.0,1.0,115.765,4.38,True,766.7928259910993,0.9889075872640698,-0.15758141971664952,False,111.385,109.58,113.19,1.8049999999999997,110.55277382429004,0.8322261757099625,0.0,False,767.6279418929962,0.003490863838121437,0.0,0.04945934729164936,111.32916692862908,0.055833071370926746,0.0,False
2026-12-31,0.2854842933485857,656.0,119.68,4.45,117.66,4.42,11.0,178.0,1.0,30.0,118.67,4.4350000000000005,True,766.7928259910993,0.9889075872640698,-0.15605586640781235,False,114.235,113.21,115.26,1.0250000000000057,109.56386623702596,4.671133762974037,3.6461337629740314,True,767.6279418929962,0.003490863838121437,0.0,0.05043586229563868,110.33928282636101,3.8957171736389853,2.8707171736389796,True
2026-12-31,0.2854842933485857,657.0,109.49,4.51,105.97,4.49,9.0,150.0,1.0,8.0,107.72999999999999,4.5,True,766.7928259910993,0.9889075872640698,-0.15453263686729096,False,103.22999999999999,101.46,105.0,1.7700000000000031,108.5749586497619,-5.344958649761907,3.5749586497618964,True,767.6279418929962,0.003490863838121437,0.0,0.05151507097694452,109.34929603041564,-6.119296030415654,4.349296030415644,True
2026-12-31,0.2854842933485857,658.0,123.61,4.56,120.09,4.53,10.0,107.0,2.0,3.0,121.85,4.545,True,766.7928259910993,0.9889075872640698,-0.15301172402658422,False,117.30499999999999,115.53,119.08,1.7749999999999986,107.58605106249783,9.718948937502162,7.943948937502171,True,767.6279418929962,0.003490863838121437,0.0,0.05242884154787042,108.35947467258065,8.945525327419347,7.170525327419355,True
2026-12-31,0.2854842933485857,659.0,113.84,4.62,110.28,4.6,9.0,204.0,1.0,3.0,112.06,4.609999999999999,True,766.7928259910993,0.9889075872640698,-0.15149312084939415,False,107.45,105.66,109.24000000000001,1.7900000000000063,106.59714347523375,0.8528565247662527,0.0,False,767.6279418929962,0.003490863838121437,0.0,0.053539651356074636,107.36945627550837,0.08054372449163338,0.0,False
2026-12-31,0.2854842933485857,660.0,112.26,4.68,109.48,4.65,118.0,2635.0,2.0,3.0,110.87,4.665,True,766.7928259910993,0.9889075872640698,-0.14997682033143023,False,106.205,104.80000000000001,107.61,1.404999999999994,105.60823588796968,0.5967641120303142,0.0,False,767.6279418929962,0.003490863838121437,0.0,0.05457359834486297,106.37951474125552,-0.17451474125552124,0.0,False
2026-12-31,0.2854842933485857,661.0,115.03,4.74,111.6,4.71,13.0,588.0,2.0,1.0,113.315,4.725,True,766.7928259910993,0.9889075872640698,-0.14846281550021512,False,108.59,106.86,110.32000000000001,1.730000000000004,104.61932830070562,3.9706716992943853,2.2406716992943814,True,767.6279418929962,0.003490863838121437,0.0,0.05566917384672454,105.38951157848959,3.200488421510414,1.4704884215104101,True
2026-12-31,0.2854842933485857,662.0,114.14,4.79,110.72,4.77,9.0,137.0,2.0,1.0,112.43,4.779999999999999,True,766.7928259910993,0.9889075872640698,-0.14695109941489315,False,107.65,105.92999999999999,109.37,1.720000000000006,103.63042071344155,4.019579286558454,2.2995792865584406,True,767.6279418929962,0.003490863838121437,0.0,0.05673630931209228,104.39953685576015,3.250463144239859,1.530463144239846,True
2026-12-31,0.2854842933485857,663.0,110.1,4.84,106.57,4.81,16.0,427.0,5.0,3.0,108.335,4.824999999999999,True,766.7928259910993,0.9889075872640698,-0.14544166516603893,False,103.50999999999999,101.72999999999999,105.28999999999999,1.7800000000000011,102.64151312617747,0.8684868738225191,0.0,False,767.6279418929962,0.003490863838121437,0.0,0.05773112114906276,103.4096344566591,0.10036554334088521,0.0,False
2026-12-31,0.2854842933485857,664.0,109.21,4.91,105.74,4.89,12.0,340.0,1.0,3.0,107.475,4.9,True,766.7928259910993,0.9889075872640698,-0.14393450587546755,False,102.57499999999999,100.83,104.32,1.7449999999999974,101.6526055389134,0.9223944610865829,0.0,False,767.6279418929962,0.003490863838121437,0.0,0.05902061108804535,102.41943737945606,0.15556262054393244,0.0,False
2026-12-31,0.2854842933485857,665.0,108.21,4.97,104.66,4.95,275.0,5867.0,4.0,1.0,106.435,4.96,True,766.7928259910993,0.9889075872640698,-0.14242961469604734,False,101.47500000000001,99.69,103.25999999999999,1.7849999999999966,100.66369795164934,0.8113020483506688,0.0,False,767.6279418929962,0.003490863838121437,0.0,0.060189192667756686,101.42936121061229,0.04563878938772348,0.0,False
2026-12-31,0.2854842933485857,666.0,105.77,5.04,103.77,5.02,9.0,277.0,1.0,6.0,104.77,5.029999999999999,True,766.7928259910993,0.9889075872640698,-0.14092698481151228,False,99.74,98.72999999999999,100.75,1.0100000000000051,99.67479036438527,0.06520963561472115,0.0,False,767.6279418929962,0.003490863838121437,0.0,0.06147864405919634,100.43916417195676,-0.6991641719567667,0.0,False
2026-12-31,0.2854842933485857,667.0,106.42,5.1,102.8,5.07,19.0,537.0,1.0,1.0,104.61,5.085,True,766.7928259910993,0.9889075872640698,-0.13942660943627766,False,99.525,97.7,101.35,1.8249999999999957,98.6858827771212,0.8391172228788122,0.0,False,767.6279418929962,0.003490863838121437,0.0,0.06265108741799974,99.44908414133388,0.0759158586661215,0.0,False
2026-12-31,0.2854842933485857,668.0,108.86,5.18,105.44,5.15,23.0,53.0,2.0,10.0,107.15,5.165,True,766.7928259910993,0.9889075872640698,-0.13792848181525574,False,101.985,100.25999999999999,103.71,1.7250000000000014,97.69697518985713,4.288024810142872,2.5630248101428634,True,767.6279418929962,0.003490863838121437,0.0,0.06407648852324588,98.45875115296458,3.5262488470354185,1.80124884703541,True
2026-12-31,0.2854842933485857,669.0,110.26,5.23,107.04,5.21,213.0,526.0,2.0,1.0,108.65,5.220000000000001,True,766.7928259910993,0.9889075872640698,-0.13643259522367296,False,103.43,101.81,105.05000000000001,1.6200000000000045,96.70806760259306,6.721932397406945,5.101932397406941,True,767.6279418929962,0.003490863838121437,0.0,0.0652867048828707,97.46863334934089,5.961366650659116,4.341366650659111,True
2026-12-31,0.2854842933485857,670.0,102.04,5.3,100.06,5.27,628.0,1341.0,2.0,1.0,101.05000000000001,5.285,True,766.7928259910993,0.9889075872640698,-0.13493894296688963,False,95.76500000000001,94.76,96.77000000000001,1.0050000000000026,95.719160015329,0.04583998467101935,0.0,False,767.6279418929962,0.003490863838121437,0.0,0.06661187425091875,96.47840059270875,-0.7134005927087372,0.0,False
2026-12-31,0.2854842933485857,671.0,102.59,5.36,99.09,5.32,240.0,244.0,24.0,1.0,100.84,5.34,True,766.7928259910993,0.9889075872640698,-0.13344751838021965,False,95.5,93.73,97.27000000000001,1.7700000000000031,94.73025242806492,0.7697475719350848,0.0,False,767.6279418929962,0.003490863838121437,0.0,0.06786325590661413,95.488241623789,0.011758376211005839,0.0,False
2026-12-31,0.2854842933485857,672.0,105.42,5.42,101.95,5.38,8.0,36.0,1.0,7.0,103.685,5.4,True,766.7928259910993,0.9889075872640698,-0.13195831482875187,False,98.285,96.53,100.04,1.7550000000000026,93.74134484080085,4.543655159199147,2.788655159199152,True,767.6279418929962,0.003490863838121437,0.0,0.0691826659469168,94.49801462648463,3.786985373515364,2.0319853735153686,True
2026-12-31,0.2854842933485857,673.0,106.63,5.51,103.4,5.48,9.0,212.0,2.0,1.0,105.015,5.495,True,766.7928259910993,0.9889075872640698,-0.13047132570717368,False,99.52,97.89,101.14999999999999,1.6299999999999955,92.75243725353678,6.767562746463213,5.137562746463217,True,767.6279418929962,0.003490863838121437,0.0,0.07086476810595776,93.5074249370615,6.012575062938495,4.3825750629385,True
2026-12-31,0.2854842933485857,674.0,105.73,5.59,102.5,5.56,12.0,228.0,1.0,2.0,104.11500000000001,5.574999999999999,True,766.7928259910993,0.9889075872640698,-0.1289865444395944,False,98.54,96.91,100.17,1.6300000000000026,91.7635296662727,6.776470333727303,5.146470333727294,True,767.6279418929962,0.003490863838121437,0.0,0.07242420627172308,92.51695791163168,6.023042088368328,4.393042088368318,True
2026-12-31,0.2854842933485857,675.0,97.37,5.66,95.42,5.63,758.0,717.0,5.0,1.0,96.39500000000001,5.645,True,766.7928259910993,0.9889075872640698,-0.12750396447937157,False,90.75000000000001,89.76,91.74000000000001,0.990000000000002,90.77462207900864,-0.024622079008622677,0.0,False,767.6279418929962,0.003490863838121437,0.0,0.07391274420008287,91.52656178643925,-0.7765617864392311,0.0,False
2026-12-31,0.2854842933485857,676.0,106.87,5.73,103.34,5.7,62.0,42.0,1.0,1.0,105.105,5.715,True,766.7928259910993,0.9889075872640698,-0.12602357930893737,False,99.39,97.61,101.17,1.7800000000000011,89.78571449174457,9.60428550825543,7.824285508255429,True,767.6279418929962,0.003490863838121437,0.0,0.07543387927170286,90.53613306410357,8.853866935896434,7.073866935896433,True
2026-12-31,0.2854842933485857,677.0,97.19,5.8,93.78,5.78,24.0,346.0,1.0,23.0,95.485,5.79,True,766.7928259910993,0.9889075872640698,-0.12454538243962643,False,89.695,87.98,91.41,1.7149999999999963,88.7968069044805,0.8981930955194883,0.0,False,767.6279418929962,0.003490863838121437,0.0,0.07702990433270429,89.54562945177848,0.14937054822151197,0.0,False
2026-12-31,0.2854842933485857,678.0,94.71,5.86,92.69,5.83,166.0,714.0,2.0,7.0,93.69999999999999,5.845000000000001,True,766.7928259910993,0.9889075872640698,-0.1230693674115058,False,87.85499999999999,86.83,88.88,1.0249999999999986,87.80789931721642,0.04710068278356516,0.0,False,767.6279418929962,0.003490863838121437,0.0,0.07846414457327544,88.55528762427384,-0.7002876242738552,0.0,False
2026-12-31,0.2854842933485857,679.0,95.17,5.95,91.97,5.92,12.0,687.0,1.0,1.0,93.57,5.9350000000000005,True,766.7928259910993,0.9889075872640698,-0.12159552779320533,False,87.63499999999999,86.02,89.25,1.615000000000002,86.81899172995236,0.8160082700476323,0.0,False,767.6279418929962,0.003490863838121437,0.0,0.08027640965770466,87.56456777192535,0.07043222807463678,0.0,False
2026-12-31,0.2854842933485857,680.0,92.88,6.03,90.83,6.01,995.0,5319.0,7.0,1.0,91.85499999999999,6.02,True,766.7928259910993,0.9889075872640698,-0.12012385718174902,False,85.835,84.8,86.86999999999999,1.0349999999999966,85.83008414268829,0.004915857311701188,0.0,False,767.6279418929962,0.003490863838121437,0.0,0.0820777937918784,86.5738588005271,-0.7388588005271117,0.0,False
2026-12-31,0.2854842933485857,681.0,91.97,6.12,89.89,6.09,135.0,42.0,1.0,5.0,90.93,6.105,True,766.7928259910993,0.9889075872640698,-0.118654349202389,False,84.825,83.77,85.88,1.0549999999999997,84.84117655542423,-0.016176555424223693,0.0,False,767.6279418929962,0.003490863838121437,0.0,0.0839096329505038,85.5831193741044,-0.7581193741043961,0.0,False
2026-12-31,0.2854842933485857,682.0,91.06,6.2,89.03,6.17,56.0,2225.0,88.0,99.0,90.045,6.1850000000000005,True,766.7928259910993,0.9889075872640698,-0.11718699750843935,False,83.86,82.83,84.89,1.0300000000000011,83.85226896816015,0.007731031839853131,0.0,False,767.6279418929962,0.003490863838121437,0.0,0.08571904252562845,84.59240237726522,-0.7324023772652168,0.0,False
2026-12-31,0.2854842933485857,683.0,90.05,6.27,88.09,6.23,23.0,100.0,1.0,20.0,89.07,6.25,True,766.7928259910993,0.9889075872640698,-0.11572179578111133,False,82.82,81.82000000000001,83.82,0.9999999999999929,82.86336138089608,-0.0433613808960871,0.0,False,767.6279418929962,0.003490863838121437,0.0,0.08740868873593133,83.60180514379084,-0.781805143790848,0.0,False
2026-12-31,0.2854842933485857,684.0,89.26,6.35,87.18,6.32,20.0,637.0,1.0,40.0,88.22,6.335,True,766.7928259910993,0.9889075872640698,-0.11425873772935101,True,81.885,80.83000000000001,82.94,1.0549999999999926,81.87445379363201,0.010546206367990862,0.0,False,767.6279418929962,0.003490863838121437,0.0,0.08933528153050929,82.6109709637322,-0.7259709637321947,0.0,False
2026-12-31,0.2854842933485857,685.0,88.31,6.43,86.27,6.4,437.0,837.0,2.0,3.0,87.28999999999999,6.415,True,766.7928259910993,0.9889075872640698,-0.11279781708967614,True,80.87499999999999,79.84,81.91,1.0349999999999966,80.88554620636795,-0.01054620636796244,0.0,False,767.6279418929962,0.003490863838121437,0.0,0.09125003075903493,81.62014862723959,-0.7451486272396011,0.0,False
2026-12-31,0.2854842933485857,686.0,94.96,6.53,91.67,6.5,113.0,624.0,4.0,230.0,93.315,6.515000000000001,True,766.7928259910993,0.9889075872640698,-0.11133902762601616,True,86.8,85.14,88.46,1.6599999999999966,79.89663861910387,6.903361380896129,5.243361380896133,True,767.6279418929962,0.003490863838121437,0.0,0.09339816803548118,80.62909290269909,6.170907097300912,4.510907097300915,True
2026-12-31,0.2854842933485857,687.0,86.53,6.63,84.46,6.6,109.0,625.0,1.0,1.0,85.495,6.615,True,766.7928259910993,0.9889075872640698,-0.10988236312955212,True,78.88000000000001,77.83,79.93,1.0500000000000043,78.9077310318398,-0.02773103183979231,0.0,False,767.6279418929962,0.003490863838121437,0.0,0.09558097749378014,79.63800250597671,-0.7580025059767053,0.0,False
2026-12-31,0.2854842933485857,688.0,93.18,6.71,89.89,6.67,75.0,467.0,2.0,3.0,91.535,6.6899999999999995,True,766.7928259910993,0.9889075872640698,-0.10842781741855775,True,84.845,83.18,86.51,1.6649999999999991,77.91882344457574,6.926176555424263,5.261176555424271,True,767.6279418929962,0.003490863838121437,0.0,0.09755390265828989,78.64712199354813,6.197878006451873,4.532878006451881,True
2026-12-31,0.2854842933485857,689.0,85.92,6.79,83.07,6.75,119.0,633.0,1.0,1.0,84.495,6.77,True,766.7928259910993,0.9889075872640698,-0.1069753843382428,True,77.72500000000001,76.27999999999999,79.17,1.4450000000000074,76.92991585731166,0.7950841426883528,0.0,False,767.6279418929962,0.003490863838121437,0.0,0.09962656810995707,77.6561417408324,0.06885825916761235,0.0,False
2026-12-31,0.2854842933485857,690.0,83.77,6.9,81.78,6.86,339.0,1808.0,1.0,7.0,82.775,6.880000000000001,True,766.7928259910993,0.9889075872640698,-0.10552505776059638,True,75.89500000000001,74.88,76.91,1.0150000000000006,75.94100827004759,-0.04600827004757946,0.0,False,767.6279418929962,0.003490863838121437,0.0,0.10205171581419048,76.6648090058641,-0.7698090058640901,0.0,False
2026-12-31,0.2854842933485857,691.0,82.91,6.99,80.85,6.95,303.0,436.0,2.0,5.0,81.88,6.970000000000001,True,766.7928259910993,0.9889075872640698,-0.1040768315842315,True,74.91,73.86,75.96,1.0499999999999972,74.95210068278352,-0.04210068278352708,0.0,False,767.6279418929962,0.003490863838121437,0.0,0.10431462060131746,75.6736385138129,-0.7636385138129071,0.0,False
2026-12-31,0.2854842933485857,692.0,83.57,7.08,79.95,7.05,142.0,227.0,1.0,1.0,81.75999999999999,7.0649999999999995,True,766.7928259910993,0.9889075872640698,-0.10263069973423192,True,74.695,72.87,76.52,1.8249999999999957,73.96319309551946,0.7318069044805355,0.0,False,767.6279418929962,0.003490863838121437,0.0,0.10667547006551725,74.68237007708463,0.01262992291536591,0.0,False
2026-12-31,0.2854842933485857,693.0,82.12,7.18,79.62,7.14,57.0,100.0,1.0,3.0,80.87,7.16,True,766.7928259910993,0.9889075872640698,-0.1011866561619982,True,73.71000000000001,72.44,74.98,1.2700000000000031,72.97428550825538,0.7357144917446305,0.0,False,767.6279418929962,0.003490863838121437,0.0,0.10908963294257124,73.6910483269435,0.018951673056506024,0.0,False
2026-12-31,0.2854842933485857,694.0,80.14,7.28,78.19,7.24,30.0,33.0,2.0,1.0,79.16499999999999,7.26,True,766.7928259910993,0.9889075872640698,-0.09974469484509689,True,71.90499999999999,70.91,72.9,0.9950000000000045,71.98537792099131,-0.08037792099132446,0.0,False,767.6279418929962,0.003490863838121437,0.0,0.11161160093505362,72.69961877168696,-0.7946187716869701,0.0,False
2026-12-31,0.2854842933485857,695.0,80.54,7.37,77.42,7.34,257.0,1366.0,95.0,1.0,78.98,7.355,True,766.7928259910993,0.9889075872640698,-0.09830480978710933,True,71.625,70.05,73.2,1.5750000000000028,70.99647033372725,0.6285296662727546,0.0,False,767.6279418929962,0.003490863838121437,0.0,0.11412591762842084,71.70819686772953,-0.0831968677295265,0.0,False
2026-12-31,0.2854842933485857,696.0,78.49,7.49,78.05,7.45,861.0,818.0,2.0,150.0,78.27,7.470000000000001,True,766.7928259910993,0.9889075872640698,-0.09686699501748178,True,70.8,70.56,71.03999999999999,0.23999999999999488,70.00756274646318,0.7924372535368178,0.5524372535368229,True,767.6279418929962,0.003490863838121437,0.0,0.11690071920148615,70.71651447889238,0.08348552110761887,0.0,False
2026-12-31,0.2854842933485857,697.0,78.91,7.59,76.09,7.55,168.0,21.0,1.0,1.0,77.5,7.57,True,766.7928259910993,0.9889075872640698,-0.09543124459137749,True,69.93,68.5,71.36,1.4299999999999997,69.0186551591991,0.9113448408009077,0.0,False,767.6279418929962,0.003490863838121437,0.0,0.11957457207557098,69.72493303875422,0.20506696124579094,0.0,False
2026-12-31,0.2854842933485857,698.0,76.7,7.7,74.6,7.66,172.0,40.0,1.0,5.0,75.65,7.68,True,766.7928259910993,0.9889075872640698,-0.09399755258952898,True,67.97,66.89999999999999,69.04,1.0700000000000074,68.02974757193503,-0.059747571935034216,0.0,False,767.6279418929962,0.003490863838121437,0.0,0.12240816418477074,68.73319185938095,-0.763191859380953,0.0,False
2026-12-31,0.2854842933485857,699.0,76.61,7.8,75.39,7.76,257.0,118.0,1.0,3.0,76.0,7.779999999999999,True,766.7928259910993,0.9889075872640698,-0.09256591311809115,True,68.22,67.59,68.85,0.6299999999999955,67.04083998467097,1.1791600153290318,0.5491600153290364,True,767.6279418929962,0.003490863838121437,0.0,0.12520364115533855,67.74148879514632,0.4785112048536746,0.0,False
2026-12-31,0.2854842933485857,700.0,74.86,7.91,73.47,7.89,1627.0,8202.0,1219.0,73.0,74.16499999999999,7.9,True,766.7928259910993,0.9889075872640698,-0.0911363203084968,True,66.26499999999999,65.56,66.97,0.7049999999999983,66.0519323974069,0.21306760259308533,0.0,False,767.6279418929962,0.003490863838121437,0.0,0.12827549675178496,66.7495093522858,-0.48450935228581216,0.0,False
2026-12-31,0.2854842933485857,701.0,73.93,8.03,73.68,7.99,209.0,185.0,1.0,4.0,73.805,8.01,True,766.7928259910993,0.9889075872640698,-0.08970876831731135,True,65.795,65.65,65.94000000000001,0.14500000000000313,65.06302481014282,0.7319751898571809,0.5869751898571849,True,767.6279418929962,0.003490863838121437,0.0,0.1312960594973278,65.75758120227619,0.03741879772381651,0.0,False
2026-12-31,0.2854842933485857,702.0,72.99,8.11,71.07,8.08,551.0,208.0,1.0,5.0,72.03,8.094999999999999,True,766.7928259910993,0.9889075872640698,-0.08828325132609027,True,63.935,62.959999999999994,64.91,0.9750000000000014,64.07411722287875,-0.1391172228787525,0.0,False,767.6279418929962,0.003490863838121437,0.0,0.13411313108907041,64.76585654342038,-0.8308565434203814,0.0,False
2026-12-31,0.2854842933485857,703.0,73.73,8.25,70.19,8.21,278.0,217.0,1.0,20.0,71.96000000000001,8.23,True,766.7928259910993,0.9889075872640698,-0.08685976354123656,True,63.730000000000004,61.94,65.52000000000001,1.7900000000000063,63.08520963561469,0.6447903643853152,0.0,False,767.6279418929962,0.003490863838121437,0.0,0.13753400146731565,63.77352808577806,-0.04352808577805689,0.0,False
2026-12-31,0.2854842933485857,704.0,81.52,8.39,78.1,8.35,325.0,486.0,2.0,4.0,79.81,8.370000000000001,True,766.7928259910993,0.9889075872640698,-0.08543829919385902,True,71.44,69.71,73.17,1.730000000000004,62.096302048350616,9.343697951649382,7.613697951649378,True,767.6279418929962,0.003490863838121437,0.0,0.1410943399564868,62.781060160024815,8.658939839975183,6.928939839975179,True
2026-12-31,0.2854842933485857,705.0,70.52,8.47,70.1,8.43,527.0,871.0,2.0,2.0,70.31,8.45,True,766.7928259910993,0.9889075872640698,-0.08401885253963273,True,61.86,61.629999999999995,62.089999999999996,0.23000000000000043,61.10739446108654,0.7526055389134569,0.522605538913453,True,767.6279418929962,0.003490863838121437,0.0,0.1440868549319152,61.789160057785324,0.07083994221467549,0.0,False
2026-12-31,0.2854842933485857,706.0,69.6,8.61,67.59,8.58,23.0,129.0,3.0,2.0,68.595,8.594999999999999,True,766.7928259910993,0.9889075872640698,-0.08260141785865938,True,60.0,58.980000000000004,61.019999999999996,1.019999999999996,60.11848687382248,-0.11848687382247647,0.0,False,767.6279418929962,0.003490863838121437,0.0,0.14784302074743572,60.79649630470573,-0.7964963047057267,0.0,False
2026-12-31,0.2854842933485857,707.0,69.94,8.74,68.34,8.7,132.0,157.0,28.0,1.0,69.14,8.719999999999999,True,766.7928259910993,0.9889075872640698,-0.08118598945532865,True,60.42,59.6,61.239999999999995,0.8199999999999967,59.1295792865584,1.2904207134415984,0.4704207134415981,True,767.6279418929962,0.003490863838121437,0.0,0.15147344002708785,59.80395829816201,0.6160417018379931,0.0,False
2026-12-31,0.2854842933485857,708.0,75.76,8.87,72.53,8.83,183.0,314.0,3.0,79.0,74.14500000000001,8.85,True,766.7928259910993,0.9889075872640698,-0.07977256165818161,True,65.29500000000002,63.660000000000004,66.93,1.6350000000000016,58.14067169929434,7.154328300705679,5.519328300705666,True,767.6279418929962,0.003490863838121437,0.0,0.15523628241001397,58.81128786851501,6.483712131485007,4.848712131484994,True
2026-12-31,0.2854842933485857,709.0,67.03,8.99,66.65,8.95,15.0,121.0,1.0,1.0,66.84,8.969999999999999,True,766.7928259910993,0.9889075872640698,-0.07836112881977395,True,57.870000000000005,57.660000000000004,58.08,0.2099999999999973,57.151764112030264,0.7182358879697404,0.5082358879697395,True,767.6279418929962,0.003490863838121437,0.0,0.15898619317388984,57.81863037048707,0.05136962951293356,0.0,False
2026-12-31,0.2854842933485857,710.0,66.02,9.1,64.2,9.07,269.0,1887.0,7.0,7.0,65.11,9.085,True,766.7928259910993,0.9889075872640698,-0.0769516853165403,True,56.025,55.1,56.949999999999996,0.9249999999999972,56.1628565247662,-0.13785652476619958,0.0,False,767.6279418929962,0.003490863838121437,0.0,0.16276852503068362,56.8259404513662,-0.800940451366202,0.0,False
2026-12-31,0.2854842933485857,711.0,65.31,9.27,63.23,9.23,179.0,308.0,2.0,10.0,64.27,9.25,True,766.7928259910993,0.9889075872640698,-0.0755442255486606,True,55.019999999999996,53.959999999999994,56.08,1.0600000000000023,55.173948937502125,-0.153948937502129,0.0,False,767.6279418929962,0.003490863838121437,0.0,0.16716650690646517,55.83263488222636,-0.8126348822263623,0.0,False
2026-12-31,0.2854842933485857,712.0,65.78,9.39,62.39,9.35,11.0,298.0,2.0,67.0,64.08500000000001,9.370000000000001,True,766.7928259910993,0.9889075872640698,-0.07413874393992566,True,54.715,53.0,56.43,1.7149999999999999,54.18504135023806,0.5299586497619444,0.0,False,767.6279418929962,0.003490863838121437,0.0,0.17118172087188022,54.83971208099687,-0.12471208099686493,0.0,False
2026-12-31,0.2854842933485857,713.0,63.54,9.54,61.5,9.5,33.0,469.0,2.0,93.0,62.519999999999996,9.52,True,766.7928259910993,0.9889075872640698,-0.07273523493760545,True,53.0,51.96,54.04,1.0399999999999991,53.196133762973986,-0.19613376297398588,0.0,False,767.6279418929962,0.003490863838121437,0.0,0.17560830352867995,53.846377911076004,-0.8463779110760044,0.0,False
2026-12-31,0.2854842933485857,714.0,62.75,9.67,62.32,9.64,55.0,101.0,2.0,12.0,62.535,9.655000000000001,True,766.7928259910993,0.9889075872640698,-0.07133369301231708,True,52.879999999999995,52.65,53.11,0.23000000000000043,52.20722617570992,0.6727738242900756,0.4427738242900787,True,767.6279418929962,0.003490863838121437,0.0,0.17998542752323132,52.85309319981738,0.026906800182615598,0.0,False
2026-12-31,0.2854842933485857,715.0,61.89,9.79,61.49,9.76,1131.0,310.0,6.0,58.0,61.69,9.774999999999999,True,766.7928259910993,0.9889075872640698,-0.06993411265789376,True,51.915,51.7,52.13,0.21499999999999986,51.21831858844585,0.6966814115541524,0.4816814115541561,True,767.6279418929962,0.003490863838121437,0.0,0.18431578276977412,51.85985525730677,0.05514474269322989,0.0,False
2026-12-31,0.2854842933485857,716.0,61.05,9.97,60.62,9.93,44.0,437.0,4.0,1.0,60.834999999999994,9.95,True,766.7928259910993,0.9889075872640698,-0.06853648839125576,True,50.88499999999999,50.65,51.12,0.23499999999999943,50.22941100118178,0.6555889988182102,0.4205889988182179,True,767.6279418929962,0.003490863838121437,0.0,0.1893352324032307,50.86592822040924,0.019071779590753124,0.0,False
2026-12-31,0.2854842933485857,717.0,61.39,10.1,59.8,10.08,41.0,385.0,2.0,11.0,60.595,10.09,True,766.7928259910993,0.9889075872640698,-0.06714081475228109,True,50.504999999999995,49.699999999999996,51.31,0.8050000000000033,49.24050341391771,1.2644965860822879,0.45949658608228816,True,767.6279418929962,0.003490863838121437,0.0,0.19411290940988835,49.872242956138514,0.6327570438614813,0.0,False
2026-12-31,0.2854842933485857,718.0,60.79,10.24,57.23,10.19,239.0,145.0,12.0,11.0,59.01,10.215,True,766.7928259910993,0.9889075872640698,-0.06574708630367722,True,48.795,46.989999999999995,50.6,1.8050000000000033,48.25159582665364,0.5434041733463602,0.0,False,767.6279418929962,0.003490863838121437,0.0,0.1988432442638146,48.87860503402052,-0.08360503402051478,0.0,False
2026-12-31,0.2854842933485857,719.0,58.46,10.42,56.44,10.38,78.0,228.0,15.0,1.0,57.45,10.4,True,766.7928259910993,0.9889075872640698,-0.06435529763085479,True,47.050000000000004,46.019999999999996,48.08,1.0300000000000011,47.26268823938957,-0.21268823938956416,0.0,False,767.6279418929962,0.003490863838121437,0.0,0.2043297589582398,47.884210932062025,-0.834210932062021,0.0,False
2026-12-31,0.2854842933485857,720.0,58.77,10.58,57.27,10.53,4045.0,4797.0,1.0,41.0,58.02,10.555,True,766.7928259910993,0.9889075872640698,-0.06296544334180044,True,47.465,46.690000000000005,48.24,0.7749999999999986,46.273780652125495,1.1912193478745081,0.41621934787450954,True,767.6279418929962,0.003490863838121437,0.0,0.20966306393051148,46.88997003982568,0.5750299601743265,0.0,False
2026-12-31,0.2854842933485857,721.0,58.39,10.74,54.74,10.7,79.0,178.0,4.0,1.0,56.565,10.719999999999999,True,766.7928259910993,0.9889075872640698,-0.061577518066952316,True,45.845,44.0,47.69,1.8449999999999989,45.28487306486143,0.5601269351385696,0.0,False,767.6279418929962,0.003490863838121437,0.0,0.21523348644425688,45.89549203004786,-0.05049203004786307,0.0,False
2026-12-31,0.2854842933485857,722.0,56.03,10.91,53.91,10.86,199.0,51.0,2.0,220.0,54.97,10.885,True,766.7928259910993,0.9889075872640698,-0.06019151645907524,True,44.085,43.0,45.17,1.0850000000000009,44.295965477597356,-0.2109654775973553,0.0,False,767.6279418929962,0.003490863838121437,0.0,0.22094598190666304,44.90087194732139,-0.8158719473213907,0.0,False
2026-12-31,0.2854842933485857,723.0,55.19,11.07,53.08,11.02,47.0,44.0,3.0,2.0,54.135,11.045,True,766.7928259910993,0.9889075872640698,-0.058807433193136735,True,43.089999999999996,42.01,44.17,1.0800000000000018,43.30705789033329,-0.2170578903332938,0.0,False,767.6279418929962,0.003490863838121437,0.0,0.22674401590481175,43.906166326059164,-0.8161663260591681,0.0,False
2026-12-31,0.2854842933485857,724.0,54.39,11.25,52.25,11.19,242.0,150.0,4.0,2.0,53.32,11.219999999999999,True,766.7928259910993,0.9889075872640698,-0.05742526296618501,True,42.1,41.0,43.2,1.1000000000000014,42.31815030306922,-0.21815030306921557,0.0,False,767.6279418929962,0.003490863838121437,0.0,0.23284354035359023,42.91115921434632,-0.8111592143463184,0.0,False
2026-12-31,0.2854842933485857,725.0,53.57,11.4,52.08,11.36,383.0,2853.0,7.0,1.0,52.825,11.379999999999999,True,766.7928259910993,0.9889075872640698,-0.056045000497226674,True,41.44500000000001,40.68,42.21,0.7650000000000006,41.32924271580515,0.11575728419485642,0.0,False,767.6279418929962,0.003490863838121437,0.0,0.23896448061677944,41.91613068681906,-0.4711306868190519,0.0,False
2026-12-31,0.2854842933485857,730.0,49.48,12.29,47.36,12.25,866.0,2633.0,10.0,22.0,48.42,12.27,True,766.7928259910993,0.9889075872640698,-0.04917212120946466,True,36.150000000000006,35.07,37.23,1.0799999999999983,36.3847047794848,-0.23470477948479385,0.0,False,767.6279418929962,0.003490863838121437,0.0,0.2731423154216994,36.93741491569379,-0.7874149156937875,0.0,False
2026-12-31,0.2854842933485857,735.0,45.51,13.36,43.89,13.27,1934.0,885.0,1231.0,3.0,44.7,13.315,True,766.7928259910993,0.9889075872640698,-0.04234615613906469,True,31.385000000000005,30.53,32.239999999999995,0.8549999999999969,31.44016684316445,-0.05516684316444653,0.0,False,767.6279418929962,0.003490863838121437,0.0,0.3141343156005192,31.951884979194624,-0.5668849791946187,0.0,False
2026-12-31,0.2854842933485857,740.0,41.5,14.42,39.9,14.36,1508.0,6101.0,27.0,14.0,40.7,14.39,True,766.7928259910993,0.9889075872640698,-0.03556646915368595,True,26.310000000000002,25.479999999999997,27.14,0.8300000000000018,26.495628906844104,-0.1856289068441015,0.0,False,767.6279418929962,0.003490863838121437,0.0,0.36195171070190924,26.959529647772886,-0.6495296477728836,0.0,False
2026-12-31,0.2854842933485857,745.0,37.67,15.67,37.5,15.61,1469.0,1263.0,20.0,7.0,37.585,15.64,True,766.7928259910993,0.9889075872640698,-0.028832436972341894,True,21.945,21.83,22.060000000000002,0.11500000000000199,21.551090970523752,0.39390902947624795,0.27890902947624596,True,767.6279418929962,0.003490863838121437,0.0,0.41931455262188244,21.957628869532563,-0.012628869532562703,0.0,False
2026-12-31,0.2854842933485857,750.0,34.25,17.03,33.92,16.95,3219.0,2677.0,36.0,32.0,34.085,16.990000000000002,True,766.7928259910993,0.9889075872640698,-0.0221434488215453,True,17.095,16.89,17.3,0.20500000000000007,16.606553034203404,0.4884469657965944,0.2834469657965961,True,767.6279418929962,0.003490863838121437,0.0,0.48763519627777185,16.944770289556324,0.15022971044367495,0.0,False
2026-12-31,0.2854842933485857,755.0,30.76,18.54,30.4,18.47,1156.0,4322.0,41.0,15.0,30.58,18.505,True,766.7928259910993,0.9889075872640698,-0.01549890610287674,True,12.075,11.86,12.290000000000003,0.21500000000000163,11.662015097883057,0.4129849021169427,0.19798490211694286,True,767.6279418929962,0.003490863838121437,0.0,0.5697917111044397,11.918075838409308,0.1569241615906911,0.0,False
2026-12-31,0.2854842933485857,760.0,27.43,20.31,27.08,20.2,4420.0,2772.0,154.0,39.0,27.255,20.255,True,766.7928259910993,0.9889075872640698,-0.008898222071524697,True,7.0,6.77,7.23,0.23000000000000043,6.717477161562707,0.2825228384372931,0.05252283843729266,True,767.6279418929962,0.003490863838121437,0.0,0.6683135926495822,6.875016020543816,0.124983979456184,0.0,False
2026-12-31,0.2854842933485857,765.0,24.04,22.16,23.93,22.07,1724.0,4053.0,25.0,15.0,23.985,22.115000000000002,True,766.7928259910993,0.9889075872640698,-0.0023408215253656393,True,1.8699999999999974,1.7699999999999996,1.9699999999999989,0.09999999999999964,1.7729392252423577,0.09706077475763975,0.0,False,767.6279418929962,0.003490863838121437,0.0,0.7872392560787276,1.8115524207943214,0.058447579205676004,0.0,False
2026-12-31,0.2854842933485857,770.0,21.11,24.31,21.01,24.18,1620.0,3699.0,7.0,8.0,21.060000000000002,24.244999999999997,True,766.7928259910993,0.9889075872640698,0.0041738594958281505,True,-3.184999999999995,-3.299999999999997,-3.0700000000000003,0.11499999999999844,-3.171598711077991,-0.013401288922004095,0.0,False,767.6279418929962,0.003490863838121437,0.0,0.9281170995328445,-3.2738633589801442,0.08886335898014908,0.0,False
2026-12-31,0.2854842933485857,775.0,18.33,26.62,18.24,26.48,3037.0,892.0,222.0,1.0,18.284999999999997,26.55,True,766.7928259910993,0.9889075872640698,0.010646374001445595,True,-8.265000000000004,-8.380000000000003,-8.150000000000002,0.11500000000000021,-8.11613664739834,-0.14886335260166383,0.033863352601661845,True,767.6279418929962,0.003490863838121437,0.0,1.0990912393233678,-8.389375435091017,0.12437543509101268,0.00937543509101424,True
2026-12-31,0.2854842933485857,780.0,15.79,29.15,15.7,28.97,2416.0,609.0,6.0,9.0,15.745,29.06,True,766.7928259910993,0.9889075872640698,0.017077264331736005,True,-13.315,-13.45,-13.18,0.1349999999999998,-13.06067458371869,-0.25432541628130956,0.11932541628130977,True,767.6279418929962,0.003490863838121437,0.0,1.3034091347283514,-13.53823126681635,0.22323126681635053,0.08823126681635074,True
2026-12-31,0.2854842933485857,785.0,13.49,32.23,13.4,31.88,1598.0,252.0,1.0,2.0,13.445,32.055,True,766.7928259910993,0.9889075872640698,0.023467062430507,True,-18.61,-18.83,-18.39,0.21999999999999886,-18.005212520039038,-0.6047874799609616,0.38478747996096274,True,767.6279418929962,0.003490863838121437,0.0,1.5475220039924302,-18.726882072400777,0.1168820724007773,0.0,False
2026-12-31,0.2854842933485857,790.0,11.44,35.14,11.36,34.94,2654.0,203.0,26.0,2.0,11.399999999999999,35.04,True,766.7928259910993,0.9889075872640698,0.029816290109165727,True,-23.64,-23.78,-23.5,0.14000000000000057,-22.949750456359386,-0.6902495436406149,0.5502495436406143,True,767.6279418929962,0.003490863838121437,0.0,1.8345019493681036,-23.958399954096798,0.31839995409679744,0.17839995409679688,True
2026-12-31,0.2854842933485857,795.0,9.63,38.68,9.56,36.8,1315.0,40.0,4.0,2.0,9.595,37.739999999999995,True,766.7928259910993,0.9889075872640698,0.036125459302430434,True,-28.144999999999996,-29.119999999999997,-27.169999999999995,0.9750000000000014,-27.894288392679737,-0.2507116073202589,0.0,False,767.6279418929962,0.003490863838121437,0.0,2.168036583491741,-29.236472524540787,1.0914725245407908,0.11647252454078938,True
2026-12-31,0.2854842933485857,800.0,8.03,42.56,7.95,40.73,5945.0,570.0,103.0,22.0,7.99,41.644999999999996,True,766.7928259910993,0.9889075872640698,0.042395072316025816,True,-33.654999999999994,-34.61,-32.699999999999996,0.9550000000000018,-32.838826329000085,-0.816173670999909,0.0,False,767.6279418929962,0.003490863838121437,0.0,2.561565563705898,-34.574539441075295,0.9195394410753011,0.0,False
2026-12-31,0.2854842933485857,805.0,6.62,46.46,6.59,44.69,1349.0,17.0,45.0,2.0,6.605,45.575,True,766.7928259910993,0.9889075872640698,0.04862562206666187,True,-38.97,-39.870000000000005,-38.07,0.9000000000000021,-37.78336426532044,-1.1866357346795624,0.2866357346795638,True,767.6279418929962,0.003490863838121437,0.0,3.0148865790433206,-39.97239839273306,1.0023983927330633,0.10239839273305762,True
2026-12-31,0.2854842933485857,810.0,5.45,52.62,5.42,49.05,2732.0,8.0,86.0,1.0,5.4350000000000005,50.834999999999994,True,766.7928259910993,0.9889075872640698,0.054817592314582934,True,-45.39999999999999,-47.199999999999996,-43.599999999999994,1.8000000000000007,-42.72790220164078,-2.6720977983592107,0.8720977983592135,True,767.6279418929962,0.003490863838121437,0.0,3.528179434929612,-45.430229184939705,0.030229184939713605,0.0,False
2026-12-31,0.2854842933485857,815.0,4.47,57.42,4.44,53.76,3894.0,8.0,1.0,3.0,4.455,55.59,True,766.7928259910993,0.9889075872640698,0.06097145788896139,True,-51.135000000000005,-52.980000000000004,-49.29,1.8450000000000024,-47.67244013796113,-3.462559862038873,1.617559862038867,True,767.6279418929962,0.003490863838121437,0.0,4.103209595214864,-50.9497972815453,-0.18520271845470404,0.0,False
2026-12-31,0.2854842933485857,820.0,3.63,62.28,3.61,58.63,1529.0,8.0,266.0,1.0,3.62,60.455,True,766.7928259910993,0.9889075872640698,0.06708768490639747,True,-56.835,-58.67,-55.0,1.8350000000000009,-52.616978074281484,-4.218021925718517,2.3830219257185163,True,767.6279418929962,0.003490863838121437,0.0,4.756674473159286,-56.547800095810075,-0.2871999041899258,0.0,False
2026-12-31,0.2854842933485857,825.0,2.95,67.11,2.92,63.59,2771.0,11.0,58.0,6.0,2.935,65.35,True,766.7928259910993,0.9889075872640698,0.07316673098277963,True,-62.41499999999999,-64.19,-60.64,1.7749999999999986,-57.56151601060183,-4.853483989398164,3.0784839893981726,True,767.6279418929962,0.003490863838121437,0.0,5.4593332486671855,-62.194996807638326,-0.22000319236166632,0.0,False
2026-12-31,0.2854842933485857,830.0,2.38,72.26,2.36,68.17,2932.0,0.0,16.0,5.0,2.37,70.215,True,766.7928259910993,0.9889075872640698,0.07920904543874224,True,-67.845,-69.9,-65.79,2.0549999999999997,-62.50605394692218,-5.338946053077819,3.283946053077827,True,767.6279418929962,0.003490863838121437,0.0,6.079792919444046,-67.75999441473553,-0.08500558526446866,0.0,False
2026-12-31,0.2854842933485857,835.0,1.91,77.26,1.89,73.05,3120.0,4.0,4.0,6.0,1.9,75.155,True,766.7928259910993,0.9889075872640698,0.08521506949895409,True,-73.255,-75.37,-71.14,2.115000000000002,-67.45059188324252,-5.804408116757472,3.689408116757477,True,767.6279418929962,0.003490863838121437,0.0,6.605253152621714,-73.22999258423356,-0.025007415766438612,0.0,False
2026-12-31,0.2854842933485857,840.0,1.53,82.26,1.51,78.1,2232.0,1.0,11.0,1.0,1.52,80.18,True,766.7928259910993,0.9889075872640698,0.0911852364854579,False,-78.66000000000001,-80.75,-76.57,2.0900000000000034,-72.39512981956288,-6.2648701804371285,4.174870180437111,True,767.6279418929962,0.003490863838121437,0.0,7.040713950331238,-78.60999131826343,-0.05000868173658546,0.0,False
2026-12-31,0.2854842933485857,850.0,1.0,92.28,0.98,88.15,12619.0,0.0,21.0,2.0,0.99,90.215,True,766.7928259910993,0.9889075872640698,0.1030196941324607,False,-89.22500000000001,-91.3,-87.15,2.0749999999999957,-82.28420569220357,-6.940794307796438,4.865794307796435,True,767.6279418929962,0.003490863838121437,0.0,7.681636965610068,-89.13999020618296,-0.08500979381705065,0.0,False
2026-12-31,0.2854842933485857,855.0,0.81,97.43,0.79,92.86,1712.0,0.0,20.0,1.0,0.8,95.14500000000001,True,766.7928259910993,0.9889075872640698,0.10888481358485877,False,-94.34500000000001,-96.64,-92.05,2.2950000000000017,-87.22874362852393,-7.116256371476084,4.821256371476068,True,767.6279418929962,0.003490863838121437,0.0,7.927099023560345,-94.32999020045358,-0.015009799546433555,0.0,False
2026-12-31,0.2854842933485857,860.0,0.66,102.26,0.64,98.07,3259.0,1.0,20.0,2.0,0.65,100.16499999999999,True,766.7928259910993,0.9889075872640698,0.11471573389565196,False,-99.51499999999999,-101.62,-97.41,2.105000000000004,-92.17328156484427,-7.3417184351557125,5.236718435155723,True,767.6279418929962,0.003490863838121437,0.0,8.132561335476097,-99.47999044868968,-0.035009551310309917,0.0,False
2026-12-31,0.2854842933485857,865.0,0.55,107.5,0.53,102.8,1445.0,0.0,5.0,2.0,0.54,105.15,True,766.7928259910993,0.9889075872640698,0.12051285157997785,False,-104.61,-106.97,-102.25,2.3599999999999994,-97.11781950116462,-7.492180498835381,5.132180498835382,True,767.6279418929962,0.003490863838121437,0.0,8.298023753589064,-104.589990803123,-0.020009196876998203,0.0,False
2026-12-31,0.2854842933485857,870.0,0.45,112.26,0.43,108.07,1703.0,0.0,4.0,0.0,0.44,110.16499999999999,False,766.7928259910993,0.9889075872640698,0.1262765562967279,False,-109.725,-111.83,-107.61999999999999,2.105000000000004,-102.06235743748498,-7.662642562515018,5.557642562515014,True,767.6279418929962,0.003490863838121437,0.0,8.453486414035282,-109.68999139988956,-0.035008600110430166,0.0,False
2026-12-31,0.2854842933485857,890.0,0.24,127.82,0.23,124.61,652.0,0.0,2.0,0.0,0.235,126.215,False,766.7928259910993,0.9889075872640698,0.14900480737428418,False,-125.98,-127.58999999999999,-124.37,1.6099999999999923,-121.84050918276637,-4.139490817233636,2.5294908172336363,True,767.6279418929962,0.003490863838121437,0.0,8.880336843395938,-129.8949935745316,3.914993574531607,2.304993574531622,True
2026-12-31,0.2854842933485857,895.0,0.22,158.0,0.2,154.64,1007.0,0.0,1.0,1.0,0.21000000000000002,156.32,True,766.7928259910993,0.9889075872640698,0.154607062922954,False,-156.10999999999999,-157.8,-154.42,1.690000000000012,-126.78504711908671,-29.324952880913273,27.634952880913275,True,767.6279418929962,0.003490863838121437,0.0,8.960799301351841,-134.91999396880786,-21.190006031192127,19.50000603119213,True
2026-12-31,0.2854842933485857,900.0,0.19,142.5,0.18,137.8,8153.0,2.0,76.0,1.0,0.185,140.15,True,766.7928259910993,0.9889075872640698,0.16017810797240936,False,-139.965,-142.32,-137.61,2.3549999999999898,-131.72958505540706,-8.235414944592947,5.880414944592957,True,767.6279418929962,0.003490863838121437,0.0,9.041261854099957,-139.94499445787633,-0.020005542123669784,0.0,False
2026-12-31,0.2854842933485857,905.0,0.17,147.26,0.16,143.07,490.0,0.0,2.0,1.0,0.165,145.165,True,766.7928259910993,0.9889075872640698,0.1657182883480247,False,-145.0,-147.1,-142.9,2.0999999999999943,-136.67412299172742,-8.325877008272585,6.22587700827259,True,767.6279418929962,0.003490863838121437,0.0,9.116724350485555,-144.9649948905823,-0.0350051094177104,0.0,False
2026-12-31,0.2854842933485857,940.0,0.09,202.56,0.08,199.32,664.0,0.0,2.0,0.0,0.08499999999999999,200.94,False,766.7928259910993,0.9889075872640698,0.20366321991214809,False,-200.855,-202.48,-199.23,1.625,-171.28588854596987,-29.56911145403012,27.94411145403012,True,767.6279418929962,0.003490863838121437,0.0,9.584961223928218,-180.04499731826738,-20.810002681732612,19.185002681732612,True
2027-03-19,0.499182923485572,250.0,515.67,0.27,512.17,0.26,5.0,7050.0,1.0,50.0,513.92,0.265,True,774.0259886442823,0.9805002294723741,-1.13014453222358,False,513.655,511.9,515.41,1.7549999999999955,513.8076021152065,-0.15260211520649136,0.0,False,775.5656412798276,-0.001508192516802398,0.0,0.0005633818238169191,515.3166684958426,-1.661668495842605,0.0,False
2027-03-19,0.499182923485572,260.0,486.06,0.3,482.47,0.29,7.0,627.0,1.0,10.0,484.265,0.295,True,774.0259886442823,0.9805002294723741,-1.0909238190702988,False,483.96999999999997,482.17,485.77,1.799999999999983,504.00259982048277,-20.0325998204828,18.23259982048279,True,775.5656412798276,-0.001508192516802398,0.0,0.0008114885533490324,505.51141809438934,-21.54141809438937,19.74141809438936,True
2027-03-19,0.499182923485572,265.0,496.83,0.32,493.22,0.31,2.0,17.0,1.0,1.0,495.025,0.315,True,774.0259886442823,0.9805002294723741,-1.0718756240996044,False,494.71,492.90000000000003,496.52,1.8099999999999739,499.1000986731209,-4.390098673120917,2.580098673120915,True,775.5656412798276,-0.001508192516802398,0.0,0.0009658655557670537,500.608762570025,-5.898762570025042,4.08876257002504,True
2027-03-19,0.499182923485572,275.0,494.41,0.36,490.78,0.35,6.0,97.0,1.0,1.0,492.595,0.355,True,774.0259886442823,0.9805002294723741,-1.0348343524192551,False,492.24,490.41999999999996,494.06,1.8200000000000216,489.29509637839715,2.9449036216028617,1.1249036216028117,True,775.5656412798276,-0.001508192516802398,0.0,0.0013480534951771928,490.80337808736186,1.4366219126381452,0.0,False
2027-03-19,0.499182923485572,280.0,482.37,0.38,478.76,0.37,1.0,512.0,0.0,1.0,480.565,0.375,True,774.0259886442823,0.9805002294723741,-1.016815846916577,False,480.19,478.38,482.0,1.8100000000000023,484.3925952310353,-4.202595231035275,2.3925952310352727,True,775.5656412798276,-0.001508192516802398,0.0,0.0015820526941994761,485.900642940801,-5.710642940800994,3.900642940800992,True
2027-03-19,0.499182923485572,285.0,477.55,0.4,473.91,0.39,2.0,22.0,1.0,10.0,475.73,0.395,True,774.0259886442823,0.9805002294723741,-0.9991162698171759,False,475.33500000000004,473.51000000000005,477.16,1.8249999999999886,479.4900940836734,-4.155094083673362,2.330094083673373,True,775.5656412798276,-0.001508192516802398,0.0,0.0018494623079785555,480.9978743838253,-5.662874383825283,3.8378743838252944,True
2027-03-19,0.499182923485572,290.0,472.73,0.42,469.12,0.41,1.0,15.0,1.0,8.0,470.925,0.415,True,774.0259886442823,0.9805002294723741,-0.9817245271053068,False,470.51,468.7,472.32,1.8100000000000023,474.5875929363115,-4.077592936311532,2.26759293631153,True,775.5656412798276,-0.001508192516802398,0.0,0.0021539870162075037,476.09506871175523,-5.585068711755241,3.775068711755239,True
2027-03-19,0.499182923485572,295.0,467.91,0.44,464.19,0.43,3.0,245.0,1.0,1.0,466.05,0.435,True,774.0259886442823,0.9805002294723741,-0.9646300937460067,False,465.615,463.75,467.48,1.865000000000009,469.68509178894965,-4.0700917889496395,2.2050917889496304,True,775.5656412798276,-0.001508192516802398,0.0,0.0022916705269064863,471.1924298808826,-5.577429880882619,3.7124298808826097,True
2027-03-19,0.499182923485572,300.0,466.92,0.46,463.41,0.45,6.0,7009.0,1.0,10.0,465.165,0.455,True,774.0259886442823,0.9805002294723741,-0.9478229754296253,False,464.71000000000004,462.95000000000005,466.47,1.759999999999991,464.7825906415878,-0.07259064158773754,0.0,False,775.5656412798276,-0.001508192516802398,0.0,0.002433076140824164,466.2897873279068,-1.5797873279067858,0.0,False
2027-03-19,0.499182923485572,305.0,465.3,0.48,461.74,0.47,1.0,33.0,0.0,1.0,463.52,0.475,True,774.0259886442823,0.9805002294723741,-0.9312936734784149,False,463.04499999999996,461.26,464.83,1.7849999999999966,459.8800894942259,3.16491050577406,1.3799105057740917,True,775.5656412798276,-0.001508192516802398,0.0,0.0025782169008067846,461.387141039785,1.6578589602149805,0.0,False
2027-03-19,0.499182923485572,320.0,447.46,0.56,443.76,0.55,6.0,101.0,1.0,1.0,445.61,0.555,True,774.0259886442823,0.9805002294723741,-0.8832844542920543,False,445.055,443.2,446.90999999999997,1.8549999999999898,445.17258605214033,-0.11758605214032514,0.0,False,775.5656412798276,-0.001508192516802398,0.0,0.003143569915908029,446.67907224468433,-1.6240722446843279,0.0,False
2027-03-19,0.499182923485572,335.0,432.86,0.63,429.16,0.62,12.0,3531.0,8.0,12.0,431.01,0.625,True,774.0259886442823,0.9805002294723741,-0.8374749182607601,False,430.385,428.53000000000003,432.24,1.8549999999999898,430.4650826100547,-0.08008261005471695,0.0,False,775.5656412798276,-0.001508192516802398,0.0,0.0037027602136779914,431.9710096123009,-1.586009612300927,0.0,False
2027-03-19,0.499182923485572,340.0,424.61,0.66,420.93,0.65,4.0,1570.0,1.0,1.0,422.77,0.655,True,774.0259886442823,0.9805002294723741,-0.8226598324756194,False,422.115,420.27,423.96000000000004,1.8450000000000273,425.56258146269283,-3.447581462692824,1.6025814626927968,True,775.5656412798276,-0.001508192516802398,0.0,0.0039373617763829305,427.06827386337636,-4.953273863376353,3.1082738633763256,True
2027-03-19,0.499182923485572,350.0,418.42,0.72,414.77,0.71,28.0,2562.0,1.0,2.0,416.595,0.715,True,774.0259886442823,0.9805002294723741,-0.7936722956023671,False,415.88000000000005,414.04999999999995,417.71000000000004,1.830000000000041,415.7575791679691,0.12242083203096854,0.0,False,775.5656412798276,-0.001508192516802398,0.0,0.004426685835040689,417.26278224459395,-1.3827822445938978,0.0,False
2027-03-19,0.499182923485572,355.0,416.87,0.75,413.31,0.74,9.0,143.0,1.0,1.0,415.09000000000003,0.745,True,774.0259886442823,0.9805002294723741,-0.7794876606104107,False,414.345,412.56,416.13,1.7849999999999966,410.8550780206072,3.4899219793928182,1.7049219793927932,True,775.5656412798276,-0.001508192516802398,0.0,0.00468319785604876,412.3600245852111,1.9849754147889485,0.19997541478892344,True
2027-03-19,0.499182923485572,360.0,412.03,0.78,408.47,0.77,12.0,269.0,21.0,1.0,410.25,0.775,True,774.0259886442823,0.9805002294723741,-0.7655014186356709,False,409.475,407.69000000000005,411.26,1.7849999999999682,405.95257687324533,3.5224231267546884,1.7374231267547202,True,775.5656412798276,-0.001508192516802398,0.0,0.0049477713211613095,407.4572588643841,2.0177411356159496,0.23274113561598142,True
2027-03-19,0.499182923485572,370.0,398.87,0.85,395.37,0.84,29.0,373.0,1.0,10.0,397.12,0.845,True,774.0259886442823,0.9805002294723741,-0.7381024444475563,False,396.275,394.52,398.03000000000003,1.7550000000000239,396.1475745785216,0.1274254214783923,0.0,False,775.5656412798276,-0.001508192516802398,0.0,0.005564144695854978,397.6516401962856,-1.3766401962856207,0.0,False
2027-03-19,0.499182923485572,375.0,375.52,0.88,371.92,0.87,1.0,656.0,1.0,20.0,373.72,0.875,True,774.0259886442823,0.9805002294723741,-0.7246794241154156,False,372.845,371.04,374.65,1.8049999999999784,391.2450734311597,-18.400073431159683,16.595073431159733,True,775.5656412798276,-0.001508192516802398,0.0,0.005854759325001013,392.7488484342946,-19.90384843429456,18.09884843429461,True
2027-03-19,0.499182923485572,380.0,389.14,0.92,385.48,0.91,7.0,544.0,3.0,245.0,387.31,0.915,True,774.0259886442823,0.9805002294723741,-0.711434197365395,False,386.395,384.56,388.22999999999996,1.8349999999999795,386.34257228379784,0.05242771620214626,0.0,False,775.5656412798276,-0.001508192516802398,0.0,0.00621664078043882,387.8459854054773,-1.4509854054772973,0.0,False
2027-03-19,0.499182923485572,385.0,384.36,0.95,380.52,0.94,2.0,5334.0,1.0,10.0,382.44,0.945,True,774.0259886442823,0.9805002294723741,-0.6983621157980423,False,381.495,379.57,383.42,1.9250000000000114,381.440071136436,0.05492886356398685,0.0,False,775.5656412798276,-0.001508192516802398,0.0,0.006525811130661419,382.94317508776527,-1.4481750877652644,0.0,False
2027-03-19,0.499182923485572,390.0,379.65,0.99,375.93,0.98,7.0,1070.0,6.0,2.0,377.78999999999996,0.985,True,774.0259886442823,0.9805002294723741,-0.6854587109621345,False,376.80499999999995,374.94,378.66999999999996,1.8649999999999807,376.53756998907414,0.267430010925807,0.0,False,775.5656412798276,-0.001508192516802398,0.0,0.006908331370709786,378.0402914201633,-1.235291420163378,0.0,False
2027-03-19,0.499182923485572,395.0,374.84,1.03,371.07,1.01,4.0,96.0,1.0,25.0,372.955,1.02,True,774.0259886442823,0.9805002294723741,-0.6727196851847046,False,371.935,370.04,373.83,1.8949999999999818,371.63506884171227,0.299931158287734,0.0,False,775.5656412798276,-0.001508192516802398,0.0,0.007270555783141841,373.13742804838904,-1.202428048389038,0.0,False
2027-03-19,0.499182923485572,400.0,369.74,1.07,366.08,1.05,15.0,16440.0,1.0,12.0,367.90999999999997,1.06,True,774.0259886442823,0.9805002294723741,-0.6601409029778444,False,366.84999999999997,365.01,368.69,1.8400000000000034,366.7325676943504,0.1174323056495723,0.0,False,775.5656412798276,-0.001508192516802398,0.0,0.00767853557574405,368.23451892123455,-1.3845189212345872,0.0,False
2027-03-19,0.499182923485572,410.0,360.04,1.16,356.41,1.15,27.0,412.0,2.0,4.0,358.225,1.1549999999999998,True,774.0259886442823,0.9805002294723741,-0.6354482903874731,False,357.07000000000005,355.25,358.89000000000004,1.8200000000000216,356.92756539962664,0.14243460037340583,0.0,False,775.5656412798276,-0.001508192516802398,0.0,0.008635274956051209,358.42855988713046,-1.3585598871304114,0.0,False
2027-03-19,0.499182923485572,415.0,358.92,1.2,355.35,1.18,16.0,173.0,3.0,10.0,357.135,1.19,True,774.0259886442823,0.9805002294723741,-0.6233269298551282,False,355.945,354.15000000000003,357.74,1.7949999999999875,352.02506425226477,3.9199357477352237,2.1249357477352646,True,775.5656412798276,-0.001508192516802398,0.0,0.00904939339415578,353.5256446213305,2.4193553786694793,0.6243553786695202,True
2027-03-19,0.499182923485572,420.0,350.49,1.24,346.84,1.23,3.0,839.0,6.0,1.0,348.66499999999996,1.2349999999999999,True,774.0259886442823,0.9805002294723741,-0.6113507388084124,False,347.42999999999995,345.59999999999997,349.26,1.8300000000000125,347.1225631049029,0.3074368950970552,0.0,False,775.5656412798276,-0.001508192516802398,0.0,0.009547090572879391,348.6226457767899,-1.1926457767899592,0.0,False
2027-03-19,0.499182923485572,425.0,345.51,1.29,341.88,1.28,18.0,805.0,4.0,15.0,343.695,1.2850000000000001,True,774.0259886442823,0.9805002294723741,-0.5995162811614098,False,342.40999999999997,340.59,344.23,1.8200000000000216,342.220061957541,0.18993804245894808,0.0,False,775.5656412798276,-0.001508192516802398,0.0,0.010097926813368518,343.7195937931875,-1.3095937931875596,0.0,False
2027-03-19,0.499182923485572,430.0,340.88,1.34,336.94,1.32,8.0,604.0,1.0,1.0,338.90999999999997,1.33,True,774.0259886442823,0.9805002294723741,-0.5878202413982184,False,337.58,335.6,339.56,1.9799999999999898,337.31756081017915,0.2624391898208387,0.0,False,775.5656412798276,-0.001508192516802398,0.0,0.010630097339622724,338.8165604752994,-1.2365604752994273,0.0,False
2027-03-19,0.499182923485572,440.0,339.85,1.44,336.33,1.43,5.0,266.0,1.0,3.0,338.09000000000003,1.435,True,774.0259886442823,0.9805002294723741,-0.5648307231735197,False,336.65500000000003,334.89,338.42,1.7650000000000148,327.5125585154554,9.142441484544634,7.37744148454459,True,775.5656412798276,-0.001508192516802398,0.0,0.01187049942382945,329.01031777849147,7.64468222150856,5.879682221508517,True
2027-03-19,0.499182923485572,445.0,335.02,1.5,331.5,1.49,253.0,541.0,2.0,1.0,333.26,1.495,True,774.0259886442823,0.9805002294723741,-0.5535311679195863,False,331.765,330.0,333.53,1.7649999999999864,322.6100573680935,9.154942631906465,7.389942631906479,True,775.5656412798276,-0.001508192516802398,0.0,0.012584750378792586,324.10710238017464,7.657897619825349,5.892897619825362,True
2027-03-19,0.499182923485572,450.0,321.33,1.56,317.45,1.54,306.0,1914.0,1.0,12.0,319.39,1.55,True,774.0259886442823,0.9805002294723741,-0.542357867321461,False,317.84,315.89,319.78999999999996,1.9499999999999886,317.70755622073165,0.1324437792683284,0.0,False,775.5656412798276,-0.001508192516802398,0.0,0.013286211165013828,319.20389977202655,-1.3638997720265706,0.0,False
2027-03-19,0.499182923485572,455.0,316.89,1.61,313.01,1.6,181.0,1626.0,4.0,1.0,314.95,1.605,True,774.0259886442823,0.9805002294723741,-0.5313080311348761,False,313.34499999999997,311.4,315.28999999999996,1.9449999999999932,312.80505507336983,0.5399449266301417,0.0,False,775.5656412798276,-0.001508192516802398,0.0,0.014012544428825935,314.3006722914008,-0.9556722914008446,0.0,False
2027-03-19,0.499182923485572,460.0,311.66,1.67,308.06,1.66,89.0,1379.0,2.0,15.0,309.86,1.665,True,774.0259886442823,0.9805002294723741,-0.5203789606026858,False,308.195,306.39,310.0,1.8050000000000068,307.90255392600795,0.29244607399203915,0.0,False,775.5656412798276,-0.001508192516802398,0.0,0.014805101075513694,309.3973785873923,-1.2023785873923316,0.0,False
2027-03-19,0.499182923485572,465.0,306.99,1.73,303.35,1.72,12.0,595.0,4.0,2.0,305.17,1.725,True,774.0259886442823,0.9805002294723741,-0.5095680444984702,False,303.445,301.62,305.27,1.8249999999999886,303.0000527786461,0.44494722135391385,0.0,False,775.5656412798276,-0.001508192516802398,0.0,0.015624097390569691,304.4940584437154,-1.0490584437154098,0.0,False
2027-03-19,0.499182923485572,470.0,302.01,1.8,298.41,1.79,17.0,1769.0,4.0,3.0,300.21000000000004,1.795,True,774.0259886442823,0.9805002294723741,-0.49887275538172215,False,298.415,296.61,300.21999999999997,1.8049999999999784,298.0975516312842,0.31744836871581583,0.0,False,775.5656412798276,-0.001508192516802398,0.0,0.01655544605992665,299.59062594768415,-1.175625947684125,0.0,False
2027-03-19,0.499182923485572,475.0,297.19,1.87,293.37,1.86,9.0,737.0,3.0,2.0,295.28,1.8650000000000002,True,774.0259886442823,0.9805002294723741,-0.48829064605118533,False,293.41499999999996,291.5,295.33,1.914999999999992,293.19505048392233,0.2199495160776337,0.0,False,775.5656412798276,-0.001508192516802398,0.0,0.017521915985234893,294.687158330397,-1.2721583303970192,0.0,False
2027-03-19,0.499182923485572,480.0,292.37,1.94,288.77,1.92,24.0,2453.0,2.0,1.0,290.57,1.93,True,774.0259886442823,0.9805002294723741,-0.4778193461838899,False,288.64,286.83,290.45,1.8100000000000023,288.29254933656046,0.3474506634395311,0.0,False,775.5656412798276,-0.001508192516802398,0.0,0.018479540492631008,289.7836995585277,-1.1436995585277145,0.0,False
2027-03-19,0.499182923485572,485.0,287.73,2.01,284.03,2.0,62.0,930.0,1.0,15.0,285.88,2.005,True,774.0259886442823,0.9805002294723741,-0.4674565591483432,False,283.875,282.02,285.73,1.8550000000000182,283.3900481891986,0.48495181080141947,0.0,False,775.5656412798276,-0.001508192516802398,0.0,0.019559054326436565,284.880118897332,-1.0051188973320109,0.0,False
2027-03-19,0.499182923485572,490.0,282.9,2.1,279.21,2.08,29.0,1100.0,1.0,19.0,281.05499999999995,2.09,True,774.0259886442823,0.9805002294723741,-0.45720005898115423,False,278.965,277.10999999999996,280.82,1.8550000000000182,278.4875470418367,0.47745295816326916,0.0,False,775.5656412798276,-0.001508192516802398,0.0,0.02077077012341544,279.9764060341732,-1.0114060341732056,0.0,False
2027-03-19,0.499182923485572,495.0,278.22,2.17,274.43,2.15,69.0,2200.0,1.0,1.0,276.32500000000005,2.16,True,774.0259886442823,0.9805002294723741,-0.4470476875171362,False,274.165,272.26,276.07000000000005,1.9050000000000296,273.58504589447483,0.5799541055251893,0.0,False,775.5656412798276,-0.001508192516802398,0.0,0.02189209682838067,275.07278356010636,-0.9077835601063384,0.0,False
2027-03-19,0.499182923485572,500.0,273.11,2.26,269.27,2.24,151.0,8351.0,11.0,46.0,271.19,2.25,True,774.0259886442823,0.9805002294723741,-0.4369973516636347,False,268.94,267.01,270.87,1.9300000000000068,268.68254474711296,0.2574552528870413,0.0,False,775.5656412798276,-0.001508192516802398,0.0,0.023239309192359947,270.1689352003805,-1.2289352003804765,0.0,False
2027-03-19,0.499182923485572,505.0,268.45,2.34,264.81,2.32,61.0,1038.0,1.0,61.0,266.63,2.33,True,774.0259886442823,0.9805002294723741,-0.42704702081046675,False,264.3,262.47,266.13,1.829999999999984,263.7800435997511,0.5199564002489296,0.0,False,775.5656412798276,-0.001508192516802398,0.0,0.02454946033842642,265.2651239018725,-0.9651239018725164,0.0,False
2027-03-19,0.499182923485572,510.0,263.69,2.42,259.98,2.41,37.0,2765.0,22.0,10.0,261.83500000000004,2.415,True,774.0259886442823,0.9805002294723741,-0.417194724367455,False,259.42,257.56,261.28,1.8599999999999852,258.8775424523892,0.5424575476108089,0.0,False,775.5656412798276,-0.001508192516802398,0.0,0.02595811287927763,260.36121410196984,-0.9412141019698197,0.0,False
2027-03-19,0.499182923485572,515.0,259.04,2.52,255.23,2.5,4.0,1669.0,34.0,1.0,257.135,2.51,True,774.0259886442823,0.9805002294723741,-0.4074385494220903,False,254.625,252.70999999999998,256.54,1.9150000000000205,253.97504130502736,0.6499586949726393,0.0,False,775.5656412798276,-0.001508192516802398,0.0,0.0275232447562761,255.45714782273097,-0.832147822730974,0.0,False
2027-03-19,0.499182923485572,520.0,254.21,2.62,250.25,2.6,201.0,1551.0,10.0,142.0,252.23000000000002,2.6100000000000003,True,774.0259886442823,0.9805002294723741,-0.3977766385103534,False,249.62,247.63,251.61,1.990000000000009,249.0725401576655,0.5474598423345185,0.0,False,775.5656412798276,-0.001508192516802398,0.0,0.029209290439413227,250.55296062968597,-0.9329606296859652,0.0,False
2027-03-19,0.499182923485572,525.0,249.43,2.72,245.62,2.7,546.0,1940.0,4.0,30.0,247.525,2.71,True,774.0259886442823,0.9805002294723741,-0.3882071874942028,False,244.815,242.9,246.73000000000002,1.9150000000000063,244.1700390103036,0.6449609896963864,0.0,False,775.5656412798276,-0.001508192516802398,0.0,0.030968847483060724,245.64869992528045,-0.833699925280456,0.0,False
2027-03-19,0.499182923485572,530.0,244.61,2.82,240.84,2.8,190.0,3053.0,1.0,79.0,242.72500000000002,2.8099999999999996,True,774.0259886442823,0.9805002294723741,-0.37872844353965895,False,239.91500000000002,238.02,241.81,1.894999999999996,239.26753786294174,0.6474621370582838,0.0,False,775.5656412798276,-0.001508192516802398,0.0,0.0328047271157379,240.74436289828589,-0.829362898285865,0.0,False
2027-03-19,0.499182923485572,535.0,239.94,2.93,236.08,2.92,2916.0,8154.0,9.0,45.0,238.01,2.925,True,774.0259886442823,0.9805002294723741,-0.3693387031898199,False,235.08499999999998,233.15,237.02,1.9350000000000023,234.36503671557986,0.7199632844201176,0.0,False,775.5656412798276,-0.001508192516802398,0.0,0.03488647921478094,235.83977999882498,-0.7547799988250006,0.0,False
2027-03-19,0.499182923485572,540.0,235.16,3.06,231.29,3.04,51.0,2163.0,3.0,41.0,233.225,3.05,True,774.0259886442823,0.9805002294723741,-0.36003631052750645,False,230.17499999999998,228.23,232.12,1.9450000000000074,229.462535568218,0.7124644317819957,0.0,False,775.5656412798276,-0.001508192516802398,0.0,0.03716925441667085,230.9349960762612,-0.759996076261217,0.0,False
2027-03-19,0.499182923485572,545.0,230.32,3.18,226.56,3.16,456.0,1590.0,1.0,1.0,228.44,3.17,True,774.0259886442823,0.9805002294723741,-0.3508196554225824,False,225.27,223.38,227.16,1.8900000000000006,224.56003442085614,0.7099655791438693,0.0,False,775.5656412798276,-0.001508192516802398,0.0,0.03949684787943708,226.0301673354366,-0.7601673354365914,0.0,False
2027-03-19,0.499182923485572,550.0,225.59,3.31,221.74,3.28,493.0,3089.0,6.0,4.0,223.66500000000002,3.295,True,774.0259886442823,0.9805002294723741,-0.34168717185930986,False,220.37000000000003,218.43,222.31,1.9399999999999977,219.65753327349427,0.7124667265057667,0.0,False,775.5656412798276,-0.001508192516802398,0.0,0.041984427663735335,221.1251786082904,-0.7551786082903789,0.0,False
2027-03-19,0.499182923485572,555.0,220.83,3.45,217.0,3.42,3125.0,4308.0,1.0,1.0,218.91500000000002,3.435,True,774.0259886442823,0.9805002294723741,-0.332637336339392,False,215.48000000000002,213.55,217.41000000000003,1.9300000000000068,214.7550321261324,0.7249678738676266,0.0,False,775.5656412798276,-0.001508192516802398,0.0,0.04476072122250985,216.21990116736978,-0.7399011673697657,0.0,False
2027-03-19,0.499182923485572,560.0,216.1,3.59,212.4,3.57,485.0,4507.0,17.0,1.0,214.25,3.58,True,774.0259886442823,0.9805002294723741,-0.3236686663566316,False,210.67,208.81,212.53,1.8599999999999994,209.85253097877052,0.8174690212294706,0.0,False,775.5656412798276,-0.001508192516802398,0.0,0.04771520428647191,211.31444553694394,-0.6444455369439481,0.0,False
2027-03-19,0.499182923485572,565.0,211.17,3.74,207.62,3.71,63.0,2101.0,2.0,34.0,209.39499999999998,3.725,True,774.0259886442823,0.9805002294723741,-0.3147797189393855,False,205.67,203.88,207.45999999999998,1.789999999999992,204.95002983140864,0.7199701685913453,0.0,False,775.5656412798276,-0.001508192516802398,0.0,0.05081235856896926,206.40884723529956,-0.7388472352995734,0.0,False
2027-03-19,0.499182923485572,570.0,206.51,3.89,202.92,3.86,341.0,1952.0,10.0,2.0,204.71499999999997,3.875,True,774.0259886442823,0.9805002294723741,-0.3059690892572306,False,200.83999999999997,199.03,202.64999999999998,1.809999999999988,200.04752868404677,0.7924713159532075,0.0,False,775.5656412798276,-0.001508192516802398,0.0,0.054126378689191235,201.50303206781746,-0.6630320678174826,0.0,False
2027-03-19,0.499182923485572,575.0,201.71,4.05,198.16,4.03,173.0,2914.0,2.0,71.0,199.935,4.04,True,774.0259886442823,0.9805002294723741,-0.2972354092884761,False,195.895,194.10999999999999,197.68,1.7850000000000108,195.1450275366849,0.7499724633151175,0.0,False,775.5656412798276,-0.001508192516802398,0.0,0.057782979927125666,196.59687431921765,-0.7018743192176373,0.0,False
2027-03-19,0.499182923485572,580.0,196.99,4.24,193.44,4.21,66.0,3501.0,6.0,4.0,195.215,4.225,True,774.0259886442823,0.9805002294723741,-0.28857734654536144,False,190.99,189.2,192.78,1.7900000000000063,190.24252638932305,0.7474736106769626,0.0,False,775.5656412798276,-0.001508192516802398,0.0,0.0618681936467631,191.69028795813617,-0.7002879581361583,0.0,False
2027-03-19,0.499182923485572,585.0,192.42,4.42,188.73,4.4,2374.0,7251.0,1.0,301.0,190.575,4.41,True,774.0259886442823,0.9805002294723741,-0.27999360285396996,False,186.165,184.31,188.01999999999998,1.8549999999999898,185.34002524196117,0.8249747580388203,0.0,False,775.5656412798276,-0.001508192516802398,0.0,0.06617357948634162,186.78348142493473,-0.6184814249347426,0.0,False
2027-03-19,0.499182923485572,590.0,187.65,4.62,184.05,4.59,581.0,1974.0,5.0,11.0,185.85000000000002,4.605,True,774.0259886442823,0.9805002294723741,-0.2714829131860614,False,181.24500000000003,179.43,183.06,1.8149999999999977,180.4375240945993,0.8074759054007359,0.0,False,775.5656412798276,-0.001508192516802398,0.0,0.07084800590063445,181.87630585115855,-0.6313058511585155,0.0,False
2027-03-19,0.499182923485572,595.0,182.89,4.83,179.33,4.81,114.0,2405.0,1.0,222.0,181.11,4.82,True,774.0259886442823,0.9805002294723741,-0.26304404454019675,False,176.29000000000002,174.5,178.07999999999998,1.789999999999992,175.53502294723742,0.7549770527625981,0.0,False,775.5656412798276,-0.001508192516802398,0.0,0.0760185582599231,176.96863415143739,-0.6786341514373646,0.0,False
2027-03-19,0.499182923485572,600.0,178.2,5.05,174.62,5.03,657.0,5378.0,4.0,2.0,176.41,5.04,True,774.0259886442823,0.9805002294723741,-0.25467579486968006,False,171.37,169.57,173.17,1.7999999999999972,170.63252179987555,0.7374782001244569,0.0,False,775.5656412798276,-0.001508192516802398,0.0,0.08154372863981241,172.06060783369563,-0.6906078336956227,0.0,False
2027-03-19,0.499182923485572,605.0,173.61,5.28,170.03,5.26,158.0,4143.0,1.0,15.0,171.82,5.27,True,774.0259886442823,0.9805002294723741,-0.2463769920549851,False,166.54999999999998,164.75,168.35000000000002,1.8000000000000114,165.73002065251367,0.81997934748631,0.0,False,775.5656412798276,-0.001508192516802398,0.0,0.08750630940112725,167.15214410557243,-0.6021441055724495,0.0,False
2027-03-19,0.499182923485572,610.0,168.88,5.52,165.29,5.49,410.0,2407.0,7.0,122.0,167.08499999999998,5.505,True,774.0259886442823,0.9805002294723741,-0.23814649291846957,False,161.57999999999998,159.76999999999998,163.39,1.8100000000000023,160.8275195051518,0.7524804948481858,0.0,False,775.5656412798276,-0.001508192516802398,0.0,0.09390302940625084,162.24324623820544,-0.6632462382054598,0.0,False
2027-03-19,0.499182923485572,615.0,164.32,5.78,160.72,5.76,71.0,3199.0,1.0,15.0,162.51999999999998,5.77,True,774.0259886442823,0.9805002294723741,-0.22998318227930858,False,156.74999999999997,154.94,158.56,1.8100000000000023,155.92501835778995,0.8249816422100196,0.0,False,775.5656412798276,-0.001508192516802398,0.0,0.1010843987576644,157.33356372149214,-0.583563721492169,0.0,False
2027-03-19,0.499182923485572,620.0,159.69,6.06,156.2,6.03,144.0,4916.0,3.0,5.0,157.945,6.045,True,774.0259886442823,0.9805002294723741,-0.2218859720466893,False,151.9,150.14,153.66,1.7600000000000051,151.02251721042808,0.8774827895719284,0.0,False,775.5656412798276,-0.001508192516802398,0.0,0.10883321685500036,152.42331375603297,-0.5233137560329624,0.0,False
2027-03-19,0.499182923485572,625.0,154.94,6.35,151.26,6.33,622.0,5404.0,1.0,2.0,153.1,6.34,True,774.0259886442823,0.9805002294723741,-0.213853800349425,False,146.76,144.91,148.60999999999999,1.8499999999999943,146.1200160630662,0.6399839369337883,0.0,False,775.5656412798276,-0.001508192516802398,0.0,0.1173798026367674,147.51226602288932,-0.7522660228893301,0.0,False
2027-03-19,0.499182923485572,630.0,150.49,6.64,146.86,6.61,411.0,3185.0,4.0,3.0,148.675,6.625,True,774.0259886442823,0.9805002294723741,-0.2058856307002481,False,142.05,140.22000000000003,143.88,1.829999999999984,141.21751491570433,0.8324850842956835,0.0,False,775.5656412798276,-0.001508192516802398,0.0,0.12633118172467128,142.60081349643954,-0.550813496439531,0.0,False
2027-03-19,0.499182923485572,635.0,144.61,6.97,142.3,6.95,429.0,6950.0,1.0,2.0,143.455,6.96,True,774.0259886442823,0.9805002294723741,-0.1979804511931348,False,136.495,135.33,137.66000000000003,1.1650000000000063,136.31501376834245,0.17998623165755134,0.0,False,775.5656412798276,-0.001508192516802398,0.0,0.13657516174643547,137.6880683690559,-1.1930683690559079,0.028068369055887388,True
2027-03-19,0.499182923485572,640.0,140.1,7.33,137.72,7.3,519.0,7539.0,5.0,4.0,138.91,7.3149999999999995,True,774.0259886442823,0.9805002294723741,-0.19013727373210898,False,131.595,130.39,132.79999999999998,1.2049999999999983,131.41251262098058,0.18248737901942036,0.0,False,775.5656412798276,-0.001508192516802398,0.0,0.14779161851267286,132.7743507649278,-1.17935076492779,0.0,False
2027-03-19,0.499182923485572,645.0,136.82,7.68,133.23,7.65,339.0,5165.0,1.0,104.0,135.02499999999998,7.665,True,774.0259886442823,0.9805002294723741,-0.18235513329005398,False,127.35999999999997,125.54999999999998,129.17,1.8100000000000023,126.51001147361872,0.849988526381253,0.0,False,775.5656412798276,-0.001508192516802398,0.0,0.15967342463241696,127.85996781144618,-0.4999678114462114,0.0,False
2027-03-19,0.499182923485572,650.0,131.0,8.07,128.69,8.03,5754.0,7367.0,4.0,2.0,129.845,8.05,True,774.0259886442823,0.9805002294723741,-0.17463308719614365,False,121.795,120.62,122.97,1.1749999999999972,121.60751032625684,0.1874896737431584,0.0,False,775.5656412798276,-0.001508192516802398,0.0,0.17295075293056072,122.94418933578618,-1.1491893357861755,0.0,False
2027-03-19,0.499182923485572,655.0,126.44,8.49,124.8,8.47,2485.0,2447.0,3.0,1.0,125.62,8.48,True,774.0259886442823,0.9805002294723741,-0.1669702144505746,False,117.14,116.31,117.97,0.8299999999999983,116.70500917889497,0.43499082110503196,0.0,False,775.5656412798276,-0.001508192516802398,0.0,0.1878623303790956,118.02677661097577,-0.8867766109757724,0.05677661097577413,True
2027-03-19,0.499182923485572,660.0,122.05,8.93,119.72,8.89,890.0,4452.0,3.0,62.0,120.88499999999999,8.91,True,774.0259886442823,0.9805002294723741,-0.15936561506535527,False,111.975,110.78999999999999,113.16,1.1850000000000023,111.80250803153311,0.1724919684668862,0.0,False,775.5656412798276,-0.001508192516802398,0.0,0.203827804794658,113.10830998919835,-1.1333099891983522,0.0,False
2027-03-19,0.499182923485572,665.0,118.61,9.4,115.84,9.36,317.0,4814.0,2.0,118.0,117.225,9.379999999999999,True,774.0259886442823,0.9805002294723741,-0.15181840942997232,False,107.845,106.44,109.25,1.4050000000000011,106.90000688417123,0.9449931158287654,0.0,False,775.5656412798276,-0.001508192516802398,0.0,0.2216141571856749,108.18802248944546,-0.34302248944545966,0.0,False
2027-03-19,0.499182923485572,670.0,113.08,9.89,110.87,9.85,264.0,3286.0,3.0,1.0,111.975,9.870000000000001,True,774.0259886442823,0.9805002294723741,-0.1443277377008148,False,102.10499999999999,100.98,103.23,1.125,101.99750573680936,0.10749426319063105,0.0,False,775.5656412798276,-0.001508192516802398,0.0,0.24114472581851487,103.26599077345074,-1.1609907734507487,0.03599077345073454,True
2027-03-19,0.499182923485572,675.0,108.64,10.42,106.48,10.39,924.0,2516.0,2.0,33.0,107.56,10.405000000000001,True,774.0259886442823,0.9805002294723741,-0.1368927592132967,False,97.155,96.06,98.25,1.0949999999999989,97.09500458944748,0.059995410552517114,0.0,False,775.5656412798276,-0.001508192516802398,0.0,0.2629433332389741,98.3416910186684,-1.186691018668398,0.09169101866839924,True
2027-03-19,0.499182923485572,680.0,104.48,10.97,102.1,10.93,2119.0,3376.0,2.0,10.0,103.28999999999999,10.95,True,774.0259886442823,0.9805002294723741,-0.1295126519156741,False,92.33999999999999,91.13,93.55000000000001,1.210000000000008,92.19250344208562,0.14749655791436567,0.0,False,775.5656412798276,-0.001508192516802398,0.0,0.28662527107919544,93.41550793346633,-1.0755079334663407,0.0,False
2027-03-19,0.499182923485572,685.0,100.13,11.55,97.77,11.53,1195.0,3999.0,3.0,16.0,98.94999999999999,11.54,True,774.0259886442823,0.9805002294723741,-0.12218661182360115,True,87.41,86.22,88.6,1.1899999999999977,87.29000229472375,0.11999770527624776,0.0,False,775.5656412798276,-0.001508192516802398,0.0,0.3130722064856677,88.48655985069797,-1.0765598506979757,0.0,False
2027-03-19,0.499182923485572,690.0,95.6,12.16,93.47,12.13,4911.0,24072.0,5.0,6.0,94.535,12.145,True,774.0259886442823,0.9805002294723741,-0.11491385249452145,True,82.39,81.31,83.47,1.0799999999999983,82.38750114736187,0.0024988526381264364,0.0,False,775.5656412798276,-0.001508192516802398,0.0,0.34204816851485553,83.55508274130692,-1.165082741306918,0.08508274130691973,True
2027-03-19,0.499182923485572,695.0,91.43,12.88,89.25,12.83,2598.0,2099.0,1.0,1.0,90.34,12.855,True,774.0259886442823,0.9805002294723741,-0.10769360452103435,True,77.485,76.37,78.60000000000001,1.115000000000002,77.48500000000001,-1.4210854715202004e-14,0.0,False,775.5656412798276,-0.001508192516802398,0.0,0.37548005829502173,78.61914970416487,-1.1341497041648694,0.01914970416486028,True
2027-03-19,0.499182923485572,700.0,87.19,13.58,86.91,13.53,1855.0,64858.0,4.0,60.0,87.05,13.555,True,774.0259886442823,0.9805002294723741,-0.10052511504242177,True,73.495,73.33,73.66,0.16499999999999915,72.58249885263814,0.9125011473618656,0.7475011473618594,True,775.5656412798276,-0.001508192516802398,0.0,0.4117197510116348,73.6804088640864,-0.18540886408639778,0.020408864086405742,True
2027-03-19,0.499182923485572,705.0,84.47,14.33,80.84,14.29,1367.0,3670.0,1.0,6.0,82.655,14.309999999999999,True,774.0259886442823,0.9805002294723741,-0.09340764727355788,True,68.345,66.51,70.18,1.8350000000000009,67.67999770527626,0.6650022947237346,0.0,False,775.5656412798276,-0.001508192516802398,0.0,0.4523291848476898,68.73729828288847,-0.39229828288847557,0.0,False
2027-03-19,0.499182923485572,710.0,79.11,15.17,78.57,15.12,1018.0,9695.0,44.0,3.0,78.84,15.145,True,774.0259886442823,0.9805002294723741,-0.08634048005046538,True,63.69500000000001,63.39999999999999,63.99,0.29500000000000526,62.7774965579144,0.9175034420856107,0.6225034420855948,True,775.5656412798276,-0.001508192516802398,0.0,0.49830631949039983,63.78882000088389,-0.09382000088388054,0.0,False
2027-03-19,0.499182923485572,715.0,74.85,16.05,72.69,15.96,1322.0,8574.0,3.0,2.0,73.77,16.005000000000003,True,774.0259886442823,0.9805002294723741,-0.0793229073918188,True,57.76499999999999,56.64,58.88999999999999,1.1249999999999964,57.87499541055252,-0.10999541055252848,0.0,False,775.5656412798276,-0.001508192516802398,0.0,0.5493679637085815,58.83525720930383,-1.0702572093038398,0.0,False
2027-03-19,0.499182923485572,720.0,71.08,17.0,70.28,16.89,1145.0,4781.0,5.0,3.0,70.68,16.945,True,774.0259886442823,0.9805002294723741,-0.07235423807572554,True,53.73500000000001,53.28,54.19,0.4549999999999983,52.972494263190654,0.7625057368093522,0.3075057368093468,True,775.5656412798276,-0.001508192516802398,0.0,0.6070404568817835,53.875083568768765,-0.14008356876875894,0.0,False
2027-03-19,0.499182923485572,725.0,68.35,17.96,66.56,17.88,860.0,4753.0,1.0,20.0,67.455,17.92,True,774.0259886442823,0.9805002294723741,-0.06543379523115173,True,49.535,48.6,50.47,0.9349999999999987,48.06999311582879,1.4650068841712098,0.5300068841712147,True,775.5656412798276,-0.001508192516802398,0.0,0.6714210590214229,48.90820181926725,0.6267981807327487,0.0,False
2027-03-19,0.499182923485572,730.0,63.24,19.07,62.71,18.96,1267.0,5504.0,10.0,8.0,62.975,19.015,True,774.0259886442823,0.9805002294723741,-0.058560915943389656,True,43.96,43.64,44.28,0.3200000000000003,43.16749196846691,0.7925080315330888,0.4725080315330885,True,775.5656412798276,-0.001508192516802398,0.0,0.7448592351246184,43.93226249580219,0.02773750419780896,0.0,False
2027-03-19,0.499182923485572,735.0,59.13,20.24,57.8,20.15,3737.0,3892.0,24.0,19.0,58.465,20.195,True,774.0259886442823,0.9805002294723741,-0.05173495087298975,True,38.27,37.56,38.980000000000004,0.7100000000000009,38.264990821105044,0.005009178894958666,0.0,False,775.5656412798276,-0.001508192516802398,0.0,0.8278919113177423,38.94672867224719,-0.6767286722471866,0.0,False
2027-03-19,0.499182923485572,740.0,55.32,21.39,55.14,21.36,727.0,6798.0,1.0,109.0,55.230000000000004,21.375,True,774.0259886442823,0.9805002294723741,-0.04495526388761108,True,33.855000000000004,33.75,33.96,0.10500000000000043,33.36248967374317,0.4925103262568342,0.38751032625683024,True,775.5656412798276,-0.001508192516802398,0.0,0.9210713413495135,33.95104809485355,-0.09604809485354338,0.0,False
2027-03-19,0.499182923485572,745.0,53.17,22.84,51.47,22.73,2450.0,3719.0,1.0,101.0,52.32,22.785,True,774.0259886442823,0.9805002294723741,-0.03822123170626696,True,29.535,28.63,30.44,0.9050000000000011,28.459988526381302,1.075011473618698,0.17001147361869684,True,775.5656412798276,-0.001508192516802398,0.0,1.0282469457892134,28.94137134305198,0.5936286569480203,0.0,False
2027-03-19,0.499182923485572,750.0,48.42,24.24,47.94,24.13,3165.0,11788.0,30.0,36.0,48.18,24.185,True,774.0259886442823,0.9805002294723741,-0.03153224355547032,True,23.995,23.7,24.290000000000003,0.2950000000000017,23.55748737901943,0.43751262098057,0.14251262098056827,True,775.5656412798276,-0.001508192516802398,0.0,1.1491614130586498,23.917955728420672,0.0770442715793287,0.0,False
2027-03-19,0.499182923485572,755.0,44.86,25.8,44.44,25.7,2705.0,3708.0,3.0,1.0,44.65,25.75,True,774.0259886442823,0.9805002294723741,-0.024887700836801818,True,18.9,18.639999999999997,19.16,0.26000000000000156,18.65498623165756,0.2450137683424387,0.0,False,775.5656412798276,-0.001508192516802398,0.0,1.287403000388199,18.877212993729252,0.0227870062707467,0.0,False
2027-03-19,0.499182923485572,760.0,41.55,27.52,41.09,27.4,7530.0,2366.0,8.0,41.0,41.32,27.46,True,774.0259886442823,0.9805002294723741,-0.018287016805449724,True,13.86,13.570000000000004,14.149999999999999,0.28999999999999737,13.752485084295689,0.10751491570431071,0.0,False,775.5656412798276,-0.001508192516802398,0.0,1.4452048817865766,13.816909964969005,0.0430900350309944,0.0,False
2027-03-19,0.499182923485572,765.0,38.29,29.28,37.85,29.16,3344.0,2755.0,15.0,6.0,38.07,29.22,True,774.0259886442823,0.9805002294723741,-0.011729616259290617,True,8.850000000000001,8.57,9.129999999999999,0.27999999999999936,8.849983936933818,1.6063066183846786e-05,0.0,False,775.5656412798276,-0.001508192516802398,0.0,1.6263053283713305,8.73330837102238,0.11669162897762142,0.0,False
2027-03-19,0.499182923485572,770.0,34.83,31.24,34.73,31.13,4405.0,5559.0,7.0,525.0,34.78,31.185,True,774.0259886442823,0.9805002294723741,-0.005214935238096999,True,3.5950000000000024,3.4899999999999984,3.6999999999999993,0.10500000000000043,3.947482789571947,-0.35248278957194445,0.24748278957194758,True,775.5656412798276,-0.001508192516802398,0.0,1.8331761702883078,3.6239363817435324,-0.02893638174352997,0.0,False
2027-03-19,0.499182923485572,775.0,31.79,33.32,31.71,33.18,6439.0,2090.0,2.0,954.0,31.75,33.25,True,774.0259886442823,0.9805002294723741,0.0012575792675206079,True,-1.5,-1.6099999999999994,-1.3900000000000006,0.10999999999999943,-0.9550183577899237,-0.5449816422100763,0.43498164221007685,True,775.5656412798276,-0.001508192516802398,0.0,2.072100704926548,-1.5174893002565786,0.017489300256578577,0.0,False
2027-03-19,0.499182923485572,780.0,28.97,35.67,28.89,35.54,8451.0,2743.0,16.0,4.0,28.93,35.605000000000004,True,774.0259886442823,0.9805002294723741,0.007688469597810846,True,-6.675000000000004,-6.780000000000001,-6.57,0.10500000000000043,-5.857519505151794,-0.8174804948482102,0.7124804948482062,True,775.5656412798276,-0.001508192516802398,0.0,2.3412363740533664,-6.689126116745268,0.014126116745263317,0.0,False
2027-03-19,0.499182923485572,785.0,26.22,38.15,26.11,37.99,4512.0,676.0,133.0,20.0,26.165,38.07,True,774.0259886442823,0.9805002294723741,0.014078267696581891,True,-11.905000000000001,-12.04,-11.770000000000003,0.134999999999998,-10.760020652513665,-1.144979347486336,1.0099793474863379,True,775.5656412798276,-0.001508192516802398,0.0,2.654615826990252,-11.905006717044024,6.717044023218932e-06,0.0,False
2027-03-19,0.499182923485572,790.0,23.66,41.06,23.56,39.65,8937.0,1159.0,141.0,52.0,23.61,40.355000000000004,True,774.0259886442823,0.9805002294723741,0.02042749537524067,True,-16.745000000000005,-17.500000000000004,-15.989999999999998,0.7550000000000026,-15.662521799875536,-1.0824782001244682,0.32747820012446205,True,775.5656412798276,-0.001508192516802398,0.0,3.0094496608570083,-17.162341698272648,0.41734169827264367,0.0,False
2027-03-19,0.499182923485572,795.0,21.28,45.01,21.18,43.52,6698.0,765.0,66.0,6.0,21.23,44.265,True,774.0259886442823,0.9805002294723741,0.026736664568505424,True,-23.035,-23.83,-22.240000000000002,0.7949999999999982,-20.565022947237406,-2.4699770527625944,1.6749770527625962,True,775.5656412798276,-0.001508192516802398,0.0,3.410195708498584,-22.4655888932761,-0.5694111067239014,0.0,False
2027-03-19,0.499182923485572,800.0,19.03,48.3,18.95,44.93,18551.0,240.0,2.0,1.0,18.990000000000002,46.614999999999995,True,774.0259886442823,0.9805002294723741,0.033006277582100854,True,-27.624999999999993,-29.349999999999998,-25.9,1.7249999999999996,-25.467524094599277,-2.157475905400716,0.43247590540072167,True,775.5656412798276,-0.001508192516802398,0.0,3.8653831891893446,-27.823277521328727,0.198277521328734,0.0,False
2027-03-19,0.499182923485572,805.0,16.94,50.15,16.84,49.91,7026.0,515.0,137.0,3.0,16.89,50.03,True,774.0259886442823,0.9805002294723741,0.03923682733273696,True,-33.14,-33.31,-32.97,0.1700000000000017,-30.370025241961148,-2.7699747580388525,2.599974758038851,True,775.5656412798276,-0.001508192516802398,0.0,4.391761099175206,-33.25215657867646,0.112156578676462,0.0,False
2027-03-19,0.499182923485572,810.0,15.06,53.92,14.95,52.36,6511.0,39.0,22.0,1.0,15.004999999999999,53.14,True,774.0259886442823,0.9805002294723741,0.045428797580657855,True,-38.135000000000005,-38.97,-37.3,0.8350000000000009,-35.27252638932302,-2.862473610676986,2.027473610676978,True,775.5656412798276,-0.001508192516802398,0.0,4.971470097938813,-38.73436672480194,0.5993667248019321,0.0,False
2027-03-19,0.499182923485572,815.0,13.3,59.06,13.22,57.31,3680.0,36.0,12.0,54.0,13.260000000000002,58.185,True,774.0259886442823,0.9805002294723741,0.05158266315503615,True,-44.925,-45.84,-44.010000000000005,0.9149999999999991,-40.17502753668489,-4.74997246331511,3.8349724633151183,True,775.5656412798276,-0.001508192516802398,0.0,5.628439267250627,-44.293837041475626,-0.6311629585243708,0.0,False
2027-03-19,0.499182923485572,820.0,11.69,63.14,11.61,59.69,25398.0,66.0,210.0,1.0,11.649999999999999,61.415,True,774.0259886442823,0.9805002294723741,0.05769889017247227,True,-49.765,-51.53,-48.0,1.7650000000000006,-45.07752868404676,-4.687471315953239,2.9224713159532385,True,775.5656412798276,-0.001508192516802398,0.0,6.371497694494813,-49.93939661608168,0.17439661608167967,0.0,False
2027-03-19,0.499182923485572,825.0,10.29,67.49,10.22,64.07,3820.0,18.0,1.0,2.0,10.254999999999999,65.78,True,774.0259886442823,0.9805002294723741,0.06377793624885449,True,-55.525000000000006,-57.269999999999996,-53.779999999999994,1.745000000000001,-49.98002983140863,-5.544970168591377,3.799970168591365,True,775.5656412798276,-0.001508192516802398,0.0,7.17349789983318,-55.643897968781914,0.1188979687819085,0.0,False
2027-03-19,0.499182923485572,830.0,8.98,72.24,8.94,68.78,5051.0,9.0,11.0,1.0,8.96,70.50999999999999,True,774.0259886442823,0.9805002294723741,0.06982025070481715,True,-61.54999999999999,-63.3,-59.8,1.75,-54.882530978770504,-6.667469021229486,4.917469021229493,True,775.5656412798276,-0.001508192516802398,0.0,8.085068873278964,-61.45797008958957,-0.09202991041041741,0.0,False
2027-03-19,0.499182923485572,835.0,7.85,77.07,7.81,73.53,4656.0,15.0,9.0,1.0,7.83,75.3,True,774.0259886442823,0.9805002294723741,0.07582627476502905,True,-67.47,-69.25999999999999,-65.68,1.789999999999992,-59.78503212613237,-7.6849678738676275,5.894967873867635,True,775.5656412798276,-0.001508192516802398,0.0,9.065010123854861,-67.34041248752735,-0.12958751247265354,0.0,False
2027-03-19,0.499182923485572,840.0,6.81,82.39,6.78,78.56,7592.0,2.0,1.0,1.0,6.795,80.475,True,774.0259886442823,0.9805002294723741,0.0817964417515329,False,-73.67999999999999,-75.61,-71.75,1.9299999999999997,-64.68753327349424,-8.992466726505754,7.062466726505761,True,775.5656412798276,-0.001508192516802398,0.0,10.15709047835206,-73.33499398938642,-0.3450060106135737,0.0,False
2027-03-19,0.499182923485572,845.0,5.92,87.02,5.9,83.46,2835.0,1.0,6.0,2.0,5.91,85.24,True,774.0259886442823,0.9805002294723741,0.08773117727134727,False,-79.33,-81.11999999999999,-77.53999999999999,1.7899999999999991,-69.59003442085611,-9.739965579143885,7.949965579143878,True,775.5656412798276,-0.001508192516802398,0.0,11.139587213532124,-79.21999187192834,-0.11000812807165516,0.0,False
2027-03-19,0.499182923485572,850.0,5.13,92.28,5.11,88.35,5421.0,13.0,2.0,5.0,5.12,90.315,True,774.0259886442823,0.9805002294723741,0.0936308993985356,False,-85.195,-87.17,-83.22,1.9750000000000014,-74.49253556821799,-10.702464431782005,8.72746443178201,True,775.5656412798276,-0.001508192516802398,0.0,12.027083691809239,-85.00998949756733,-0.18501050243266093,0.0,False
2027-03-19,0.499182923485572,855.0,4.44,97.09,4.41,93.23,1674.0,2.0,15.0,0.0,4.425000000000001,95.16,True,774.0259886442823,0.9805002294723741,0.0994960188509337,False,-90.735,-92.68,-88.79,1.9450000000000003,-79.39503671557985,-11.33996328442015,9.394963284420157,True,775.5656412798276,-0.001508192516802398,0.0,12.81958051186551,-90.70498746498548,-0.030012535014520836,0.0,False
2027-03-19,0.499182923485572,860.0,3.82,102.26,3.79,98.17,11461.0,1.0,154.0,1.0,3.8049999999999997,100.215,True,774.0259886442823,0.9805002294723741,0.10532693916172693,False,-96.41,-98.47,-94.35000000000001,2.059999999999995,-84.29753786294172,-12.112462137058273,10.052462137058285,True,775.5656412798276,-0.001508192516802398,0.0,13.53707748935875,-96.32498558984058,-0.0850144101594168,0.0,False
2027-03-19,0.499182923485572,865.0,3.29,107.26,3.27,103.28,4515.0,4.0,1.0,3.0,3.2800000000000002,105.27000000000001,True,774.0259886442823,0.9805002294723741,0.11112405684605287,False,-101.99000000000001,-103.99000000000001,-99.99,2.000000000000007,-89.2000390103036,-12.78996098969641,10.789960989696397,True,775.5656412798276,-0.001508192516802398,0.0,14.159575085866251,-101.84998433370995,-0.14001566629005424,0.0,False
2027-03-19,0.499182923485572,870.0,2.83,102.96,2.8,99.44,4152.0,0.0,1.0,0.0,2.815,101.19999999999999,False,774.0259886442823,0.9805002294723741,0.11688776156280298,False,-98.38499999999999,-100.16,-96.61,1.7749999999999986,-94.10254015766547,-4.282459842334518,2.5074598423345265,True,775.5656412798276,-0.001508192516802398,0.0,14.722072720206825,-107.3149831154124,8.929983115412412,7.154983115412406,True
2027-03-19,0.499182923485572,875.0,2.43,117.2,2.41,113.14,6660.0,1.0,16.0,1.0,2.42,115.17,True,774.0259886442823,0.9805002294723741,0.12261843627178803,False,-112.75,-114.79,-110.71,2.0400000000000063,-99.00504130502733,-13.744958694972667,11.70495869497266,True,775.5656412798276,-0.001508192516802398,0.0,15.214570844336379,-112.70998238690382,-0.04001761309618246,0.0,False
2027-03-19,0.499182923485572,885.0,1.79,123.07,1.77,119.61,2715.0,0.0,1.0,1.0,1.78,121.34,True,774.0259886442823,0.9805002294723741,0.13398219492210298,False,-119.56,-121.3,-117.82,1.740000000000002,-108.81004359975108,-10.74995640024892,9.00995640024891,True,775.5656412798276,-0.001508192516802398,0.0,16.049567757988086,-123.34998159527927,3.789981595279272,2.0499815952792773,True
2027-03-19,0.499182923485572,895.0,1.33,133.07,1.3,129.61,1582.0,0.0,39.0,0.0,1.315,131.34,False,774.0259886442823,0.9805002294723741,0.1452182681890289,False,-130.025,-131.76999999999998,-128.28,1.7449999999999903,-118.61504589447482,-11.409954105525188,9.664954105525183,True,775.5656412798276,-0.001508192516802398,0.0,16.709565763290925,-133.81498189530583,3.7899818953058286,2.0449818953058525,True
2027-03-19,0.499182923485572,900.0,1.13,142.2,1.11,138.14,8884.0,4.0,18.0,4.0,1.12,140.17,True,774.0259886442823,0.9805002294723741,0.1507893132384843,False,-139.04999999999998,-141.08999999999997,-137.01,2.039999999999992,-123.51754704183669,-15.53245295816329,13.492452958163298,True,775.5656412798276,-0.001508192516802398,0.0,17.002064829242286,-139.00998210861908,-0.04001789138089862,0.0,False
2027-03-19,0.499182923485572,905.0,0.99,147.2,0.97,143.14,2306.0,1.0,1.0,1.0,0.98,145.17,True,774.0259886442823,0.9805002294723741,0.1563294936140997,False,-144.19,-146.23,-142.14999999999998,2.0400000000000063,-128.42004818919855,-15.769951810801444,13.729951810801424,True,775.5656412798276,-0.001508192516802398,0.0,17.239564387155482,-144.14998281389416,-0.040017186105842484,0.0,False
2027-03-19,0.499182923485572,910.0,0.85,148.07,0.83,144.61,2570.0,0.0,7.0,1.0,0.84,146.34,True,774.0259886442823,0.9805002294723741,0.16183914942506916,False,-145.5,-147.23999999999998,-143.76000000000002,1.7399999999999807,-133.32254933656043,-12.177450663439572,10.437450663439591,True,775.5656412798276,-0.001508192516802398,0.0,17.477063676568434,-149.28998325066897,3.7899832506689677,2.049983250668987,True
2027-03-19,0.499182923485572,915.0,0.74,153.07,0.72,149.61,588.0,0.0,1.0,1.0,0.73,151.34,True,774.0259886442823,0.9805002294723741,0.16731861518969476,False,-150.61,-152.35,-148.87,1.7399999999999949,-138.2250504839223,-12.384949516077711,10.644949516077702,True,775.5656412798276,-0.001508192516802398,0.0,17.68456330755251,-154.39998402901492,3.789984029014903,2.0499840290149223,True
2027-03-19,0.499182923485572,1000.0,0.15,238.07,0.13,234.61,2964.0,0.0,1.0,1.0,0.14,236.34,True,774.0259886442823,0.9805002294723741,0.2561498288963106,False,-236.20000000000002,-237.94,-234.46,1.7399999999999949,-221.56756998907412,-14.632430010925901,12.892430010925892,True,775.5656412798276,-0.001508192516802398,0.0,19.932053256233814,-239.98999348284804,3.7899934828480184,2.0499934828480377,True
2027-06-17,0.7457582659513255,60.0,702.5,0.02,697.86,0.01,0.0,7276.0,5.0,100.0,700.1800000000001,0.015,False,781.2024963259479,0.970693612435626,-2.566489832277043,False,700.1650000000001,697.84,702.49,2.3249999999999886,700.0666564562257,0.09834354377437649,0.0,False,783.9225498387232,-0.0019020489851435604,0.0,1.6335935056741358e-10,702.7069950263964,-2.5419950263963074,0.21699502639637558,True
2027-06-17,0.7457582659513255,80.0,682.83,0.04,678.14,0.02,5.0,171.0,0.0,10.0,680.485,0.03,False,781.2024963259479,0.970693612435626,-2.278807759825262,False,680.455,678.1,682.8100000000001,2.355000000000018,680.6527842075132,-0.19778420751310932,0.0,False,783.9225498387232,-0.0019020489851435604,0.0,9.246185382868195e-09,683.293122768601,-2.8381227686010106,0.48312276860099246,True
2027-06-17,0.7457582659513255,85.0,681.41,0.04,676.5,0.03,1.0,69.0,1.0,4.0,678.9549999999999,0.035,False,781.2024963259479,0.970693612435626,-2.2181831380088273,False,678.92,676.46,681.38,2.4599999999999795,675.799316145335,3.1206838546650033,0.6606838546650806,True,783.9225498387232,-0.0019020489851435604,0.0,2.058558098934725e-08,678.4396546950834,0.48034530491656824,0.0,False
2027-06-17,0.7457582659513255,110.0,656.49,0.07,651.5,0.06,1.0,726.0,1.0,10.0,653.995,0.065,True,781.2024963259479,0.970693612435626,-1.9603540287067276,False,653.93,651.43,656.4300000000001,2.500000000000057,651.5319758344443,2.3980241655556256,0.0,False,783.9225498387232,-0.0019020489851435604,0.0,5.098166250732593e-07,654.1723138949618,-0.2423138949618533,0.0,False
2027-06-17,0.7457582659513255,115.0,598.5,0.08,594.0,0.07,0.0,20.0,0.0,5.0,596.25,0.07500000000000001,False,781.2024963259479,0.970693612435626,-1.9159022661358938,False,596.175,593.92,598.43,2.2549999999999955,646.6785077722662,-50.50350777226629,48.248507772266294,True,783.9225498387232,-0.0019020489851435604,0.0,8.594702867684037e-07,649.31884548313,-53.14384548313001,50.88884548313001,True
2027-06-17,0.7457582659513255,120.0,593.91,0.09,589.0,0.08,0.0,2964.0,0.0,56.0,591.4549999999999,0.08499999999999999,False,781.2024963259479,0.970693612435626,-1.8733426517170977,False,591.3699999999999,588.91,593.8299999999999,2.4599999999999795,641.825039710088,-50.45503971008816,47.99503971008812,True,783.9225498387232,-0.0019020489851435604,0.0,1.4046471935097373e-06,644.465376875775,-53.09537687577506,50.63537687577502,True
2027-06-17,0.7457582659513255,125.0,588.94,0.1,584.0,0.08,0.0,57.0,0.0,10.0,586.47,0.09,False,781.2024963259479,0.970693612435626,-1.8325206571968427,False,586.38,583.9,588.86,2.480000000000018,636.97157164791,-50.59157164790997,48.111571647909955,True,783.9225498387232,-0.0019020489851435604,0.0,2.2335893069095085e-06,639.6119079846547,-53.231907984654754,50.751907984654736,True
2027-06-17,0.7457582659513255,130.0,583.97,0.11,579.0,0.09,0.0,2253.0,0.0,10.0,581.485,0.1,False,781.2024963259479,0.970693612435626,-1.7932999440435613,False,581.385,578.89,583.88,2.4950000000000045,632.1181035857319,-50.7331035857319,48.23810358573189,True,783.9225498387232,-0.0019020489851435604,0.0,3.462724277330251e-06,634.7584386933416,-53.373438693341654,50.87843869334165,True
2027-06-17,0.7457582659513255,135.0,578.99,0.11,574.0,0.1,0.0,564.0,0.0,30.0,576.495,0.10500000000000001,False,781.2024963259479,0.970693612435626,-1.7555596160607143,False,576.39,573.89,578.89,2.5,627.2646355235537,-50.87463552355371,48.37463552355371,True,783.9225498387232,-0.0019020489851435604,0.0,5.245606356019832e-06,629.9049688482814,-53.514968848281455,51.014968848281455,True
2027-06-17,0.7457582659513255,140.0,618.36,0.12,614.0,0.11,1.0,1063.0,0.0,27.0,616.1800000000001,0.11499999999999999,True,781.2024963259479,0.970693612435626,-1.7191919718898394,False,616.065,613.88,618.25,2.1850000000000023,622.4111674613756,-6.346167461375558,4.161167461375612,True,783.9225498387232,-0.0019020489851435604,0.0,7.779581333395777e-06,625.0514982521283,-8.986498252128285,6.80149825212834,True
2027-06-17,0.7457582659513255,150.0,608.8,0.15,604.5,0.13,1.0,4256.0,0.0,910.0,606.65,0.14,True,781.2024963259479,0.970693612435626,-1.650199100402888,False,606.51,604.35,608.67,2.159999999999968,612.7042313370193,-6.194231337019346,4.034231337019378,True,783.9225498387232,-0.0019020489851435604,0.0,1.618240277482131e-05,615.3445537249506,-8.834553724950638,6.67455372495067,True
2027-06-17,0.7457582659513255,160.0,599.25,0.17,594.5,0.16,1.0,1704.0,0.0,5.0,596.875,0.165,True,781.2024963259479,0.970693612435626,-1.5856605792653167,False,596.71,594.33,599.09,2.3799999999999955,602.9972952126631,-6.287295212663025,3.90729521266303,True,783.9225498387232,-0.0019020489851435604,0.0,3.147624382625509e-05,605.6376023067533,-8.927602306753215,6.54760230675322,True
2027-06-17,0.7457582659513255,170.0,589.7,0.2,585.0,0.19,1.0,442.0,0.0,2.0,587.35,0.195,True,781.2024963259479,0.970693612435626,-1.5250359574488819,False,587.155,584.8,589.51,2.355000000000018,593.2903590883068,-6.135359088306814,3.7803590883067955,True,783.9225498387232,-0.0019020489851435604,0.0,5.782608952734254e-05,595.9306398325513,-8.775639832551292,6.420639832551274,True
2027-06-17,0.7457582659513255,180.0,580.15,0.23,575.5,0.22,1.0,8689.0,0.0,3063.0,577.825,0.225,True,781.2024963259479,0.970693612435626,-1.4678775436089333,False,577.6,575.27,579.93,2.329999999999984,583.5834229639505,-5.983422963950488,3.653422963950561,True,783.9225498387232,-0.0019020489851435604,0.0,0.00010108622968049187,586.2236604480548,-8.623660448054807,6.2936604480548795,True
2027-06-17,0.7457582659513255,190.0,570.5,0.27,566.0,0.25,1.0,217.0,0.0,2.0,568.25,0.26,True,781.2024963259479,0.970693612435626,-1.4138103223386576,False,567.99,565.73,570.25,2.259999999999991,573.8764868395942,-5.886486839594227,3.626486839594236,True,783.9225498387232,-0.0019020489851435604,0.0,0.0001692803178592224,576.5166561296104,-8.526656129610387,6.266656129610396,True
2027-06-17,0.7457582659513255,195.0,573.5,0.28,568.54,0.27,100.0,557.0,100.0,20.0,571.02,0.275,True,781.2024963259479,0.970693612435626,-1.387834835935397,False,570.745,568.26,573.23,2.4850000000000136,569.0230187774162,1.7219812225838496,0.0,False,783.9225498387232,-0.0019020489851435604,0.0,0.00021598905199719104,571.6631413586982,-0.9181413586982217,0.0,False
2027-06-17,0.7457582659513255,200.0,565.67,0.3,562.09,0.29,125.0,3136.0,34.0,120.0,563.88,0.295,True,781.2024963259479,0.970693612435626,-1.362517027951107,False,563.585,561.7900000000001,565.38,1.794999999999959,564.169550715238,-0.5845507152379241,0.0,False,783.9225498387232,-0.0019020489851435604,0.0,0.0002733248798282087,566.8096159606922,-3.2246159606921765,1.4296159606922174,True
2027-06-17,0.7457582659513255,205.0,560.88,0.32,557.28,0.31,2.0,627.0,1.0,50.0,559.0799999999999,0.315,True,781.2024963259479,0.970693612435626,-1.3378244153607355,False,558.7649999999999,556.9599999999999,560.57,1.8050000000000637,559.3160826530599,-0.551082653060007,0.0,False,783.9225498387232,-0.0019020489851435604,0.0,0.00034297751162645773,561.9560782458823,-3.1910782458824087,1.3860782458822314,True
2027-06-17,0.7457582659513255,250.0,517.5,0.54,514.03,0.53,10.0,8509.0,1.0,510.0,515.765,0.535,True,781.2024963259479,0.970693612435626,-1.1393734766368973,False,515.23,513.49,516.97,1.740000000000009,515.6348700934567,-0.40487009345667957,0.0,False,783.9225498387232,-0.0019020489851435604,0.0,0.00193201984274316,518.273276643948,-3.0432766439479337,1.3032766439479246,True
2027-06-17,0.7457582659513255,255.0,493.4,0.57,489.0,0.56,0.0,398.0,0.0,70.0,491.2,0.565,False,781.2024963259479,0.970693612435626,-1.1195708493407175,False,490.635,488.43,492.84,2.204999999999984,510.78140203127856,-20.14640203127857,17.941402031278585,True,783.9225498387232,-0.0019020489851435604,0.0,0.0022749804104912896,513.4194656212022,-22.78446562120223,20.579465621202246,True
2027-06-17,0.7457582659513255,260.0,488.66,0.6,484.0,0.59,0.0,225.0,0.0,1.0,486.33000000000004,0.595,False,781.2024963259479,0.970693612435626,-1.1001527634836161,False,485.735,483.4,488.07000000000005,2.3350000000000364,505.9279339691005,-20.192933969100466,17.85793396910043,True,783.9225498387232,-0.0019020489851435604,0.0,0.0026667930203137513,508.56560574641423,-22.83060574641422,20.495605746414185,True
2027-06-17,0.7457582659513255,280.0,488.94,0.88,485.22,0.87,3.0,58.0,2.0,1.0,487.08000000000004,0.875,True,781.2024963259479,0.970693612435626,-1.026044791329894,False,486.20500000000004,484.34000000000003,488.07,1.8649999999999807,486.51406172038793,-0.3090617203878878,0.0,False,783.9225498387232,-0.0019020489851435604,0.0,0.004831113733218206,489.14956917698873,-2.9445691769886935,1.0795691769887412,True
2027-06-17,0.7457582659513255,300.0,477.98,0.87,474.24,0.85,63.0,4769.0,1.0,1.0,476.11,0.86,True,781.2024963259479,0.970693612435626,-0.9570519198429426,False,475.25,473.37,477.13,1.8799999999999955,467.10018947167544,8.149810528324565,6.2698105283245695,True,783.9225498387232,-0.0019020489851435604,0.0,0.007162978273279164,469.7333650637362,5.516634936263813,3.6366349362638175,True
2027-06-17,0.7457582659513255,305.0,464.92,0.9,461.23,0.89,12.0,84.0,3.0,2.0,463.07500000000005,0.895,True,781.2024963259479,0.970693612435626,-0.9405226178917321,False,462.18000000000006,460.33000000000004,464.03000000000003,1.8499999999999943,462.2467214094973,-0.06672140949723371,0.0,False,783.9225498387232,-0.0019020489851435604,0.0,0.007565256006407672,464.87949472382496,-2.6994947238248983,0.8494947238249324,True
2027-06-17,0.7457582659513255,310.0,460.0,0.94,456.47,0.93,50.0,38.0,1.0,1.0,458.235,0.935,True,781.2024963259479,0.970693612435626,-0.9242620970199517,False,457.3,455.53000000000003,459.07,1.7699999999999818,457.39325334731916,-0.09325334731914836,0.0,False,783.9225498387232,-0.0019020489851435604,0.0,0.008018755465438399,460.02557316218775,-2.725573162187743,0.9555731621877612,True
2027-06-17,0.7457582659513255,315.0,455.43,0.99,451.68,0.97,11.0,25.0,14.0,1.0,453.555,0.98,True,781.2024963259479,0.970693612435626,-0.9082617556735106,False,452.575,450.69,454.46,1.884999999999991,452.539785285141,0.035214714858966545,0.0,False,783.9225498387232,-0.0019020489851435604,0.0,0.00852505357167821,455.1715988019034,-2.596598801903383,0.7115988019033921,True
2027-06-17,0.7457582659513255,330.0,440.77,1.11,436.92,1.09,0.0,188.0,1.0,17.0,438.845,1.1,True,781.2024963259479,0.970693612435626,-0.8617417400386177,False,437.745,435.81,439.68,1.9350000000000023,437.9793810986066,-0.2343810986066046,0.0,False,783.9225498387232,-0.0019020489851435604,0.0,0.010014503097645067,440.609705165843,-2.86470516584302,0.9297051658430178,True
2027-06-17,0.7457582659513255,335.0,417.62,1.16,413.0,1.14,0.0,79.0,0.0,6.0,415.31,1.15,False,781.2024963259479,0.970693612435626,-0.8467038626740773,False,414.16,411.84,416.48,2.3200000000000216,433.1259130364285,-18.965913036428503,16.64591303642851,True,783.9225498387232,-0.0019020489851435604,0.0,0.010627035982658795,435.7556245707799,-21.595624570779876,19.275624570779883,True
2027-06-17,0.7457582659513255,340.0,434.5,1.2,430.0,1.18,6.0,2905.0,7.0,10.0,432.25,1.19,True,781.2024963259479,0.970693612435626,-0.8318887768889366,False,431.06,428.8,433.32,2.259999999999991,428.2724449742504,2.7875550257496116,0.5275550257496207,True,783.9225498387232,-0.0019020489851435604,0.0,0.011173765975576844,430.9016097786089,0.15839022139113013,0.0,False
2027-06-17,0.7457582659513255,345.0,420.71,1.25,417.01,1.23,3.0,39.0,1.0,1.0,418.86,1.24,True,781.2024963259479,0.970693612435626,-0.817289977467784,False,417.62,415.76,419.47999999999996,1.8599999999999852,423.41897691207225,-5.7989769120722485,3.9389769120722917,True,783.9225498387232,-0.0019020489851435604,0.0,0.011825356889396232,426.0474901255169,-8.427490125516897,6.56749012551694,True
2027-06-17,0.7457582659513255,350.0,421.99,1.3,418.19,1.28,9.0,584.0,3.0,92.0,420.09000000000003,1.29,True,781.2024963259479,0.970693612435626,-0.8029012400156843,False,418.8,416.89,420.71000000000004,1.910000000000025,418.5655088498941,0.23449115010589594,0.0,False,783.9225498387232,-0.0019020489851435604,0.0,0.012494539996970033,421.1933528802312,-2.393352880231191,0.4833528802311662,True
2027-06-17,0.7457582659513255,360.0,412.43,1.4,408.64,1.39,47.0,173.0,5.0,1.0,410.53499999999997,1.395,True,781.2024963259479,0.970693612435626,-0.774730363048988,False,409.14,407.24,411.04,1.9000000000000057,408.85857272553784,0.2814272744621462,0.0,False,783.9225498387232,-0.0019020489851435604,0.0,0.013938429398528296,411.48497286647336,-2.3449728664733698,0.44497286647333567,True
2027-06-17,0.7457582659513255,365.0,411.0,1.46,406.02,1.44,6.0,146.0,5.0,325.0,408.51,1.45,True,781.2024963259479,0.970693612435626,-0.7609370409166522,False,407.06,404.56,409.56,2.5,404.0051046633597,3.0548953366402998,0.5548953366402998,True,783.9225498387232,-0.0019020489851435604,0.0,0.014714581064555032,406.6307286526292,0.4292713473707863,0.0,False
2027-06-17,0.7457582659513255,370.0,411.0,1.52,407.31,1.5,5.0,177.0,2.0,2.0,409.155,1.51,True,781.2024963259479,0.970693612435626,-0.7473313888608736,False,407.645,405.79,409.5,1.8549999999999898,399.1516366011816,8.49336339881836,6.638363398818399,True,783.9225498387232,-0.0019020489851435604,0.0,0.01556078337093636,401.7764143881447,5.868585611855281,4.013585611855319,True
2027-06-17,0.7457582659513255,375.0,398.0,1.57,394.31,1.55,35.0,213.0,1.0,2.0,396.155,1.56,True,781.2024963259479,0.970693612435626,-0.7339083685287328,False,394.59499999999997,392.74,396.45,1.8549999999999898,394.2981685390035,0.2968314609964864,0.0,False,783.9225498387232,-0.0019020489851435604,0.0,0.016335968682792856,396.92217114065477,-2.327171140654798,0.4721711406547797,True
2027-06-17,0.7457582659513255,380.0,393.39,1.63,389.54,1.61,11.0,225.0,1.0,1.0,391.46500000000003,1.62,True,781.2024963259479,0.970693612435626,-0.7206631417787123,False,389.845,387.91,391.78,1.9349999999999739,389.44470047682535,0.40029952317468087,0.0,False,783.9225498387232,-0.0019020489851435604,0.0,0.017231965933303117,392.0678070812261,-2.222807081226051,0.28780708122610577,True
2027-06-17,0.7457582659513255,390.0,391.97,1.75,388.23,1.73,16.0,468.0,1.0,1.0,390.1,1.74,True,781.2024963259479,0.970693612435626,-0.6946876553754516,False,388.36,386.48,390.24,1.8799999999999955,379.73776435246907,8.622235647530943,6.742235647530947,True,783.9225498387232,-0.0019020489851435604,0.0,0.019104530598322622,382.3589983922048,6.001001607795217,4.121001607795222,True
2027-06-17,0.7457582659513255,395.0,361.13,1.81,356.5,1.8,0.0,118.0,0.0,1.0,358.815,1.8050000000000002,False,781.2024963259479,0.970693612435626,-0.6819486295980217,False,357.01,354.69,359.33,2.319999999999993,374.88429629029093,-17.874296290290943,15.55429629029095,True,783.9225498387232,-0.0019020489851435604,0.0,0.020134114326794128,377.50450074629816,-20.494500746298172,18.17450074629818,True
2027-06-17,0.7457582659513255,400.0,374.26,1.88,370.43,1.87,50.0,4360.0,2.0,69.0,372.345,1.875,True,781.2024963259479,0.970693612435626,-0.6693698473911617,False,370.47,368.55,372.39,1.9199999999999875,370.0308282281128,0.43917177188723144,0.0,False,783.9225498387232,-0.0019020489851435604,0.0,0.021247978701840253,372.649918819745,-2.1799188197449553,0.2599188197449962,True
2027-06-17,0.7457582659513255,405.0,377.68,1.95,373.94,1.94,2.0,66.0,1.0,1.0,375.81,1.9449999999999998,True,781.2024963259479,0.970693612435626,-0.6569473273926046,False,373.865,371.99,375.74,1.875,365.17736016593466,8.687639834065351,6.812639834065351,True,783.9225498387232,-0.0019020489851435604,0.0,0.022397628228377764,367.79530110804035,6.069698891959661,4.194698891959661,True
2027-06-17,0.7457582659513255,410.0,364.82,2.02,360.95,2.01,24.0,442.0,5.0,1.0,362.885,2.0149999999999997,True,781.2024963259479,0.970693612435626,-0.6446772348007901,False,360.87,358.93,362.81,1.9399999999999977,360.3238921037566,0.5461078962434271,0.0,False,783.9225498387232,-0.0019020489851435604,0.0,0.02358059496383369,362.9406500791268,-2.0706500791267786,0.13065007912678084,True
2027-06-17,0.7457582659513255,415.0,360.0,2.09,356.19,2.08,1.0,544.0,1.0,28.0,358.095,2.085,True,781.2024963259479,0.970693612435626,-0.6325558742684454,False,356.01000000000005,354.1,357.92,1.9099999999999966,355.47042404157844,0.539575958421608,0.0,False,783.9225498387232,-0.0019020489851435604,0.0,0.024802204905160163,358.08596040700735,-2.075960407007301,0.16596040700733283,True
2027-06-17,0.7457582659513255,420.0,355.33,2.17,351.44,2.16,68.0,363.0,1.0,39.0,353.385,2.165,True,781.2024963259479,0.970693612435626,-0.6205796832217297,False,351.21999999999997,349.27,353.16999999999996,1.9499999999999886,350.6169559794003,0.6030440205996683,0.0,False,783.9225498387232,-0.0019020489851435604,0.0,0.0261827972662263,353.2311117524681,-2.011111752468139,0.06111175246815037,True
2027-06-17,0.7457582659513255,425.0,350.5,2.25,346.68,2.23,22.0,1043.0,1.0,1.0,348.59000000000003,2.24,True,781.2024963259479,0.970693612435626,-0.6087452255747269,False,346.35,344.43,348.27,1.9199999999999875,345.76348791722216,0.5865120827778583,0.0,False,783.9225498387232,-0.0019020489851435604,0.0,0.027549708958561236,348.3762767785976,-2.0262767785976052,0.10627677859764617,True
2027-06-17,0.7457582659513255,430.0,349.37,2.32,344.5,2.31,51.0,606.0,1.0,1.0,346.935,2.315,True,781.2024963259479,0.970693612435626,-0.5970491858115355,False,344.62,342.18,347.06,2.4399999999999977,340.910019855044,3.7099801449559777,1.26998014495598,True,783.9225498387232,-0.0019020489851435604,0.0,0.028958423631925356,343.52140000174614,1.0985999982538601,0.0,False
2027-06-17,0.7457582659513255,440.0,336.31,2.49,332.43,2.48,33.0,874.0,1.0,11.0,334.37,2.4850000000000003,True,781.2024963259479,0.970693612435626,-0.5740596675868369,False,331.885,329.94,333.83,1.9449999999999932,331.20308373068775,0.6819162693122394,0.0,False,783.9225498387232,-0.0019020489851435604,0.0,0.0321717151309433,333.81125058589083,-1.9262505858908412,0.0,False
2027-06-17,0.7457582659513255,445.0,335.0,2.59,330.22,2.57,21.0,1421.0,2.0,61.0,332.61,2.58,True,781.2024963259479,0.970693612435626,-0.5627601123329036,False,330.03000000000003,327.63000000000005,332.43,2.3999999999999773,326.34961566850967,3.680384331490359,1.2803843314903816,True,783.9225498387232,-0.0019020489851435604,0.0,0.0339829411610344,328.95597129768265,1.0740287023173778,0.0,False
2027-06-17,0.7457582659513255,450.0,326.82,2.68,322.94,2.66,81.0,4906.0,1.0,1.0,324.88,2.67,True,781.2024963259479,0.970693612435626,-0.5515868117347782,False,322.21,320.26,324.15999999999997,1.9499999999999886,321.49614760633153,0.7138523936684464,0.0,False,783.9225498387232,-0.0019020489851435604,0.0,0.03579186343289242,324.1006943132327,-1.8906943132327,0.0,False
2027-06-17,0.7457582659513255,455.0,322.14,2.77,317.69,2.76,39.0,422.0,37.0,5.0,319.91499999999996,2.7649999999999997,True,781.2024963259479,0.970693612435626,-0.5405369755481932,False,317.15,314.92,319.38,2.2299999999999898,316.6426795441534,0.5073204558465818,0.0,False,783.9225498387232,-0.0019020489851435604,0.0,0.03772665500840855,319.24529145947906,-2.0952914594790855,0.0,False
2027-06-17,0.7457582659513255,460.0,317.23,2.88,313.35,2.86,41.0,411.0,4.0,18.0,315.29,2.87,True,781.2024963259479,0.970693612435626,-0.5296079050160031,False,312.42,310.47,314.37,1.9499999999999886,311.78921148197526,0.6307885180247581,0.0,False,783.9225498387232,-0.0019020489851435604,0.0,0.03985636389469116,314.38969368841464,-1.9696936884146226,0.019693688414633925,True
2027-06-17,0.7457582659513255,465.0,295.71,2.98,291.82,2.96,10.0,955.0,1.0,3.0,293.765,2.9699999999999998,True,781.2024963259479,0.970693612435626,-0.5187969889117873,False,290.79499999999996,288.84,292.75,1.9550000000000125,306.9357434197971,-16.14074341979716,14.18574341979712,True,783.9225498387232,-0.0019020489851435604,0.0,0.04199072304112228,309.53409126709005,-18.73909126709009,16.784091267090048,True
2027-06-17,0.7457582659513255,470.0,307.77,3.08,303.89,3.05,40.0,758.0,25.0,19.0,305.83,3.065,True,781.2024963259479,0.970693612435626,-0.5081016997950394,False,302.765,300.81,304.71999999999997,1.954999999999984,302.082275357619,0.6827246423810038,0.0,False,783.9225498387232,-0.0019020489851435604,0.0,0.044133952356651296,304.67847997559636,-1.913479975596374,0.0,False
2027-06-17,0.7457582659513255,475.0,303.0,3.18,299.17,3.16,39.0,2341.0,25.0,4.0,301.08500000000004,3.17,True,781.2024963259479,0.970693612435626,-0.4975195904645025,False,297.915,295.99,299.84,1.924999999999983,297.22880729544084,0.6861927045591756,0.0,False,783.9225498387232,-0.0019020489851435604,0.0,0.04648812761329246,299.8226577381616,-1.9076577381615607,0.0,False
2027-06-17,0.7457582659513255,480.0,298.45,3.31,294.57,3.29,30.0,368.0,1.0,100.0,296.51,3.3,True,781.2024963259479,0.970693612435626,-0.4870482905972071,False,293.21,291.26,295.15999999999997,1.9499999999999886,292.3753392332627,0.8346607667372723,0.0,False,783.9225498387232,-0.0019020489851435604,0.0,0.04926055719075251,294.966417246406,-1.7564172464060448,0.0,False
2027-06-17,0.7457582659513255,485.0,293.74,3.42,289.85,3.4,147.0,485.0,2.0,25.0,291.795,3.41,True,781.2024963259479,0.970693612435626,-0.4766855035616604,False,288.385,286.43,290.34000000000003,1.9550000000000125,287.5218711710846,0.8631288289153645,0.0,False,783.9225498387232,-0.0019020489851435604,0.0,0.05186161606821882,290.11034812535047,-1.7253481253504788,0.0,False
2027-06-17,0.7457582659513255,490.0,292.96,3.55,288.0,3.52,20.0,774.0,4.0,15.0,290.48,3.535,True,781.2024963259479,0.970693612435626,-0.46642900339447135,False,286.945,284.45,289.44,2.4950000000000045,282.6684031089065,4.276596891093504,1.7815968910934998,True,783.9225498387232,-0.0019020489851435604,0.0,0.05475810441910234,285.25398357482146,1.6910164251785318,0.0,False
2027-06-17,0.7457582659513255,495.0,284.2,3.67,280.32,3.65,27.0,900.0,9.0,1.0,282.26,3.66,True,781.2024963259479,0.970693612435626,-0.45627663193045337,False,278.59999999999997,276.65,280.55,1.950000000000017,277.81493504672835,0.7850649532716147,0.0,False,783.9225498387232,-0.0019020489851435604,0.0,0.057777565602241676,280.39749605146017,-1.7974960514602003,0.0,False
2027-06-17,0.7457582659513255,500.0,279.5,3.8,275.62,3.78,169.0,8741.0,2.0,78.0,277.56,3.79,True,781.2024963259479,0.970693612435626,-0.446226296076952,False,273.77,271.82,275.72,1.950000000000017,272.9614669845502,0.8085330154497683,0.0,False,783.9225498387232,-0.0019020489851435604,0.0,0.06098595910122917,275.54081959578303,-1.7708195957830526,0.0,False
2027-06-17,0.7457582659513255,505.0,278.97,3.94,274.0,3.92,3.0,1704.0,6.0,3.0,276.485,3.9299999999999997,True,781.2024963259479,0.970693612435626,-0.4362759652237838,False,272.555,270.06,275.05,2.4950000000000045,268.1079989223721,4.447001077627931,1.9520010776279264,True,783.9225498387232,-0.0019020489851435604,0.0,0.06446366425794814,270.68387382844816,1.8711261715518503,0.0,False
2027-06-17,0.7457582659513255,510.0,274.33,4.09,269.5,4.06,66.0,613.0,6.0,82.0,271.91499999999996,4.074999999999999,True,781.2024963259479,0.970693612435626,-0.4264236687807722,False,267.84,265.41,270.27,2.4299999999999784,263.25453086019394,4.585469139806037,2.155469139806087,True,783.9225498387232,-0.0019020489851435604,0.0,0.06813732789312965,265.8267321026349,2.013267897365097,0.0,False
2027-06-17,0.7457582659513255,515.0,273.67,4.24,270.02,4.21,21.0,1241.0,8.0,1.0,271.845,4.225,True,781.2024963259479,0.970693612435626,-0.4166674938354076,False,267.62,265.78,269.46000000000004,1.8400000000000318,258.4010627980158,9.218937201984204,7.378937201984172,True,783.9225498387232,-0.0019020489851435604,0.0,0.0720296282123769,260.9693717401375,6.650628259862515,4.810628259862483,True
2027-06-17,0.7457582659513255,520.0,260.87,4.39,256.99,4.36,14.0,2057.0,1.0,8.0,258.93,4.375,True,781.2024963259479,0.970693612435626,-0.40700558292367073,False,254.555,252.60000000000002,256.51,1.954999999999984,253.5475947358377,1.0074052641623155,0.0,False,783.9225498387232,-0.0019020489851435604,0.0,0.0760959614877681,256.1118373446839,-1.5568373446839132,0.0,False
2027-06-17,0.7457582659513255,525.0,256.08,4.56,252.2,4.54,14.0,1551.0,2.0,2.0,254.14,4.55,True,781.2024963259479,0.970693612435626,-0.39743613190751986,False,249.58999999999997,247.64,251.54,1.9500000000000028,248.69412667365955,0.8958733263404213,0.0,False,783.9225498387232,-0.0019020489851435604,0.0,0.08070381030015117,251.25376143369346,-1.6637614336934803,0.0,False
2027-06-17,0.7457582659513255,530.0,251.43,4.74,247.79,4.71,83.0,2162.0,1.0,1.0,249.61,4.725,True,781.2024963259479,0.970693612435626,-0.38795738795297613,False,244.88500000000002,243.04999999999998,246.72,1.835000000000008,243.84065861148144,1.0443413885185748,0.0,False,783.9225498387232,-0.0019020489851435604,0.0,0.08549468605749322,246.39550249575797,-1.5105024957579474,0.0,False
2027-06-17,0.7457582659513255,535.0,246.72,4.91,242.88,4.89,21.0,2830.0,3.0,31.0,244.8,4.9,True,781.2024963259479,0.970693612435626,-0.37856764760313716,False,239.9,237.97,241.83,1.9300000000000068,238.9871905493033,0.9128094506966988,0.0,False,783.9225498387232,-0.0019020489851435604,0.0,0.09047261235099668,241.53705650728637,-1.6370565072863599,0.0,False
2027-06-17,0.7457582659513255,540.0,242.12,5.1,238.53,5.07,72.0,2963.0,4.0,10.0,240.325,5.085,True,781.2024963259479,0.970693612435626,-0.3692652549408237,False,235.23999999999998,233.43,237.05,1.8100000000000023,234.13372248712517,1.1062775128748115,0.0,False,783.9225498387232,-0.0019020489851435604,0.0,0.09584964833045362,236.67821140912878,-1.4382114091287974,0.0,False
2027-06-17,0.7457582659513255,545.0,237.43,5.29,233.59,5.26,362.0,4144.0,2.0,1.0,235.51,5.275,True,781.2024963259479,0.970693612435626,-0.36004859983589954,False,230.23499999999999,228.3,232.17000000000002,1.9350000000000023,229.28025442494703,0.9547455750529537,0.0,False,783.9225498387232,-0.0019020489851435604,0.0,0.10154162748398754,231.8190513677971,-1.584051367797116,0.0,False
2027-06-17,0.7457582659513255,550.0,232.84,5.5,229.25,5.47,924.0,4184.0,1.0,202.0,231.04500000000002,5.484999999999999,True,781.2024963259479,0.970693612435626,-0.3509161162726271,False,225.56,223.75,227.37,1.8100000000000023,224.42678636276892,1.13321363723108,0.0,False,783.9225498387232,-0.0019020489851435604,0.0,0.10782099248428523,226.9593039406187,-1.3993039406186938,0.0,False
2027-06-17,0.7457582659513255,555.0,228.21,5.72,224.6,5.68,412.0,1903.0,1.0,194.0,226.405,5.699999999999999,True,781.2024963259479,0.970693612435626,-0.3418662807527092,False,220.705,218.88,222.53,1.8250000000000028,219.57331830059078,1.1316816994092278,0.0,False,783.9225498387232,-0.0019020489851435604,0.0,0.11446723765344036,222.0991896332714,-1.3941896332713952,0.0,False
2027-06-17,0.7457582659513255,560.0,223.61,5.94,219.98,5.9,121.0,2178.0,68.0,200.0,221.79500000000002,5.92,True,781.2024963259479,0.970693612435626,-0.33289761076994867,False,215.87500000000003,214.04,217.71,1.835000000000008,214.71985023841265,1.1551497615873814,0.0,False,783.9225498387232,-0.0019020489851435604,0.0,0.12148213217131154,217.2387066765754,-1.3637066765753616,0.0,False
2027-06-17,0.7457582659513255,565.0,219.0,6.17,215.38,6.14,16.0,3703.0,2.0,573.0,217.19,6.154999999999999,True,781.2024963259479,0.970693612435626,-0.3240086633527027,False,211.035,209.21,212.86,1.8250000000000028,209.8663821762345,1.1686178237654872,0.0,False,783.9225498387232,-0.0019020489851435604,0.0,0.1290957913649713,212.3776249552036,-1.342624955203604,0.0,False
2027-06-17,0.7457582659513255,570.0,214.4,6.42,210.79,6.38,57.0,2715.0,2.0,241.0,212.595,6.4,True,781.2024963259479,0.970693612435626,-0.31519803367054783,False,206.195,204.37,208.02,1.8250000000000028,205.0129141140564,1.182085885943593,0.0,False,783.9225498387232,-0.0019020489851435604,0.0,0.1372394485965982,207.51601323579385,-1.3210132357938562,0.0,False
2027-06-17,0.7457582659513255,575.0,209.82,6.67,206.23,6.64,57.0,3320.0,10.0,10.0,208.02499999999998,6.654999999999999,True,781.2024963259479,0.970693612435626,-0.3064643537017933,False,201.36999999999998,199.56,203.18,1.8100000000000023,200.15944605187826,1.2105539481217136,0.0,False,783.9225498387232,-0.0019020489851435604,0.0,0.1459188189222509,202.65386580329007,-1.283865803290098,0.0,False
2027-06-17,0.7457582659513255,580.0,205.25,6.95,201.66,6.91,269.0,2736.0,5.0,186.0,203.45499999999998,6.93,True,781.2024963259479,0.970693612435626,-0.2978062909586786,False,196.52499999999998,194.71,198.34,1.8149999999999977,195.30597798970012,1.2190220102998524,0.0,False,783.9225498387232,-0.0019020489851435604,0.0,0.15537536380557793,197.7909411962286,-1.2659411962286242,0.0,False
2027-06-17,0.7457582659513255,585.0,200.69,7.21,197.1,7.18,117.0,2499.0,1.0,23.0,198.89499999999998,7.195,True,781.2024963259479,0.970693612435626,-0.2892225472672872,False,191.7,189.89,193.51,1.8100000000000023,190.452509927522,1.2474900724780014,0.0,False,783.9225498387232,-0.0019020489851435604,0.0,0.16508696163784364,192.92776153621818,-1.2277615362181962,0.0,False
2027-06-17,0.7457582659513255,590.0,196.15,7.51,192.52,7.47,80.0,2303.0,2.0,10.0,194.335,7.49,True,781.2024963259479,0.970693612435626,-0.28071185759937856,False,186.845,185.01000000000002,188.68,1.8349999999999937,185.59904186534388,1.2459581346561208,0.0,False,783.9225498387232,-0.0019020489851435604,0.0,0.17585451104026273,188.06352592463767,-1.2185259246376745,0.0,False
2027-06-17,0.7457582659513255,595.0,191.62,7.83,187.99,7.79,57.0,1899.0,48.0,4.0,189.805,7.8100000000000005,True,781.2024963259479,0.970693612435626,-0.272272988953514,False,181.995,180.16,183.83,1.835000000000008,180.74557380316574,1.2494261968342641,0.0,False,783.9225498387232,-0.0019020489851435604,0.0,0.18765890413122488,183.19825346936858,-1.2032534693685761,0.0,False
2027-06-17,0.7457582659513255,600.0,187.05,8.15,183.35,8.12,478.0,7203.0,5.0,10.0,185.2,8.135,True,781.2024963259479,0.970693612435626,-0.26390473928299724,False,177.065,175.2,178.93,1.865000000000009,175.8921057409876,1.172894259012395,0.0,False,783.9225498387232,-0.0019020489851435604,0.0,0.20009933207759278,178.33234497924406,-1.2673449792440579,0.0,False
2027-06-17,0.7457582659513255,605.0,182.59,8.49,179.0,8.45,30.0,2109.0,2.0,21.0,180.79500000000002,8.469999999999999,True,781.2024963259479,0.970693612435626,-0.2556059364683022,False,172.32500000000002,170.51,174.14000000000001,1.815000000000012,171.0386376788095,1.2863623211905235,0.0,False,783.9225498387232,-0.0019020489851435604,0.0,0.21341603061281234,173.4655602185307,-1.1405602185306805,0.0,False
2027-06-17,0.7457582659513255,610.0,178.1,8.85,174.51,8.82,203.0,2339.0,2.0,1.0,176.305,8.835,True,781.2024963259479,0.970693612435626,-0.24737543733178677,False,167.47,165.66,169.28,1.8100000000000023,166.18516961663136,1.284830383368643,0.0,False,783.9225498387232,-0.0019020489851435604,0.0,0.22798285068121515,168.5975253362842,-1.127525336284208,0.0,False
2027-06-17,0.7457582659513255,615.0,173.63,9.22,170.01,9.19,64.0,2510.0,1.0,2.0,171.82,9.205,True,781.2024963259479,0.970693612435626,-0.23921212669262587,False,162.61499999999998,160.79,164.44,1.8250000000000028,161.33170155445322,1.2832984455467624,0.0,False,783.9225498387232,-0.0019020489851435604,0.0,0.24343781355218042,163.72860231123508,-1.1136023112350983,0.0,False
2027-06-17,0.7457582659513255,620.0,167.66,9.63,165.56,9.59,464.0,3042.0,26.0,1.0,166.61,9.61,True,781.2024963259479,0.970693612435626,-0.2311149164600064,False,157.0,155.93,158.07,1.0699999999999932,156.47823349227508,0.5217665077249194,0.0,False,783.9225498387232,-0.0019020489851435604,0.0,0.2604826825440867,158.85808938006505,-1.8580893800650529,0.7880893800650597,True
2027-06-17,0.7457582659513255,625.0,164.7,10.05,160.97,10.01,159.0,3511.0,20.0,13.0,162.83499999999998,10.030000000000001,True,781.2024963259479,0.970693612435626,-0.22308274476274217,False,152.80499999999998,150.92,154.69,1.8850000000000051,151.62476543009697,1.180234569903007,0.0,False,783.9225498387232,-0.0019020489851435604,0.0,0.2787543393679073,153.98634966106312,-1.1813496610631375,0.0,False
2027-06-17,0.7457582659513255,630.0,160.33,10.47,156.74,10.43,357.0,2649.0,10.0,2.0,158.53500000000003,10.45,True,781.2024963259479,0.970693612435626,-0.21511457511356533,False,148.08500000000004,146.27,149.9,1.8149999999999977,146.77129736791883,1.3137026320812026,0.0,False,783.9225498387232,-0.0019020489851435604,0.0,0.2980485377922317,149.11358740046066,-1.0285874004606228,0.0,False
2027-06-17,0.7457582659513255,635.0,155.89,10.94,152.13,10.89,371.0,2834.0,1.0,50.0,154.01,10.915,True,781.2024963259479,0.970693612435626,-0.20720939560645196,False,143.095,141.19,145.0,1.9050000000000011,141.9178293057407,1.1771706942593028,0.0,False,783.9225498387232,-0.0019020489851435604,0.0,0.3194059208089879,144.23876195526577,-1.1437619552657736,0.0,False
2027-06-17,0.7457582659513255,640.0,151.52,11.4,147.79,11.36,542.0,1212.0,1.0,1.0,149.655,11.379999999999999,True,781.2024963259479,0.970693612435626,-0.1993662181454261,False,138.275,136.39,140.16000000000003,1.8850000000000193,137.06436124356256,1.2106387564374472,0.0,False,783.9225498387232,-0.0019020489851435604,0.0,0.34195395692613495,139.36274585697046,-1.0877458569704572,0.0,False
2027-06-17,0.7457582659513255,645.0,147.17,11.91,143.47,11.87,231.0,2477.0,56.0,12.0,145.32,11.89,True,781.2024963259479,0.970693612435626,-0.1915840777033712,False,133.43,131.56,135.29999999999998,1.8699999999999903,132.21089318138445,1.2191068186155576,0.0,False,783.9225498387232,-0.0019020489851435604,0.0,0.3669133647731737,134.48431838694532,-1.0543183869453117,0.0,False
2027-06-17,0.7457582659513255,650.0,142.9,12.45,139.29,12.41,1126.0,3197.0,4.0,1.0,141.095,12.43,True,781.2024963259479,0.970693612435626,-0.1838620316094609,False,128.665,126.83999999999999,130.49,1.82500000000001,127.35742511920631,1.3075748807936804,0.0,False,783.9225498387232,-0.0019020489851435604,0.0,0.39405911867779686,129.60370457086256,-0.9387045708625692,0.0,False
2027-06-17,0.7457582659513255,655.0,138.6,13.0,134.96,12.95,358.0,1810.0,3.0,6.0,136.78,12.975,True,781.2024963259479,0.970693612435626,-0.1761991588638917,False,123.805,121.96000000000001,125.64999999999999,1.8449999999999918,122.50395705702817,1.3010429429718329,0.0,False,783.9225498387232,-0.0019020489851435604,0.0,0.4230476377924379,124.72124798956979,-0.9162479895697828,0.0,False
2027-06-17,0.7457582659513255,660.0,134.29,13.6,130.55,13.55,444.0,4081.0,27.0,3.0,132.42000000000002,13.575,True,781.2024963259479,0.970693612435626,-0.1685945594786724,False,118.84500000000001,116.95000000000002,120.74,1.894999999999989,117.65048899485005,1.1945110051499626,0.0,False,783.9225498387232,-0.0019020489851435604,0.0,0.4550093069678649,119.83581825821624,-0.9908182582162226,0.0,False
2027-06-17,0.7457582659513255,665.0,130.05,14.2,126.43,14.15,119.0,2935.0,6.0,6.0,128.24,14.175,True,781.2024963259479,0.970693612435626,-0.16104735384328955,False,114.06500000000001,112.23,115.9,1.8350000000000009,112.79702093267191,1.267979067328099,0.0,False,783.9225498387232,-0.0019020489851435604,0.0,0.48907565823716936,114.9482838447688,-0.8832838447687834,0.0,False
2027-06-17,0.7457582659513255,670.0,125.84,14.88,122.08,14.82,545.0,4449.0,1.0,1.0,123.96000000000001,14.850000000000001,True,781.2024963259479,0.970693612435626,-0.15355668211413198,False,109.11000000000001,107.2,111.02000000000001,1.9100000000000037,107.94355287049379,1.1664471295062242,0.0,False,783.9225498387232,-0.0019020489851435604,0.0,0.5270540472149854,110.05683739361285,-0.9468373936128387,0.0,False
2027-06-17,0.7457582659513255,675.0,120.23,15.56,118.05,15.51,423.0,3529.0,1.0,1.0,119.14,15.535,True,781.2024963259479,0.970693612435626,-0.1461217036266138,False,103.605,102.49,104.72,1.115000000000002,103.09008480831565,0.5149151916843522,0.0,False,783.9225498387232,-0.0019020489851435604,0.0,0.567843389099913,105.16257998954978,-1.5575799895497795,0.4425799895497846,True
2027-06-17,0.7457582659513255,680.0,117.62,16.27,114.52,16.21,1834.0,7346.0,2.0,62.0,116.07,16.240000000000002,True,781.2024963259479,0.970693612435626,-0.13874159632899127,False,99.82999999999998,98.25,101.41,1.5799999999999983,98.23661674613753,1.5933832538624557,0.013383253862471634,True,783.9225498387232,-0.0019020489851435604,0.0,0.6119412916783116,100.26501402479327,-0.4350140247932899,0.0,False
2027-06-17,0.7457582659513255,685.0,112.21,17.03,109.78,16.97,627.0,16306.0,13.0,38.0,110.995,17.0,True,781.2024963259479,0.970693612435626,-0.1314155562369184,True,93.995,92.75,95.24,1.2449999999999974,93.3831486839594,0.6118513160405996,0.0,False,783.9225498387232,-0.0019020489851435604,0.0,0.6603220922058597,95.36316516208758,-1.3681651620875783,0.12316516208758799,True
2027-06-17,0.7457582659513255,690.0,109.35,17.82,105.97,17.77,744.0,2762.0,1.0,6.0,107.66,17.795,True,781.2024963259479,0.970693612435626,-0.12414279690783867,True,89.865,88.15,91.58,1.7149999999999963,88.52968062178127,1.3353193782187276,0.0,False,783.9225498387232,-0.0019020489851435604,0.0,0.7130112010102572,90.45700799110506,-0.5920079911050635,0.0,False
2027-06-17,0.7457582659513255,695.0,104.06,18.66,101.65,18.6,264.0,2092.0,2.0,2.0,102.855,18.630000000000003,True,781.2024963259479,0.970693612435626,-0.1169225489343515,True,84.225,82.99000000000001,85.46000000000001,1.2349999999999994,83.67621255960314,0.5487874403968505,0.0,False,783.9225498387232,-0.0019020489851435604,0.0,0.7703952648011345,85.54615586513606,-1.3211558651360633,0.08615586513604967,True
2027-06-17,0.7457582659513255,700.0,101.1,19.54,97.93,19.48,2827.0,9137.0,1.0,4.0,99.515,19.509999999999998,True,781.2024963259479,0.970693612435626,-0.10975405945573899,True,80.005,78.39000000000001,81.61999999999999,1.6149999999999878,78.822744497425,1.1822555025749892,0.0,False,783.9225498387232,-0.0019020489851435604,0.0,0.8331125747778287,80.62997049298123,-0.6249704929812339,0.0,False
2027-06-17,0.7457582659513255,705.0,97.35,20.46,94.01,20.39,533.0,2698.0,3.0,213.0,95.68,20.425,True,781.2024963259479,0.970693612435626,-0.10263659168687504,True,75.25500000000001,73.55000000000001,76.96,1.7049999999999912,73.96927643524688,1.2857235647531269,0.0,False,783.9225498387232,-0.0019020489851435604,0.0,0.9015887576754338,75.70802624790551,-0.4530262479054983,0.0,False
2027-06-17,0.7457582659513255,710.0,91.91,21.43,89.75,21.32,407.0,14322.0,5.0,5.0,90.83,21.375,True,781.2024963259479,0.970693612435626,-0.09556942446378262,True,69.455,68.32,70.59,1.1350000000000051,69.11580837306875,0.33919162693125315,0.0,False,783.9225498387232,-0.0019020489851435604,0.0,0.9763035524950467,70.77984339090776,-1.324843390907759,0.18984339090775393,True
2027-06-17,0.7457582659513255,715.0,88.27,22.48,87.69,22.35,406.0,2230.0,20.0,2.0,87.97999999999999,22.415,True,781.2024963259479,0.970693612435626,-0.08855185180513599,True,65.565,65.21,65.91999999999999,0.3549999999999969,64.26234031089062,1.302659689109376,0.947659689109372,True,783.9225498387232,-0.0019020489851435604,0.0,1.0590138673498366,65.84366501387484,-0.27866501387484277,0.0,False
2027-06-17,0.7457582659513255,720.0,84.46,23.51,82.76,23.39,843.0,3558.0,1.0,5.0,83.61,23.450000000000003,True,781.2024963259479,0.970693612435626,-0.08158318248904267,True,60.16,59.25,61.06999999999999,0.9099999999999966,59.408872248712484,0.7511277512875125,0.0,False,783.9225498387232,-0.0019020489851435604,0.0,1.1486448605698243,60.90056595847671,-0.740565958476715,0.0,False
2027-06-17,0.7457582659513255,725.0,80.65,24.67,80.11,24.56,1444.0,1325.0,7.0,19.0,80.38,24.615000000000002,True,781.2024963259479,0.970693612435626,-0.07466273964446893,True,55.76499999999999,55.44,56.09,0.32500000000000284,54.55540418653436,1.2095958134656328,0.8845958134656371,True,783.9225498387232,-0.0019020489851435604,0.0,1.2484875090240664,55.94725524784434,-0.18225524784434555,0.0,False
2027-06-17,0.7457582659513255,730.0,77.56,25.89,75.44,25.75,1249.0,4321.0,6.0,5.0,76.5,25.82,True,781.2024963259479,0.970693612435626,-0.06778986035670681,True,50.68,49.55,51.81,1.1300000000000026,49.70193612435623,0.9780638756437696,0.0,False,783.9225498387232,-0.0019020489851435604,0.0,1.3579421137652652,50.98433258092501,-0.3043325809250135,0.0,False
2027-06-17,0.7457582659513255,735.0,72.96,27.13,70.84,27.01,972.0,2263.0,17.0,7.0,71.9,27.07,True,781.2024963259479,0.970693612435626,-0.060963895286306975,True,44.830000000000005,43.71000000000001,45.94999999999999,1.1199999999999903,44.8484680621781,-0.018468062178094158,0.0,False,783.9225498387232,-0.0019020489851435604,0.0,1.478257342464854,46.010549290047294,-1.1805492900472885,0.06054929004730525,True
2027-06-17,0.7457582659513255,740.0,69.59,28.46,67.2,28.34,958.0,3022.0,6.0,8.0,68.39500000000001,28.4,True,781.2024963259479,0.970693612435626,-0.054184208300928245,True,39.99500000000001,38.74,41.25,1.254999999999999,39.99499999999997,4.263256414560601e-14,0.0,False,783.9225498387232,-0.0019020489851435604,0.0,1.6112988109580613,41.02403975937596,-1.029039759375948,0.0,False
2027-06-17,0.7457582659513255,745.0,67.36,29.85,65.53,29.74,1497.0,1794.0,1.0,6.0,66.445,29.795,True,781.2024963259479,0.970693612435626,-0.04745017611958419,True,36.64999999999999,35.68,37.620000000000005,0.9700000000000024,35.14153193782184,1.508468062178153,0.5384680621781612,True,783.9225498387232,-0.0019020489851435604,0.0,1.7582697534741172,36.02360075468177,0.6263992453182183,0.0,False
2027-06-17,0.7457582659513255,750.0,62.54,31.32,60.15,31.18,1823.0,7742.0,20.0,8.0,61.345,31.25,True,781.2024963259479,0.970693612435626,-0.0407611879687875,True,30.095,28.83,31.36,1.2650000000000006,30.288063875643708,-0.19306387564370908,0.0,False,783.9225498387232,-0.0019020489851435604,0.0,1.9208849509259096,31.00751749505185,-0.9125174950518513,0.0,False
2027-06-17,0.7457582659513255,755.0,59.09,32.96,58.63,32.81,1600.0,2022.0,1.0,3.0,58.86,32.885000000000005,True,781.2024963259479,0.970693612435626,-0.034116645250118954,True,25.974999999999994,25.67,26.28,0.3049999999999997,25.434595813465577,0.5404041865344169,0.2354041865344243,True,783.9225498387232,-0.0019020489851435604,0.0,2.1014071456999446,25.973527238099685,0.0014727619003096493,0.0,False
2027-06-17,0.7457582659513255,760.0,55.73,34.62,55.23,34.5,3637.0,4555.0,26.0,2.0,55.48,34.56,True,781.2024963259479,0.970693612435626,-0.027515961218766923,True,20.919999999999995,20.61,21.229999999999997,0.3099999999999987,20.581127751287447,0.33887224871254773,0.028872248712552562,True,783.9225498387232,-0.0019020489851435604,0.0,2.301469272415659,20.91999704920584,2.9507941547990413e-06,0.0,False
2027-06-17,0.7457582659513255,765.0,52.18,36.34,52.0,36.21,2346.0,2208.0,1.0,135.0,52.09,36.275000000000006,True,781.2024963259479,0.970693612435626,-0.020958560672607877,True,15.814999999999998,15.659999999999997,15.969999999999999,0.15500000000000114,15.727659689109316,0.0873403108906814,0.0,False,783.9225498387232,-0.0019020489851435604,0.0,2.5243289627550993,15.843669296688269,-0.028669296688271118,0.0,False
2027-06-17,0.7457582659513255,770.0,49.27,38.21,48.79,38.07,1721.0,2263.0,55.0,2.0,49.03,38.14,True,781.2024963259479,0.970693612435626,-0.0144438796514141,True,10.89,10.579999999999998,11.200000000000003,0.3100000000000023,10.874191626931186,0.015808373068814774,0.0,False,783.9225498387232,-0.0019020489851435604,0.0,2.7724652520329798,10.742064945232258,0.1479350547677427,0.0,False
2027-06-17,0.7457582659513255,775.0,46.16,40.22,45.69,40.06,1998.0,1864.0,5.0,6.0,45.925,40.14,True,781.2024963259479,0.970693612435626,-0.007971365145796667,True,5.784999999999997,5.469999999999999,6.099999999999994,0.3149999999999977,6.020723564753056,-0.23572356475305956,0.0,False,783.9225498387232,-0.0019020489851435604,0.0,3.048234410987199,5.612827724099908,0.17217227590008832,0.0,False
2027-06-17,0.7457582659513255,780.0,42.78,42.29,42.65,42.14,3408.0,2012.0,18.0,9.0,42.715,42.215,True,781.2024963259479,0.970693612435626,-0.0015404748155062708,True,0.5,0.35999999999999943,0.6400000000000006,0.14000000000000057,1.1672555025749263,-0.6672555025749263,0.5272555025749257,True,783.9225498387232,-0.0019020489851435604,0.0,3.3572437959297616,0.45035027697921537,0.04964972302078463,0.0,False
2027-06-17,0.7457582659513255,785.0,39.89,44.59,39.75,44.41,3463.0,1135.0,1.0,9.0,39.82,44.5,True,781.2024963259479,0.970693612435626,0.004849323283264821,True,-4.68,-4.840000000000003,-4.519999999999996,0.1600000000000037,-3.686212559603204,-0.9937874403967957,0.833787440396792,True,783.9225498387232,-0.0019020489851435604,0.0,3.696911868966893,-4.742785858236046,0.06278585823604654,0.0,False
2027-06-17,0.7457582659513255,790.0,37.09,46.98,36.99,46.79,2359.0,1075.0,84.0,2.0,37.040000000000006,46.885,True,781.2024963259479,0.970693612435626,0.011198550961923539,True,-9.844999999999992,-9.989999999999995,-9.699999999999996,0.14499999999999957,-8.539680621781335,-1.3053193782186572,1.1603193782186612,True,783.9225498387232,-0.0019020489851435604,0.0,4.074081541017719,-9.973423592465002,0.12842359246501012,0.0,False
2027-06-17,0.7457582659513255,795.0,34.38,49.43,34.23,49.29,3677.0,1206.0,62.0,36.0,34.305,49.36,True,781.2024963259479,0.970693612435626,0.01750772015518823,True,-15.055,-15.200000000000003,-14.909999999999997,0.14500000000000313,-13.393148683959463,-1.6618513160405364,1.5168513160405332,True,783.9225498387232,-0.0019020489851435604,0.0,4.496341810663516,-15.24915192428893,0.19415192428892958,0.04915192428892645,True
2027-06-17,0.7457582659513255,800.0,31.79,52.19,31.68,52.01,16892.0,6814.0,10.0,33.0,31.735,52.099999999999994,True,781.2024963259479,0.970693612435626,0.0237773331687836,True,-20.364999999999995,-20.509999999999998,-20.22,0.14499999999999957,-18.246616746137594,-2.118383253862401,1.973383253862405,True,783.9225498387232,-0.0019020489851435604,0.0,4.970393482881285,-20.57667165868483,0.2116716586848355,0.06667165868483238,True
2027-06-17,0.7457582659513255,805.0,29.34,55.02,29.23,54.81,2374.0,2387.0,43.0,42.0,29.285,54.915000000000006,True,781.2024963259479,0.970693612435626,0.030007882919419644,True,-25.630000000000006,-25.790000000000003,-25.470000000000002,0.16000000000000014,-23.100084808315724,-2.5299151916842817,2.369915191684278,True,783.9225498387232,-0.0019020489851435604,0.0,5.4865508366655575,-25.94629707464723,0.316297074647224,0.15629707464722742,True
2027-06-17,0.7457582659513255,810.0,27.01,58.39,26.87,56.14,3238.0,655.0,11.0,1.0,26.94,57.265,True,781.2024963259479,0.970693612435626,0.036199853167340694,True,-30.325,-31.52,-29.13,1.1950000000000003,-27.953552870493855,-2.3714471295061443,1.176447129506144,True,783.9225498387232,-0.0019020489851435604,0.0,6.064527536339163,-31.377741836498966,1.0527418364989671,0.0,False
2027-06-17,0.7457582659513255,815.0,24.8,61.59,24.68,61.15,2686.0,1795.0,1.0,1.0,24.740000000000002,61.370000000000005,True,781.2024963259479,0.970693612435626,0.04235371874171914,True,-36.63,-36.910000000000004,-36.349999999999994,0.2800000000000047,-32.80702093267198,-3.8229790673280206,3.5429790673280124,True,783.9225498387232,-0.0019020489851435604,0.0,6.698936422347025,-36.865618784684955,0.23561878468495223,0.0,False
2027-06-17,0.7457582659513255,820.0,22.7,66.4,22.57,64.59,2986.0,1835.0,4.0,2.0,22.634999999999998,65.495,True,781.2024963259479,0.970693612435626,0.0484699457591552,True,-42.86000000000001,-43.830000000000005,-41.89,0.9700000000000024,-37.66048899485011,-5.199511005149894,4.229511005149888,True,783.9225498387232,-0.0019020489851435604,0.0,7.4104924524181826,-42.43064287693424,-0.42935712306576335,0.0,False
2027-06-17,0.7457582659513255,825.0,20.66,70.09,20.58,66.63,3422.0,209.0,21.0,8.0,20.619999999999997,68.36,True,781.2024963259479,0.970693612435626,0.05454899183553736,True,-47.74,-49.510000000000005,-45.97,1.7700000000000031,-42.51395705702824,-5.226042942971759,3.456042942971756,True,783.9225498387232,-0.0019020489851435604,0.0,8.204476467667426,-48.07809495436162,0.3380949543616154,0.0,False
2027-06-17,0.7457582659513255,830.0,18.89,73.98,18.78,70.49,2675.0,560.0,7.0,49.0,18.835,72.235,True,781.2024963259479,0.970693612435626,0.060591306291499954,True,-53.4,-55.2,-51.599999999999994,1.8000000000000043,-47.36742511920637,-6.032574880793625,4.232574880793621,True,783.9225498387232,-0.0019020489851435604,0.0,9.045687900586564,-53.772774449458886,0.3727744494588876,0.0,False
2027-06-17,0.7457582659513255,835.0,17.17,76.73,17.07,74.98,2260.0,3205.0,2.0,67.0,17.12,75.855,True,781.2024963259479,0.970693612435626,0.0665973303517118,True,-58.735,-59.660000000000004,-57.81,0.9250000000000007,-52.220893181384504,-6.514106818615495,5.589106818615498,True,783.9225498387232,-0.0019020489851435604,0.0,9.987363879910518,-59.56791849096097,0.8329184909609708,0.0,False
2027-06-17,0.7457582659513255,840.0,15.61,82.56,15.5,78.97,4896.0,3271.0,36.0,3.0,15.555,80.765,True,781.2024963259479,0.970693612435626,0.07256749733821559,False,-65.21000000000001,-67.06,-63.36,1.8500000000000014,-57.074361243562635,-8.135638756437373,6.285638756437365,True,783.9225498387232,-0.0019020489851435604,0.0,11.000919121470957,-65.43494179469954,0.22494179469953224,0.0,False
2027-06-17,0.7457582659513255,845.0,14.11,87.54,14.04,83.7,3976.0,2721.0,11.0,2.0,14.075,85.62,True,781.2024963259479,0.970693612435626,0.07850223285803011,False,-71.545,-73.5,-69.59,1.9549999999999983,-61.927829305740765,-9.617170694259237,7.662170694259238,True,783.9225498387232,-0.0019020489851435604,0.0,12.12545387844088,-71.4129446138476,-0.13205538615240187,0.0,False
2027-06-17,0.7457582659513255,850.0,12.76,91.8,12.67,88.58,4683.0,2093.0,12.0,22.0,12.715,90.19,True,781.2024963259479,0.970693612435626,0.08440195498521838,False,-77.475,-79.13,-75.82,1.6550000000000011,-66.7812973679189,-10.693702632081099,9.038702632081097,True,783.9225498387232,-0.0019020489851435604,0.0,13.34615085749482,-77.48710965507966,0.012109655079669324,0.0,False
2027-06-17,0.7457582659513255,855.0,11.52,96.88,11.47,93.56,4145.0,922.0,1.0,2.0,11.495000000000001,95.22,True,781.2024963259479,0.970693612435626,0.09026707443761663,False,-83.725,-85.41,-82.04,1.6849999999999952,-71.63476543009702,-12.090234569902975,10.405234569902987,True,783.9225498387232,-0.0019020489851435604,0.0,14.640588522347116,-83.63501538211008,-0.08998461788991108,0.0,False
2027-06-17,0.7457582659513255,860.0,10.39,102.21,10.34,98.69,5892.0,176.0,8.0,2.0,10.365,100.44999999999999,True,781.2024963259479,0.970693612435626,0.0960979947484098,False,-90.085,-91.86999999999999,-88.3,1.7849999999999966,-76.48823349227516,-13.596766507724837,11.81176650772484,True,783.9225498387232,-0.0019020489851435604,0.0,15.917116383055657,-89.76501130499676,-0.31998869500323224,0.0,False
2027-06-17,0.7457582659513255,865.0,9.37,106.88,9.32,103.48,12707.0,46.0,1.0,10.0,9.344999999999999,105.18,True,781.2024963259479,0.970693612435626,0.10189511243273568,False,-95.83500000000001,-97.56,-94.11,1.7250000000000014,-81.34170155445328,-14.493298445546728,12.76829844554672,True,783.9225498387232,-0.0019020489851435604,0.0,17.083644405901737,-95.78500739002097,-0.04999260997904287,0.0,False
2027-06-17,0.7457582659513255,870.0,8.44,111.94,8.4,108.47,3174.0,1.0,2.0,4.0,8.42,110.205,True,781.2024963259479,0.970693612435626,0.10765881714948573,False,-101.785,-103.53999999999999,-100.03,1.7549999999999955,-86.19516961663142,-15.589830383368579,13.834830383368583,True,783.9225498387232,-0.0019020489851435604,0.0,18.15517263958118,-101.71000368587855,-0.07499631412144936,0.0,False
2027-06-17,0.7457582659513255,880.0,6.79,122.22,6.75,118.35,5979.0,1.0,23.0,1.0,6.77,120.285,True,781.2024963259479,0.970693612435626,0.11908751297310843,False,-113.515,-115.47,-111.55999999999999,1.9550000000000054,-95.90210574098768,-17.61289425901232,15.65789425901231,True,783.9225498387232,-0.0019020489851435604,0.0,20.098229545891925,-113.35999671654555,-0.15500328345444814,0.0,False
2027-06-17,0.7457582659513255,885.0,6.08,127.22,6.04,123.4,9640.0,0.0,4.0,2.0,6.0600000000000005,125.31,True,781.2024963259479,0.970693612435626,0.12475325050878577,False,-119.25,-121.17999999999999,-117.32000000000001,1.9299999999999926,-100.7555738031658,-18.494426196834198,16.564426196834205,True,783.9225498387232,-0.0019020489851435604,0.0,20.954758381446254,-119.069993614278,-0.18000638572199534,0.0,False
2027-06-17,0.7457582659513255,900.0,4.34,142.47,4.31,138.0,10622.0,0.0,4.0,1.0,4.324999999999999,140.235,True,781.2024963259479,0.970693612435626,0.14156036882516712,False,-135.91000000000003,-138.16,-133.66,2.25,-115.3159779897002,-20.594022010299824,18.344022010299796,True,783.9225498387232,-0.0019020489851435604,0.0,23.129346642994264,-135.8049860623604,-0.10501393763962596,0.0,False
2027-06-17,0.7457582659513255,920.0,2.72,152.85,2.69,149.25,4935.0,0.0,50.0,0.0,2.705,151.05,False,781.2024963259479,0.970693612435626,0.16353927554394226,False,-148.345,-150.16,-146.53,1.8149999999999977,-134.72985023841272,-13.615149761587276,11.800149761587278,True,783.9225498387232,-0.0019020489851435604,0.0,25.335468388293748,-157.42498005637242,9.07998005637242,7.264980056372423,True
2027-06-17,0.7457582659513255,945.0,1.52,187.71,1.49,183.11,3283.0,0.0,1.0,0.0,1.505,185.41000000000003,False,781.2024963259479,0.970693612435626,0.1903505329945991,False,-183.90500000000003,-186.22,-181.59,2.3149999999999977,-158.99719054930335,-24.907809450696675,22.59280945069665,True,783.9225498387232,-0.0019020489851435604,0.0,27.26812623318736,-183.62497821215666,-0.28002178784336706,0.0,False
2027-06-17,0.7457582659513255,950.0,1.34,199.61,1.32,195.72,2123.0,0.0,8.0,0.0,1.33,197.66500000000002,False,781.2024963259479,0.970693612435626,0.19562759009544284,False,-196.335,-198.29000000000002,-194.38,1.9550000000000125,-163.8506586114815,-32.484341388518516,30.529341388518503,True,783.9225498387232,-0.0019020489851435604,0.0,27.58965838953,-188.79997843067744,-7.535021569322566,5.580021569322554,True
2027-06-17,0.7457582659513255,1010.0,0.39,242.71,0.38,239.07,1326.0,0.0,3.0,0.0,0.385,240.89,False,781.2024963259479,0.970693612435626,0.25687121533616153,False,-240.505,-242.33,-238.68,1.8250000000000028,-222.09227535761906,-18.412724642380937,16.587724642380948,True,783.9225498387232,-0.0019020489851435604,0.0,30.2930486375613,-249.7449854248463,9.23998542484631,7.414985424846293,True
2027-06-17,0.7457582659513255,1040.0,0.26,272.76,0.24,269.03,216.0,0.0,4.0,0.0,0.25,270.895,False,781.2024963259479,0.970693612435626,0.2861415976362746,False,-270.645,-272.52,-268.77,1.875,-251.21308373068783,-19.431916269312154,17.556916269312154,True,783.9225498387232,-0.0019020489851435604,0.0,31.307243249087065,-279.87998840944084,9.23498840944086,7.359988409440859,True
2027-12-17,1.247128128965024,50.0,712.46,0.03,707.67,0.01,0.0,2072.0,1.0,20.0,710.065,0.02,False,796.3461021933857,0.9504252210137702,-2.7680108876678315,False,710.0450000000001,707.64,712.45,2.4050000000000296,709.3461591299146,0.6988408700855189,0.0,False,801.0047963796442,-0.001502477524806714,0.0,6.383013107090911e-10,713.7738995808865,-3.7288995808863774,1.3238995808864047,True
2027-12-17,1.247128128965024,55.0,627.74,0.07,623.0,0.04,0.0,22.0,2.0,1.0,625.37,0.05500000000000001,False,796.3461021933857,0.9504252210137702,-2.6727007078635068,False,625.315,622.93,627.7,2.3850000000000477,704.5940330248458,-79.27903302484572,76.89403302484573,True,801.0047963796442,-0.001502477524806714,0.0,2.1833243177939218e-09,709.0217734742727,-83.70677347427261,81.32177347427262,True
2027-12-17,1.247128128965024,85.0,672.5,0.09,668.0,0.07,0.0,622.0,1.0,10.0,670.25,0.08,True,796.3461021933857,0.9504252210137702,-2.2373826366056613,False,670.17,667.91,672.43,2.259999999999991,676.0812763944326,-5.911276394432662,3.6512763944326707,True,801.0047963796442,-0.001502477524806714,0.0,3.848392127458401e-07,680.5090164612036,-10.339016461203641,8.07901646120365,True
2027-12-17,1.247128128965024,100.0,666.5,0.12,661.52,0.1,3.0,1752.0,1.0,200.0,664.01,0.11,True,796.3461021933857,0.9504252210137702,-2.074863707107886,False,663.9,661.4,666.4,2.5,661.824898079226,2.075101920773932,0.0,False,801.0047963796442,-0.001502477524806714,0.0,2.207251806357125e-06,666.2526363235845,-2.352636323584534,0.0,False
2027-12-17,1.247128128965024,200.0,567.4,0.64,562.5,0.63,295.0,2314.0,2.0,2.0,564.95,0.635,True,796.3461021933857,0.9504252210137702,-1.381716526547941,False,564.315,561.86,566.77,2.454999999999984,566.782375977849,-2.467375977848974,0.012375977849046649,True,801.0047963796442,-0.001502477524806714,0.0,0.0013134588665065505,571.2088029705927,-6.893802970592674,4.4388029705927465,True
2027-12-17,1.247128128965024,205.0,489.43,0.82,485.0,0.81,8.0,15.0,2.0,6.0,487.21500000000003,0.815,True,796.3461021933857,0.9504252210137702,-1.3570239139575695,False,486.40000000000003,484.18,488.62,2.219999999999999,562.0302498727802,-75.63024987278021,73.41024987278024,True,801.0047963796442,-0.001502477524806714,0.0,0.0015992314897029514,566.4563910929008,-80.05639109290081,77.83639109290084,True
2027-12-17,1.247128128965024,210.0,484.8,0.72,479.8,0.7,109.0,36.0,1.0,5.0,482.3,0.71,True,796.3461021933857,0.9504252210137702,-1.332926362378509,False,481.59000000000003,479.08,484.1,2.5100000000000193,557.2781237677113,-75.68812376771132,73.17812376771133,True,801.0047963796442,-0.001502477524806714,0.0,0.0019345648003271099,561.7039296545213,-80.11392965452126,77.60392965452127,True
2027-12-17,1.247128128965024,215.0,460.2,0.76,456.0,0.74,3.0,1134.0,1.0,1.0,458.1,0.75,True,796.3461021933857,0.9504252210137702,-1.3093958649683148,False,457.35,455.24,459.46,2.109999999999985,552.5259976626425,-95.17599766264243,93.06599766264247,True,801.0047963796442,-0.001502477524806714,0.0,0.002325314306683035,556.9514127999461,-99.60141279994605,97.49141279994609,True
2027-12-17,1.247128128965024,220.0,551.5,0.8,546.67,0.79,17.0,789.0,4.0,10.0,549.085,0.795,True,796.3461021933857,0.9504252210137702,-1.286406346743616,False,548.2900000000001,545.87,550.71,2.420000000000016,547.7738715575737,0.5161284424264068,0.0,False,801.0047963796442,-0.001502477524806714,0.0,0.0027783051786310353,552.1988337040053,-3.9088337040052465,1.4888337040052875,True
2027-12-17,1.247128128965024,230.0,517.61,1.07,515.0,1.05,4.0,1179.0,1.0,1.0,516.3050000000001,1.06,True,796.3461021933857,0.9504252210137702,-1.2419545841727824,False,515.2450000000001,513.93,516.5600000000001,1.3150000000000546,538.2696193474359,-23.02461934743576,21.70961934743582,True,801.0047963796442,-0.001502477524806714,0.0,0.003905755864930749,542.6934540431813,-27.448454043181187,26.133454043181246,True
2027-12-17,1.247128128965024,240.0,457.23,0.99,452.5,0.97,7.0,332.0,2.0,6.0,454.865,0.98,True,796.3461021933857,0.9504252210137702,-1.1993949697539863,False,453.885,451.51,456.26,2.375,528.7653671372982,-74.88036713729821,72.50536713729821,True,801.0047963796442,-0.001502477524806714,0.0,0.005376938006231735,533.1877306509023,-79.30273065090228,76.92773065090228,True
2027-12-17,1.247128128965024,245.0,520.92,1.03,516.5,1.01,2.0,78.0,0.0,41.0,518.71,1.02,True,796.3461021933857,0.9504252210137702,-1.1787756825512508,False,517.69,515.47,519.91,2.2199999999999704,524.0132410322294,-6.323241032229362,4.103241032229448,True,801.0047963796442,-0.001502477524806714,0.0,0.006263106986112821,528.4347183768535,-10.744718376853484,8.52471837685357,True
2027-12-17,1.247128128965024,250.0,512.95,1.08,510.0,1.06,23.0,653.0,1.0,290.0,511.475,1.07,True,796.3461021933857,0.9504252210137702,-1.1585729752337313,False,510.40500000000003,508.92,511.89000000000004,1.4850000000000136,519.2611149271605,-8.85611492716049,7.371114927160477,True,801.0047963796442,-0.001502477524806714,0.0,0.007262073771543198,523.6815933049992,-13.276593304999153,11.79159330499914,True
2027-12-17,1.247128128965024,255.0,524.0,1.13,519.5,1.12,524.0,216.0,4.0,10.0,521.75,1.125,True,796.3461021933857,0.9504252210137702,-1.1387703479375515,False,520.625,518.37,522.88,2.2549999999999955,514.5089888220916,6.116011177908376,3.861011177908381,True,801.0047963796442,-0.001502477524806714,0.0,0.008385382860499946,518.9283438908415,1.696656109158539,0.0,False
2027-12-17,1.247128128965024,260.0,511.5,1.17,506.68,1.15,13.0,126.0,1.0,1.0,509.09000000000003,1.16,True,796.3461021933857,0.9504252210137702,-1.11935226208045,False,507.93,505.51,510.35,2.420000000000016,509.75686271702284,-1.8268627170228342,0.0,False,801.0047963796442,-0.001502477524806714,0.0,0.009642052136894619,514.1749611164962,-6.244961116496199,3.8249611164961834,True
2027-12-17,1.247128128965024,270.0,480.99,1.3,478.0,1.28,12.0,1233.0,1.0,33.0,479.495,1.29,True,796.3461021933857,0.9504252210137702,-1.081611934097603,False,478.205,476.7,479.71000000000004,1.5050000000000239,500.2526105068851,-22.04761050688512,20.54261050688507,True,801.0047963796442,-0.001502477524806714,0.0,0.012608771392513818,504.6677421871029,-26.46274218710289,24.957742187102838,True
2027-12-17,1.247128128965024,275.0,430.5,1.35,425.53,1.33,5.0,219.0,1.0,4.0,428.015,1.34,True,796.3461021933857,0.9504252210137702,-1.0632627954294065,False,426.675,424.17999999999995,429.17,2.495000000000033,495.50048440181627,-68.82548440181625,66.33048440181625,True,801.0047963796442,-0.001502477524806714,0.0,0.014345098233489173,499.913879755193,-73.23887975519301,70.743879755193,True
2027-12-17,1.247128128965024,280.0,493.0,1.41,488.11,1.39,23.0,1187.0,14.0,2.0,490.555,1.4,True,796.3461021933857,0.9504252210137702,-1.045244289926728,False,489.15500000000003,486.7,491.61,2.4550000000000125,490.7483582967474,-1.5933582967473967,0.0,False,801.0047963796442,-0.001502477524806714,0.0,0.016265651504357992,495.15983309685333,-6.004833096853304,3.5498330968533196,True
2027-12-17,1.247128128965024,285.0,484.03,1.74,479.5,1.72,6.0,44.0,1.0,3.0,481.765,1.73,True,796.3461021933857,0.9504252210137702,-1.0275447128273272,False,480.03499999999997,477.76,482.30999999999995,2.2749999999999773,485.9962321916786,-5.961232191678619,3.6862321916786414,True,801.0047963796442,-0.001502477524806714,0.0,0.01838369561785802,490.405588947671,-10.370588947671024,8.095588947671047,True
2027-12-17,1.247128128965024,295.0,407.23,1.59,402.5,1.57,2.0,448.0,3.0,1.0,404.865,1.58,True,796.3461021933857,0.9504252210137702,-0.9930585367561577,False,403.285,400.91,405.66,2.375,476.49197998154085,-73.20697998154083,70.83197998154083,True,801.0047963796442,-0.001502477524806714,0.0,0.023280412295723973,480.89644002085544,-77.61144002085541,75.23644002085541,True
2027-12-17,1.247128128965024,300.0,474.5,1.65,469.58,1.63,265.0,906.0,1.0,1.0,472.03999999999996,1.64,True,796.3461021933857,0.9504252210137702,-0.9762514184397767,False,470.4,467.93,472.87,2.469999999999999,471.739853876472,-1.3398538764720342,0.0,False,801.0047963796442,-0.001502477524806714,0.0,0.024537293938583282,476.1430570341437,-5.743057034143703,3.273057034143676,True
2027-12-17,1.247128128965024,305.0,450.78,1.72,446.5,1.71,5.0,593.0,2.0,1.0,448.64,1.7149999999999999,True,796.3461021933857,0.9504252210137702,-0.9597221164885661,False,446.925,444.78,449.07,2.1450000000000102,466.9877277714032,-20.06272777140316,17.91772777140318,True,801.0047963796442,-0.001502477524806714,0.0,0.02604186461697222,471.38942635839646,-24.46442635839645,22.31942635839647,True
2027-12-17,1.247128128965024,310.0,368.5,1.79,363.86,1.77,26.0,184.0,1.0,123.0,366.18,1.78,True,796.3461021933857,0.9504252210137702,-0.9434615956167858,False,364.40000000000003,362.07,366.73,2.3300000000000125,462.23560166633433,-97.8356016663343,95.50560166633431,True,801.0047963796442,-0.001502477524806714,0.0,0.02744456934550832,466.6358975485991,-102.23589754859904,99.90589754859906,True
2027-12-17,1.247128128965024,315.0,441.62,1.86,437.5,1.84,11.0,1637.0,2.0,124.0,439.56,1.85,True,796.3461021933857,0.9504252210137702,-0.9274612542703446,False,437.71,435.64,439.78000000000003,2.0700000000000216,457.48347556126544,-19.773475561265457,17.703475561265407,True,801.0047963796442,-0.001502477524806714,0.0,0.028958426638680868,461.8822575862371,-24.172257586237095,22.102257586237045,True
2027-12-17,1.247128128965024,320.0,456.0,1.93,451.07,1.92,12.0,247.0,1.0,16.0,453.53499999999997,1.9249999999999998,True,796.3461021933857,0.9504252210137702,-0.9117128973022054,False,451.60999999999996,449.14,454.08,2.469999999999999,452.7313494561966,-1.12134945619664,0.0,False,801.0047963796442,-0.001502477524806714,0.0,0.030586192524219014,457.12850371528265,-5.518503715282691,3.0485037152826635,True
2027-12-17,1.247128128965024,325.0,451.44,2.0,446.5,1.98,6.0,1298.0,2.0,249.0,448.97,1.99,True,796.3461021933857,0.9504252210137702,-0.8962087107662401,False,446.98,444.5,449.46,2.4799999999999898,447.97922335112776,-0.9992233511277391,0.0,False,801.0047963796442,-0.001502477524806714,0.0,0.03210534169631485,452.3748584610417,-5.394858461041679,2.9148584610417174,True
2027-12-17,1.247128128965024,330.0,446.85,2.08,442.0,2.06,44.0,144.0,4.0,44.0,444.425,2.0700000000000003,True,796.3461021933857,0.9504252210137702,-0.8809412386354517,False,442.355,439.92,444.79,2.4350000000000023,443.2270972460589,-0.8720972460588996,0.0,False,801.0047963796442,-0.001502477524806714,0.0,0.033899579884590914,447.6209381177846,-5.265938117784572,2.8309381177845694,True
2027-12-17,1.247128128965024,335.0,423.34,2.17,419.0,2.14,8.0,594.0,2.0,250.0,421.16999999999996,2.1550000000000002,True,796.3461021933857,0.9504252210137702,-0.8659033612709113,False,419.015,416.83,421.2,2.1850000000000023,438.4749711409901,-19.459971140990092,17.27497114099009,True,801.0047963796442,-0.001502477524806714,0.0,0.035822231481924316,442.8668893611184,-23.851889361118424,21.66688936111842,True
2027-12-17,1.247128128965024,340.0,418.78,2.24,414.5,2.22,10.0,3604.0,3.0,44.0,416.64,2.2300000000000004,True,796.3461021933857,0.9504252210137702,-0.8510882754857706,False,414.40999999999997,412.26,416.55999999999995,2.1499999999999773,433.7228450359212,-19.312845035921214,17.162845035921237,True,801.0047963796442,-0.001502477524806714,0.0,0.03763861334891505,438.11294687418257,-23.7029468741826,21.552946874182624,True
2027-12-17,1.247128128965024,345.0,385.5,2.3,380.69,2.28,11.0,4264.0,2.0,1.0,383.095,2.29,True,796.3461021933857,0.9504252210137702,-0.8364894760646179,False,380.805,378.39,383.22,2.4150000000000205,428.97071893085234,-48.165718930852336,45.750718930852315,True,801.0047963796442,-0.001502477524806714,0.0,0.03927004437081516,433.35918933809177,-52.55418933809176,50.13918933809174,True
2027-12-17,1.247128128965024,350.0,428.37,2.42,423.5,2.4,365.0,7440.0,1.0,5.0,425.935,2.41,True,796.3461021933857,0.9504252210137702,-0.8221007386125183,False,423.525,421.08,425.97,2.4450000000000216,424.2185928257835,-0.6935928257835258,0.0,False,801.0047963796442,-0.001502477524806714,0.0,0.04190924599532364,428.6044240313984,-5.079424031398446,2.634424031398396,True
2027-12-17,1.247128128965024,355.0,353.36,2.5,348.5,2.48,100.0,242.0,1.0,36.0,350.93,2.49,True,796.3461021933857,0.9504252210137702,-0.8079161036205619,False,348.44,346.0,350.88,2.4399999999999977,419.46646672071466,-71.02646672071467,68.58646672071467,True,801.0047963796442,-0.001502477524806714,0.0,0.04398610914799139,423.85022106317695,-75.41022106317695,72.97022106317695,True
2027-12-17,1.247128128965024,365.0,407.92,2.68,404.55,2.66,14.0,326.0,1.0,85.0,406.235,2.67,True,796.3461021933857,0.9504252210137702,-0.7801365395134862,False,403.565,401.87,405.26,1.6949999999999932,409.9622145105769,-6.39721451057693,4.702214510576937,True,801.0047963796442,-0.001502477524806714,0.0,0.04864232065735141,414.3413126415299,-10.776312641529898,9.081312641529905,True
2027-12-17,1.247128128965024,370.0,409.95,2.79,405.0,2.76,78.0,3674.0,2.0,1.0,407.475,2.775,True,796.3461021933857,0.9504252210137702,-0.7665308874577076,False,404.70000000000005,402.21,407.19,2.490000000000009,405.2100884055081,-0.5100884055080428,0.0,False,801.0047963796442,-0.001502477524806714,0.0,0.05131832999458297,409.5865105271238,-4.886510527123733,2.3965105271237803,True
2027-12-17,1.247128128965024,380.0,400.75,2.99,396.0,2.96,24.0,4003.0,2.0,3.0,398.375,2.975,True,796.3461021933857,0.9504252210137702,-0.7398626403755463,False,395.4,393.01,397.79,2.390000000000015,395.7058361953704,-0.30583619537043205,0.0,False,801.0047963796442,-0.001502477524806714,0.0,0.056754906511259584,400.07682174046937,-4.676821740469393,2.2868217404693496,True
2027-12-17,1.247128128965024,385.0,377.88,3.09,373.5,3.06,15.0,798.0,1.0,47.0,375.69,3.075,True,796.3461021933857,0.9504252210137702,-0.7267905588081934,False,372.615,370.41,374.82,2.204999999999984,390.95371009030157,-18.33871009030156,16.133710090301577,True,801.0047963796442,-0.001502477524806714,0.0,0.05959575912517456,395.32185478278666,-22.70685478278665,20.501854782786666,True
2027-12-17,1.247128128965024,395.0,389.5,3.31,384.83,3.28,17.0,183.0,10.0,1.0,387.16499999999996,3.295,True,796.3461021933857,0.9504252210137702,-0.7011481281948557,False,383.86999999999995,381.52,386.22,2.3500000000000227,381.44945788016383,2.4205421198361137,0.07054211983614778,True,801.0047963796442,-0.001502477524806714,0.0,0.065877134470683,385.8113211973034,-1.9413211973034663,0.0,False
2027-12-17,1.247128128965024,400.0,382.41,3.42,377.5,3.4,234.0,10009.0,1.0,70.0,379.95500000000004,3.41,True,796.3461021933857,0.9504252210137702,-0.6885693459879958,False,376.545,374.08,379.01000000000005,2.465000000000032,376.697331775095,-0.15233177509497864,0.0,False,801.0047963796442,-0.001502477524806714,0.0,0.06925421910655283,381.0558180075987,-4.510818007598687,2.0458180075986547,True
2027-12-17,1.247128128965024,405.0,358.72,3.54,355.5,3.52,68.0,517.0,2.0,50.0,357.11,3.5300000000000002,True,796.3461021933857,0.9504252210137702,-0.6761468259894384,False,353.58000000000004,351.96,355.20000000000005,1.620000000000033,371.94520567002616,-18.365205670026114,16.74520567002611,True,801.0047963796442,-0.001502477524806714,0.0,0.07283976320493446,376.3001063584315,-22.72010635843145,21.100106358431447,True
2027-12-17,1.247128128965024,410.0,373.25,3.67,368.5,3.64,66.0,9773.0,1.0,68.0,370.875,3.6550000000000002,True,796.3461021933857,0.9504252210137702,-0.6638767333976242,False,367.22,364.83,369.61,2.390000000000015,367.1930795649573,0.026920435042711688,0.0,False,801.0047963796442,-0.001502477524806714,0.0,0.07663037236498571,371.54418964420256,-4.324189644202534,1.9341896442025472,True
2027-12-17,1.247128128965024,420.0,371.5,3.93,366.75,3.89,44.0,951.0,1.0,1.0,369.125,3.91,True,796.3461021933857,0.9504252210137702,-0.6397791818185636,False,365.215,362.82,367.61,2.3950000000000102,357.6888273548196,7.526172645180395,5.131172645180413,True,801.0047963796442,-0.001502477524806714,0.0,0.0846565079468955,362.03191129848295,3.183088701517022,0.7880887015170401,True
2027-12-17,1.247128128965024,425.0,359.5,4.07,354.56,4.03,25.0,1665.0,2.0,10.0,357.03,4.050000000000001,True,796.3461021933857,0.9504252210137702,-0.6279447241715609,False,352.97999999999996,350.49,355.47,2.490000000000009,352.93670124975074,0.04329875024922103,0.0,False,801.0047963796442,-0.001502477524806714,0.0,0.08911482756930278,357.2753268737917,-4.295326873791737,1.805326873791671,True
2027-12-17,1.247128128965024,430.0,354.97,4.2,350.0,4.17,23.0,908.0,1.0,88.0,352.485,4.1850000000000005,True,796.3461021933857,0.9504252210137702,-0.6162486844083696,False,348.3,345.8,350.8,2.5,348.1845751446819,0.11542485531811053,0.0,False,801.0047963796442,-0.001502477524806714,0.0,0.09362832797249165,352.51868726831964,-4.218687268319627,1.718687268319627,True
2027-12-17,1.247128128965024,435.0,350.32,4.35,345.57,4.32,13.0,126.0,1.0,1.0,347.945,4.335,True,796.3461021933857,0.9504252210137702,-0.6046878620072936,False,343.61,341.21999999999997,346.0,2.390000000000015,343.432449039613,0.17755096038700913,0.0,False,801.0047963796442,-0.001502477524806714,0.0,0.09859693110598844,347.7615925601173,-4.151592560117308,1.7615925601173217,True
2027-12-17,1.247128128965024,440.0,345.77,4.49,341.0,4.46,19.0,1962.0,10.0,7.0,343.385,4.475,True,796.3461021933857,0.9504252210137702,-0.5932591661836708,False,338.90999999999997,336.51,341.31,2.4000000000000057,338.68032293454417,0.22967706545580313,0.0,False,801.0047963796442,-0.001502477524806714,0.0,0.10351729415883959,343.0045460919956,-4.094546091995653,1.694546091995619,True
2027-12-17,1.247128128965024,445.0,341.35,4.65,336.5,4.62,40.0,728.0,1.0,20.0,338.925,4.635,True,796.3461021933857,0.9504252210137702,-0.5819596109297375,False,334.29,331.85,336.73,2.4399999999999977,333.9281968294753,0.3618031705246949,0.0,False,801.0047963796442,-0.001502477524806714,0.0,0.1089982312789548,338.2469390498066,-3.9569390498065786,1.516939049806581,True
2027-12-17,1.247128128965024,450.0,336.81,4.82,332.0,4.78,328.0,10488.0,20.0,4.0,334.405,4.800000000000001,True,796.3461021933857,0.9504252210137702,-0.5707863103316121,False,329.60499999999996,327.18,332.03000000000003,2.4250000000000114,329.1760707244065,0.42892927559347527,0.0,False,801.0047963796442,-0.001502477524806714,0.0,0.11474827832379475,333.4890628976929,-3.8840628976929565,1.4590628976928883,True
2027-12-17,1.247128128965024,455.0,332.28,4.98,327.5,4.95,19.0,7351.0,1.0,10.0,329.89,4.965,True,796.3461021933857,0.9504252210137702,-0.5597364741450273,False,324.925,322.52,327.33,2.405000000000001,324.42394461933765,0.5010553806623648,0.0,False,801.0047963796442,-0.001502477524806714,0.0,0.120692899320197,328.7309921716277,-3.805992171627679,1.4009921716277063,True
2027-12-17,1.247128128965024,460.0,327.75,5.15,323.0,5.12,26.0,10426.0,10.0,36.0,325.375,5.135,True,796.3461021933857,0.9504252210137702,-0.5488074036128371,False,320.24,317.85,322.63,2.3899999999999864,319.67181851426875,0.5681814857312588,0.0,False,801.0047963796442,-0.001502477524806714,0.0,0.12695520113876224,323.9726037647403,-3.732603764740304,1.3426037647403177,True
2027-12-17,1.247128128965024,465.0,326.0,5.33,321.27,5.3,40.0,1010.0,1.0,14.0,323.635,5.3149999999999995,True,796.3461021933857,0.9504252210137702,-0.5379964875086213,False,318.32,315.94,320.7,2.3799999999999955,314.9196924091999,3.4003075908000824,1.020307590800087,True,801.0047963796442,-0.001502477524806714,0.0,0.13364614284199838,319.21378671796816,-0.8937867179681689,0.0,False
2027-12-17,1.247128128965024,470.0,314.1,5.52,310.5,5.48,40.0,758.0,5.0,33.0,312.3,5.5,True,796.3461021933857,0.9504252210137702,-0.5273011983918735,False,306.8,304.98,308.62,1.8199999999999932,310.16756630413107,-3.36756630413106,1.5475663041310668,True,801.0047963796442,-0.001502477524806714,0.0,0.14068063174156897,314.45462612399973,-7.654626123999719,5.834626123999726,True
2027-12-17,1.247128128965024,475.0,314.0,5.72,309.23,5.68,34.0,950.0,1.0,4.0,311.615,5.699999999999999,True,796.3461021933857,0.9504252210137702,-0.5167190890613365,False,305.915,303.51,308.32,2.405000000000001,305.41544019906223,0.4995598009377886,0.0,False,801.0047963796442,-0.001502477524806714,0.0,0.14826647382698788,309.6949141768455,-3.779914176845466,1.3749141768454933,True
2027-12-17,1.247128128965024,480.0,317.0,5.9,312.17,5.86,101.0,4834.0,4.0,16.0,314.58500000000004,5.880000000000001,True,796.3461021933857,0.9504252210137702,-0.5062477891940411,False,308.70500000000004,306.27000000000004,311.14,2.434999999999974,300.6633140939934,8.041685906006649,5.606685906006646,True,801.0047963796442,-0.001502477524806714,0.0,0.15564794004604732,304.9354066055576,3.7695933944424382,1.334593394442436,True
2027-12-17,1.247128128965024,490.0,300.5,6.33,295.73,6.28,70.0,535.0,2.0,3.0,298.115,6.305,True,796.3461021933857,0.9504252210137702,-0.48562850199130536,False,291.81,289.40000000000003,294.22,2.4099999999999966,291.15906188385566,0.6509381161443457,0.0,False,801.0047963796442,-0.001502477524806714,0.0,0.1727230131289783,295.41407932233693,-3.604079322336929,1.1940793223369042,True
2027-12-17,1.247128128965024,495.0,296.0,6.56,291.26,6.51,20.0,1508.0,1.0,25.0,293.63,6.535,True,796.3461021933857,0.9504252210137702,-0.47547613052728743,False,287.09499999999997,284.7,289.49,2.3950000000000102,286.4069357787868,0.6880642212131534,0.0,False,801.0047963796442,-0.001502477524806714,0.0,0.18215523687829993,290.65252099351875,-3.5575209935187786,1.16252099351874,True
2027-12-17,1.247128128965024,500.0,291.77,6.79,287.0,6.74,818.0,17159.0,1.0,2009.0,289.385,6.765000000000001,True,796.3461021933857,0.9504252210137702,-0.4654257946737859,False,282.62,280.21,285.03,2.4099999999999966,281.654809673718,0.965190326282027,0.0,False,801.0047963796442,-0.001502477524806714,0.0,0.19191774326071886,285.8906323820675,-3.270632382067504,0.8606323820675357,True
2027-12-17,1.247128128965024,505.0,287.24,7.03,282.5,6.98,348.0,803.0,4.0,1.0,284.87,7.005000000000001,True,796.3461021933857,0.9504252210137702,-0.4554754638206179,False,277.865,275.47,280.26,2.394999999999982,276.90268356864914,0.962316431350871,0.0,False,801.0047963796442,-0.001502477524806714,0.0,0.2022620106918156,281.1281620095676,-3.2631620095675657,0.8681620095675839,True
2027-12-17,1.247128128965024,510.0,282.85,7.28,278.0,7.23,534.0,2217.0,1.0,1.0,280.425,7.255000000000001,True,796.3461021933857,0.9504252210137702,-0.44562316737760616,False,273.17,270.72,275.62,2.4499999999999886,272.15055746358024,1.0194425364197741,0.0,False,801.0047963796442,-0.001502477524806714,0.0,0.21321031902117227,276.36508759616936,-3.195087596169344,0.7450875961693555,True
2027-12-17,1.247128128965024,515.0,278.38,7.53,273.5,7.49,135.0,5637.0,1.0,1.0,275.94,7.51,True,796.3461021933857,0.9504252210137702,-0.43586699243224153,False,268.43,265.97,270.89,2.4599999999999795,267.3984313585114,1.0315686414886045,0.0,False,801.0047963796442,-0.001502477524806714,0.0,0.22465956856779812,271.60151224155385,-3.1715122415538417,0.7115122415538622,True
2027-12-17,1.247128128965024,520.0,273.9,7.8,269.0,7.75,242.0,2206.0,1.0,3.0,271.45,7.775,True,796.3461021933857,0.9504252210137702,-0.42620508152050457,False,263.675,261.2,266.15,2.4749999999999943,262.64630525344256,1.0286947465574485,0.0,False,801.0047963796442,-0.001502477524806714,0.0,0.23680926450789475,266.8372364405449,-3.162236440544916,0.6872364405449503,True
2027-12-17,1.247128128965024,525.0,269.5,8.08,264.55,8.03,411.0,2035.0,1.0,3.0,267.025,8.055,True,796.3461021933857,0.9504252210137702,-0.4166356305043539,False,258.96999999999997,256.47,261.47,2.5,257.8941791483737,1.075820851626247,0.0,False,801.0047963796442,-0.001502477524806714,0.0,0.24980220651924867,262.07211739346474,-3.1021173934647663,0.6021173934647095,True
2027-12-17,1.247128128965024,530.0,265.0,8.37,260.14,8.32,541.0,10578.0,7.0,51.0,262.57,8.344999999999999,True,796.3461021933857,0.9504252210137702,-0.4071568865498102,False,254.225,251.76999999999998,256.68,2.4550000000000125,253.14205304330486,1.0829469566951389,0.0,False,801.0047963796442,-0.001502477524806714,0.0,0.26359757833761854,257.3061959165775,-3.0811959165775136,0.6261959165775011,True
2027-12-17,1.247128128965024,535.0,260.5,8.68,255.78,8.63,322.0,1011.0,1.0,9.0,258.14,8.655000000000001,True,796.3461021933857,0.9504252210137702,-0.3977671461999711,False,249.48499999999999,247.1,251.87,2.385000000000005,248.38992693823602,1.0950730617639692,0.0,False,801.0047963796442,-0.001502477524806714,0.0,0.27840637531900647,252.53926101452726,-3.0542610145272704,0.6692610145272511,True
2027-12-17,1.247128128965024,540.0,256.27,9.0,251.5,8.94,1038.0,4085.0,4.0,11.0,253.885,8.969999999999999,True,796.3461021933857,0.9504252210137702,-0.38846475353765764,False,244.915,242.5,247.32999999999998,2.414999999999992,243.63780083316715,1.277199166832844,0.0,False,801.0047963796442,-0.001502477524806714,0.0,0.2939047744652612,247.77163651031216,-2.856636510312171,0.4416365103121791,True
2027-12-17,1.247128128965024,545.0,251.84,9.32,247.04,9.27,246.0,7377.0,40.0,36.0,249.44,9.295,True,796.3461021933857,0.9504252210137702,-0.37924809843273355,False,240.145,237.72,242.57,2.424999999999997,238.8856747280983,1.2593252719017016,0.0,False,801.0047963796442,-0.001502477524806714,0.0,0.3102623792943433,243.00315280041423,-2.858152800414217,0.4331528004142342,True
2027-12-17,1.247128128965024,550.0,247.5,9.66,242.6,9.61,802.0,4885.0,2.0,4.0,245.05,9.635,True,796.3461021933857,0.9504252210137702,-0.3701156148694611,False,235.41500000000002,232.94,237.89,2.4749999999999943,234.13354862302944,1.2814513769705798,0.0,False,801.0047963796442,-0.001502477524806714,0.0,0.32765093418667846,238.23363814045302,-2.818638140453004,0.343638140453038,True
2027-12-17,1.247128128965024,555.0,243.0,10.01,238.24,9.96,581.0,1180.0,3.0,2.0,240.62,9.985,True,796.3461021933857,0.9504252210137702,-0.3610657793495431,False,230.635,228.23000000000002,233.04,2.404999999999987,229.3814225179606,1.2535774820393897,0.0,False,801.0047963796442,-0.001502477524806714,0.0,0.3460565641111515,233.4631064054597,-2.828106405459721,0.4231064054597198,True
2027-12-17,1.247128128965024,560.0,238.82,10.38,234.0,10.32,1126.0,1002.0,1.0,5.0,236.41,10.350000000000001,True,796.3461021933857,0.9504252210137702,-0.35209710936678273,False,226.06,223.62,228.5,2.4399999999999977,224.62929641289176,1.4307035871082405,0.0,False,801.0047963796442,-0.001502477524806714,0.0,0.3656388953443379,228.69139796915766,-2.6313979691576606,0.19139796915766283,True
2027-12-17,1.247128128965024,565.0,234.5,10.76,229.56,10.7,1353.0,1455.0,2.0,1.0,232.03,10.73,True,796.3461021933857,0.9504252210137702,-0.3432081619495368,False,221.3,218.8,223.8,2.5,219.8771703078229,1.4228296921771175,0.0,False,801.0047963796442,-0.001502477524806714,0.0,0.386492903722889,223.9184178557103,-2.618417855710277,0.11841785571027685,True
2027-12-17,1.247128128965024,570.0,230.0,11.15,225.23,11.09,659.0,1674.0,3.0,21.0,227.615,11.120000000000001,True,796.3461021933857,0.9504252210137702,-0.33439753226738184,False,216.495,214.07999999999998,218.91,2.4150000000000063,215.12504420275405,1.3699557972459502,0.0,False,801.0047963796442,-0.001502477524806714,0.0,0.40846513543608154,219.14431951892823,-2.6493195189282233,0.23431951892823122,True
2027-12-17,1.247128128965024,575.0,225.93,11.57,221.0,11.51,555.0,3096.0,1.0,18.0,223.465,11.54,True,796.3461021933857,0.9504252210137702,-0.32566385229862727,False,211.925,209.43,214.42000000000002,2.4950000000000045,210.3729180976852,1.552081902314825,0.0,False,801.0047963796442,-0.001502477524806714,0.0,0.43217092228174714,214.3684876270137,-2.4434876270136954,0.0,False
2027-12-17,1.247128128965024,580.0,221.5,11.98,216.65,11.92,757.0,2384.0,6.0,1.0,219.075,11.95,True,796.3461021933857,0.9504252210137702,-0.3170057895555126,False,207.125,204.67000000000002,209.58,2.4549999999999983,205.62079199261635,1.504208007383653,0.0,False,801.0047963796442,-0.001502477524806714,0.0,0.4566109448309277,209.59192149939565,-2.466921499395653,0.011921499395640467,True
2027-12-17,1.247128128965024,585.0,217.36,12.44,212.5,12.38,684.0,2009.0,1.0,32.0,214.93,12.41,True,796.3461021933857,0.9504252210137702,-0.3084220458641212,False,202.52,200.06,204.98000000000002,2.460000000000008,200.8686658875475,1.6513341124525027,0.0,False,801.0047963796442,-0.001502477524806714,0.0,0.48354662420658556,204.81285971495117,-2.292859714951163,0.0,False
2027-12-17,1.247128128965024,590.0,213.0,12.9,208.12,12.83,1237.0,1800.0,6.0,39.0,210.56,12.865,True,796.3461021933857,0.9504252210137702,-0.29991135619621245,False,197.695,195.22,200.17,2.4749999999999943,196.11653978247864,1.5784602175213536,0.0,False,801.0047963796442,-0.001502477524806714,0.0,0.5114299303115963,200.0328503037773,-2.3378503037773157,0.0,False
2027-12-17,1.247128128965024,595.0,207.37,13.37,204.0,13.31,2726.0,1015.0,3.0,22.0,205.685,13.34,True,796.3461021933857,0.9504252210137702,-0.2914724875503479,False,192.345,190.63,194.06,1.7150000000000034,191.3644136774098,0.9805863225901987,0.0,False,801.0047963796442,-0.001502477524806714,0.0,0.5411611215637979,195.25099300745626,-2.90599300745626,1.1909930074562567,True
2027-12-17,1.247128128965024,600.0,204.5,13.87,199.65,13.81,3201.0,8937.0,1.0,5.0,202.075,13.84,True,796.3461021933857,0.9504252210137702,-0.28310423787983136,False,188.23499999999999,185.78,190.69,2.4549999999999983,186.61228757234093,1.622712427659053,0.0,False,801.0047963796442,-0.001502477524806714,0.0,0.573003106357822,190.4670249175934,-2.2320249175934066,0.0,False
2027-12-17,1.247128128965024,605.0,200.41,14.38,195.5,14.31,1897.0,1249.0,12.0,72.0,197.95499999999998,14.345,True,796.3461021933857,0.9504252210137702,-0.27480543506513616,False,183.60999999999999,181.12,186.1,2.489999999999995,181.8601614672721,1.7498385327278925,0.0,False,801.0047963796442,-0.001502477524806714,0.0,0.6064093055830391,185.6814926132993,-2.071492613299313,0.0,False
2027-12-17,1.247128128965024,610.0,196.0,14.92,191.29,14.84,1644.0,2540.0,3.0,104.0,193.64499999999998,14.879999999999999,True,796.3461021933857,0.9504252210137702,-0.26657493592862075,False,178.765,176.37,181.16,2.394999999999996,177.10803536220322,1.6569646377967615,0.0,False,801.0047963796442,-0.001502477524806714,0.0,0.6422714185339569,180.89350439527954,-2.128504395279549,0.0,False
2027-12-17,1.247128128965024,615.0,192.0,15.46,187.08,15.39,279.0,3047.0,84.0,67.0,189.54000000000002,15.425,True,796.3461021933857,0.9504252210137702,-0.25841162528945977,False,174.115,171.62,176.61,2.4950000000000045,172.35590925713439,1.7590907428656237,0.0,False,801.0047963796442,-0.001502477524806714,0.0,0.6800248401284801,176.10362486861618,-1.9886248686161707,0.0,False
2027-12-17,1.247128128965024,620.0,187.89,16.06,183.0,15.98,814.0,1509.0,1.0,18.0,185.445,16.02,True,796.3461021933857,0.9504252210137702,-0.25031441505684043,False,169.42499999999998,166.94,171.91,2.4849999999999994,167.60378315206555,1.821216847934437,0.0,False,801.0047963796442,-0.001502477524806714,0.0,0.7210583078818829,171.3104652957939,-1.8854652957939209,0.0,False
2027-12-17,1.247128128965024,625.0,183.5,16.65,179.0,16.57,686.0,2151.0,3.0,1.0,181.25,16.61,True,796.3461021933857,0.9504252210137702,-0.2422822433595761,False,164.64,162.35,166.93,2.2900000000000063,162.85165704699668,1.7883429530033084,0.0,False,801.0047963796442,-0.001502477524806714,0.0,0.7638489556311079,166.51554854297584,-1.8755485429758494,0.0,False
2027-12-17,1.247128128965024,630.0,179.5,17.28,174.69,17.19,912.0,3628.0,24.0,72.0,177.095,17.235,True,796.3461021933857,0.9504252210137702,-0.2343140737103993,False,159.86,157.41,162.31,2.450000000000003,158.09953094192784,1.7604690580721751,0.0,False,801.0047963796442,-0.001502477524806714,0.0,0.8097832278895112,161.71748816564858,-1.8574881656485616,0.0,False
2027-12-17,1.247128128965024,635.0,175.5,17.92,170.64,17.84,975.0,1171.0,10.0,41.0,173.07,17.880000000000003,True,796.3461021933857,0.9504252210137702,-0.22640889420328608,False,155.19,152.71999999999997,157.66,2.470000000000013,153.34740483685897,1.8425951631410271,0.0,False,801.0047963796442,-0.001502477524806714,0.0,0.8585625104020131,156.91658277806724,-1.7265827780672396,0.0,False
2027-12-17,1.247128128965024,640.0,171.5,18.6,166.54,18.51,705.0,2288.0,3.0,1.0,169.01999999999998,18.555,True,796.3461021933857,0.9504252210137702,-0.2185657167422601,False,150.46499999999997,147.94,152.99,2.5250000000000057,148.59527873179013,1.8697212682098439,0.0,False,801.0047963796442,-0.001502477524806714,0.0,0.9106595857335336,152.11235959766685,-1.6473595976668776,0.0,False
2027-12-17,1.247128128965024,645.0,167.46,19.3,162.5,19.21,2107.0,5289.0,6.0,14.0,164.98000000000002,19.255000000000003,True,796.3461021933857,0.9504252210137702,-0.21078357630020522,False,145.72500000000002,143.2,148.25,2.5250000000000057,143.8431526267213,1.881847373278731,0.0,False,801.0047963796442,-0.001502477524806714,0.0,0.9663073413632688,147.30458573696828,-1.579585736968255,0.0,False
2027-12-17,1.247128128965024,650.0,161.79,20.02,158.5,19.93,2813.0,3106.0,5.0,1.0,160.14499999999998,19.975,True,796.3461021933857,0.9504252210137702,-0.20306153020629483,False,140.17,138.48,141.85999999999999,1.6899999999999977,139.09102652165242,1.0789734783475637,0.0,False,801.0047963796442,-0.001502477524806714,0.0,1.0253452603734097,142.4934217128893,-2.3234217128893135,0.6334217128893158,True
2027-12-17,1.247128128965024,655.0,159.49,20.77,154.52,20.69,3024.0,828.0,1.0,5.0,157.005,20.73,True,796.3461021933857,0.9504252210137702,-0.19539865746072577,False,136.275,133.75,138.8,2.5250000000000057,134.33890041658358,1.9360995834164214,0.0,False,801.0047963796442,-0.001502477524806714,0.0,1.088447563962692,137.67819330423114,-1.403193304231138,0.0,False
2027-12-17,1.247128128965024,660.0,155.47,21.53,150.5,21.44,1257.0,3107.0,11.0,1.0,152.985,21.485,True,796.3461021933857,0.9504252210137702,-0.1877940580755064,False,131.5,128.97,134.03,2.530000000000001,129.58677431151472,1.9132256884852836,0.0,False,801.0047963796442,-0.001502477524806714,0.0,1.1547886660827835,132.8597260970422,-1.3597260970421985,0.0,False
2027-12-17,1.247128128965024,665.0,151.5,22.36,146.58,22.27,1612.0,1606.0,1.0,1.0,149.04000000000002,22.314999999999998,True,796.3461021933857,0.9504252210137702,-0.18024685244012353,False,126.72500000000002,124.22000000000001,129.23,2.5049999999999883,124.83464820644588,1.8903517935541458,0.0,False,801.0047963796442,-0.001502477524806714,0.0,1.227181753411248,128.03520690464487,-1.3102069046448435,0.0,False
2027-12-17,1.247128128965024,670.0,147.5,23.22,142.66,23.11,1444.0,1278.0,1.0,4.0,145.07999999999998,23.165,True,796.3461021933857,0.9504252210137702,-0.172756180710966,False,121.91499999999999,119.44,124.39,2.4750000000000014,120.08252210137702,1.8324778986229688,0.0,False,801.0047963796442,-0.001502477524806714,0.0,1.303975959989721,123.20628659299757,-1.2912865929975794,0.0,False
2027-12-17,1.247128128965024,675.0,143.5,24.08,138.76,23.98,1972.0,362.0,1.0,2.0,141.13,24.03,True,796.3461021933857,0.9504252210137702,-0.16532120222344782,False,117.1,114.67999999999999,119.52,2.4200000000000017,115.33039599630817,1.7696040036918248,0.0,False,801.0047963796442,-0.001502477524806714,0.0,1.3853279583053109,118.37280848961312,-1.2728084896131264,0.0,False
2027-12-17,1.247128128965024,680.0,139.5,25.0,134.91,24.9,1142.0,2395.0,5.0,31.0,137.20499999999998,24.95,True,796.3461021933857,0.9504252210137702,-0.1579410949258253,False,112.25499999999998,109.91,114.6,2.344999999999999,110.57826989123932,1.6767301087606654,0.0,False,801.0047963796442,-0.001502477524806714,0.0,1.4730373140385034,113.53297302881107,-1.2779730288110898,0.0,False
2027-12-17,1.247128128965024,685.0,136.0,25.9,131.05,25.79,2183.0,1088.0,1.0,17.0,133.525,25.845,True,796.3461021933857,0.9504252210137702,-0.15061505483375234,True,107.68,105.15,110.21000000000001,2.530000000000001,105.82614378617048,1.8538562138295305,0.0,False,801.0047963796442,-0.001502477524806714,0.0,1.5650048143635225,108.6888794234172,-1.0088794234171985,0.0,False
2027-12-17,1.247128128965024,690.0,132.0,26.92,127.3,26.81,1101.0,6719.0,3.0,17.0,129.65,26.865000000000002,True,796.3461021933857,0.9504252210137702,-0.14334229550467262,True,102.785,100.38,105.19,2.405000000000001,101.07401768110162,1.710982318898374,0.0,False,801.0047963796442,-0.001502477524806714,0.0,1.6661517938187558,103.83560633889313,-1.0506063388931324,0.0,False
2027-12-17,1.247128128965024,695.0,128.44,27.91,123.5,27.8,586.0,1894.0,3.0,1.0,125.97,27.855,True,796.3461021933857,0.9504252210137702,-0.13612204753118548,True,98.115,95.59,100.64,2.5249999999999986,96.32189157603277,1.793108423967226,0.0,False,801.0047963796442,-0.001502477524806714,0.0,1.7722194188578761,98.97741260878516,-0.8624126087851636,0.0,False
2027-12-17,1.247128128965024,700.0,124.5,28.93,119.76,28.83,5332.0,4259.0,1.0,735.0,122.13,28.88,True,796.3461021933857,0.9504252210137702,-0.128953558052573,True,93.25,90.83000000000001,95.67,2.4199999999999946,91.56976547096392,1.6802345290360847,0.0,False,801.0047963796442,-0.001502477524806714,0.0,1.8856765940628613,94.11182932851132,-0.8618293285113197,0.0,False
2027-12-17,1.247128128965024,705.0,121.0,30.11,116.06,29.91,390.0,1211.0,1.0,2.0,118.53,30.009999999999998,True,796.3461021933857,0.9504252210137702,-0.12183609028370906,True,88.52000000000001,85.95,91.09,2.5700000000000003,86.81763936589506,1.7023606341049486,0.0,False,801.0047963796442,-0.001502477524806714,0.0,2.0091904502844997,89.23618936722082,-0.7161893672208066,0.0,False
2027-12-17,1.247128128965024,710.0,117.0,31.25,112.36,31.06,648.0,1120.0,2.0,1.0,114.68,31.155,True,796.3461021933857,0.9504252210137702,-0.11476892306061655,True,83.525,81.11,85.94,2.414999999999999,82.06551326082621,1.4594867391737978,0.0,False,801.0047963796442,-0.001502477524806714,0.0,2.1405413960890733,84.3527123163474,-0.8277123163473874,0.0,False
2027-12-17,1.247128128965024,715.0,113.5,32.42,108.71,32.22,1081.0,680.0,1.0,24.0,111.10499999999999,32.32,True,796.3461021933857,0.9504252210137702,-0.10775135040197005,True,78.785,76.28999999999999,81.28,2.4950000000000045,77.31338715575737,1.4716128442426282,0.0,False,801.0047963796442,-0.001502477524806714,0.0,2.280758594043892,79.46036901332374,-0.6753690133237455,0.0,False
2027-12-17,1.247128128965024,720.0,110.0,33.66,105.1,33.43,2617.0,7937.0,1.0,17.0,107.55,33.545,True,796.3461021933857,0.9504252210137702,-0.10078268108587664,True,74.005,71.44,76.57,2.5649999999999977,72.56126105068851,1.4437389493114807,0.0,False,801.0047963796442,-0.001502477524806714,0.0,2.431573997218731,74.55742750508004,-0.5524275050800469,0.0,False
2027-12-17,1.247128128965024,725.0,106.5,34.93,101.52,34.7,1581.0,1123.0,2.0,136.0,104.00999999999999,34.815,True,796.3461021933857,0.9504252210137702,-0.09386223824130291,True,69.195,66.59,71.8,2.604999999999997,67.80913494561966,1.3858650543803321,0.0,False,801.0047963796442,-0.001502477524806714,0.0,2.593602451238233,69.6432729459917,-0.44827294599170386,0.0,False
2027-12-17,1.247128128965024,730.0,100.87,36.23,98.03,36.02,1689.0,806.0,11.0,33.0,99.45,36.125,True,796.3461021933857,0.9504252210137702,-0.0869893589535408,True,63.325,61.800000000000004,64.85,1.524999999999995,63.05700884055081,0.2679911594491955,0.0,False,801.0047963796442,-0.001502477524806714,0.0,2.7675059274519995,64.71724336470908,-1.3922433647090742,0.0,False
2027-12-17,1.247128128965024,735.0,97.4,37.6,94.53,37.39,1919.0,543.0,5.0,16.0,95.965,37.495000000000005,True,796.3461021933857,0.9504252210137702,-0.08016339388314099,True,58.47,56.93,60.010000000000005,1.5400000000000027,58.304882735481954,0.1651172645180452,0.0,False,801.0047963796442,-0.001502477524806714,0.0,2.9546220930684157,59.7780010940238,-1.3080010940238012,0.0,False
2027-12-17,1.247128128965024,740.0,93.92,39.03,91.06,38.81,982.0,545.0,4.0,14.0,92.49000000000001,38.92,True,796.3461021933857,0.9504252210137702,-0.07338370689776227,True,53.57000000000001,52.03,55.11,1.5399999999999991,53.55275663041311,0.017243369586900315,0.0,False,801.0047963796442,-0.001502477524806714,0.0,3.156096216302352,54.82440086572102,-1.25440086572101,0.0,False
2027-12-17,1.247128128965024,745.0,90.44,40.47,87.65,40.29,462.0,719.0,1.0,2.0,89.045,40.379999999999995,True,796.3461021933857,0.9504252210137702,-0.06664967471641814,True,48.665000000000006,47.18000000000001,50.15,1.4849999999999959,48.80063052534425,-0.13563052534424713,0.0,False,801.0047963796442,-0.001502477524806714,0.0,3.372896737507702,49.855474239446814,-1.1904742394468073,0.0,False
2027-12-17,1.247128128965024,750.0,87.29,42.05,84.28,41.83,2290.0,1532.0,3.0,2.0,85.785,41.94,True,796.3461021933857,0.9504252210137702,-0.059960686565621577,True,43.845,42.230000000000004,45.46000000000001,1.615000000000002,44.04850442027541,-0.20350442027540794,0.0,False,801.0047963796442,-0.001502477524806714,0.0,3.6070534895211424,44.86919138236452,-1.0241913823645206,0.0,False
2027-12-17,1.247128128965024,755.0,85.5,43.65,80.92,43.44,712.0,285.0,6.0,2.0,83.21000000000001,43.545,True,796.3461021933857,0.9504252210137702,-0.05331614384695293,True,39.665000000000006,37.27,42.06,2.3949999999999996,39.29637831520655,0.36862168479345314,0.0,False,801.0047963796442,-0.001502477524806714,0.0,3.859444863175682,39.86467390364113,-0.19967390364112703,0.0,False
2027-12-17,1.247128128965024,760.0,82.5,45.34,77.64,45.12,782.0,2315.0,12.0,12.0,80.07,45.230000000000004,True,796.3461021933857,0.9504252210137702,-0.04671545981560092,True,34.83999999999999,32.3,37.38,2.5400000000000027,34.5442522101377,0.2957477898622898,0.0,False,801.0047963796442,-0.001502477524806714,0.0,4.131995434158135,34.839997227589826,2.7724101627768505e-06,0.0,False
2027-12-17,1.247128128965024,765.0,79.42,47.1,74.5,46.84,647.0,2898.0,6.0,56.0,76.96000000000001,46.97,True,796.3461021933857,0.9504252210137702,-0.04015805926944178,True,29.99000000000001,27.4,32.58,2.59,29.79212610506885,0.1978738949311598,0.0,False,801.0047963796442,-0.001502477524806714,0.0,4.4261565627474795,29.79370999393163,0.19629000606838076,0.0,False
2027-12-17,1.247128128965024,770.0,73.98,48.87,73.6,48.63,1177.0,532.0,10.0,2.0,73.78999999999999,48.75,True,796.3461021933857,0.9504252210137702,-0.03364337824824813,True,25.039999999999992,24.729999999999997,25.35,0.3100000000000023,25.04,-7.105427357601002e-15,0.0,False,801.0047963796442,-0.001502477524806714,0.0,4.745684529181929,24.722055922428332,0.31794407757166,0.00794407757166482,True
2027-12-17,1.247128128965024,775.0,71.1,50.75,70.48,50.53,1890.0,1246.0,3.0,55.0,70.78999999999999,50.64,True,796.3461021933857,0.9504252210137702,-0.02717086374263072,True,20.14999999999999,19.730000000000004,20.569999999999993,0.4199999999999946,20.287873894931145,-0.13787389493115398,0.0,False,801.0047963796442,-0.001502477524806714,0.0,5.090040330056979,19.62557401648443,0.5244259835155631,0.10442598351557564,True
2027-12-17,1.247128128965024,780.0,68.05,52.79,67.43,52.55,2624.0,647.0,10.0,10.0,67.74000000000001,52.67,True,796.3461021933857,0.9504252210137702,-0.02073997341234023,True,15.070000000000007,14.640000000000008,15.5,0.42999999999999616,15.535747789862295,-0.46574778986228793,0.03574778986229532,True,801.0047963796442,-0.001502477524806714,0.0,5.464054860752114,14.499433380720443,0.570566619279564,0.14056661927956426,True
2027-12-17,1.247128128965024,785.0,64.83,54.95,64.46,54.65,891.0,250.0,28.0,1.0,64.645,54.8,True,796.3461021933857,0.9504252210137702,-0.014350175313569268,True,9.844999999999999,9.509999999999991,10.18,0.3350000000000044,10.783621684793445,-0.9386216847934463,0.6036216847934455,True,801.0047963796442,-0.001502477524806714,0.0,5.864117050206779,9.347245086196926,0.4977549138030728,0.16275491380306484,True
2027-12-17,1.247128128965024,790.0,61.89,57.01,61.54,56.73,2414.0,150.0,4.0,1.0,61.715,56.87,True,796.3461021933857,0.9504252210137702,-0.008000947634910457,True,4.845000000000006,4.530000000000001,5.160000000000004,0.3150000000000013,6.031495579724593,-1.1864955797245873,0.8714955797245896,True,801.0047963796442,-0.001502477524806714,0.0,6.312007330983356,4.1472287003515,0.6977712996485064,0.38277129964850154,True
2027-12-17,1.247128128965024,795.0,58.95,59.36,58.61,59.03,1913.0,448.0,20.0,20.0,58.78,59.195,True,796.3461021933857,0.9504252210137702,-0.0016917784416457826,True,-0.41499999999999915,-0.75,-0.0799999999999983,0.33500000000000085,1.2793694746557422,-1.6943694746557414,1.3593694746557405,True,801.0047963796442,-0.001502477524806714,0.0,6.779411886932905,-1.072301960666902,0.6573019606669028,0.322301960666902,True
2027-12-17,1.247128128965024,800.0,55.99,61.74,55.8,61.4,4750.0,743.0,1.0,5.0,55.894999999999996,61.57,True,796.3461021933857,0.9504252210137702,0.004577834571949566,True,-5.675000000000004,-5.940000000000005,-5.409999999999997,0.2650000000000041,-3.4727566304131092,-2.202243369586895,1.9372433695868874,True,801.0047963796442,-0.001502477524806714,0.0,7.306685964685698,-6.351702143488546,0.6767021434885416,0.41170214348854106,True
2027-12-17,1.247128128965024,805.0,53.29,64.23,53.08,63.88,743.0,3114.0,3.0,1.0,53.185,64.055,True,796.3461021933857,0.9504252210137702,0.010808384322585704,True,-10.870000000000005,-11.150000000000006,-10.590000000000003,0.28000000000000114,-8.22488273548196,-2.645117264518044,2.3651172645180427,True,801.0047963796442,-0.001502477524806714,0.0,7.786727716106668,-11.583869999978367,0.7138699999783622,0.43386999997836107,True
2027-12-17,1.247128128965024,810.0,50.57,66.78,50.38,66.5,889.0,660.0,4.0,6.0,50.475,66.64,True,796.3461021933857,0.9504252210137702,0.017000354570506845,True,-16.165,-16.4,-15.93,0.23499999999999943,-12.97700884055081,-3.1879911594491883,2.952991159449189,True,801.0047963796442,-0.001502477524806714,0.0,8.382727844253807,-16.931996233194358,0.7669962331943587,0.5319962331943593,True
2027-12-17,1.247128128965024,815.0,48.0,69.55,47.79,69.22,755.0,6528.0,3.0,2.0,47.894999999999996,69.38499999999999,True,796.3461021933857,0.9504252210137702,0.023154220144884947,True,-21.489999999999995,-21.759999999999998,-21.22,0.2699999999999996,-17.729134945619663,-3.760865054380332,3.490865054380336,True,801.0047963796442,-0.001502477524806714,0.0,9.012733269342348,-22.31412776335175,0.8241277633517541,0.554127763351751,True
2027-12-17,1.247128128965024,820.0,45.49,72.38,45.27,72.04,901.0,4576.0,4.0,2.0,45.38,72.21000000000001,True,796.3461021933857,0.9504252210137702,0.0292704471623211,True,-26.830000000000005,-27.109999999999992,-26.550000000000004,0.27999999999999403,-22.481261050688513,-4.3487389493114925,4.068738949311491,True,801.0047963796442,-0.001502477524806714,0.0,9.694717503071928,-27.74823810215018,0.9182381021501733,0.6382381021501864,True
2027-12-17,1.247128128965024,825.0,43.0,75.31,42.82,74.99,1374.0,1831.0,10.0,4.0,42.91,75.15,True,796.3461021933857,0.9504252210137702,0.03534949323870335,True,-32.24000000000001,-32.49,-31.989999999999995,0.25000000000000355,-27.233387155757367,-5.0066128442426425,4.756612844242628,True,801.0047963796442,-0.001502477524806714,0.0,10.443319550445153,-33.24896625459226,1.0089662545922522,0.7589662545922593,True
2027-12-17,1.247128128965024,830.0,40.62,80.5,40.42,75.78,2146.0,3793.0,33.0,4.0,40.519999999999996,78.14,True,796.3461021933857,0.9504252210137702,0.04139180769466603,True,-37.620000000000005,-40.08,-35.160000000000004,2.4599999999999973,-31.985513260826217,-5.634486739173788,3.174486739173787,True,801.0047963796442,-0.001502477524806714,0.0,11.252586928464524,-38.81035973768048,1.190359737680474,0.0,False
2027-12-17,1.247128128965024,835.0,38.34,84.0,38.15,79.04,850.0,738.0,3.0,2.0,38.245000000000005,81.52000000000001,True,796.3461021933857,0.9504252210137702,0.04739783175487775,True,-43.275000000000006,-45.85,-40.7,2.5749999999999993,-36.73763936589507,-6.537360634104935,3.9623606341049324,True,801.0047963796442,-0.001502477524806714,0.0,12.112382676740381,-44.42228159102519,1.147281591025184,0.0,False
2027-12-17,1.247128128965024,840.0,36.18,87.48,35.97,82.5,692.0,1021.0,7.0,2.0,36.075,84.99000000000001,True,796.3461021933857,0.9504252210137702,0.05336799874138163,False,-48.915000000000006,-51.510000000000005,-46.32,2.5950000000000024,-41.48976547096392,-7.425234529036089,4.830234529036083,True,801.0047963796442,-0.001502477524806714,0.0,13.036286664793153,-50.09831168414681,1.1833116841468012,0.0,False
2027-12-17,1.247128128965024,845.0,34.03,91.0,33.84,86.13,531.0,5004.0,1.0,2.0,33.935,88.565,True,796.3461021933857,0.9504252210137702,0.05930273426119624,False,-54.629999999999995,-57.16,-52.099999999999994,2.530000000000001,-46.24189157603277,-8.388108423967225,5.858108423967224,True,801.0047963796442,-0.001502477524806714,0.0,14.05622492316715,-55.87037604758966,1.2403760475896632,0.0,False
2027-12-17,1.247128128965024,850.0,31.96,94.94,31.79,90.0,2894.0,8163.0,7.0,1.0,31.875,92.47,True,796.3461021933857,0.9504252210137702,0.06520245638838439,False,-60.595,-63.15,-58.04,2.5549999999999997,-50.994017681101624,-9.600982318898375,7.045982318898375,True,801.0047963796442,-0.001502477524806714,0.0,15.148618584185442,-61.714895813676804,1.1198958136768056,0.0,False
2027-12-17,1.247128128965024,855.0,30.01,98.96,29.83,94.0,519.0,369.0,7.0,4.0,29.92,96.47999999999999,True,796.3461021933857,0.9504252210137702,0.07106757584078252,False,-66.55999999999999,-69.13,-63.989999999999995,2.5700000000000003,-55.74614378617047,-10.813856213829517,8.243856213829524,True,801.0047963796442,-0.001502477524806714,0.0,16.31495906874008,-67.63336240330028,1.073362403300294,0.0,False
2027-12-17,1.247128128965024,860.0,28.14,103.0,27.97,98.29,497.0,1556.0,21.0,2.0,28.055,100.64500000000001,True,796.3461021933857,0.9504252210137702,0.07689849615157578,False,-72.59,-75.03,-70.15,2.4399999999999977,-60.498269891239325,-12.091730108760679,9.651730108760681,True,801.0047963796442,-0.001502477524806714,0.0,17.582759317989115,-73.65328875761818,1.0632887576181815,0.0,False
2027-12-17,1.247128128965024,865.0,26.38,107.79,26.21,103.0,486.0,4262.0,1.0,1.0,26.295,105.39500000000001,True,796.3461021933857,0.9504252210137702,0.08269561383590174,False,-79.10000000000001,-81.58000000000001,-76.62,2.480000000000004,-65.25039599630817,-13.849604003691837,11.369604003691833,True,801.0047963796442,-0.001502477524806714,0.0,18.92105982157092,-79.74371536626884,0.643715366268836,0.0,False
2027-12-17,1.247128128965024,870.0,24.73,112.5,24.55,107.73,1089.0,27.0,1.0,1.0,24.64,110.11500000000001,True,796.3461021933857,0.9504252210137702,0.08845931855265168,False,-85.47500000000001,-87.95,-83.0,2.4750000000000014,-70.00252210137702,-15.472477898622984,12.997477898622975,True,801.0047963796442,-0.001502477524806714,0.0,20.321423809349994,-85.89620545911676,0.42120545911674867,0.0,False
2027-12-17,1.247128128965024,875.0,23.09,117.5,22.94,112.7,2080.0,13.0,1.0,1.0,23.015,115.1,True,796.3461021933857,0.9504252210137702,0.09418999326163677,False,-92.085,-94.56,-89.61,2.4750000000000014,-74.75464820644588,-17.330351793554115,14.85535179355412,True,801.0047963796442,-0.001502477524806714,0.0,21.90028233127576,-92.22719008611138,0.14219008611138406,0.0,False
2027-12-17,1.247128128965024,880.0,21.57,122.5,21.43,117.72,2775.0,2.0,3.0,4.0,21.5,120.11,True,796.3461021933857,0.9504252210137702,0.09988801437627455,False,-98.61,-101.07,-96.15,2.4599999999999937,-79.50677431151473,-19.103225688485267,16.643225688485273,True,801.0047963796442,-0.001502477524806714,0.0,23.551002527068604,-98.63003638697307,0.020036386973075082,0.0,False
2027-12-17,1.247128128965024,885.0,20.14,127.5,19.99,122.7,930.0,1.0,2.0,2.0,20.064999999999998,125.1,True,796.3461021933857,0.9504252210137702,0.10555375191195177,False,-105.035,-107.51,-102.56,2.4750000000000014,-84.25890041658359,-20.77609958341641,18.301099583416416,True,801.0047963796442,-0.001502477524806714,0.0,25.23387243332121,-105.06503239829453,0.030032398294537188,0.0,False
2027-12-17,1.247128128965024,890.0,18.77,132.5,18.63,127.81,1305.0,2.0,57.0,2.0,18.7,130.155,True,796.3461021933857,0.9504252210137702,0.11118756963020783,False,-111.455,-113.87,-109.04,2.414999999999999,-89.01102652165243,-22.443973478347573,20.02897347834758,True,801.0047963796442,-0.001502477524806714,0.0,26.846742269733753,-111.43002833977592,-0.02497166022408237,0.0,False
2027-12-17,1.247128128965024,895.0,17.48,137.5,17.36,132.7,1549.0,6.0,25.0,1.0,17.42,135.1,True,796.3461021933857,0.9504252210137702,0.11678982517887773,False,-117.67999999999999,-120.14,-115.21999999999998,2.460000000000008,-93.76315262672128,-23.916847373278713,21.456847373278706,True,801.0047963796442,-0.001502477524806714,0.0,28.374612104696567,-117.71002427980758,0.03002427980759137,0.0,False
2027-12-17,1.247128128965024,900.0,16.27,138.77,16.2,134.0,7110.0,1.0,2.0,2.0,16.235,136.385,True,796.3461021933857,0.9504252210137702,0.12236087022833317,False,-120.14999999999999,-122.57000000000001,-117.73,2.4200000000000017,-98.51527873179013,-21.63472126820986,19.21472126820987,True,801.0047963796442,-0.001502477524806714,0.0,29.807482052390412,-123.89502033257028,3.7450203325702915,1.3250203325702756,True
2027-12-17,1.247128128965024,905.0,15.13,147.5,15.05,142.7,559.0,0.0,31.0,2.0,15.09,145.1,True,796.3461021933857,0.9504252210137702,0.1279010506039484,False,-130.01,-132.45,-127.57,2.4399999999999977,-103.26740483685899,-26.742595163141004,24.302595163141007,True,801.0047963796442,-0.001502477524806714,0.0,31.200351919941383,-130.0400163051901,0.030016305190116555,0.0,False
2027-12-17,1.247128128965024,910.0,14.08,152.5,14.0,147.7,1643.0,11.0,21.0,9.0,14.04,150.1,True,796.3461021933857,0.9504252210137702,0.13341070641491806,False,-136.06,-138.5,-133.61999999999998,2.440000000000012,-108.01953094192784,-28.040469058072162,25.600469058072136,True,801.0047963796442,-0.001502477524806714,0.0,32.49822195145693,-136.0900124417745,0.030012441774488252,0.0,False
2027-12-17,1.247128128965024,915.0,13.08,229.0,13.01,224.11,3199.0,0.0,58.0,14.0,13.045,226.555,True,796.3461021933857,0.9504252210137702,0.1388901721795437,False,-213.51000000000002,-215.99,-211.03,2.480000000000004,-112.7716570469967,-100.73834295300333,98.25834295300331,True,801.0047963796442,-0.001502477524806714,0.0,33.741092035965295,-142.08500863135174,-71.42499136864828,68.94499136864826,True
2027-12-17,1.247128128965024,920.0,12.15,162.8,12.08,158.0,596.0,0.0,1.0,1.0,12.115,160.4,True,796.3461021933857,0.9504252210137702,0.14433977694710826,False,-148.285,-150.72,-145.85,2.4350000000000023,-117.52378315206553,-30.761216847934463,28.32621684793446,True,801.0047963796442,-0.001502477524806714,0.0,34.91896223855814,-148.0150049390134,-0.269995060986588,0.0,False
2027-12-17,1.247128128965024,925.0,11.28,245.91,11.21,241.0,882.0,0.0,3.0,0.0,11.245000000000001,243.45499999999998,False,796.3461021933857,0.9504252210137702,0.1497598444164475,False,-232.20999999999998,-234.7,-229.72,2.489999999999995,-122.27590925713439,-109.93409074286559,107.44409074286561,True,801.0047963796442,-0.001502477524806714,0.0,36.03683258162724,-153.88500138715136,-78.32499861284862,75.83499861284864,True
2027-12-17,1.247128128965024,930.0,10.45,163.42,10.39,158.5,613.0,0.0,18.0,0.0,10.42,160.95999999999998,False,796.3461021933857,0.9504252210137702,0.15515069305132398,False,-150.54,-153.02999999999997,-148.05,2.4899999999999807,-127.02803536220324,-23.51196463779675,21.02196463779677,True,801.0047963796442,-0.001502477524806714,0.0,37.10970299653431,-159.70999790712727,9.169997907127282,6.6799979071273015,True
2027-12-17,1.247128128965024,935.0,9.72,173.77,9.65,169.0,609.0,0.0,1.0,2.0,9.685,171.385,True,796.3461021933857,0.9504252210137702,0.16051263619270942,False,-161.7,-164.12,-159.28,2.4200000000000017,-131.78016146727208,-29.91983853272791,27.49983853272792,True,801.0047963796442,-0.001502477524806714,0.0,38.092573722442154,-165.444994738104,3.7449947381039976,1.3249947381039817,True
2027-12-17,1.247128128965024,995.0,3.84,335.36,3.8,330.5,1067.0,0.0,200.0,1.0,3.82,332.93,True,796.3461021933857,0.9504252210137702,0.22270884406261507,False,-329.11,-331.56,-326.66,2.4499999999999886,-188.8056747280983,-140.30432527190172,137.85432527190173,True,801.0047963796442,-0.001502477524806714,0.0,46.93203594704303,-231.30997022353108,-97.80002977646893,95.35002977646894,True
2027-12-17,1.247128128965024,1005.0,3.3,332.0,3.25,327.27,1010.0,0.0,54.0,4.0,3.275,329.635,True,796.3461021933857,0.9504252210137702,0.23270892739719853,False,-326.36,-328.75,-323.96999999999997,2.390000000000015,-198.309926938236,-128.050073061764,125.66007306176397,True,801.0047963796442,-0.001502477524806714,0.0,47.97278219707445,-241.8549686837002,-84.5050313162998,82.11503131629976,True
2027-12-17,1.247128128965024,1025.0,2.44,267.5,2.39,262.77,562.0,0.0,4.0,0.0,2.415,265.135,False,796.3461021933857,0.9504252210137702,0.2524139984765308,False,-262.71999999999997,-265.11,-260.33,2.390000000000015,-217.31843135851142,-45.40156864148855,43.011568641488566,True,801.0047963796442,-0.001502477524806714,0.0,49.824276345305094,-262.71496725220624,-0.005032747793734416,0.0,False
2027-12-17,1.247128128965024,1085.0,1.07,327.5,1.04,322.69,10046.0,0.0,1.0,0.0,1.0550000000000002,325.095,False,796.3461021933857,0.9504252210137702,0.3093013728785823,False,-324.04,-326.46,-321.62,2.4199999999999875,-274.3439446193376,-49.696055380662415,47.2760553806624,True,801.0047963796442,-0.001502477524806714,0.0,54.15876639794703,-324.0749705656744,0.034970565674370846,0.0,False
2027-12-17,1.247128128965024,1340.0,0.17,662.78,0.14,657.66,1013.0,0.0,3.0,0.0,0.15500000000000003,660.22,False,796.3461021933857,0.9504252210137702,0.5203909998489793,False,-660.065,-662.64,-657.49,2.5749999999999886,-516.702375977849,-143.36262402215107,140.78762402215102,True,801.0047963796442,-0.001502477524806714,0.0,67.70035271053075,-579.9749882367695,-80.09001176323056,77.51501176323052,True
2028-06-16,1.745758265951325,50.0,692.0,0.05,687.07,0.03,3.0,1167.0,1.0,2.0,689.5350000000001,0.04,False,812.1324706670284,0.9298680606090756,-2.787640462643003,False,689.4950000000001,687.0200000000001,691.97,2.474999999999966,708.6826424263529,-19.187642426352795,16.712642426352886,True,819.1002054184203,-0.0013441119247913635,0.0,6.3657979457444434e-09,715.1617164201023,-25.666716420102148,23.19171642010224,True
2028-06-16,1.745758265951325,80.0,682.88,0.16,678.0,0.13,0.0,101.0,20.0,1.0,680.44,0.14500000000000002,True,812.1324706670284,0.9298680606090756,-2.3176368333972674,False,680.2950000000001,677.84,682.75,2.454999999999984,680.7866006080807,-0.4916006080806028,0.0,False,819.1002054184203,-0.0013441119247913635,0.0,1.095767207220309e-06,687.2656735124286,-6.9706735124285615,4.515673512428634,True
2028-06-16,1.745758265951325,105.0,658.0,0.29,653.32,0.26,0.0,1.0,0.0,1.0,655.6600000000001,0.275,False,812.1324706670284,0.9298680606090756,-2.045703117913626,False,655.3850000000001,653.0300000000001,657.74,2.3549999999999613,657.5398990928537,-2.1548990928536114,0.0,False,819.1002054184203,-0.0013441119247913635,0.0,1.549580120864015e-05,664.0189575971677,-8.633957597167637,6.278957597167732,True
2028-06-16,1.745758265951325,115.0,648.0,0.28,643.46,0.26,0.0,35.0,0.0,10.0,645.73,0.27,False,812.1324706670284,0.9298680606090756,-1.9547313397078991,False,645.46,643.1800000000001,647.74,2.2799999999999727,648.2412184867629,-2.7812184867628957,0.501218486762923,True,819.1002054184203,-0.0013441119247913635,0.0,3.565449056248428e-05,654.7202568323876,-9.26025683238754,6.980256832387568,True
2028-06-16,1.745758265951325,155.0,536.0,0.58,532.0,0.55,0.0,628.0,0.0,1.0,534.0,0.565,False,812.1324706670284,0.9298680606090756,-1.6562383511519025,False,533.435,531.42,535.45,2.015000000000043,611.0464960623999,-77.61149606239997,75.59649606239986,True,819.1002054184203,-0.0013441119247913635,0.0,0.00046183546181402524,617.5251082270534,-84.0901082270534,82.0751082270533,True
2028-06-16,1.745758265951325,160.0,606.0,0.62,601.05,0.59,2.0,802.0,40.0,50.0,603.525,0.605,True,812.1324706670284,0.9298680606090756,-1.6244896528373223,False,602.92,600.43,605.41,2.490000000000009,606.3971557593546,-3.477155759354673,0.987155759354664,True,819.1002054184203,-0.0013441119247913635,0.0,0.000596438710121959,612.8756333207597,-9.955633320759716,7.465633320759707,True
2028-06-16,1.745758265951325,165.0,601.0,0.67,596.52,0.64,9.0,2051.0,3.0,50.0,598.76,0.655,True,812.1324706670284,0.9298680606090756,-1.5937179941705686,False,598.105,595.85,600.36,2.2549999999999955,601.7478154563092,-3.642815456309222,1.3878154563092266,True,819.1002054184203,-0.0013441119247913635,0.0,0.0007622896738255294,608.2261271667505,-10.121127166750512,7.866127166750516,True
2028-06-16,1.745758265951325,180.0,567.0,0.81,563.0,0.79,6.0,44.0,6.0,3.0,565.0,0.8,True,812.1324706670284,0.9298680606090756,-1.506706617180939,False,564.2,562.19,566.21,2.009999999999991,587.7997945471731,-23.59979454717302,21.589794547173028,True,819.1002054184203,-0.0013441119247913635,0.0,0.0015051546856801185,594.2773633926026,-30.077363392602592,28.0673633926026,True
2028-06-16,1.745758265951325,190.0,558.0,0.92,554.0,0.89,2.0,37.0,1.0,3.0,556.0,0.905,True,812.1324706670284,0.9298680606090756,-1.4526393959106632,False,555.095,553.08,557.11,2.0149999999999864,578.5011139410823,-23.406113941082253,21.391113941082267,True,819.1002054184203,-0.0013441119247913635,0.0,0.002269828240504229,584.977918112957,-29.882918112956986,27.867918112957,True
2028-06-16,1.745758265951325,195.0,567.5,0.97,563.5,0.95,1.0,11.0,1.0,3.0,565.5,0.96,True,812.1324706670284,0.9298680606090756,-1.4266639095074025,False,564.54,562.53,566.55,2.009999999999991,573.8517736380369,-9.311773638036925,7.301773638036934,True,819.1002054184203,-0.0013441119247913635,0.0,0.002756735169735597,580.3280909029824,-15.78809090298239,13.778090902982399,True
2028-06-16,1.745758265951325,200.0,572.0,1.03,567.29,1.01,20.0,132.0,1.0,1.0,569.645,1.02,True,812.1324706670284,0.9298680606090756,-1.4013461015231126,False,568.625,566.26,570.99,2.365000000000009,569.2024333349916,-0.5774333349916105,0.0,False,819.1002054184203,-0.0013441119247913635,0.0,0.003325091618267162,575.6781822434884,-7.053182243488436,4.688182243488427,True
2028-06-16,1.745758265951325,210.0,540.0,2.56,536.0,2.5,1.0,4.0,1.0,1.0,538.0,2.5300000000000002,True,812.1324706670284,0.9298680606090756,-1.3525559373536806,False,535.47,533.44,537.5,2.0299999999999727,559.9037527289008,-24.4337527289008,22.403752728900827,True,819.1002054184203,-0.0013441119247913635,0.0,0.004746661771676597,566.3780800672442,-30.908080067244214,28.87808006724424,True
2028-06-16,1.745758265951325,225.0,542.16,1.33,538.0,1.31,11.0,30.0,1.0,6.0,540.0799999999999,1.32,True,812.1324706670284,0.9298680606090756,-1.283563065866729,False,538.7599999999999,536.67,540.85,2.090000000000032,545.9557318197647,-7.195731819764774,5.105731819764628,True,819.1002054184203,-0.0013441119247913635,0.0,0.007775397310669063,552.4270304225693,-13.667030422569383,11.577030422569237,True
2028-06-16,1.745758265951325,250.0,456.0,1.67,451.68,1.65,4.0,489.0,4.0,6.0,453.84000000000003,1.66,True,812.1324706670284,0.9298680606090756,-1.1782025502089029,False,452.18,450.01,454.35,2.170000000000016,522.7090303045378,-70.5290303045378,68.35903030453778,True,819.1002054184203,-0.0013441119247913635,0.0,0.01611076257372246,529.1719935420792,-76.99199354207923,74.82199354207921,True
2028-06-16,1.745758265951325,300.0,474.96,2.5,470.5,2.48,18.0,186.0,1.0,2.0,472.73,2.49,True,812.1324706670284,0.9298680606090756,-0.9958809934149482,False,470.24,468.0,472.47999999999996,2.2399999999999807,476.215627274084,-5.97562727408399,3.735627274084038,True,819.1002054184203,-0.0013441119247913635,0.0,0.05280047285763967,482.64190080134154,-12.401900801341526,10.161900801341574,True
2028-06-16,1.745758265951325,320.0,464.0,3.37,459.08,3.34,4.0,174.0,2.0,5.0,461.53999999999996,3.355,True,812.1324706670284,0.9298680606090756,-0.9313424722773771,False,458.18499999999995,455.71,460.66,2.4750000000000227,457.6182660619025,0.5667339380974568,0.0,False,819.1002054184203,-0.0013441119247913635,0.0,0.07880297297263361,464.018537089045,-5.83353708904508,3.358537089045001,True
2028-06-16,1.745758265951325,340.0,451.42,3.34,446.5,3.31,13.0,586.0,40.0,6.0,448.96000000000004,3.325,True,812.1324706670284,0.9298680606090756,-0.8707178504609422,False,445.63500000000005,443.16,448.11,2.4749999999999943,439.020904849721,6.61409515027907,4.139095150279047,True,819.1002054184203,-0.0013441119247913635,0.0,0.08390354662631916,445.4160753032098,0.21892469679022497,0.0,False
2028-06-16,1.745758265951325,345.0,439.5,7.14,434.61,7.05,1.0,3.0,2.0,1.0,437.055,7.095,True,812.1324706670284,0.9298680606090756,-0.8561190510397895,False,429.96,427.47,432.45,2.4899999999999807,434.3715645466756,-4.411564546675606,1.9215645466755973,True,819.1002054184203,-0.0013441119247913635,0.0,0.1699156464888496,440.68072290030193,-10.72072290030195,8.230722900301942,True
2028-06-16,1.745758265951325,350.0,435.0,3.57,430.25,3.54,15.0,88.0,1.0,3.0,432.625,3.5549999999999997,True,812.1324706670284,0.9298680606090756,-0.8417303135876898,False,429.07,426.68,431.46,2.3899999999999864,429.72222424363025,-0.6522242436302577,0.0,False,819.1002054184203,-0.0013441119247913635,0.0,0.09249579987364598,436.1088024438718,-7.038802443871816,4.64880244387183,True
2028-06-16,1.745758265951325,375.0,412.95,4.24,408.0,4.2,8.0,155.0,1.0,8.0,410.475,4.220000000000001,True,812.1324706670284,0.9298680606090756,-0.7727374421007385,False,406.255,403.76,408.75,2.4950000000000045,406.47552272840335,-0.22052272840335263,0.0,False,819.1002054184203,-0.0013441119247913635,0.0,0.11835395563867124,412.83624277287987,-6.581242772879875,4.086242772879871,True
2028-06-16,1.745758265951325,380.0,332.0,4.38,327.41,4.33,1.0,17.0,0.0,3.0,329.70500000000004,4.355,True,812.1324706670284,0.9298680606090756,-0.7594922153507178,False,325.35,323.03000000000003,327.67,2.319999999999993,401.82618242535796,-76.47618242535793,74.15618242535794,True,819.1002054184203,-0.0013441119247913635,0.0,0.12404575145719043,408.181210674016,-82.83121067401595,80.51121067401596,True
2028-06-16,1.745758265951325,385.0,404.0,4.52,399.07,4.48,66.0,116.0,1.0,113.0,401.53499999999997,4.5,True,812.1324706670284,0.9298680606090756,-0.746420133783365,False,397.03499999999997,394.55,399.52,2.484999999999985,397.17684212231256,-0.14184212231259608,0.0,False,819.1002054184203,-0.0013441119247913635,0.0,0.13014420774292557,403.5257719146848,-6.490771914684842,4.0057719146848285,True
2028-06-16,1.745758265951325,390.0,399.5,4.67,394.64,4.63,6.0,258.0,5.0,250.0,397.07,4.65,True,812.1324706670284,0.9298680606090756,-0.7335167289474571,False,392.42,389.96999999999997,394.87,2.450000000000017,392.52750181926723,-0.10750181926721325,0.0,False,819.1002054184203,-0.0013441119247913635,0.0,0.1365396096218019,398.8700362097606,-6.450036209760583,4.000036209760594,True
2028-06-16,1.745758265951325,395.0,329.0,4.83,324.55,4.78,9.0,258.0,0.0,2.0,326.775,4.805,True,812.1324706670284,0.9298680606090756,-0.7207777031700274,False,321.96999999999997,319.72,324.22,2.25,387.87816151622184,-65.90816151622187,63.65816151622181,True,819.1002054184203,-0.0013441119247913635,0.0,0.14324137828370187,394.21399413805335,-72.24399413805338,69.99399413805332,True
2028-06-16,1.745758265951325,400.0,390.5,4.98,385.79,4.94,377.0,446.0,4.0,1.0,388.145,4.960000000000001,True,812.1324706670284,0.9298680606090756,-0.7081989209631673,False,383.185,380.81,385.56,2.375,383.22882121317645,-0.04382121317644305,0.0,False,819.1002054184203,-0.0013441119247913635,0.0,0.1501448241619734,389.55775038912964,-6.372750389129635,3.997750389129635,True
2028-06-16,1.745758265951325,405.0,365.5,5.98,361.64,5.91,8.0,9.0,2.0,1.0,363.57,5.945,True,812.1324706670284,0.9298680606090756,-0.6957764009646101,False,357.625,355.65999999999997,359.59,1.9650000000000034,378.57948091013105,-20.954480910131053,18.98948091013108,True,819.1002054184203,-0.0013441119247913635,0.0,0.17969270635669687,384.8788622038895,-27.253862203889526,25.28886220388955,True
2028-06-16,1.745758265951325,410.0,361.0,5.33,357.33,5.28,18.0,9.0,13.0,1.0,359.16499999999996,5.305,True,812.1324706670284,0.9298680606090756,-0.6835063083727958,False,353.85999999999996,352.0,355.72,1.8600000000000136,373.9301406070857,-20.07014060708576,18.21014060708569,True,819.1002054184203,-0.0013441119247913635,0.0,0.16558281236288952,380.243631794838,-26.38363179483804,24.523631794837968,True
2028-06-16,1.745758265951325,420.0,373.0,5.68,368.17,5.62,6.0,141.0,1.0,1.0,370.58500000000004,5.65,True,812.1324706670284,0.9298680606090756,-0.6594087567937353,False,364.93500000000006,362.49,367.38,2.444999999999993,364.63146000099493,0.3035399990051246,0.0,False,819.1002054184203,-0.0013441119247913635,0.0,0.18195393336248777,370.92858006774765,-5.993580067747587,3.5485800677476504,True
2028-06-16,1.745758265951325,425.0,368.5,5.86,363.77,5.81,33.0,101.0,4.0,24.0,366.135,5.835,True,812.1324706670284,0.9298680606090756,-0.6475742991467324,False,360.3,357.90999999999997,362.69,2.390000000000015,359.98211969794954,0.3178803020504688,0.0,False,819.1002054184203,-0.0013441119247913635,0.0,0.1908568398122794,366.27033685825245,-5.970336858252438,3.5803368582524513,True
2028-06-16,1.745758265951325,430.0,366.47,6.06,361.5,6.0,3.0,20.0,1.0,2.0,363.985,6.029999999999999,True,812.1324706670284,0.9298680606090756,-0.6358782593835413,False,357.95500000000004,355.44,360.47,2.515000000000015,355.3327793949042,2.6222206050958334,0.10722060509579023,True,819.1002054184203,-0.0013441119247913635,0.0,0.200287123817545,361.61156627120187,-3.656566271201825,1.1415662712018388,True
2028-06-16,1.745758265951325,435.0,367.0,6.26,362.07,6.2,26.0,6610.0,1.0,15.0,364.53499999999997,6.23,True,812.1324706670284,0.9298680606090756,-0.6243174369824651,False,358.30499999999995,355.81,360.8,2.4950000000000045,350.6834390918588,7.621560908141134,5.126560908141187,True,819.1002054184203,-0.0013441119247913635,0.0,0.2101694778947838,356.9523436140792,1.3526563859207386,0.0,False
2028-06-16,1.745758265951325,440.0,357.5,6.46,352.75,6.4,0.0,23.0,15.0,1.0,355.125,6.43,True,812.1324706670284,0.9298680606090756,-0.6128887411588423,False,348.695,346.29,351.1,2.405000000000001,346.0340987888134,2.6609012111865695,0.2559012111865968,True,819.1002054184203,-0.0013441119247913635,0.0,0.22036113093410314,352.2928116579945,-3.597811657994498,1.1928116579944685,True
2028-06-16,1.745758265951325,445.0,304.5,6.68,299.86,6.62,0.0,231.0,0.0,2.0,302.18,6.65,False,812.1324706670284,0.9298680606090756,-0.6015891859049091,False,295.53000000000003,293.18,297.88,2.3499999999999943,341.38475848576803,-45.854758485768,43.504758485768036,True,819.1002054184203,-0.0013441119247913635,0.0,0.23151444930198917,347.63231803658124,-52.10231803658121,49.752318036581244,True
2028-06-16,1.745758265951325,450.0,346.83,6.9,342.0,6.84,37.0,114.0,2.0,1.0,344.41499999999996,6.87,True,812.1324706670284,0.9298680606090756,-0.5904158853067837,False,337.54499999999996,335.1,339.99,2.444999999999993,336.7354181827227,0.8095818172772624,0.0,False,819.1002054184203,-0.0013441119247913635,0.0,0.2430229431283193,342.97146923970956,-5.426469239709604,2.981469239709554,True
2028-06-16,1.745758265951325,455.0,296.0,7.13,291.49,7.07,3.0,21.0,1.0,1.0,293.745,7.1,True,812.1324706670284,0.9298680606090756,-0.5793660491201988,False,286.645,284.36,288.93,2.2849999999999966,332.0860778796773,-45.44107787967732,43.1560778796773,True,819.1002054184203,-0.0013441119247913635,0.0,0.2551817285187443,338.3099701512738,-51.66497015127379,49.37997015127377,True
2028-06-16,1.745758265951325,460.0,345.0,7.36,340.18,7.29,4.0,153.0,2.0,4.0,342.59000000000003,7.325,True,812.1324706670284,0.9298680606090756,-0.5684369785880085,False,335.26500000000004,332.82,337.71,2.444999999999993,327.4367375766319,7.82826242336813,5.38326242336808,True,819.1002054184203,-0.0013441119247913635,0.0,0.26758871578589627,333.6482228609612,1.6167771390388452,0.0,False
2028-06-16,1.745758265951325,465.0,333.86,7.61,329.0,7.54,4.0,4.0,2.0,1.0,331.43,7.575,True,812.1324706670284,0.9298680606090756,-0.557626062483793,False,323.855,321.39,326.32,2.4650000000000034,322.7873972735865,1.0676027264134973,0.0,False,819.1002054184203,-0.0013441119247913635,0.0,0.2811240655431897,328.98534720815854,-5.1303472081585255,2.6653472081585505,True
2028-06-16,1.745758265951325,470.0,312.26,7.87,308.0,7.79,6.0,19.0,4.0,1.0,310.13,7.83,True,812.1324706670284,0.9298680606090756,-0.546930773367045,False,302.3,300.13,304.46999999999997,2.1699999999999875,318.1380569705412,-15.838056970541174,13.668056970541215,True,819.1002054184203,-0.0013441119247913635,0.0,0.2952813494299855,324.32184962122636,-22.02184962122635,19.851849621226393,True
2028-06-16,1.745758265951325,475.0,327.44,8.13,322.5,8.05,35.0,785.0,25.0,5.0,324.97,8.09,True,812.1324706670284,0.9298680606090756,-0.5363486640365082,False,316.88000000000005,314.37,319.39,2.509999999999991,313.4887166674958,3.3912833325042584,0.8812833325042106,True,819.1002054184203,-0.0013441119247913635,0.0,0.31005010767397057,319.657740559937,-2.7777405599369445,0.2677405599370104,True
2028-06-16,1.745758265951325,480.0,327.74,8.4,323.0,8.33,2.0,411.0,4.0,2.0,325.37,8.365,True,812.1324706670284,0.9298680606090756,-0.5258773641692126,False,317.005,314.6,319.41,2.405000000000001,308.8393763644504,8.165623635549593,5.760623635549621,True,819.1002054184203,-0.0013441119247913635,0.0,0.32580541540926866,314.99264494915633,2.0123550508436665,0.0,False
2028-06-16,1.745758265951325,485.0,318.5,8.69,313.88,8.61,26.0,210.0,1.0,127.0,316.19,8.649999999999999,True,812.1324706670284,0.9298680606090756,-0.5155145771336661,False,307.54,305.19,309.89,2.3499999999999943,304.190036061405,3.3499639385950104,0.9999639385949877,True,819.1002054184203,-0.0013441119247913635,0.0,0.34245220755055605,310.32665785396966,-2.7866578539696434,0.4366578539696775,True
2028-06-16,1.745758265951325,490.0,312.0,8.97,307.34,8.9,17.0,220.0,1.0,195.0,309.66999999999996,8.935,True,812.1324706670284,0.9298680606090756,-0.505258076966477,False,300.73499999999996,298.36999999999995,303.1,2.3650000000000375,299.5406957583597,1.1943042416402818,0.0,False,819.1002054184203,-0.0013441119247913635,0.0,0.35965710030247955,305.6601126581724,-4.925112658172452,2.560112658172386,True
2028-06-16,1.745758265951325,495.0,310.0,9.27,305.35,9.2,11.0,683.0,1.0,677.0,307.675,9.235,True,812.1324706670284,0.9298680606090756,-0.495105705502459,False,298.44,296.08000000000004,300.8,2.359999999999985,294.8913554553143,3.5486445446857147,1.1886445446857579,True,819.1002054184203,-0.0013441119247913635,0.0,0.377908695139368,300.9925207602901,-2.552520760290122,0.19252076029010823,True
2028-06-16,1.745758265951325,500.0,303.5,9.58,298.83,9.51,108.0,693.0,1.0,1.0,301.16499999999996,9.545,True,812.1324706670284,0.9298680606090756,-0.4850553696489575,False,291.61999999999995,289.25,293.99,2.3700000000000045,290.2420151522689,1.3779848477310566,0.0,False,819.1002054184203,-0.0013441119247913635,0.0,0.397134062750343,296.3239550896337,-4.70395508963378,2.3339550896337187,True
2028-06-16,1.745758265951325,505.0,283.07,9.92,278.5,9.83,3.0,13.0,2.0,3.0,280.78499999999997,9.875,True,812.1324706670284,0.9298680606090756,-0.47510503879578936,False,270.90999999999997,268.58,273.24,2.3300000000000125,285.5926748492235,-14.682674849223531,12.35267484922349,True,819.1002054184203,-0.0013441119247913635,0.0,0.41766344092252616,291.65408540841617,-20.744085408416197,18.414085408416156,True
2028-06-16,1.745758265951325,510.0,278.95,10.25,274.5,10.17,44.0,888.0,84.0,190.0,276.725,10.21,True,812.1324706670284,0.9298680606090756,-0.4652527423527778,False,266.51500000000004,264.25,268.78,2.2649999999999864,280.94333454617816,-14.428334546178121,12.163334546178191,True,819.1002054184203,-0.0013441119247913635,0.0,0.4390014796502939,286.98340706664305,-20.46840706664301,18.20340706664308,True
2028-06-16,1.745758265951325,515.0,290.99,10.6,286.0,10.51,54.0,675.0,12.0,19.0,288.495,10.555,True,812.1324706670284,0.9298680606090756,-0.45549656740741307,False,277.94,275.4,280.48,2.5400000000000205,276.2939942431328,1.6460057568672255,0.0,False,819.1002054184203,-0.0013441119247913635,0.0,0.46146661418835677,282.3116016290596,-4.371601629059626,1.8316016290596053,True
2028-06-16,1.745758265951325,520.0,293.45,10.96,288.52,10.87,38.0,691.0,3.0,46.0,290.985,10.915,True,812.1324706670284,0.9298680606090756,-0.4458346564956763,False,280.07,277.56,282.58,2.509999999999991,271.6446539400874,8.425346059912613,5.915346059912622,True,819.1002054184203,-0.0013441119247913635,0.0,0.4852298664889716,277.6384980737136,2.431501926286387,0.0,False
2028-06-16,1.745758265951325,525.0,285.0,11.33,280.05,11.24,70.0,611.0,25.0,645.0,282.525,11.285,True,812.1324706670284,0.9298680606090756,-0.43626520547952546,False,271.23999999999995,268.72,273.76,2.519999999999982,266.995313637042,4.244686362957964,1.724686362958039,True,819.1002054184203,-0.0013441119247913635,0.0,0.5101495794755824,272.9642380576816,-1.7242380576816458,0.0,False
2028-06-16,1.745758265951325,530.0,284.99,11.72,280.06,11.62,43.0,88.0,1.0,2.0,282.525,11.67,True,812.1324706670284,0.9298680606090756,-0.4267864615249818,False,270.85499999999996,268.34,273.37,2.515000000000015,262.3459733339966,8.509026666003365,5.9940266660033785,True,819.1002054184203,-0.0013441119247913635,0.0,0.5365482086402906,268.28849912547156,2.5665008745284013,0.0515008745284149,True
2028-06-16,1.745758265951325,535.0,274.0,12.11,269.15,12.02,33.0,1508.0,1.0,1500.0,271.575,12.065,True,812.1324706670284,0.9298680606090756,-0.41739672117514265,False,259.51,257.03999999999996,261.98,2.4700000000000273,257.69663303095126,1.8133669690487295,0.0,False,819.1002054184203,-0.0013441119247913635,0.0,0.5642874058751168,263.61141962519133,-4.10141962519134,1.6314196251913131,True
2028-06-16,1.745758265951325,540.0,272.5,12.5,267.56,12.42,19.0,180.0,1.0,1.0,270.03,12.46,True,812.1324706670284,0.9298680606090756,-0.40809432851282923,False,257.57,255.06,260.08,2.509999999999991,253.04729272790587,4.522707272094124,2.012707272094133,True,819.1002054184203,-0.0013441119247913635,0.0,0.5929331317215407,258.9334335962995,-1.363433596299501,0.0,False
2028-06-16,1.745758265951325,545.0,265.5,12.93,260.79,12.84,13.0,267.0,11.0,1.0,263.145,12.885,True,812.1324706670284,0.9298680606090756,-0.39887767340790514,False,250.26,247.86,252.66,2.3999999999999915,248.39795242486048,1.8620475751395134,0.0,False,819.1002054184203,-0.0013441119247913635,0.0,0.6236952720703979,254.2533311529053,-3.993331152905313,1.5933311529053071,True
2028-06-16,1.745758265951325,550.0,261.5,13.38,256.63,13.27,777.0,745.0,1.0,1.0,259.065,13.325,True,812.1324706670284,0.9298680606090756,-0.38974518984463274,False,245.74,243.25,248.23,2.489999999999995,243.7486121218151,1.991387878184895,0.0,False,819.1002054184203,-0.0013441119247913635,0.0,0.6561904177195768,249.57149570421072,-3.8314957042107096,1.341495704210729,True
2028-06-16,1.745758265951325,555.0,257.48,13.81,252.5,13.73,18.0,774.0,1.0,3.0,254.99,13.77,True,812.1324706670284,0.9298680606090756,-0.38069535432471474,False,241.22,238.69,243.75000000000003,2.5300000000000153,239.09927181876972,2.1207281812302767,0.0,False,819.1002054184203,-0.0013441119247913635,0.0,0.6900060115318798,244.88833980735305,-3.6683398073530498,1.1383398073530202,True
2028-06-16,1.745758265951325,560.0,253.0,14.3,248.32,14.19,7.0,262.0,2.0,1.0,250.66,14.245000000000001,True,812.1324706670284,0.9298680606090756,-0.37172668434195444,False,236.415,234.01999999999998,238.81,2.3950000000000102,234.44993151572436,1.9650684842756334,0.0,False,819.1002054184203,-0.0013441119247913635,0.0,0.7261517553950476,240.2028537604445,-3.7878537604445057,1.3928537604444955,True
2028-06-16,1.745758265951325,565.0,249.0,14.77,244.21,14.67,19.0,198.0,2.0,6.0,246.60500000000002,14.719999999999999,True,812.1324706670284,0.9298680606090756,-0.36283773692470833,False,231.88500000000002,229.44,234.33,2.4450000000000074,229.80059121267897,2.0844087873210526,0.0,False,819.1002054184203,-0.0013441119247913635,0.0,0.763661788708939,235.51600342408526,-3.631003424085236,1.1860034240852428,True
2028-06-16,1.745758265951325,570.0,245.0,15.27,240.11,15.17,16.0,750.0,4.0,1.0,242.555,15.219999999999999,True,812.1324706670284,0.9298680606090756,-0.3540271072425534,False,227.335,224.84,229.83,2.4950000000000045,225.1512509096336,2.1837490903664047,0.0,False,819.1002054184203,-0.0013441119247913635,0.0,0.8035991510266296,230.82672575872218,-3.4917257587221684,0.9967257587221638,True
2028-06-16,1.745758265951325,575.0,240.94,15.79,236.03,15.68,17.0,1321.0,1.0,4.0,238.485,15.735,True,812.1324706670284,0.9298680606090756,-0.34529342727379886,False,222.75,220.24,225.26,2.509999999999991,220.5019106065882,2.2480893934117887,0.0,False,819.1002054184203,-0.0013441119247913635,0.0,0.8456703203924238,226.135314286311,-3.385314286311001,0.8753142863110099,True
2028-06-16,1.745758265951325,580.0,235.72,16.32,231.96,16.21,17.0,164.0,2.0,1.0,233.84,16.265,True,812.1324706670284,0.9298680606090756,-0.33663536453068416,False,217.575,215.64000000000001,219.51,1.934999999999988,215.85257030354285,1.7224296964571408,0.0,False,819.1002054184203,-0.0013441119247913635,0.0,0.8898997743773496,221.4417445292807,-3.8667445292807088,1.9317445292807065,True
2028-06-16,1.745758265951325,585.0,231.96,16.87,227.92,16.75,16.0,124.0,9.0,5.0,229.94,16.810000000000002,True,812.1324706670284,0.9298680606090756,-0.3280516208392928,False,213.13,211.04999999999998,215.21,2.0800000000000125,211.20323000049746,1.9267699995025396,0.0,False,819.1002054184203,-0.0013441119247913635,0.0,0.9364397900117165,216.74586421060096,-3.615864210600961,1.5358642106009484,True
2028-06-16,1.745758265951325,590.0,227.9,17.42,223.85,17.32,11.0,80.0,1.0,2.0,225.875,17.37,True,812.1324706670284,0.9298680606090756,-0.3195409311713841,False,208.505,206.43,210.58,2.075000000000003,206.5538896974521,1.951110302547903,0.0,False,819.1002054184203,-0.0013441119247913635,0.0,0.9854755396023513,212.04748815796492,-3.542488157964925,1.4674881579649082,True
2028-06-16,1.745758265951325,595.0,223.84,18.02,219.84,17.9,19.0,710.0,1.0,3.0,221.84,17.96,True,812.1324706670284,0.9298680606090756,-0.31110206252551953,False,203.88,201.82,205.94,2.0600000000000023,201.9045493944067,1.975450605593295,0.0,False,819.1002054184203,-0.0013441119247913635,0.0,1.0375570822491937,207.34606631227274,-3.466066312272744,1.406066312272742,True
2028-06-16,1.745758265951325,600.0,219.81,18.61,215.83,18.5,358.0,1830.0,1.0,1.0,217.82,18.555,True,812.1324706670284,0.9298680606090756,-0.30273381285500284,False,199.265,197.22000000000003,201.31,2.0449999999999875,197.25520909136134,2.0097909086386494,0.0,False,819.1002054184203,-0.0013441119247913635,0.0,1.0918656869206096,202.6424174045559,-3.3774174045559278,1.3324174045559118,True
2028-06-16,1.745758265951325,605.0,215.75,19.24,211.79,19.12,50.0,86.0,1.0,20.0,213.76999999999998,19.18,True,812.1324706670284,0.9298680606090756,-0.29443501004030787,False,194.58999999999997,192.54999999999998,196.63,2.0400000000000063,192.60586878831595,1.98413121168403,0.0,False,819.1002054184203,-0.0013441119247913635,0.0,1.1495406659712266,197.93540212245995,-3.345402122459973,1.3054021224599524,True
2028-06-16,1.745758265951325,610.0,211.58,19.89,207.84,19.76,133.0,148.0,1.0,2.0,209.71,19.825000000000003,True,812.1324706670284,0.9298680606090756,-0.2862045109037923,False,189.885,187.95,191.82000000000002,1.9350000000000165,187.95652848527058,1.9284715147294094,0.0,False,819.1002054184203,-0.0013441119247913635,0.0,1.2104375778650507,193.2251649075207,-3.340164907520716,1.4051649075206853,True
2028-06-16,1.745758265951325,615.0,207.8,20.56,203.9,20.42,24.0,48.0,3.0,1.0,205.85000000000002,20.490000000000002,True,812.1324706670284,0.9298680606090756,-0.27804120026463147,False,185.36,183.34,187.38,2.019999999999996,183.3071881822252,2.052811817774824,0.03281181777481379,True,819.1002054184203,-0.0013441119247913635,0.0,1.2746316353756768,188.51163054696474,-3.151630546964725,1.1316305469647432,True
2028-06-16,1.745758265951325,620.0,203.77,21.24,199.93,21.11,184.0,69.0,1.0,1.0,201.85000000000002,21.174999999999997,True,812.1324706670284,0.9298680606090756,-0.269943990032012,False,180.675,178.69,182.66000000000003,1.9850000000000136,178.65784787917983,2.0171521208201852,0.032152120820171604,True,819.1002054184203,-0.0013441119247913635,0.0,1.3422381421327714,183.79468373716225,-3.1196837371622337,1.13468373716222,True
2028-06-16,1.745758265951325,625.0,199.68,21.95,196.0,21.83,115.0,485.0,7.0,1.0,197.84,21.89,True,812.1324706670284,0.9298680606090756,-0.2619118183347477,False,175.95,174.05,177.85000000000002,1.9000000000000057,174.00850757613443,1.9414924238655544,0.041492423865577166,True,819.1002054184203,-0.0013441119247913635,0.0,1.4140572593626182,179.07352431688705,-3.123524316887057,1.2235243168870227,True
2028-06-16,1.745758265951325,630.0,195.96,22.68,192.13,22.55,94.0,258.0,9.0,2.0,194.04500000000002,22.615000000000002,True,812.1324706670284,0.9298680606090756,-0.2539436486855709,False,171.43,169.45,173.41,1.980000000000004,169.35916727308907,2.070832726910936,0.09083272691091793,True,819.1002054184203,-0.0013441119247913635,0.0,1.489241073821315,174.34900019938294,-2.9190001993829355,0.9390001993829458,True
2028-06-16,1.745758265951325,635.0,191.63,23.43,188.2,23.3,387.0,186.0,1.0,3.0,189.915,23.365000000000002,True,812.1324706670284,0.9298680606090756,-0.24603846917845756,False,166.54999999999998,164.76999999999998,168.32999999999998,1.7800000000000011,164.70982697004368,1.8401730299563042,0.060173029956303026,True,819.1002054184203,-0.0013441119247913635,0.0,1.5688156733307643,169.62008529682814,-3.070085296828154,1.2900852968281527,True
2028-06-16,1.745758265951325,640.0,188.13,24.21,184.33,24.08,55.0,200.0,5.0,6.0,186.23000000000002,24.145,True,812.1324706670284,0.9298680606090756,-0.23819529171743173,False,162.085,160.12,164.05,1.9650000000000034,160.06048666699832,2.0245133330016927,0.05951333300168926,True,819.1002054184203,-0.0013441119247913635,0.0,1.6530758784750041,164.8864847886385,-2.801484788638504,0.8364847886385007,True
2028-06-16,1.745758265951325,645.0,184.3,25.02,180.54,24.89,58.0,43.0,2.0,3.0,182.42000000000002,24.955,True,812.1324706670284,0.9298680606090756,-0.23041315127537673,False,157.46500000000003,155.51999999999998,159.41000000000003,1.9450000000000216,155.41114636395292,2.0538536360471085,0.10885363604705844,True,819.1002054184203,-0.0013441119247913635,0.0,1.7422130892841814,160.14800727478396,-2.6830072747839324,0.7380072747839392,True
2028-06-16,1.745758265951325,650.0,180.45,25.88,176.72,25.74,261.0,1110.0,1.0,6.0,178.58499999999998,25.81,True,812.1324706670284,0.9298680606090756,-0.22269110518146648,False,152.77499999999998,150.84,154.70999999999998,1.934999999999988,150.76180606090756,2.0131939390924174,0.07819393909244354,True,819.1002054184203,-0.0013441119247913635,0.0,1.837145758251534,155.40373430277123,-2.6287343027712495,0.6937343027712473,True
2028-06-16,1.745758265951325,655.0,176.42,26.71,172.87,26.58,62.0,76.0,1.0,1.0,174.64499999999998,26.645,True,812.1324706670284,0.9298680606090756,-0.2150282324358973,False,147.99999999999997,146.16,149.83999999999997,1.8399999999999892,146.11246575786217,1.8875342421378036,0.04753424213782864,True,819.1002054184203,-0.0013441119247913635,0.0,1.9353448647951872,150.6561948931822,-2.6561948931822315,0.816194893182228,True
2028-06-16,1.745758265951325,660.0,172.77,27.59,169.14,27.46,348.0,5713.0,1.0,5.0,170.95499999999998,27.525,True,812.1324706670284,0.9298680606090756,-0.20742363305067807,False,143.42999999999998,141.54999999999998,145.31,1.8800000000000097,141.4631254548168,1.966874545183174,0.0868745451831785,True,819.1002054184203,-0.0013441119247913635,0.0,2.040160382778428,145.90203907215357,-2.472039072153592,0.5920390721535682,True
2028-06-16,1.745758265951325,665.0,169.04,28.5,165.39,28.37,46.0,1074.0,1.0,634.0,167.21499999999997,28.435000000000002,True,812.1324706670284,0.9298680606090756,-0.1998764274152951,False,138.77999999999997,136.89,140.67,1.8900000000000006,136.8137851517714,1.9662148482285602,0.07621484822857383,True,819.1002054184203,-0.0013441119247913635,0.0,2.1508509336038024,141.14200821828283,-2.3620082182828526,0.4720082182828378,True
2028-06-16,1.745758265951325,670.0,165.25,29.45,161.6,29.31,84.0,411.0,1.0,316.0,163.425,29.38,True,812.1324706670284,0.9298680606090756,-0.19238575568613756,False,134.04500000000002,132.15,135.94,1.894999999999996,132.16444484872605,1.8805551512739669,0.0,False,819.1002054184203,-0.0013441119247913635,0.0,2.2682152740897585,136.37530357475148,-2.3303035747514684,0.4353035747514866,True
2028-06-16,1.745758265951325,675.0,161.33,30.41,157.9,30.28,68.0,1369.0,14.0,11.0,159.615,30.345,True,812.1324706670284,0.9298680606090756,-0.1849507771986194,False,129.27,127.49000000000001,131.05,1.7800000000000011,127.51510454568067,1.754895454319339,0.0,False,819.1002054184203,-0.0013441119247913635,0.0,2.391971414442132,131.60220713135374,-2.3322071313537265,0.5522071313537253,True
2028-06-16,1.745758265951325,680.0,159.0,31.4,154.24,31.26,309.0,909.0,2.0,1.0,156.62,31.33,True,812.1324706670284,0.9298680606090756,-0.17757066990099693,False,125.29,122.84,127.74,2.4499999999999957,122.8657642426353,2.4242357573647126,0.0,False,819.1002054184203,-0.0013441119247913635,0.0,2.522374857117015,126.82246338563347,-1.5324633856334628,0.0,False
2028-06-16,1.745758265951325,685.0,153.97,32.48,150.63,32.32,248.0,886.0,12.0,155.0,152.3,32.4,True,812.1324706670284,0.9298680606090756,-0.17024462980892396,True,119.9,118.15,121.65,1.75,118.21642393958992,1.6835760604100898,0.0,False,819.1002054184203,-0.0013441119247913635,0.0,2.6627549969235247,122.03274294278158,-2.132742942781576,0.38274294278157583,True
2028-06-16,1.745758265951325,690.0,150.51,33.52,146.94,33.38,463.0,322.0,1.0,1.0,148.725,33.45,True,812.1324706670284,0.9298680606090756,-0.16297187047984413,True,115.27499999999999,113.41999999999999,117.13,1.855000000000004,113.56708363654454,1.7079163634554533,0.0,False,819.1002054184203,-0.0013441119247913635,0.0,2.809127548604337,117.23703008805539,-1.9620300880553998,0.10703008805539582,True
2028-06-16,1.745758265951325,695.0,146.63,34.61,143.32,34.47,171.0,439.0,19.0,104.0,144.975,34.54,True,812.1324706670284,0.9298680606090756,-0.15575162250635713,True,110.435,108.71,112.16,1.7250000000000014,108.91774333349916,1.5172566665008418,0.0,False,819.1002054184203,-0.0013441119247913635,0.0,2.964404310372302,112.43241302324205,-1.9974130232420464,0.2724130232420521,True
2028-06-16,1.745758265951325,700.0,143.08,35.76,139.84,35.6,290.0,1623.0,1.0,1.0,141.46,35.68,True,812.1324706670284,0.9298680606090756,-0.14858313302774454,True,105.78,104.08000000000001,107.48000000000002,1.7000000000000028,104.26840303045378,1.5115969695462184,0.0,False,819.1002054184203,-0.0013441119247913635,0.0,3.129465839469688,107.61801119109928,-1.8380111910992838,0.13801119109926674,True
2028-06-16,1.745758265951325,705.0,139.63,36.93,136.18,36.76,292.0,568.0,1.0,543.0,137.905,36.845,True,812.1324706670284,0.9298680606090756,-0.14146566525888063,True,101.06,99.25,102.87,1.8100000000000023,99.6190627274084,1.4409372725915972,0.0,False,819.1002054184203,-0.0013441119247913635,0.0,3.3041137390901625,102.79402298843343,-1.7340229884334235,0.0,False
2028-06-16,1.745758265951325,710.0,135.93,38.24,132.72,37.97,234.0,361.0,27.0,1.0,134.325,38.105000000000004,True,812.1324706670284,0.9298680606090756,-0.1343984980357881,True,96.21999999999998,94.47999999999999,97.96000000000001,1.740000000000009,94.96972242436303,1.2502775756369573,0.0,False,819.1002054184203,-0.0013441119247913635,0.0,3.4911264589882123,97.95766996549,-1.7376699654900136,0.0,False
2028-06-16,1.745758265951325,715.0,132.57,39.5,129.16,39.23,334.0,405.0,3.0,1.0,130.865,39.364999999999995,True,812.1324706670284,0.9298680606090756,-0.12738092537714163,True,91.50000000000001,89.66,93.34,1.8400000000000034,90.32038212131765,1.1796178786823646,0.0,False,819.1002054184203,-0.0013441119247913635,0.0,3.688039887054792,93.11141623437805,-1.6114162343780407,0.0,False
2028-06-16,1.745758265951325,720.0,128.89,40.8,125.69,40.5,109.0,1683.0,2.0,2.0,127.28999999999999,40.65,True,812.1324706670284,0.9298680606090756,-0.12041225606104823,True,86.63999999999999,84.89,88.38999999999999,1.749999999999993,85.67104181827227,0.9689581817277144,0.0,False,819.1002054184203,-0.0013441119247913635,0.0,3.8963575193042743,88.25375829908319,-1.6137582990832016,0.0,False
2028-06-16,1.745758265951325,725.0,125.61,42.17,122.25,41.83,97.0,1624.0,2.0,1.0,123.93,42.0,True,812.1324706670284,0.9298680606090756,-0.11349181321647452,True,81.93,80.08,83.78,1.8500000000000014,81.0217015152269,0.9082984847731126,0.0,False,819.1002054184203,-0.0013441119247913635,0.0,4.118314187948883,83.3824613273932,-1.4524613273931948,0.0,False
2028-06-16,1.745758265951325,730.0,123.5,43.49,118.91,43.19,311.0,568.0,1.0,1.0,121.205,43.34,True,812.1324706670284,0.9298680606090756,-0.10661893392871243,True,77.865,75.41999999999999,80.31,2.4450000000000074,76.37236121218152,1.4926387878184784,0.0,False,819.1002054184203,-0.0013441119247913635,0.0,4.352308090097971,78.49912712219873,-0.6341271221987341,0.0,False
2028-06-16,1.745758265951325,735.0,120.0,44.93,115.48,44.62,426.0,170.0,1.0,4.0,117.74000000000001,44.775,True,812.1324706670284,0.9298680606090756,-0.09979296885831263,True,72.965,70.55000000000001,75.38,2.414999999999992,71.72302090913614,1.2419790908638646,0.0,False,819.1002054184203,-0.0013441119247913635,0.0,4.602335241093712,73.59975966815762,-0.6347596681576135,0.0,False
2028-06-16,1.745758265951325,740.0,116.5,46.41,113.01,46.09,129.0,193.0,1.0,4.0,114.755,46.25,True,812.1324706670284,0.9298680606090756,-0.09301328187293381,True,68.505,66.60000000000001,70.41,1.904999999999994,67.07368060609076,1.4313193939092343,0.0,False,819.1002054184203,-0.0013441119247913635,0.0,4.868085264732073,68.68466934147388,-0.17966934147388258,0.0,False
2028-06-16,1.745758265951325,745.0,112.09,47.98,108.8,47.6,303.0,240.0,1.0,2.0,110.445,47.79,True,812.1324706670284,0.9298680606090756,-0.0862792496915898,True,62.654999999999994,60.82,64.49000000000001,1.8350000000000044,62.424340303045376,0.23065969695461774,0.0,False,819.1002054184203,-0.0013441119247913635,0.0,5.151173091043077,63.7522412121175,-1.0972412121175026,0.0,False
2028-06-16,1.745758265951325,750.0,108.68,49.51,105.54,49.16,482.0,497.0,1.0,2.0,107.11000000000001,49.334999999999994,True,812.1324706670284,0.9298680606090756,-0.07959026154079313,True,57.77500000000002,56.03000000000001,59.52000000000001,1.745000000000001,57.775,2.1316282072803006e-14,0.0,False,819.1002054184203,-0.0013441119247913635,0.0,5.451120443826149,58.80295355628905,-1.0279535562890274,0.0,False
2028-06-16,1.745758265951325,755.0,105.39,51.1,102.37,50.78,280.0,532.0,1.0,1.0,103.88,50.94,True,812.1324706670284,0.9298680606090756,-0.0729457188221245,True,52.94,51.27,54.61,1.6699999999999982,53.12565969695462,-0.18565969695462314,0.0,False,819.1002054184203,-0.0013441119247913635,0.0,5.771399155921031,53.83333454114879,-0.8933345411487892,0.0,False
2028-06-16,1.745758265951325,760.0,102.14,52.82,101.13,52.46,424.0,341.0,2.0,4.0,101.63499999999999,52.64,True,812.1324706670284,0.9298680606090756,-0.0663450347907725,True,48.99499999999999,48.309999999999995,49.68,0.6850000000000023,48.47631939390924,0.5186806060907472,0.0,False,819.1002054184203,-0.0013441119247913635,0.0,6.112900550648085,48.842492843376355,0.1525071566236349,0.0,False
2028-06-16,1.745758265951325,765.0,100.5,54.58,95.93,54.19,693.0,652.0,3.0,6.0,98.215,54.385,True,812.1324706670284,0.9298680606090756,-0.05978763424461338,True,43.830000000000005,41.35000000000001,46.31,2.479999999999997,43.826979090863865,0.0030209091361399487,0.0,False,819.1002054184203,-0.0013441119247913635,0.0,6.476057841869178,43.829995249109885,4.750890120419626e-06,0.0,False
2028-06-16,1.745758265951325,770.0,97.5,56.45,92.83,55.98,579.0,971.0,5.0,2.0,95.16499999999999,56.215,True,812.1324706670284,0.9298680606090756,-0.053272953223419746,True,38.94999999999999,36.379999999999995,41.52,2.570000000000004,39.17763878781849,-0.2276387878184991,0.0,False,819.1002054184203,-0.0013441119247913635,0.0,6.86527955055945,38.791433237374235,0.1585667626257532,0.0,False
2028-06-16,1.745758265951325,775.0,94.5,58.26,89.71,57.86,132.0,441.0,10.0,2.0,92.10499999999999,58.06,True,812.1324706670284,0.9298680606090756,-0.04680043871780223,True,34.04499999999999,31.449999999999996,36.64,2.5950000000000024,34.52829848477311,-0.48329848477312254,0.0,False,819.1002054184203,-0.0013441119247913635,0.0,7.278703142271851,33.728669342616456,0.3163306573835314,0.0,False
2028-06-16,1.745758265951325,780.0,91.5,60.22,86.62,59.81,416.0,1538.0,1.0,110.0,89.06,60.015,True,812.1324706670284,0.9298680606090756,-0.04036954838751187,True,29.045,26.400000000000006,31.689999999999998,2.644999999999996,29.878958181727732,-0.8339581817277306,0.0,False,819.1002054184203,-0.0013441119247913635,0.0,7.720314752039663,28.637717429803267,0.40728257019673464,0.0,False
2028-06-16,1.745758265951325,785.0,86.78,62.22,84.63,61.78,248.0,193.0,1.0,1.0,85.705,62.0,True,812.1324706670284,0.9298680606090756,-0.0339797502887408,True,23.705,22.409999999999997,25.0,1.2950000000000017,25.229617878682355,-1.5246178786823563,0.22961787868235461,True,819.1002054184203,-0.0013441119247913635,0.0,8.19682692618801,23.51186495260954,0.1931350473904594,0.0,False
2028-06-16,1.745758265951325,790.0,85.01,64.26,81.21,63.84,64.0,406.0,2.0,7.0,83.11,64.05000000000001,True,812.1324706670284,0.9298680606090756,-0.027630522610082118,True,19.059999999999988,16.94999999999999,21.17,2.1100000000000065,20.580277575636977,-1.5202775756369888,0.0,False,819.1002054184203,-0.0013441119247913635,0.0,8.698285211277387,18.361066364474784,0.6989336355252043,0.0,False
2028-06-16,1.745758265951325,795.0,80.88,66.54,78.73,66.01,482.0,85.0,20.0,34.0,79.805,66.275,True,812.1324706670284,0.9298680606090756,-0.021321353416817342,True,13.530000000000001,12.189999999999998,14.86999999999999,1.3399999999999963,15.9309372725916,-2.400937272591598,1.0609372725916089,True,819.1002054184203,-0.0013441119247913635,0.0,9.244372581618293,13.1656386910885,0.3643613089115014,0.0,False
2028-06-16,1.745758265951325,800.0,78.02,68.77,75.81,68.26,2104.0,810.0,17.0,1.0,76.91499999999999,68.515,True,812.1324706670284,0.9298680606090756,-0.015051740403222007,True,8.399999999999991,7.040000000000006,9.759999999999991,1.3599999999999923,11.281596969546221,-2.88159696954623,1.5215969695462306,True,819.1002054184203,-0.0013441119247913635,0.0,9.820645947390375,7.9400250222710405,0.459974977728951,0.0,False
2028-06-16,1.745758265951325,805.0,75.16,71.05,72.84,70.55,276.0,123.0,1.0,2.0,74.0,70.8,True,812.1324706670284,0.9298680606090756,-0.00882119065258588,True,3.200000000000003,1.7900000000000063,4.609999999999999,1.4099999999999966,6.632256666500845,-3.432256666500842,2.0222566665008452,True,819.1002054184203,-0.0013441119247913635,0.0,10.440739603003145,2.6705910636128927,0.5294089363871102,0.0,False
2028-06-16,1.745758265951325,810.0,72.38,73.49,70.06,72.95,358.0,570.0,6.0,8.0,71.22,73.22,True,812.1324706670284,0.9298680606090756,-0.0026292204046648618,True,-2.0,-3.4299999999999926,-0.5700000000000074,1.4299999999999926,1.9829163634554665,-3.9829163634554665,2.552916363455474,True,819.1002054184203,-0.0013441119247913635,0.0,11.122400231874522,-2.660409868303862,0.6604098683038622,0.0,False
2028-06-16,1.745758265951325,815.0,69.46,76.09,67.62,75.51,499.0,162.0,1.0,1.0,68.53999999999999,75.80000000000001,True,812.1324706670284,0.9298680606090756,0.0035246451697134485,True,-7.260000000000019,-8.469999999999999,-6.050000000000011,1.2099999999999937,-2.666423939589911,-4.593576060410108,3.3835760604101,True,819.1002054184203,-0.0013441119247913635,0.0,11.80867160606526,-7.996021545539978,0.736021545539959,0.0,False
2028-06-16,1.745758265951325,820.0,66.63,78.72,66.29,78.13,204.0,145.0,1.0,1.0,66.46000000000001,78.425,True,812.1324706670284,0.9298680606090756,0.009640872187149478,True,-11.96499999999999,-12.429999999999993,-11.5,0.4649999999999963,-7.315764242635289,-4.6492357573647,4.184235757364711,True,819.1002054184203,-0.0013441119247913635,0.0,12.383108729805585,-13.21979897232568,1.2547989723256912,0.7897989723256877,True
2028-06-16,1.745758265951325,825.0,63.93,81.45,63.63,80.87,1184.0,12.0,2.0,1.0,63.78,81.16,True,812.1324706670284,0.9298680606090756,0.015719918263531824,True,-17.379999999999995,-17.82,-16.940000000000005,0.4399999999999977,-11.965104545680667,-5.414895454319328,4.974895454319338,True,819.1002054184203,-0.0013441119247913635,0.0,13.181922593265725,-18.667953138831198,1.2879531388312024,0.8479531388311976,True
2028-06-16,1.745758265951325,830.0,61.37,84.24,61.06,83.66,53.0,393.0,6.0,6.0,61.215,83.94999999999999,True,812.1324706670284,0.9298680606090756,0.021762232719494387,True,-22.734999999999985,-23.179999999999993,-22.29,0.44499999999999673,-16.614444848726045,-6.1205551512739405,5.675555151273954,True,819.1002054184203,-0.0013441119247913635,0.0,13.998030270636193,-24.133401119247043,1.3984011192470582,0.9534011192470508,True
2028-06-16,1.745758265951325,835.0,58.89,87.27,58.56,86.64,3235.0,54.0,1.0,2.0,58.725,86.955,True,812.1324706670284,0.9298680606090756,0.027768256779706204,True,-28.229999999999997,-28.709999999999994,-27.75,0.4799999999999969,-21.263785151771422,-6.966214848228574,6.4862148482285775,True,819.1002054184203,-0.0013441119247913635,0.0,14.876632191978857,-29.661343343635085,1.4313433436350884,0.9513433436350915,True
2028-06-16,1.745758265951325,840.0,56.44,90.33,56.12,89.72,441.0,1791.0,2.0,4.0,56.28,90.025,True,812.1324706670284,0.9298680606090756,0.03373842376620997,False,-33.745000000000005,-34.21,-33.28,0.46499999999999986,-25.9131254548168,-7.831874545183204,7.366874545183201,True,819.1002054184203,-0.0013441119247913635,0.0,15.80641200400619,-35.240463458707794,1.495463458707789,1.0304634587077928,True
2028-06-16,1.745758265951325,845.0,54.07,93.52,53.73,92.91,206.0,7.0,2.0,4.0,53.9,93.215,True,812.1324706670284,0.9298680606090756,0.03967315928602467,False,-39.315000000000005,-39.79,-38.839999999999996,0.4750000000000014,-30.562465757862178,-8.752534242137827,8.277534242137818,True,819.1002054184203,-0.0013441119247913635,0.0,16.814673044330036,-40.898064802077016,1.5830648020770113,1.108064802077017,True
2028-06-16,1.745758265951325,850.0,51.75,96.84,51.46,96.29,6398.0,191.0,7.0,6.0,51.605000000000004,96.565,True,812.1324706670284,0.9298680606090756,0.045572881413212904,False,-44.959999999999994,-45.38,-44.540000000000006,0.41999999999999815,-35.211806060907556,-9.748193939092438,9.32819393909245,True,819.1002054184203,-0.0013441119247913635,0.0,17.862623928995887,-46.595355989788246,1.635355989788252,1.215355989788243,True
2028-06-16,1.745758265951325,855.0,49.46,100.36,49.15,99.76,112.0,72.0,2.0,69.0,49.305,100.06,True,812.1324706670284,0.9298680606090756,0.05143800086561092,False,-50.755,-51.21,-50.300000000000004,0.4549999999999983,-39.86114636395293,-10.89385363604707,10.438853636047071,True,819.1002054184203,-0.0013441119247913635,0.0,19.013178523840708,-52.39525088767845,1.640250887678448,1.1852508876784498,True
2028-06-16,1.745758265951325,860.0,47.23,106.0,46.93,101.16,104.0,4.0,4.0,2.0,47.08,103.58,True,812.1324706670284,0.9298680606090756,0.057268921176404065,False,-56.5,-59.07,-53.93,2.5700000000000003,-44.51048666699831,-11.989513333001689,9.419513333001689,True,819.1002054184203,-0.0013441119247913635,0.0,20.22208850272517,-58.25350116960829,1.7535011696082918,0.0,False
2028-06-16,1.745758265951325,865.0,45.14,110.0,44.81,105.01,97.0,0.0,1.0,2.0,44.975,107.505,True,812.1324706670284,0.9298680606090756,0.06306603886073013,False,-62.529999999999994,-65.19,-59.870000000000005,2.6599999999999966,-49.15982697004369,-13.370173029956305,10.710173029956316,True,819.1002054184203,-0.0013441119247913635,0.0,21.500481892072685,-64.18123486200119,1.6512348620011963,0.0,False
2028-06-16,1.745758265951325,870.0,43.05,112.94,42.76,109.12,2183.0,4.0,4.0,2.0,42.905,111.03,True,812.1324706670284,0.9298680606090756,0.06882974357748015,False,-68.125,-70.18,-66.07000000000001,2.0549999999999997,-53.809167273089066,-14.315832726910934,12.260832726910941,True,819.1002054184203,-0.0013441119247913635,0.0,22.862529055476273,-70.19262232845014,2.067622328450142,0.012622328450135,True
2028-06-16,1.745758265951325,875.0,41.04,117.35,40.73,113.5,1517.0,3.0,10.0,1.0,40.885,115.425,True,812.1324706670284,0.9298680606090756,0.07456041828646512,False,-74.53999999999999,-76.62,-72.46000000000001,2.0799999999999983,-58.458507576134444,-16.081492423865548,14.001492423865564,True,819.1002054184203,-0.0013441119247913635,0.0,24.325622741342883,-76.30505631736213,1.7650563173621379,0.0,False
2028-06-16,1.745758265951325,880.0,39.05,122.77,38.78,118.0,199.0,1.0,1.0,11.0,38.915,120.38499999999999,True,812.1324706670284,0.9298680606090756,0.080258439401103,False,-81.47,-83.99,-78.95,2.519999999999996,-63.10784787917982,-18.362152120820177,15.842152120820181,True,819.1002054184203,-0.0013441119247913635,0.0,25.891375102765792,-82.52014898183043,1.0501489818304321,0.0,False
2028-06-16,1.745758265951325,890.0,35.34,132.5,35.07,127.7,309.0,3.0,12.0,1.0,35.205,130.1,True,812.1324706670284,0.9298680606090756,0.09155799465503625,False,-94.895,-97.43,-92.36,2.5350000000000037,-72.40652848527058,-22.48847151472941,19.953471514729415,True,819.1002054184203,-0.0013441119247913635,0.0,29.30407888501739,-95.23153337017277,0.3365333701727735,0.0,False
2028-06-16,1.745758265951325,895.0,33.58,137.5,33.37,132.77,60.0,3.0,2.0,3.0,33.474999999999994,135.135,True,812.1324706670284,0.9298680606090756,0.09716025020370604,False,-101.66,-104.13,-99.19000000000001,2.4699999999999918,-77.05586878831596,-24.604131211684034,22.13413121168405,True,819.1002054184203,-0.0013441119247913635,0.0,31.095202221521134,-101.67199700972189,0.011997009721895324,0.0,False
2028-06-16,1.745758265951325,900.0,31.9,142.8,31.65,138.0,1119.0,1.0,1.0,1.0,31.775,140.4,True,812.1324706670284,0.9298680606090756,0.10273129525316158,False,-108.625,-111.15,-106.1,2.5250000000000057,-81.70520909136134,-26.91979090863866,24.394790908638655,True,819.1002054184203,-0.0013441119247913635,0.0,33.128921973598494,-108.35505706484463,-0.2699429351553704,0.0,False
2028-06-16,1.745758265951325,905.0,30.25,155.0,30.01,150.5,261.0,0.0,3.0,1.0,30.130000000000003,152.75,True,812.1324706670284,0.9298680606090756,0.10827147562877688,False,-122.62,-124.99,-120.25,2.3699999999999974,-86.35454939440672,-36.26545060559329,33.89545060559328,True,819.1002054184203,-0.0013441119247913635,0.0,35.12457795744426,-115.00005335173577,-7.619946648264232,5.249946648264228,True
2028-06-16,1.745758265951325,910.0,28.71,152.8,28.46,148.0,224.0,0.0,1.0,1.0,28.585,150.4,True,812.1324706670284,0.9298680606090756,0.11378113143974644,False,-121.815,-124.34,-119.28999999999999,2.5250000000000057,-91.0038896974521,-30.811110302547903,28.286110302547897,True,819.1002054184203,-0.0013441119247913635,0.0,37.020233932125265,-121.54504962946216,-0.2699503705378419,0.0,False
2028-06-16,1.745758265951325,915.0,27.24,165.0,27.01,160.5,124.0,0.0,2.0,2.0,27.125,162.75,True,812.1324706670284,0.9298680606090756,0.11926059720437197,False,-135.625,-137.99,-133.26,2.365000000000009,-95.65323000049747,-39.97176999950253,37.60676999950252,True,819.1002054184203,-0.0013441119247913635,0.0,38.83088999838469,-128.00504599876695,-7.619954001233054,5.254954001233045,True
2028-06-16,1.745758265951325,920.0,25.77,153.45,25.54,148.52,247.0,0.0,54.0,0.0,25.655,150.985,False,812.1324706670284,0.9298680606090756,0.1247102019719368,False,-125.33000000000001,-127.91,-122.75000000000001,2.579999999999991,-100.30257030354285,-25.027429696457162,22.447429696457164,True,819.1002054184203,-0.0013441119247913635,0.0,40.65154567314673,-134.47504197657437,9.145041976574362,6.565041976574378,True
2028-06-16,1.745758265951325,940.0,20.67,188.0,20.44,183.04,287.0,0.0,1.0,0.0,20.555,185.51999999999998,False,812.1324706670284,0.9298680606090756,0.14621640719290036,False,-164.96499999999997,-167.56,-162.37,2.594999999999999,-118.89993151572436,-46.06506848427561,43.47006848427564,True,819.1002054184203,-0.0013441119247913635,0.0,47.15416886471118,-159.57502638032034,-5.389973619679637,2.7949736196796664,True
2028-06-16,1.745758265951325,945.0,19.53,193.0,19.33,188.04,415.0,0.0,1.0,0.0,19.43,190.51999999999998,False,812.1324706670284,0.9298680606090756,0.15152145942259349,False,-171.08999999999997,-173.67000000000002,-168.51,2.5800000000000125,-123.54927181876974,-47.540728181230236,44.96072818123025,True,819.1002054184203,-0.0013441119247913635,0.0,48.62982469184723,-165.70002251050175,-5.3899774894982215,2.8099774894982374,True
2028-06-16,1.745758265951325,1000.0,10.28,322.5,10.19,317.57,2658.0,0.0,1.0,1.0,10.235,320.03499999999997,True,812.1324706670284,0.9298680606090756,0.2080918109109878,False,-309.79999999999995,-312.31,-307.29,2.509999999999991,-174.69201515226888,-135.10798484773107,132.59798484773114,True,819.1002054184203,-0.0013441119247913635,0.0,61.682044105166995,-229.89498525732068,-79.90501474267927,77.39501474267934,True
2028-06-16,1.745758265951325,1360.0,0.46,701.5,0.43,696.53,1969.0,0.0,5.0,3.0,0.445,699.015,True,812.1324706670284,0.9298680606090756,0.5155765106589484,False,-698.5699999999999,-701.07,-696.0699999999999,2.500000000000057,-509.4445169715361,-189.12548302846386,186.62548302846386,True,819.1002054184203,-0.0013441119247913635,0.0,96.71953099495295,-599.6849739663738,-98.8850260336261,96.3850260336261,True
