expiry,tau,strike,option_type,bid,ask,mid,mid_market,ee_premium,relative_spread,volume,open_interest,forward,discount,rate,dividend_yield,log_moneyness,implied_vol,iv_bid,iv_ask,total_variance,vega,moneyness_bucket
2026-09-23,0.0142514166362569,705.0,put,0.04998080863870258,0.059980808638702574,0.054980808638702576,0.055,1.919136129742427e-05,0.18181818181818174,1.0,98.0,759.9749943467654,0.99944421883154,0.0390091515989158,0.029313906871275983,-0.07508772775151094,0.25819112048683157,0.2553063756465624,0.2608963207846106,0.0009500372661836262,1.7920121973245489,put wing
2026-09-23,0.0142514166362569,710.0,put,0.05997563269672998,0.06997563269672999,0.06497563269672998,0.065,2.436730327001757e-05,0.15384615384615397,24.0,1371.0,759.9749943467654,0.99944421883154,0.0390091515989158,0.029313906871275983,-0.06802056052841848,0.24147457379720116,0.2390956384625291,0.24372972621744815,0.0008309996735325384,2.16052985318832,put wing
2026-09-23,0.0142514166362569,715.0,put,0.07996585952165625,0.08996585952165624,0.08496585952165624,0.08499999999999999,3.414047834375544e-05,0.11764705882352937,35.0,1049.0,759.9749943467654,0.99944421883154,0.0390091515989158,0.029313906871275983,-0.06100298786977194,0.22725038538412667,0.22542786470773066,0.22900185422971353,0.0007359821705901567,2.7999062681409814,put wing
2026-09-23,0.0142514166362569,718.0,put,0.08995982878427622,0.09995982878427623,0.09495982878427622,0.095,4.017121572377769e-05,0.10526315789473693,1.0,119.0,759.9749943467654,0.99944421883154,0.0390091515989158,0.029313906871275983,-0.05681596151555545,0.2168994332195241,0.2152916730328945,0.21845177528499718,0.0006704630850345957,3.1661569495303636,put wing
2026-09-23,0.0142514166362569,719.0,put,0.07996281500771368,0.08996281500771368,0.08496281500771367,0.08499999999999999,3.718499228631822e-05,0.11764705882352937,13.0,332.0,759.9749943467654,0.99944421883154,0.0390091515989158,0.029313906871275983,-0.055424172842732926,0.20907334100985434,0.2073664790258865,0.21071412341174578,0.0006229531058997022,2.989199834450506,put wing
2026-09-23,0.0142514166362569,720.0,put,0.08995799945411564,0.09995799945411565,0.09495799945411565,0.095,4.200054588435198e-05,0.10526315789473693,17.0,771.0,759.9749943467654,0.99944421883154,0.0390091515989158,0.029313906871275983,-0.054034318553678594,0.20768315370572482,0.20612895271333218,0.20918398984975473,0.0006146962685166314,3.275035390547087,put wing
2026-09-23,0.0142514166362569,721.0,put,0.09995300943673459,0.10995300943673458,0.10495300943673459,0.10500000000000001,4.6990563265417173e-05,0.09523809523809518,101.0,855.0,759.9749943467654,0.99944421883154,0.0390091515989158,0.029313906871275983,-0.052646393278830486,0.20596761716568127,0.20454052605256595,0.20735076293958415,0.0006045829928002563,3.5599590839805915,put wing
2026-09-23,0.0142514166362569,722.0,put,0.09995187092506828,0.10995187092506828,0.10495187092506829,0.10500000000000001,4.812907493172147e-05,0.09523809523809518,31.0,677.0,759.9749943467654,0.99944421883154,0.0390091515989158,0.029313906871275983,-0.05126039167095331,0.2012940756507156,0.1998920997635925,0.2026529738980352,0.0005774574958284978,3.623604917107472,put wing
2026-09-23,0.0142514166362569,723.0,put,0.10994652909358296,0.11994652909358296,0.11494652909358295,0.11499999999999999,5.3470906417038555e-05,0.0869565217391304,13.0,105.0,759.9749943467654,0.99944421883154,0.0390091515989158,0.029313906871275983,-0.049876308405014946,0.19924295083107296,0.19794731493713488,0.20050256264323243,0.0005657492240230584,3.914906097490965,ATM
2026-09-23,0.0142514166362569,724.0,put,0.10994517223555822,0.11994517223555821,0.11494517223555821,0.11499999999999999,5.482776444178106e-05,0.0869565217391304,192.0,316.0,759.9749943467654,0.99944421883154,0.0390091515989158,0.029313906871275983,-0.048494138178063244,0.19450745185344645,0.1932355144105127,0.19574411005630155,0.0005391759665882616,3.987707125192624,ATM
2026-09-23,0.0142514166362569,725.0,put,0.11993944272997199,0.129939442729972,0.124939442729972,0.125,6.055727002800271e-05,0.08000000000000007,186.0,2148.0,759.9749943467654,0.99944421883154,0.0390091515989158,0.029313906871275983,-0.04711387570910481,0.19215819665180278,0.19097666404479746,0.1933098542009811,0.0005262303176732976,4.287247577904575,ATM
2026-09-23,0.0142514166362569,726.0,put,0.1199378265179124,0.1299378265179124,0.12493782651791241,0.125,6.217348208759077e-05,0.08000000000000007,1.0,210.0,759.9749943467654,0.99944421883154,0.0390091515989158,0.029313906871275983,-0.045735515738983476,0.18736077168443688,0.1862017614055265,0.1884905556905401,0.0005002825671005871,4.370403466110031,ATM
2026-09-23,0.0142514166362569,727.0,put,0.12993164067792384,0.13993164067792385,0.13493164067792385,0.135,6.835932207616136e-05,0.07407407407407414,74.0,328.0,759.9749943467654,0.99944421883154,0.0390091515989158,0.029313906871275983,-0.04435905303026017,0.18474207370707618,0.1836609707954824,0.1857981705617004,0.0004863956308923409,4.680190692406997,ATM
2026-09-23,0.0142514166362569,728.0,put,0.12992969789156916,0.13992969789156917,0.13492969789156917,0.135,7.030210843084195e-05,0.07407407407407414,12.0,466.0,759.9749943467654,0.99944421883154,0.0390091515989158,0.029313906871275983,-0.04298448236709366,0.17988201101718004,0.17882244775495704,0.1809171405413589,0.00046114075375944014,4.77516022573115,ATM
2026-09-23,0.0142514166362569,729.0,put,0.13992295723651374,0.14992295723651372,0.14492295723651374,0.14500000000000002,7.704276348627359e-05,0.06896551724137917,19.0,617.0,759.9749943467654,0.99944421883154,0.0390091515989158,0.029313906871275983,-0.04161179855512146,0.17701596639645847,0.17602432934350976,0.17798651883247033,0.0004465631859242572,5.097436003745694,ATM
2026-09-23,0.0142514166362569,730.0,put,0.14991588034334974,0.15991588034334975,0.15491588034334974,0.155,8.411965665025556e-05,0.06451612903225812,64.0,1178.0,759.9749943467654,0.99944421883154,0.0390091515989158,0.029313906871275983,-0.04024099642134277,0.17397223253273883,0.17304127215779852,0.17488485663309564,0.00043133818850839994,5.425217172627883,ATM
2026-09-23,0.0142514166362569,731.0,put,0.15990842121368676,0.16990842121368677,0.16490842121368676,0.165,9.157878631324556e-05,0.060606060606060656,24.0,285.0,759.9749943467654,0.99944421883154,0.0390091515989158,0.029313906871275983,-0.038872070814001056,0.17076402940689298,0.16988773267627266,0.17162427362932256,0.0004155763503990856,5.759501090996698,ATM
2026-09-23,0.0142514166362569,732.0,put,0.16990051303073986,0.17990051303073984,0.17490051303073983,0.175,9.94869692601541e-05,0.05714285714285704,33.0,542.0,759.9749943467654,0.99944421883154,0.0390091515989158,0.029313906871275983,-0.03750501660246798,0.16740222756889203,0.16657554844516403,0.16821477292536371,0.00039937465669349106,6.101308042616615,ATM
2026-09-23,0.0142514166362569,733.0,put,0.1798920922088034,0.1898920922088034,0.1848920922088034,0.185,0.00010790779119659866,0.054054054054054106,227.0,661.0,759.9749943467654,0.99944421883154,0.0390091515989158,0.029313906871275983,-0.03613982867712814,0.1638958037553958,0.16311446456838632,0.16466463706285692,0.0003828191949116013,6.451700970408732,ATM
2026-09-23,0.0142514166362569,734.0,put,0.2098728765995807,0.2198728765995807,0.2148728765995807,0.215,0.00012712340041928782,0.046511627906976785,202.0,417.0,759.9749943467654,0.99944421883154,0.0390091515989158,0.029313906871275983,-0.03477650194926402,0.16310283521113605,0.16240489465202115,0.16379137641718886,0.0003791238077836313,7.21315002254205,ATM
2026-09-23,0.0142514166362569,735.0,put,0.23985266336181216,0.24985266336181217,0.24485266336181216,0.245,0.00014733663818783382,0.04081632653061228,89.0,262.0,759.9749943467654,0.99944421883154,0.0390091515989158,0.029313906871275983,-0.033415031350942904,0.1617578440699295,0.16112601456964754,0.16238236904486636,0.0003728968688214716,7.960075540513972,ATM
2026-09-23,0.0142514166362569,736.0,put,0.239847126659455,0.24984712665945502,0.24484712665945502,0.245,0.00015287334054497892,0.04081632653061228,107.0,500.0,759.9749943467654,0.99944421883154,0.0390091515989158,0.029313906871275983,-0.03205541183490332,0.15639175175501274,0.1557748444947479,0.15700156756336842,0.00034856656387018895,8.152347157429746,ATM
2026-09-23,0.0142514166362569,737.0,put,0.2598302259298236,0.2698302259298236,0.2648302259298236,0.265,0.00016977407017643165,0.03773584905660381,298.0,347.0,759.9749943467654,0.99944421883154,0.0390091515989158,0.029313906871275983,-0.03069763837444293,0.15334294707183466,0.15276725957656995,0.15391262029645605,0.00033510865755674227,8.731366103374333,ATM
2026-09-23,0.0142514166362569,738.0,put,0.2798121776696915,0.2898121776696915,0.2848121776696915,0.28500000000000003,0.00018782233030850692,0.035087719298245446,57.0,362.0,759.9749943467654,0.99944421883154,0.0390091515989158,0.029313906871275983,-0.02934170596330713,0.15005916064114805,0.14952011918569175,0.1505930567913814,0.000320909861079115,9.32065202622834,ATM
2026-09-23,0.0142514166362569,739.0,put,0.31978147192360096,0.32978147192360097,0.32478147192360096,0.325,0.00021852807639904936,0.030769230769230795,119.0,720.0,759.9749943467654,0.99944421883154,0.0390091515989158,0.029313906871275983,-0.02798760961557783,0.14853652962939823,0.14804741718042905,0.14902166242524995,0.00031443043942771593,10.26472185079644,ATM
2026-09-23,0.0142514166362569,740.0,put,0.3397601591918483,0.3497601591918483,0.34476015919184827,0.345,0.0002398408081517034,0.02898550724637668,165.0,1178.0,759.9749943467654,0.99944421883154,0.0390091515989158,0.029313906871275983,-0.02663534436556414,0.14471338445770546,0.14425185790902864,0.14517143847236896,0.0002984526490321371,10.874860254779078,ATM
2026-09-23,0.0142514166362569,741.0,put,0.37972233796500776,0.3997223379650078,0.38972233796500777,0.39,0.0002776620349922432,0.05128205128205133,120.0,289.0,759.9749943467654,0.99944421883154,0.0390091515989158,0.029313906871275983,-0.025284905267692667,0.14283800553743145,0.14199193818147515,0.14367319475295173,0.00029076731871788145,11.896981338917687,ATM
2026-09-23,0.0142514166362569,742.0,put,0.4296818736484474,0.4396818736484474,0.4346818736484474,0.435,0.0003181263515525945,0.022988505747126457,91.0,243.0,759.9749943467654,0.99944421883154,0.0390091515989158,0.029313906871275983,-0.023936287396399084,0.14049701978331924,0.1401086286426395,0.14088323647587972,0.00028131459266145394,12.909993971906054,ATM
2026-09-23,0.0142514166362569,743.0,put,0.47963523050350093,0.48963523050350094,0.48463523050350094,0.485,0.0003647694964990511,0.020618556701030948,301.0,299.0,759.9749943467654,0.99944421883154,0.0390091515989158,0.029313906871275983,-0.022589485846020458,0.1381003951002848,0.13774210668734474,0.13845694684300336,0.0002717990152464769,13.989339432333152,ATM
2026-09-23,0.0142514166362569,744.0,put,0.5295844442763441,0.5395844442763441,0.5345844442763441,0.535,0.00041555572365592486,0.018691588785046745,465.0,265.0,759.9749943467654,0.99944421883154,0.0390091515989158,0.029313906871275983,-0.021244495730687735,0.13527778080838884,0.13494519142193306,0.13560896116995028,0.00026080203577527676,15.065634120216526,ATM
2026-09-23,0.0142514166362569,745.0,put,0.5795252823260209,0.5995252823260209,0.5895252823260209,0.59,0.00047471767397910813,0.0338983050847458,3011.0,525.0,759.9749943467654,0.99944421883154,0.0390091515989158,0.029313906871275983,-0.01990131218422006,0.13237484682597786,0.1317554848142071,0.13298964665346397,0.00024972899988776124,16.20590462781531,ATM
2026-09-23,0.0142514166362569,746.0,put,0.6594478343173341,0.6694478343173341,0.6644478343173341,0.665,0.0005521656826659171,0.015037593984962419,365.0,247.0,759.9749943467654,0.99944421883154,0.0390091515989158,0.029313906871275983,-0.0185599303600187,0.1302139053574228,0.12992890352102998,0.13049802075003708,0.00024164219136949667,17.571188966073493,ATM
2026-09-23,0.0142514166362569,747.0,put,0.7393600748774746,0.7493600748774746,0.7443600748774746,0.745,0.0006399251225254199,0.01342281879194632,261.0,296.0,759.9749943467654,0.99944421883154,0.0390091515989158,0.029313906871275983,-0.017220345430962226,0.1277862168245075,0.12752221950936402,0.1280495210092473,0.00023271590294987116,18.96457749869767,ATM
2026-09-23,0.0142514166362569,748.0,put,0.8192600557076465,0.8392600557076465,0.8292600557076465,0.83,0.0007399442923534671,0.024096385542168697,229.0,261.0,759.9749943467654,0.99944421883154,0.0390091515989158,0.029313906871275983,-0.015882552589302375,0.12508314964883138,0.12459145461298154,0.12557266776504375,0.00022297473354603554,20.38324218039625,ATM
2026-09-23,0.0142514166362569,749.0,put,0.9291354792606127,0.9391354792606126,0.9341354792606127,0.935,0.0008645207393873644,0.010695187165775291,92.0,386.0,759.9749943467654,0.99944421883154,0.0390091515989158,0.029313906871275983,-0.014546547046560119,0.1227790875693387,0.12255104288377065,0.12300671585194498,0.00021483589227985685,21.945625023344427,ATM
2026-09-23,0.0142514166362569,750.0,put,1.0389894794243595,1.0589894794243595,1.0489894794243595,1.05,0.00101052057564055,0.019047619047619063,918.0,2583.0,759.9749943467654,0.99944421883154,0.0390091515989158,0.029313906871275983,-0.013212324033423449,0.12030009868711655,0.11987457293929765,0.12072435433281446,0.00020624812257489616,23.5356590647956,ATM
2026-09-23,0.0142514166362569,751.0,put,1.1788130199972573,1.1888130199972573,1.1838130199972574,1.185,0.0011869800027426436,0.008438818565400852,89.0,519.0,759.9749943467654,0.99944421883154,0.0390091515989158,0.029313906871275983,-0.011879878799644807,0.11800267454527882,0.11780413112693898,0.11820098068766241,0.00019844572073512732,25.19850293648651,ATM
2026-09-23,0.0142514166362569,752.0,put,1.318607575402411,1.338607575402411,1.328607575402411,1.33,0.001392424597589148,0.015037593984962419,319.0,363.0,759.9749943467654,0.99944421883154,0.0390091515989158,0.029313906871275983,-0.010549206613939703,0.11540332265036596,0.11503038387366663,0.11577555616400484,0.00018979932468019185,26.839544714369985,ATM
2026-09-23,0.0142514166362569,753.0,put,1.4983511186956089,1.518351118695609,1.508351118695609,1.51,0.0016488813043911144,0.013245033112582794,318.0,353.0,759.9749943467654,0.99944421883154,0.0390091515989158,0.029313906871275983,-0.00922030276388604,0.11334940558278458,0.1129988570176923,0.1136994515614965,0.0001831034514470138,28.547264951376896,ATM
2026-09-23,0.0142514166362569,754.0,put,1.6680631688261858,1.6880631688261858,1.6780631688261858,1.68,0.0019368311738141575,0.011904761904761916,593.0,799.0,759.9749943467654,0.99944421883154,0.0390091515989158,0.029313906871275983,-0.007893162555823521,0.11017475703760056,0.1098422751219551,0.11050687802987105,0.00017299049431494082,30.09321865833731,ATM
2026-09-23,0.0142514166362569,755.0,put,1.9276728977038395,1.9476728977038396,1.9376728977038395,1.94,0.0023271022961603993,0.010309278350515474,2937.0,1246.0,759.9749943467654,0.99944421883154,0.0390091515989158,0.029313906871275983,-0.006567781314754868,0.10911091305058243,0.10879584404826055,0.1094257509532359,0.0001696658420166347,31.750762876760845,ATM
2026-09-23,0.0142514166362569,756.0,put,2.167236608809715,2.187236608809715,2.177236608809715,2.1799999999999997,0.002763391190284903,0.009174311926605514,866.0,382.0,759.9749943467654,0.99944421883154,0.0390091515989158,0.029313906871275983,-0.005244154384246551,0.1064665384826234,0.10616466620221496,0.10676826515298385,0.00016154157213209985,33.134609010220466,ATM
2026-09-23,0.0142514166362569,757.0,put,2.4367078719111466,2.4567078719111466,2.446707871911147,2.45,0.0032921280888533744,0.008163265306122455,1283.0,590.0,759.9749943467654,0.99944421883154,0.0390091515989158,0.029313906871275983,-0.00392227712633075,0.10379158625367978,0.10350032427959158,0.1040827663784816,0.00015352614161105686,34.338191649812046,ATM
2026-09-23,0.0142514166362569,758.0,put,2.77605454346981,2.78605454346981,2.78105454346981,2.785,0.003945456530189961,0.0035906642728905673,1040.0,848.0,759.9749943467654,0.99944421883154,0.0390091515989158,0.029313906871275983,-0.002602144921407958,0.10197870394744579,0.10183709829538573,0.10212030062400818,0.00014820983136774353,35.31044572457079,ATM
2026-09-23,0.0142514166362569,759.0,put,3.1152677314111257,3.1252677314111255,3.1202677314111256,3.125,0.004732268588874433,0.0031999999999999316,682.0,1135.0,759.9749943467654,0.99944421883154,0.0390091515989158,0.029313906871275983,-0.001283753168149666,0.09920842365353427,0.09906929572735947,0.09934754929419533,0.00014026687933949575,35.93844359405074,ATM
2026-09-23,0.0142514166362569,760.0,call,3.5,3.51,3.505,3.505,0.0,0.0028530670470755456,2020.0,2790.0,759.9749943467654,0.99944421883154,0.0390091515989158,0.029313906871275983,3.290271659708221e-05,0.097236697190733,0.09709847589366351,0.09737491849283887,0.00013474679200880334,36.17387490218478,ATM
2026-09-23,0.0142514166362569,761.0,call,2.98,3.0,2.99,2.99,0.0,0.006688963210702346,859.0,669.0,759.9749943467654,0.99944421883154,0.0390091515989158,0.029313906871275983,0.0013478272979062893,0.09608855370207246,0.09581037483601887,0.09636672147653016,0.00013158347449086633,35.948812686584475,ATM
2026-09-23,0.0142514166362569,762.0,call,2.48,2.5,2.49,2.49,0.0,0.008032128514056231,732.0,1465.0,759.9749943467654,0.99944421883154,0.0390091515989158,0.029313906871275983,0.0026610251228666388,0.0940506594845954,0.09376669340087003,0.09433457744294643,0.0001260612842238156,35.218466852189394,ATM
2026-09-23,0.0142514166362569,763.0,call,1.99,2.01,2.0,2.0,0.0,0.009999999999999898,433.0,365.0,759.9749943467654,0.99944421883154,0.0390091515989158,0.029313906871275983,0.003972500720677503,0.09085818385603132,0.09056308417894732,0.09115315505299701,0.00011764843105322389,33.89425963675798,ATM
2026-09-23,0.0142514166362569,764.0,call,1.6,1.62,1.61,1.61,0.0,0.012422360248447215,412.0,502.0,759.9749943467654,0.99944421883154,0.0390091515989158,0.029313906871275983,0.005282258602740902,0.08907707711359288,0.08876502249838522,0.08938886224913245,0.00011308108137625743,32.05957172331614,ATM
2026-09-23,0.0142514166362569,765.0,call,1.28,1.3,1.29,1.29,0.0,0.015503875968992262,406.0,1216.0,759.9749943467654,0.99944421883154,0.0390091515989158,0.029313906871275983,0.00659030326275616,0.08795537889687975,0.0876196039505345,0.0882906496611398,0.0001102510779544394,29.80433682074457,ATM
2026-09-23,0.0142514166362569,766.0,call,1.02,1.03,1.025,1.025,0.0,0.009756097560975618,307.0,650.0,759.9749943467654,0.99944421883154,0.0390091515989158,0.029313906871275983,0.007896639176811755,0.08716774511628371,0.08698401763417855,0.08735124987646299,0.00010828533889634195,27.230772598865563,ATM
2026-09-23,0.0142514166362569,767.0,call,0.77,0.78,0.775,0.775,0.0,0.012903225806451623,156.0,491.0,759.9749943467654,0.99944421883154,0.0390091515989158,0.029313906871275983,0.009201270803476554,0.08528961825957408,0.08508243747212998,0.08549638886385168,0.00010366935056982557,24.157515445589144,ATM
2026-09-23,0.0142514166362569,768.0,call,0.6,0.61,0.605,0.605,0.0,0.016528925619834725,504.0,329.0,759.9749943467654,0.99944421883154,0.0390091515989158,0.029313906871275983,0.010504202583892666,0.0850740951674546,0.08483900756412203,0.08530848990436336,0.00010314607682593266,21.300204301073002,ATM
2026-09-23,0.0142514166362569,769.0,call,0.43,0.44,0.435,0.435,0.0,0.022988505747126457,286.0,673.0,759.9749943467654,0.99944421883154,0.0390091515989158,0.029313906871275983,0.011805438941864387,0.08315470943302063,0.08287535561206559,0.08343274226356193,9.854435186048545e-05,17.941144229282365,ATM
2026-09-23,0.0142514166362569,770.0,call,0.32,0.33,0.325,0.325,0.0,0.030769230769230795,249.0,1606.0,759.9749943467654,0.99944421883154,0.0390091515989158,0.029313906871275983,0.013104984283949858,0.08275917666130292,0.08242702529805847,0.08308899889131507,9.760911149053534e-05,15.106804693276628,ATM
2026-09-23,0.0142514166362569,771.0,call,0.2,0.21,0.20500000000000002,0.20500000000000002,0.0,0.04878048780487795,170.0,317.0,759.9749943467654,0.99944421883154,0.0390091515989158,0.029313906871275983,0.014402842999549947,0.07955175566445095,0.07911558916411836,0.07998248982043721,9.01898312242857e-05,11.536344987994111,ATM
2026-09-23,0.0142514166362569,772.0,call,0.17,0.18,0.175,0.175,0.0,0.05714285714285704,278.0,1263.0,759.9749943467654,0.99944421883154,0.0390091515989158,0.029313906871275983,0.01569901946099654,0.08223250576379164,0.08173605993711454,0.08272140248791711,9.637071586618916e-05,10.150015033786959,ATM
2026-09-23,0.0142514166362569,773.0,call,0.11,0.12,0.11499999999999999,0.11499999999999999,0.0,0.0869565217391304,173.0,711.0,759.9749943467654,0.99944421883154,0.0390091515989158,0.029313906871275983,0.016993518023642462,0.0806605114805072,0.08000172070959606,0.0813029558355478,9.272139990304228e-05,7.687402297828452,ATM
2026-09-23,0.0142514166362569,774.0,call,0.07,0.08,0.07500000000000001,0.07500000000000001,0.0,0.13333333333333325,208.0,1149.0,759.9749943467654,0.99944421883154,0.0390091515989158,0.029313906871275983,0.01828634302594753,0.07950119600742493,0.07860607954390066,0.08036037908519779,9.007522613890631e-05,5.704759623434509,ATM
2026-09-23,0.0142514166362569,775.0,call,0.05,0.06,0.055,0.055,0.0,0.18181818181818174,248.0,1882.0,759.9749943467654,0.99944421883154,0.0390091515989158,0.029313906871275983,0.019577498789567323,0.08014417346258781,0.07899958923323162,0.08122411002638942,9.153811087512651e-05,4.502231066074252,ATM
2026-09-25,0.0197308686910514,675.0,put,0.04996100996916723,0.05996100996916723,0.05496100996916723,0.055,3.899003083276953e-05,0.18181818181818174,6720.0,2880.0,760.1927977977593,0.9992306116831464,0.03900915159891866,0.017483346707634153,-0.11885939154902465,0.3303743253131674,0.3269452480916058,0.3335846235334617,0.002153568969110987,1.5088479576055138,put wing
2026-09-25,0.0197308686910514,680.0,put,0.059951821167838884,0.06995182116783889,0.06495182116783889,0.065,4.817883216111374e-05,0.15384615384615397,1890.0,1397.0,760.1927977977593,0.9992306116831464,0.03900915159891866,0.017483346707634153,-0.11147928425140216,0.3178826264250884,0.3149981895658655,0.3206125653653736,0.001993791736007275,1.78337484051786,put wing
2026-09-25,0.0197308686910514,685.0,put,0.06994157054162536,0.07994157054162536,0.07494157054162537,0.07500000000000001,5.842945837464253e-05,0.13333333333333325,737.0,2169.0,760.1927977977593,0.9992306116831464,0.03900915159891866,0.017483346707634153,-0.1041532441593292,0.3042634849533138,0.3017933455028623,0.30661995860479174,0.0018266101932600286,2.07376631287186,put wing
2026-09-25,0.0197308686910514,690.0,put,0.06993746393335616,0.07993746393335616,0.07493746393335617,0.07500000000000001,6.253606664384515e-05,0.13333333333333325,716.0,2064.0,760.1927977977593,0.9992306116831464,0.03900915159891866,0.017483346707634153,-0.09688048483024948,0.2853493705499689,0.2830046266279422,0.28758666256758864,0.00160657144691036,2.1844482528689513,put wing
2026-09-25,0.0197308686910514,695.0,put,0.08991673358420813,0.09991673358420813,0.09491673358420813,0.095,8.326641579187166e-05,0.10526315789473693,25.0,3779.0,760.1927977977593,0.9992306116831464,0.03900915159891866,0.017483346707634153,-0.08966023685676235,0.2744067088495308,0.27253412083768225,0.27621259788808505,0.0014857155075338267,2.7200389742160134,put wing
2026-09-25,0.0197308686910514,700.0,put,0.09990142765990745,0.10990142765990744,0.10490142765990745,0.10500000000000001,9.857234009255644e-05,0.09523809523809518,132.0,2363.0,760.1927977977593,0.9992306116831464,0.03900915159891866,0.017483346707634153,-0.08249174737814988,0.25840453390130513,0.25675777084294704,0.2599988086938865,0.0013174873839904466,3.0868241341832396,put wing
2026-09-25,0.0197308686910514,705.0,put,0.11987454997263004,0.12987454997263004,0.12487454997263005,0.125,0.0001254500273699527,0.08000000000000007,131.0,2052.0,760.1927977977593,0.9992306116831464,0.03900915159891866,0.017483346707634153,-0.07537427960928583,0.24456541741322715,0.24319272965527935,0.2459019859365967,0.001180147520534205,3.6921973478247416,put wing
2026-09-25,0.0197308686910514,710.0,put,0.1398430096126477,0.14984300961264768,0.1448430096126477,0.14500000000000002,0.00015699038735231263,0.06896551724137917,247.0,3534.0,760.1927977977593,0.9992306116831464,0.03900915159891866,0.017483346707634153,-0.06830711238619344,0.2294057128624832,0.2282429760147121,0.2305425559068745,0.0010383760535710553,4.3496011132627395,put wing
2026-09-25,0.0197308686910514,715.0,put,0.16979463381241813,0.17979463381241811,0.1747946338124181,0.175,0.00020536618758187908,0.05714285714285704,1777.0,4090.0,760.1927977977593,0.9992306116831464,0.03900915159891866,0.017483346707634153,-0.06128953972754683,0.2150562005510473,0.21409873746102803,0.21599643109610384,0.0009125362884118618,5.2703450562843885,put wing
2026-09-25,0.0197308686910514,720.0,put,0.1997352541903429,0.2097352541903429,0.2047352541903429,0.20500000000000002,0.00026474580965710204,0.04878048780487795,354.0,6724.0,760.1927977977593,0.9992306116831464,0.03900915159891866,0.017483346707634153,-0.05432087041145355,0.19912429897184392,0.19832251118986038,0.19991409177949288,0.000782338541504243,6.283727420508177,put wing
2026-09-25,0.0197308686910514,721.0,put,0.219705776139298,0.22970577613929802,0.224705776139298,0.225,0.000294223860701992,0.04444444444444448,28.0,577.0,760.1927977977593,0.9992306116831464,0.03900915159891866,0.017483346707634153,-0.05293294513660548,0.19787812293383092,0.19713351067992316,0.19861271000917075,0.0007725769920526257,6.760999429928347,put wing
2026-09-25,0.0197308686910514,722.0,put,0.22968667696959644,0.23968667696959642,0.23468667696959641,0.235,0.0003133230304035728,0.042553191489361625,230.0,1117.0,760.1927977977593,0.9992306116831464,0.03900915159891866,0.017483346707634153,-0.05154694352872834,0.19497041293215475,0.19425720124949228,0.1956745002537326,0.0007500386256147879,7.056229224728169,put wing
2026-09-25,0.0197308686910514,723.0,put,0.24965490172940735,0.25965490172940736,0.25465490172940736,0.255,0.0003450982705926475,0.03921568627450984,332.0,565.0,760.1927977977593,0.9992306116831464,0.03900915159891866,0.017483346707634153,-0.05016286026278989,0.1933132011520194,0.19264570497765549,0.1939729233460027,0.0007373424394622716,7.535051347984966,put wing
2026-09-25,0.0197308686910514,724.0,put,0.24964558043792595,0.25964558043792596,0.25464558043792596,0.255,0.0003544195620740487,0.03921568627450984,196.0,900.0,760.1927977977593,0.9992306116831464,0.03900915159891866,0.017483346707634153,-0.04878069003583822,0.18888586213752412,0.1882295657200401,0.18953453985329763,0.0007039553467470075,7.6634899625017505,ATM
2026-09-25,0.0197308686910514,725.0,put,0.2596174007364868,0.27961740073648683,0.2696174007364868,0.27,0.00038259926351319473,0.07407407407407414,336.0,2850.0,760.1927977977593,0.9992306116831464,0.03900915159891866,0.017483346707634153,-0.04740042756687971,0.18633856171635427,0.18508479966020572,0.18756525172079846,0.0006850963983055566,8.064912963335411,ATM
2026-09-25,0.0197308686910514,726.0,put,0.26960031627198305,0.27960031627198306,0.27460031627198306,0.275,0.00039968372801696406,0.03636363636363639,151.0,600.0,760.1927977977593,0.9992306116831464,0.03900915159891866,0.017483346707634153,-0.046022067596758406,0.182464771329396,0.18185888269659797,0.18306424184305975,0.000656907561148553,8.296742058142751,ATM
2026-09-25,0.0197308686910514,727.0,put,0.28956316154989786,0.29956316154989787,0.29456316154989787,0.295,0.0004368384501021172,0.0338983050847458,226.0,16172.0,760.1927977977593,0.9992306116831464,0.03900915159891866,0.017483346707634153,-0.044645604888035144,0.1802812027087871,0.17971010685679223,0.18084673031823142,0.0006412791203479382,8.798405793111339,ATM
2026-09-25,0.0197308686910514,728.0,put,0.31951144405155324,0.32951144405155325,0.32451144405155324,0.325,0.0004885559484467672,0.030769230769230795,253.0,1043.0,760.1927977977593,0.9992306116831464,0.03900915159891866,0.017483346707634153,-0.043271034224868554,0.17897911521871618,0.17844882350762947,0.17950479303658007,0.0006320492495300509,9.47033336243922,ATM
2026-09-25,0.0197308686910514,729.0,put,0.3494574532087554,0.3594574532087554,0.3544574532087554,0.355,0.0005425467912446025,0.028169014084507067,52.0,727.0,760.1927977977593,0.9992306116831464,0.03900915159891866,0.017483346707634153,-0.041898350412896385,0.17738239714257809,0.17688721545969815,0.17787370072137076,0.0006208222102630703,10.137318596978481,ATM
2026-09-25,0.0197308686910514,730.0,put,0.379400800452111,0.389400800452111,0.384400800452111,0.385,0.0005991995478890066,0.025974025974025997,298.0,129810.0,760.1927977977593,0.9992306116831464,0.03900915159891866,0.017483346707634153,-0.04052754827911773,0.17552259710525717,0.1750580575374504,0.17598383835346568,0.000607872195518049,10.801977121427038,ATM
2026-09-25,0.0197308686910514,731.0,put,0.36939485386754956,0.37939485386754956,0.37439485386754956,0.375,0.0006051461324504404,0.02666666666666669,297.0,867.0,760.1927977977593,0.9992306116831464,0.03900915159891866,0.017483346707634153,-0.039158622671776055,0.16984521621115872,0.16938280540167155,0.17030426020321004,0.0005691842115554931,10.852704980783285,ATM
2026-09-25,0.0197308686910514,732.0,put,0.40931868945656147,0.4193186894565615,0.4143186894565615,0.415,0.0006813105434385069,0.024096385542168697,238.0,1083.0,760.1927977977593,0.9992306116831464,0.03900915159891866,0.017483346707634153,-0.03779156846024301,0.16859340404338896,0.16816432863146918,0.1690197165290156,0.0005608250004942873,11.690861050051483,ATM
2026-09-25,0.0197308686910514,733.0,put,0.4292663470377347,0.4392663470377347,0.4342663470377347,0.435,0.0007336529622652965,0.022988505747126457,97.0,1031.0,760.1927977977593,0.9992306116831464,0.03900915159891866,0.017483346707634153,-0.03642638053490309,0.16539860445412413,0.1649884378951317,0.16580628584090834,0.000539771423070543,12.227454135838157,ATM
2026-09-25,0.0197308686910514,734.0,put,0.45919615047962253,0.4691961504796225,0.4641961504796225,0.46499999999999997,0.0008038495203774865,0.021505376344085923,293.0,630.0,760.1927977977593,0.9992306116831464,0.03900915159891866,0.017483346707634153,-0.03506305380703901,0.16285690284601217,0.16246883793932101,0.16324280750840778,0.0005233094157208481,12.920624531573164,ATM
2026-09-25,0.0197308686910514,735.0,put,0.48912168451487553,0.49912168451487554,0.49412168451487554,0.495,0.000878315485124459,0.02020202020202022,428.0,3484.0,760.1927977977593,0.9992306116831464,0.03900915159891866,0.017483346707634153,-0.033701583208717814,0.16012209436253833,0.15975404920208616,0.16048825000912922,0.0005058814215268852,13.620452635833285,ATM
2026-09-25,0.0197308686910514,736.0,put,0.5489982737047151,0.5589982737047151,0.5539982737047151,0.555,0.0010017262952849437,0.018018018018018032,862.0,1344.0,760.1927977977593,0.9992306116831464,0.03900915159891866,0.017483346707634153,-0.03234196369267826,0.15926686255018677,0.15892665398095743,0.15960555913908145,0.0005004919032442726,14.729765245884119,ATM
2026-09-25,0.0197308686910514,737.0,put,0.5689277461676466,0.5789277461676466,0.5739277461676466,0.575,0.0010722538323533204,0.017391304347826105,53.0,1483.0,760.1927977977593,0.9992306116831464,0.03900915159891866,0.017483346707634153,-0.030984190232217906,0.15543063078198546,0.15510335811543258,0.15575652151937475,0.00047667176226967605,15.310263991638855,ATM
2026-09-25,0.0197308686910514,738.0,put,0.6188054270690947,0.6288054270690947,0.6238054270690947,0.625,0.0011945729309053021,0.016000000000000014,243.0,1658.0,760.1927977977593,0.9992306116831464,0.03900915159891866,0.017483346707634153,-0.029628257821082027,0.15334977055965862,0.15304215801870183,0.15365622015921132,0.0004639941098096291,16.28513644437383,ATM
2026-09-25,0.0197308686910514,739.0,put,0.6886437651381059,0.6986437651381059,0.6936437651381059,0.695,0.0013562348618940678,0.014388489208633108,258.0,2071.0,760.1927977977593,0.9992306116831464,0.03900915159891866,0.017483346707634153,-0.02827416147335276,0.15213744343074115,0.15185109576599556,0.15242285081077456,0.00045668677396636467,17.490124586747765,ATM
2026-09-25,0.0197308686910514,740.0,put,0.7385019791400527,0.7485019791400527,0.7435019791400527,0.745,0.0014980208599473244,0.01342281879194632,3669.0,21412.0,760.1927977977593,0.9992306116831464,0.03900915159891866,0.017483346707634153,-0.026921896223339105,0.1494539587273834,0.14918260940947126,0.14972450028973627,0.00044071826793063725,18.454004332807784,ATM
2026-09-25,0.0197308686910514,741.0,put,0.7883413136135903,0.8083413136135903,0.7983413136135903,0.8,0.0016586863864097579,0.025000000000000022,208.0,1228.0,760.1927977977593,0.9992306116831464,0.03900915159891866,0.017483346707634153,-0.02557145712546767,0.14678736734294995,0.14627252470895388,0.1472994475318098,0.0004251317780812367,19.476031435354905,ATM
2026-09-25,0.0197308686910514,742.0,put,0.858143708641005,0.878143708641005,0.868143708641005,0.87,0.0018562913589950103,0.022988505747126457,371.0,1163.0,760.1927977977593,0.9992306116831464,0.03900915159891866,0.017483346707634153,-0.02422283925417412,0.14459456769410683,0.1441091627230141,0.14507766609243294,0.00041252489333659496,20.65073948461601,ATM
2026-09-25,0.0197308686910514,743.0,put,0.9479062243458931,0.9579062243458931,0.9529062243458931,0.955,0.002093775654106844,0.010471204188481685,339.0,2305.0,760.1927977977593,0.9992306116831464,0.03900915159891866,0.017483346707634153,-0.022876037703795413,0.14276943480178345,0.14254145781848232,0.14299693911393746,0.0004021764967903078,21.954866232114703,ATM
2026-09-25,0.0197308686910514,744.0,put,1.0276582504069427,1.0376582504069427,1.0326582504069428,1.0350000000000001,0.0023417495930573295,0.009661835748792277,426.0,3626.0,760.1927977977593,0.9992306116831464,0.03900915159891866,0.017483346707634153,-0.021531047588462724,0.14035892192729646,0.1401431634837147,0.14057428557654,0.0003887104837697691,23.195343993212724,ATM
2026-09-25,0.0197308686910514,745.0,put,1.1273462428747483,1.1473462428747483,1.1373462428747483,1.14,0.0026537571252516212,0.017543859649122823,3346.0,151872.0,760.1927977977593,0.9992306116831464,0.03900915159891866,0.017483346707634153,-0.020187864041994973,0.1386428828984715,0.13823610204950662,0.13904838535394395,0.00037926377819201665,24.622146191176224,ATM
2026-09-25,0.0197308686910514,746.0,put,1.207049704698,1.227049704698,1.217049704698,1.22,0.0029502953019999723,0.016393442622950834,221.0,2237.0,760.1927977977593,0.9992306116831464,0.03900915159891866,0.017483346707634153,-0.01884648221779365,0.13555275730100583,0.13516515106760488,0.13593928079929232,0.0003625458335420622,25.83563352853418,ATM
2026-09-25,0.0197308686910514,747.0,put,1.316670300401979,1.336670300401979,1.326670300401979,1.33,0.0033296995980209854,0.015037593984962419,618.0,1475.0,760.1927977977593,0.9992306116831464,0.03900915159891866,0.017483346707634153,-0.017506897288737205,0.1332722043297193,0.13290476757203434,0.13363875732617042,0.0003504494384565093,27.248479789415676,ATM
2026-09-25,0.0197308686910514,748.0,put,1.4562004283985208,1.4762004283985208,1.4662004283985208,1.47,0.003799571601479146,0.01360544217687076,451.0,1593.0,760.1927977977593,0.9992306116831464,0.03900915159891866,0.017483346707634153,-0.016169104447077278,0.13164531434368187,0.13129784250749407,0.1319920864512877,0.00034194559864052866,28.808433158255916,ATM
2026-09-25,0.0197308686910514,749.0,put,1.6056680473813287,1.6256680473813285,1.6156680473813287,1.62,0.004331952618671364,0.012345679012345552,571.0,1836.0,760.1927977977593,0.9992306116831464,0.03900915159891866,0.017483346707634153,-0.014833098904335054,0.12987529731734548,0.12954562174638215,0.13020442064182186,0.00033281225972196544,30.358370976590773,ATM
2026-09-25,0.0197308686910514,750.0,put,1.7451057236297733,1.7551057236297734,1.7501057236297732,1.755,0.004894276370226658,0.0056980056980057035,5799.0,16650.0,760.1927977977593,0.9992306116831464,0.03900915159891866,0.017483346707634153,-0.01349887589119842,0.1271577461837875,0.1270003381043517,0.1273150430624071,0.00031903023928477433,31.775813447551283,ATM
2026-09-25,0.0197308686910514,751.0,put,1.9144131922064598,1.9344131922064598,1.9244131922064598,1.93,0.0055868077935401494,0.010362694300518144,573.0,2143.0,760.1927977977593,0.9992306116831464,0.03900915159891866,0.017483346707634153,-0.012166430657419812,0.1252263901425036,0.12492597737527952,0.12552645858793812,0.00030941255309763086,33.30668111598395,ATM
2026-09-25,0.0197308686910514,752.0,put,2.1036090354908326,2.133609035490833,2.1186090354908327,2.125,0.006390964509167318,0.014117647058823646,496.0,2815.0,760.1927977977593,0.9992306116831464,0.03900915159891866,0.017483346707634153,-0.010835758471714743,0.12336186242803174,0.12293074384477676,0.12379239277241404,0.00030026730164673364,34.81706902249202,ATM
2026-09-25,0.0197308686910514,753.0,put,2.2927160024059225,2.322716002405923,2.3077160024059227,2.315,0.007283997594077274,0.012958963282937472,430.0,677.0,760.1927977977593,0.9992306116831464,0.03900915159891866,0.017483346707634153,-0.009506854621661,0.12082251966421281,0.12040807117130034,0.12123652263986098,0.0002880328244430758,36.21222006832107,ATM
2026-09-25,0.0197308686910514,754.0,put,2.5316306330348235,2.5616306330348233,2.546630633034823,2.5549999999999997,0.008369366965176539,0.011741682974559612,364.0,1445.0,760.1927977977593,0.9992306116831464,0.03900915159891866,0.017483346707634153,-0.008179714413598516,0.11909685865736787,0.1186979271538897,0.11949547103871658,0.0002798638597382147,37.61554339938051,ATM
2026-09-25,0.0197308686910514,755.0,put,2.7703975496454674,2.8003975496454676,2.7853975496454675,2.795,0.009602450354532444,0.0107334525939178,1761.0,5941.0,760.1927977977593,0.9992306116831464,0.03900915159891866,0.017483346707634153,-0.006854333172529785,0.11676912239815751,0.11638313905653057,0.1171548831399521,0.0002690309459941581,38.87303133498821,ATM
2026-09-25,0.0197308686910514,756.0,put,3.058928830602037,3.088928830602037,3.073928830602037,3.085,0.011071169397963043,0.009724473257698622,406.0,975.0,760.1927977977593,0.9992306116831464,0.03900915159891866,0.017483346707634153,-0.005530706242021502,0.11509271342935502,0.11471797280145084,0.1154673113880804,0.0002613616508364761,40.0353332835291,ATM
2026-09-25,0.0197308686910514,757.0,put,3.3972085674994874,3.427208567499487,3.412208567499487,3.425,0.012791432500512734,0.008759124087591184,667.0,962.0,760.1927977977593,0.9992306116831464,0.03900915159891866,0.017483346707634153,-0.004208828984105735,0.113967984256761,0.11360238595400886,0.11433350158621058,0.0002562783624920945,41.03319616883762,ATM
2026-09-25,0.0197308686910514,758.0,put,3.685263714975409,3.725263714975409,3.705263714975409,3.72,0.014736285024591123,0.01075268817204302,1536.0,1850.0,760.1927977977593,0.9992306116831464,0.03900915159891866,0.017483346707634153,-0.002888696779182865,0.11104803962488363,0.11056932448278606,0.11152668412667378,0.000243314504381234,41.781595138564796,ATM
2026-09-25,0.0197308686910514,759.0,put,4.062953074925605,4.082953074925604,4.072953074925604,4.09,0.017046925074395425,0.004889975550122145,965.0,2176.0,760.1927977977593,0.9992306116831464,0.03900915159891866,0.017483346707634153,-0.001570305025924607,0.1091989666488209,0.10896261325374072,0.1094353147125436,0.00023527905310978048,42.310003751500524,ATM
2026-09-25,0.0197308686910514,760.0,put,4.450257095444705,4.490257095444705,4.470257095444706,4.49,0.019742904555294594,0.008908685968819607,5256.0,19485.0,760.1927977977593,0.9992306116831464,0.03900915159891866,0.017483346707634153,-0.0002536491411777816,0.10727938176691745,0.1068093940662685,0.10774936900107297,0.00022707991894141232,42.55432632821598,ATM
2026-09-25,0.0197308686910514,761.0,call,4.14,4.16,4.15,4.15,0.0,0.0048192771084338455,1144.0,1987.0,760.1927977977593,0.9992306116831464,0.03900915159891866,0.017483346707634153,0.0010612754401312808,0.10664443553303272,0.10640903829311066,0.1068798301941783,0.00022439987263731965,42.48161491497756,ATM
2026-09-25,0.0197308686910514,762.0,call,3.61,3.65,3.63,3.63,0.0,0.011019283746556485,1754.0,1799.0,760.1927977977593,0.9992306116831464,0.03900915159891866,0.017483346707634153,0.0023744732650917075,0.10500567478377207,0.10453022285900392,0.10548107104008912,0.00021755634132106412,42.06771555246706,ATM
2026-09-25,0.0197308686910514,763.0,call,3.12,3.15,3.135,3.135,0.0,0.009569377990430561,2157.0,3331.0,760.1927977977593,0.9992306116831464,0.03900915159891866,0.017483346707634153,0.003685948862902428,0.10307968942348589,0.10271631739811023,0.10344297852276416,0.0002096488136018343,41.28473587107097,ATM
2026-09-25,0.0197308686910514,764.0,call,2.68,2.7,2.6900000000000004,2.6900000000000004,0.0,0.007434944237918221,2184.0,1089.0,760.1927977977593,0.9992306116831464,0.03900915159891866,0.017483346707634153,0.004995706744965903,0.10144037248240843,0.10119113621825375,0.1016895335271356,0.0002030335820721665,40.12864369471484,ATM
2026-09-25,0.0197308686910514,765.0,call,2.25,2.27,2.26,2.26,0.0,0.008849557522123902,3118.0,7859.0,760.1927977977593,0.9992306116831464,0.03900915159891866,0.017483346707634153,0.0063037514049812384,0.09918919527824896,0.09892969597246094,0.09944855571697518,0.0001941220817685805,38.546092901244,ATM
2026-09-25,0.0197308686910514,766.0,call,1.89,1.91,1.9,1.9,0.0,0.010526315789473694,398.0,2410.0,760.1927977977593,0.9992306116831464,0.03900915159891866,0.017483346707634153,0.007610087319036689,0.0977229783418966,0.09744994655024831,0.09799577590796003,0.0001884254649951526,36.641541172421896,ATM
2026-09-25,0.0197308686910514,767.0,call,1.59,1.62,1.605,1.605,0.0,0.018691588785046745,3236.0,1761.0,760.1927977977593,0.9992306116831464,0.03900915159891866,0.017483346707634153,0.008914718945701566,0.09703458252452656,0.09659967063472372,0.09746866222008231,0.00018578014170183985,34.52296414708109,ATM
2026-09-25,0.0197308686910514,768.0,call,1.3,1.32,1.31,1.31,0.0,0.015267175572519097,323.0,2656.0,760.1927977977593,0.9992306116831464,0.03900915159891866,0.017483346707634153,0.010217650726117534,0.09529728528134279,0.09498420743577009,0.0956097650431597,0.000179187316123569,31.97161525318398,ATM
2026-09-25,0.0197308686910514,769.0,call,1.05,1.07,1.06,1.06,0.0,0.018867924528301903,722.0,1368.0,760.1927977977593,0.9992306116831464,0.03900915159891866,0.017483346707634153,0.011518887084089331,0.09381516359076116,0.09347242920752037,0.09415694398090685,0.00017365699706039443,29.218001232449772,ATM
2026-09-25,0.0197308686910514,770.0,call,0.83,0.84,0.835,0.835,0.0,0.011976047904191628,3487.0,6621.0,760.1927977977593,0.9992306116831464,0.03900915159891866,0.017483346707634153,0.012818432426175098,0.09196735875293284,0.09177621085977217,0.09215811629201606,0.00016688359023393087,26.184584740624473,ATM
2026-09-25,0.0197308686910514,771.0,call,0.67,0.69,0.6799999999999999,0.6799999999999999,0.0,0.029411764705882217,235.0,1545.0,760.1927977977593,0.9992306116831464,0.03900915159891866,0.017483346707634153,0.014116291141775044,0.09163116183188678,0.09120430059870901,0.09205564449416298,0.0001656656972866465,23.492818659778347,ATM
2026-09-25,0.0197308686910514,772.0,call,0.52,0.53,0.525,0.525,0.0,0.019047619047619063,1320.0,26482.0,760.1927977977593,0.9992306116831464,0.03900915159891866,0.017483346707634153,0.015412467603221713,0.09015032674217414,0.0899053578998793,0.09039431345479554,0.00016035437617614693,20.451978033770068,ATM
2026-09-25,0.0197308686910514,773.0,call,0.41,0.42,0.415,0.415,0.0,0.024096385542168697,829.0,1773.0,760.1927977977593,0.9992306116831464,0.03900915159891866,0.017483346707634153,0.016706966165867494,0.08966132168694875,0.08937974586613151,0.08994135000272799,0.0001586194644691447,17.80647058546853,ATM
2026-09-25,0.0197308686910514,774.0,call,0.32,0.33,0.325,0.325,0.0,0.030769230769230795,3278.0,6636.0,760.1927977977593,0.9992306116831464,0.03900915159891866,0.017483346707634153,0.017999791168172637,0.08921830538938678,0.08889050925442203,0.08954363569067264,0.00015705586040573466,15.311473699141692,ATM
2026-09-25,0.0197308686910514,775.0,call,0.24,0.25,0.245,0.245,0.0,0.04081632653061228,1995.0,8625.0,760.1927977977593,0.9992306116831464,0.03900915159891866,0.017483346707634153,0.019290946931792504,0.0882637163171563,0.08787127206298698,0.08865198090903546,0.0001537130093088228,12.809665217616079,ATM
2026-09-25,0.0197308686910514,776.0,call,0.19,0.2,0.195,0.195,0.0,0.05128205128205133,1361.0,1272.0,760.1927977977593,0.9992306116831464,0.03900915159891866,0.017483346707634153,0.02058043776166425,0.08856503101609284,0.08810496676278944,0.08901864587418433,0.0001547642917117523,10.945887281905788,ATM
2026-09-25,0.0197308686910514,777.0,call,0.14,0.15,0.14500000000000002,0.14500000000000002,0.0,0.06896551724137917,807.0,1858.0,760.1927977977593,0.9992306116831464,0.03900915159891866,0.017483346707634153,0.02186826794609293,0.08784314434450342,0.08727870394891399,0.08839641651794701,0.00015225163048760906,8.948603941327917,ATM
2026-09-25,0.0197308686910514,778.0,call,0.1,0.11,0.10500000000000001,0.10500000000000001,0.0,0.09523809523809518,155.0,1362.0,760.1927977977593,0.9992306116831464,0.03900915159891866,0.017483346707634153,0.02315444175683708,0.08696565010633169,0.08625535048565142,0.08765569493188205,0.00014922503933929515,7.143924381263176,ATM
2026-09-25,0.0197308686910514,779.0,call,0.08,0.09,0.08499999999999999,0.08499999999999999,0.0,0.11764705882352937,430.0,1071.0,760.1927977977593,0.9992306116831464,0.03900915159891866,0.017483346707634153,0.024438963449193732,0.08786968323396523,0.08703000757929824,0.08867902412179408,0.00015234363993437872,6.068004736187995,ATM
2026-09-25,0.0197308686910514,780.0,call,0.08,0.09,0.08499999999999999,0.08499999999999999,0.0,0.11764705882352937,4124.0,10934.0,760.1927977977593,0.9992306116831464,0.03900915159891866,0.017483346707634153,0.025721837262082877,0.09172585257627956,0.09085894067131486,0.0925612825283041,0.00016600826881543415,5.8779487661283225,ATM
2026-09-25,0.0197308686910514,781.0,call,0.05,0.06,0.055,0.055,0.0,0.18181818181818174,221.0,1423.0,760.1927977977593,0.9992306116831464,0.03900915159891866,0.017483346707634153,0.02700306741813141,0.08954741256083923,0.08834986851328787,0.09067536522698895,0.00015821668817770732,4.306967999571374,ATM
2026-09-30,0.0334294988280377,615.0,put,0.04995837884120799,0.059958378841207985,0.05495837884120799,0.055,4.162115879201289e-05,0.18181818181818174,1.0,824.0,760.4447680083963,0.9986967935243877,0.039009151598920856,0.016390697726677977,-0.21228121536247183,0.42851152384340097,0.42442549432341403,0.43233005630385984,0.006138395648144982,1.2674215732687288,deep put wing
2026-09-30,0.0334294988280377,616.0,put,0.049958081322427475,0.05995808132242747,0.05495808132242747,0.055,4.191867757252776e-05,0.18181818181818174,1.0,210.0,760.4447680083963,0.9986967935243877,0.039009151598920856,0.016390697726677977,-0.21065651963546989,0.4255271533434439,0.4214652648965317,0.42932320518606054,0.0060531916168247105,1.2749403608146648,deep put wing
2026-09-30,0.0334294988280377,617.0,put,0.049957779923553144,0.05995777992355314,0.05495777992355314,0.055,4.2220076446858323e-05,0.18181818181818174,3.0,347.0,760.4447680083963,0.9986967935243877,0.039009151598920856,0.016390697726677977,-0.20903445926360179,0.4225461384860645,0.4185083811210382,0.42631971878570335,0.0059686778628994,1.2825457617233755,deep put wing
2026-09-30,0.0334294988280377,618.0,put,0.04995747459494585,0.059957474594945846,0.05495747459494585,0.055,4.252540505415153e-05,0.18181818181818174,1.0,288.0,760.4447680083963,0.9986967935243877,0.039009151598920856,0.016390697726677977,-0.20741502571129894,0.4195684538509022,0.4155548179210485,0.42331957135950177,0.005884851666863083,1.290239390262746,deep put wing
2026-09-30,0.0334294988280377,619.0,put,0.049957165256967806,0.0599571652569678,0.0549571652569678,0.055,4.283474303219681e-05,0.18181818181818174,151.0,1111.0,760.4447680083963,0.9986967935243877,0.039009151598920856,0.016390697726677977,-0.20579821048439356,0.41659407389725095,0.4126045501019861,0.4203227370420914,0.005801710328336894,1.2980229016382407,deep put wing
2026-09-30,0.0334294988280377,620.0,put,0.04995685095092542,0.059956850950925414,0.054956850950925416,0.055,4.3149049074583945e-05,0.18181818181818174,1.0,3384.0,760.4447680083963,0.9986967935243877,0.039009151598920856,0.016390697726677977,-0.20418400512985238,0.41362297231008144,0.4096575516490328,0.41732918923248474,0.005719251148046834,1.3058979783797926,deep put wing
2026-09-30,0.0334294988280377,621.0,put,0.04995653234439254,0.059956532344392535,0.05495653234439254,0.055,4.3467655607462574e-05,0.18181818181818174,288.0,489.0,760.4447680083963,0.9986967935243877,0.039009151598920856,0.016390697726677977,-0.20257240123551093,0.4106551239226896,0.4067137977914604,0.4143389023963311,0.00563747148132402,1.313866375711791,deep put wing
2026-09-30,0.0334294988280377,622.0,put,0.04995620925721403,0.059956209257214024,0.05495620925721403,0.055,4.37907427859735e-05,0.18181818181818174,288.0,681.0,760.4447680083963,0.9986967935243877,0.039009151598920856,0.016390697726677977,-0.2009633904298102,0.4076905028027055,0.403773262948441,0.41135185027102994,0.005556368684738026,1.3219298797555885,deep put wing
2026-09-30,0.0334294988280377,623.0,put,0.04995588160975064,0.059955881609750634,0.05495588160975064,0.055,4.4118390249363315e-05,0.18181818181818174,1.0,444.0,760.4447680083963,0.9986967935243877,0.039009151598920856,0.016390697726677977,-0.19935696438153647,0.4047290829798454,0.40083592151074265,0.40836800654762034,0.005475940136493163,1.3300903256330716,deep put wing
2026-09-30,0.0334294988280377,624.0,put,0.04995554950170239,0.059955549501702385,0.05495554950170239,0.055,4.445049829761294e-05,0.18181818181818174,6.0,376.0,760.4447680083963,0.9986967935243877,0.039009151598920856,0.016390697726677977,-0.19775311479956204,0.40177083849746353,0.39790174789654137,0.405387344918752,0.005396183237795043,1.3383496005372812,deep put wing
2026-09-30,0.0334294988280377,625.0,put,0.05994777750592706,0.06994777750592707,0.06494777750592706,0.065,5.2222494072939885e-05,0.15384615384615397,18.0,3016.0,760.4447680083963,0.9986967935243877,0.039009151598920856,0.016390697726677977,-0.19615183343258816,0.40578439687808054,0.4024046614467948,0.4089781137787412,0.005504533929277893,1.5232452948166662,deep put wing
2026-09-30,0.0334294988280377,626.0,put,0.04995487152346611,0.059954871523466104,0.054954871523466106,0.055,4.5128476533894124e-05,0.18181818181818174,1.0,511.0,760.4447680083963,0.9986967935243877,0.039009151598920856,0.016390697726677977,-0.1945531120688911,0.3958637705033893,0.3920428005640417,0.39943546150877146,0.005238674074250649,1.3551724266038627,deep put wing
2026-09-30,0.0334294988280377,627.0,put,0.04995452545621657,0.059954525456216566,0.05495452545621657,0.055,4.547454378343169e-05,0.18181818181818174,1.0,524.0,760.4447680083963,0.9986967935243877,0.039009151598920856,0.016390697726677977,-0.19295694253606901,0.3929148941297218,0.38911797473206455,0.396464186163503,0.0051609167000014515,1.3637400046071175,deep put wing
2026-09-30,0.0334294988280377,628.0,put,0.059946571485425856,0.06994657148542587,0.06494657148542586,0.065,5.342851457414144e-05,0.15384615384615397,1.0,145.0,760.4447680083963,0.9986967935243877,0.039009151598920856,0.016390697726677977,-0.191363316700791,0.39680755942980855,0.39349079042898044,0.3999419680590512,0.005263683164493644,1.552113964570673,deep put wing
2026-09-30,0.0334294988280377,629.0,put,0.05994615813817272,0.06994615813817273,0.06494615813817273,0.065,5.384186182727513e-05,0.15384615384615397,42.0,328.0,760.4447680083963,0.9986967935243877,0.039009151598920856,0.016390697726677977,-0.18977222646854908,0.3938214212865968,0.3905256317409276,0.396936068912003,0.005184758546198254,1.5619772410303991,deep put wing
2026-09-30,0.0334294988280377,630.0,put,0.059945738871630475,0.06994573887163048,0.06494573887163048,0.065,5.426112836952324e-05,0.15384615384615397,8.0,3635.0,760.4447680083963,0.9986967935243877,0.039009151598920856,0.016390697726677977,-0.18818366378341134,0.39083830765648625,0.38756349345841856,0.39393319794753723,0.005106509144409635,1.571964760372078,deep put wing
2026-09-30,0.0334294988280377,631.0,put,0.059945313311054876,0.06994531331105489,0.06494531331105488,0.065,5.468668894512141e-05,0.15384615384615397,1.0,147.0,760.4447680083963,0.9986967935243877,0.039009151598920856,0.016390697726677977,-0.1865976206277765,0.3878581905561854,0.384604347937954,0.39093332685945437,0.005028932423771217,1.5820790501519086,deep put wing
2026-09-30,0.0334294988280377,632.0,put,0.05994488159720622,0.06994488159720623,0.06494488159720622,0.065,5.511840279377733e-05,0.15384615384615397,10.0,228.0,760.4447680083963,0.9986967935243877,0.039009151598920856,0.016390697726677977,-0.18501408902213218,0.3848810421562023,0.38164816771413457,0.38793642747381163,0.0049520258769988135,1.5923227183606934,deep put wing
2026-09-30,0.0334294988280377,633.0,put,0.059944442957038296,0.0699444429570383,0.0649444429570383,0.065,5.5557042961701386e-05,0.15384615384615397,5.0,477.0,760.4447680083963,0.9986967935243877,0.039009151598920856,0.016390697726677977,-0.1834330610248135,0.38190683387178886,0.37869492453610937,0.38494247088739264,0.0048757870014601795,1.6026984304522331,deep put wing
2026-09-30,0.0334294988280377,634.0,put,0.05994399715500759,0.0699439971550076,0.0649439971550076,0.065,5.600284499240882e-05,0.15384615384615397,1.0,236.0,760.4447680083963,0.9986967935243877,0.039009151598920856,0.016390697726677977,-0.18185452873176372,0.37893553727426027,0.37574459033463437,0.38195142833039725,0.004800213322958698,1.6132089379060293,deep put wing
2026-09-30,0.0334294988280377,635.0,put,0.06993563147590962,0.07993563147590961,0.07493563147590962,0.07500000000000001,6.436852409039129e-05,0.13333333333333325,6.0,150662.0,760.4447680083963,0.9986967935243877,0.039009151598920856,0.016390697726677977,-0.18027848427629795,0.3818027566586415,0.37895865485386204,0.3845122071094029,0.0048731298655738066,1.802379296082206,deep put wing
2026-09-30,0.0334294988280377,636.0,put,0.0699351057348894,0.07993510573488939,0.0749351057348894,0.07500000000000001,6.489426511060992e-05,0.13333333333333325,30.0,205.0,760.4447680083963,0.9986967935243877,0.039009151598920856,0.016390697726677977,-0.17870491982886755,0.37879876878499125,0.3759733459951042,0.38149047847338147,0.0047967488843832975,1.8142763039621106,deep put wing
2026-09-30,0.0334294988280377,637.0,put,0.06993456575809873,0.07993456575809872,0.07493456575809873,0.07500000000000001,6.543424190127989e-05,0.13333333333333325,5.0,516.0,760.4447680083963,0.9986967935243877,0.039009151598920856,0.016390697726677977,-0.1771338275968263,0.3757976054271643,0.3729908604701227,0.3784715752946066,0.004721042201954213,1.8263307090896268,deep put wing
2026-09-30,0.0334294988280377,638.0,put,0.06993401762958373,0.07993401762958373,0.07493401762958374,0.07500000000000001,6.59823704162732e-05,0.13333333333333325,7.0,139.0,760.4447680083963,0.9986967935243877,0.039009151598920856,0.016390697726677977,-0.1755651998241997,0.37279924014191823,0.37001117236003395,0.37545547064089196,0.004646007458931399,1.8385459976502505,deep put wing
2026-09-30,0.0334294988280377,639.0,put,0.069933461158381,0.079933461158381,0.07493346115838101,0.07500000000000001,6.653884161900159e-05,0.13333333333333325,1.0,136.0,760.4447680083963,0.9986967935243877,0.039009151598920856,0.016390697726677977,-0.17399902879145487,0.36980364276953576,0.36703425185515154,0.3724421340180671,0.004571642226855329,1.8509256463920278,deep put wing
2026-09-30,0.0334294988280377,640.0,put,0.06993289614771517,0.07993289614771516,0.07493289614771517,0.07500000000000001,6.710385228483884e-05,0.13333333333333325,2.0,3703.0,760.4447680083963,0.9986967935243877,0.039009151598920856,0.016390697726677977,-0.1724353068152721,0.36681078290357866,0.3640600689040302,0.36943153468042944,0.004497944096925533,1.863473235923838,deep put wing
2026-09-30,0.0334294988280377,641.0,put,0.06993232164039957,0.07993232164039957,0.07493232164039958,0.07500000000000001,6.767835960043433e-05,0.13333333333333325,5.0,379.0,760.4447680083963,0.9986967935243877,0.039009151598920856,0.016390697726677977,-0.17087402624831957,0.36382062947977,0.3610885927818897,0.3664236412378776,0.004424910670191391,1.8761924410145885,deep put wing
2026-09-30,0.0334294988280377,642.0,put,0.0799234575637543,0.08992345756375429,0.08492345756375429,0.08499999999999999,7.654243624570511e-05,0.11764705882352937,2.0,88.0,760.4447680083963,0.9986967935243877,0.039009151598920856,0.016390697726677977,-0.16931517947902852,0.3658855166203465,0.36341423916319254,0.36825428332599847,0.004475280929842121,2.0676227699947853,deep put wing
2026-09-30,0.0334294988280377,643.0,put,0.0699311445182728,0.0799311445182728,0.0749311445182728,0.07500000000000001,6.885548172720635e-05,0.13333333333333325,1.0,278.0,760.4447680083963,0.9986967935243877,0.039009151598920856,0.016390697726677977,-0.16775875893137027,0.3578483186520819,0.3551536392201804,0.36041584729824216,0.0042808284848040315,1.9021610375130087,deep put wing
2026-09-30,0.0334294988280377,644.0,put,0.07992212223072895,0.08992212223072894,0.08492212223072894,0.08499999999999999,7.787776927105361e-05,0.11764705882352937,1.0,402.0,760.4447680083963,0.9986967935243877,0.039009151598920856,0.016390697726677977,-0.16620475706463597,0.359849147518646,0.3574116880279473,0.36218559104523473,0.004328832904400098,2.0962673695674816,deep put wing
2026-09-30,0.0334294988280377,645.0,put,0.07992143841748102,0.08992143841748101,0.08492143841748101,0.08499999999999999,7.856158251898226e-05,0.11764705882352937,2.0,762.0,760.4447680083963,0.9986967935243877,0.039009151598920856,0.016390697726677977,-0.1646531663732172,0.35683484513320163,0.35441429754870196,0.3591551240492696,0.004256615082241712,2.1108920259756228,deep put wing
2026-09-30,0.0334294988280377,646.0,put,0.07992074247004206,0.08992074247004206,0.08492074247004205,0.08499999999999999,7.925752995793789e-05,0.11764705882352937,1.0,452.0,760.4447680083963,0.9986967935243877,0.039009151598920856,0.016390697726677977,-0.1631039793863878,0.3538230867314446,0.35141945345313086,0.35612719858789865,0.0041850649231130925,2.1257243673691257,deep put wing
2026-09-30,0.0334294988280377,647.0,put,0.07992003382395124,0.08992003382395124,0.08492003382395123,0.08499999999999999,7.996617604875966e-05,0.11764705882352937,1.0,303.0,760.4447680083963,0.9986967935243877,0.039009151598920856,0.016390697726677977,-0.16155718866808905,0.35081383904465374,0.3484271228285766,0.35310178104983253,0.004114180109900606,2.1407691688757833,deep put wing
2026-09-30,0.0334294988280377,648.0,put,0.07991930957463748,0.08991930957463748,0.08491930957463747,0.08499999999999999,8.069042536251736e-05,0.11764705882352937,1.0,673.0,760.4447680083963,0.9986967935243877,0.039009151598920856,0.016390697726677977,-0.160012786816715,0.34780706738655603,0.3454372713027347,0.3500788364437498,0.00404395832057648,2.1560313153891726,deep put wing
2026-09-30,0.0334294988280377,649.0,put,0.07991857332607781,0.0899185733260778,0.0849185733260778,0.08499999999999999,8.142667392219138e-05,0.11764705882352937,1.0,705.0,760.4447680083963,0.9986967935243877,0.039009151598920856,0.016390697726677977,-0.15847076646489966,0.34480273975465003,0.3424498673284452,0.34705833233440897,0.003974397324115507,2.1715159685170775,deep put wing
2026-09-30,0.0334294988280377,650.0,put,0.08990904381046402,0.09990904381046403,0.09490904381046403,0.095,9.09561895359734e-05,0.10526315789473693,12.0,3859.0,760.4447680083963,0.9986967935243877,0.039009151598920856,0.016390697726677977,-0.1569311202793068,0.3461887283703166,0.34403638027589106,0.3482618346009321,0.004006412966027895,2.367990574376897,deep put wing
2026-09-30,0.0334294988280377,651.0,put,0.0899081986280503,0.09990819862805031,0.0949081986280503,0.095,9.180137194969573e-05,0.10526315789473693,1.0,443.0,760.4447680083963,0.9986967935243877,0.039009151598920856,0.016390697726677977,-0.15539384096042044,0.3431574820601335,0.3410206442804758,0.34521568948061176,0.003936559415483856,2.3851548226952337,deep put wing
2026-09-30,0.0334294988280377,652.0,put,0.08990733779005212,0.09990733779005213,0.09490733779005213,0.095,9.266220994787189e-05,0.10526315789473693,7.0,220.0,760.4447680083963,0.9986967935243877,0.039009151598920856,0.016390697726677977,-0.1538589212423367,0.3401285661673007,0.3380072432808632,0.34217187024053763,0.003867373190812606,2.402574978088336,deep put wing
2026-09-30,0.0334294988280377,653.0,put,0.08990645318941902,0.09990645318941903,0.09490645318941902,0.095,9.354681058097725e-05,0.10526315789473693,5.0,131.0,760.4447680083963,0.9986967935243877,0.039009151598920856,0.016390697726677977,-0.15232635389255852,0.3371019413732711,0.3349961382445024,0.33913033731823644,0.0037988519900405532,2.420257091046772,deep put wing
2026-09-30,0.0334294988280377,654.0,put,0.08990555310666731,0.09990555310666732,0.09490555310666732,0.095,9.444689333268363e-05,0.10526315789473693,6.0,29.0,760.4447680083963,0.9986967935243877,0.039009151598920856,0.016390697726677977,-0.150796131711791,0.33407757474537536,0.3319872966742089,0.33609105728664357,0.0037309936867202065,2.438207714969665,deep put wing
2026-09-30,0.0334294988280377,655.0,put,0.08990463732730125,0.09990463732730126,0.09490463732730126,0.095,9.536267269874554e-05,0.10526315789473693,12.0,755.0,760.4447680083963,0.9986967935243877,0.039009151598920856,0.016390697726677977,-0.1492682475337377,0.33105542934223275,0.3289806820602464,0.33305399283071835,0.0036637960933446918,2.4564334683200415,put wing
2026-09-30,0.0334294988280377,656.0,put,0.09989451541537607,0.10989451541537607,0.10489451541537607,0.10500000000000001,0.0001054845846239355,0.09523809523809518,11.0,198.0,760.4447680083963,0.9986967935243877,0.039009151598920856,0.016390697726677977,-0.1477426942249007,0.33193028082488524,0.33001552532061557,0.3337817343633867,0.0036831856717315383,2.6564435620151,put wing
2026-09-30,0.0334294988280377,657.0,put,0.09989348014186264,0.10989348014186263,0.10489348014186264,0.10500000000000001,0.00010651985813736609,0.09523809523809518,1.0,882.0,760.4447680083963,0.9986967935243877,0.039009151598920856,0.016390697726677977,-0.14621946468437916,0.32888315344529284,0.3269827712675555,0.3307207447996273,0.0036158726109420222,2.6765086364551545,put wing
2026-09-30,0.0334294988280377,658.0,put,0.09989242594425508,0.10989242594425508,0.10489242594425509,0.10500000000000001,0.00010757405574492174,0.09523809523809518,3.0,1294.0,760.4447680083963,0.9986967935243877,0.039009151598920856,0.016390697726677977,-0.14469855184367245,0.3258381196563141,0.32395211748535124,0.32766184225737677,0.0035492259441255508,2.696888770480251,put wing
2026-09-30,0.0334294988280377,659.0,put,0.09989134922175849,0.10989134922175849,0.1048913492217585,0.10500000000000001,0.0001086507782415147,0.09523809523809518,1.0,738.0,760.4447680083963,0.9986967935243877,0.039009151598920856,0.016390697726677977,-0.1431799486664825,0.32279513854126946,0.32092352340439806,0.32460498548163225,0.003483243509538941,2.7175919425256323,put wing
2026-09-30,0.0334294988280377,660.0,put,0.10988079929943369,0.11988079929943368,0.11488079929943368,0.11499999999999999,0.00011920070056631316,0.0869565217391304,4.0,7914.0,760.4447680083963,0.9986967935243877,0.039009151598920856,0.016390697726677977,-0.14166364814851845,0.3232864425261576,0.32154679399861497,0.32497392854712714,0.003493854783137765,2.9190265171636276,put wing
2026-09-30,0.0334294988280377,661.0,put,0.10987959044852648,0.11987959044852647,0.11487959044852647,0.11499999999999999,0.0001204095514735215,0.0869565217391304,1.0,413.0,760.4447680083963,0.9986967935243877,0.039009151598920856,0.016390697726677977,-0.14014964331730334,0.3202201305256517,0.31849390192038296,0.3218946311801371,0.003427891965914817,2.9416907082023376,put wing
2026-09-30,0.0334294988280377,662.0,put,0.10987835891502172,0.11987835891502172,0.11487835891502171,0.11499999999999999,0.00012164108497828008,0.0869565217391304,2.0,228.0,760.4447680083963,0.9986967935243877,0.039009151598920856,0.016390697726677977,-0.1386379272319815,0.3171557334806741,0.31544293276099766,0.3188172409486569,0.0033625983809544794,2.9647234668146325,put wing
2026-09-30,0.0334294988280377,663.0,put,0.10987710421092733,0.11987710421092733,0.11487710421092732,0.11499999999999999,0.00012289578907266618,0.0869565217391304,1.0,315.0,760.4447680083963,0.9986967935243877,0.039009151598920856,0.016390697726677977,-0.13712849298312718,0.3140932085109462,0.31239384403602305,0.3157417145877647,0.0032979719507499634,2.9881345412381424,put wing
2026-09-30,0.0334294988280377,664.0,put,0.11986608032190639,0.12986608032190639,0.1248660803219064,0.125,0.00013391967809360528,0.08000000000000007,7.0,1018.0,760.4447680083963,0.9986967935243877,0.039009151598920856,0.016390697726677977,-0.13562133369255577,0.31425367737382365,0.31266486702768287,0.31579895818452974,0.0033013426508030825,3.1917595605525557,put wing
2026-09-30,0.0334294988280377,665.0,put,0.1198646685878216,0.1298646685878216,0.12486466858782161,0.125,0.00013533141217839106,0.08000000000000007,29.0,1598.0,760.4447680083963,0.9986967935243877,0.039009151598920856,0.016390697726677977,-0.13411644251313556,0.3111691207909938,0.3095929259872603,0.312702160829623,0.0032368520659747262,3.2172747454031385,put wing
2026-09-30,0.0334294988280377,666.0,put,0.11986322637672114,0.12986322637672115,0.12486322637672115,0.125,0.0001367736232788519,0.08000000000000007,35.0,313.0,760.4447680083963,0.9986967935243877,0.039009151598920856,0.016390697726677977,-0.13261381262860053,0.3080862837387117,0.3065227136734579,0.30960707397599185,0.0031730330297412546,3.243220325581044,put wing
2026-09-30,0.0334294988280377,667.0,put,0.11986175222725949,0.12986175222725949,0.1248617522272595,0.125,0.0001382477727405046,0.08000000000000007,84.0,433.0,760.4447680083963,0.9986967935243877,0.039009151598920856,0.016390697726677977,-0.1311134372533659,0.3050051194867841,0.30345418375712535,0.30651365050250184,0.0031098835258996102,3.269608108694488,put wing
2026-09-30,0.0334294988280377,668.0,put,0.12985017239269833,0.13985017239269834,0.13485017239269834,0.135,0.00014982760730167244,0.07407407407407414,25.0,424.0,760.4447680083963,0.9986967935243877,0.039009151598920856,0.016390697726677977,-0.129615309632344,0.3048759843044554,0.3034188686719186,0.3062963944556232,0.003107250715265505,3.4761711256262333,put wing
2026-09-30,0.0334294988280377,669.0,put,0.12984852347246548,0.13984852347246549,0.13484852347246548,0.135,0.00015147652753452756,0.07407407407407414,108.0,585.0,760.4447680083963,0.9986967935243877,0.039009151598920856,0.016390697726677977,-0.1281194230407612,0.3017738071543836,0.30032862063426646,0.3031826153718716,0.0030443385673382633,3.504831125295804,put wing
2026-09-30,0.0334294988280377,670.0,put,0.12984684034825736,0.13984684034825737,0.13484684034825736,0.135,0.0001531596517426459,0.07407407407407414,1.0,3345.0,760.4447680083963,0.9986967935243877,0.039009151598920856,0.016390697726677977,-0.12662577078397788,0.2986731378908615,0.29723989096662773,0.3000703338803961,0.0029820999480705845,3.533993585261377,put wing
2026-09-30,0.0334294988280377,671.0,put,0.12984512281783442,0.13984512281783443,0.13484512281783442,0.135,0.00015487718216558588,0.07407407407407414,5.0,342.0,760.4447680083963,0.9986967935243877,0.039009151598920856,0.016390697726677977,-0.12513434619730793,0.29557392600550975,0.2941526295894057,0.29695949905443814,0.002920532921537884,3.5636728765329315,put wing
2026-09-30,0.0334294988280377,672.0,put,0.12984336983620315,0.13984336983620316,0.13484336983620315,0.135,0.0001566301637968559,0.07407407407407414,25.0,659.0,760.4447680083963,0.9986967935243877,0.039009151598920856,0.016390697726677977,-0.12364514264584013,0.2924761198216007,0.2910667852586519,0.2938500587947249,0.002859635571268354,3.5938839272346157,put wing
2026-09-30,0.0334294988280377,673.0,put,0.13983103562190605,0.14983103562190603,0.14483103562190605,0.14500000000000002,0.00016896437809396647,0.06896551724137917,4.0,1742.0,760.4447680083963,0.9986967935243877,0.039009151598920856,0.016390697726677977,-0.12215815352426182,0.29206858811474934,0.2907391223624444,0.29336712276656235,0.002851671979257336,3.8060789372735817,put wing
2026-09-30,0.0334294988280377,674.0,put,0.14981851513420508,0.15981851513420509,0.15481851513420508,0.155,0.00018148486579491752,0.06451612903225812,8.0,897.0,760.4447680083963,0.9986967935243877,0.039009151598920856,0.016390697726677977,-0.12067337225668268,0.2914938631929198,0.2902352010615142,0.29272526633280804,0.002840460130375185,4.0167885839011035,put wing
2026-09-30,0.0334294988280377,675.0,put,0.1398270994572526,0.1498270994572526,0.1448270994572526,0.14500000000000002,0.00017290054274740618,0.06896551724137917,24.0,9851.0,760.4447680083963,0.9986967935243877,0.039009151598920856,0.016390697726677977,-0.11919079229645985,0.28583346963638473,0.2845267160201977,0.2871098701273201,0.002731215874004618,3.8721547064063393,put wing
2026-09-30,0.0334294988280377,676.0,put,0.1498142406421196,0.1598142406421196,0.1548142406421196,0.155,0.00018575935788039954,0.06451612903225812,1.0,1340.0,760.4447680083963,0.9986967935243877,0.039009151598920856,0.016390697726677977,-0.11771040712602554,0.2852173378155465,0.28398028959169586,0.2864276405460642,0.002719453953096568,4.08689303429022,put wing
2026-09-30,0.0334294988280377,677.0,put,0.14981203306737614,0.15981203306737615,0.15481203306737615,0.155,0.0001879669326238509,0.06451612903225812,1.0,1346.0,760.4447680083963,0.9986967935243877,0.039009151598920856,0.016390697726677977,-0.11623221025671472,0.2820807235855925,0.28085450112763916,0.28328045761712944,0.0026599696642790396,4.1229343860546255,put wing
2026-09-30,0.0334294988280377,678.0,put,0.14980976669550403,0.15980976669550404,0.15480976669550403,0.155,0.0001902333044959681,0.06451612903225812,22.0,1526.0,760.4447680083963,0.9986967935243877,0.039009151598920856,0.016390697726677977,-0.1147561952285941,0.27894512627917156,0.2777297426832796,0.28013427873696595,0.0026011621231834333,4.159662004395559,put wing
2026-09-30,0.0334294988280377,679.0,put,0.15979631782896261,0.16979631782896262,0.16479631782896262,0.165,0.00020368217103738928,0.060606060606060656,1.0,893.0,760.4447680083963,0.9986967935243877,0.039009151598920856,0.016390697726677977,-0.1132823556102935,0.2781404917574641,0.27698644830246916,0.27927125489702165,0.0025861773396423753,4.3775271998014444,put wing
2026-09-30,0.0334294988280377,680.0,put,0.1597937996897637,0.1697937996897637,0.1647937996897637,0.165,0.0002062003102362986,0.060606060606060656,3.0,8831.0,760.4447680083963,0.9986967935243877,0.039009151598920856,0.016390697726677977,-0.11181068499883733,0.27498576271355485,0.27384208431941126,0.27610639137272275,0.0025278440857037284,4.417157559291428,put wing
2026-09-30,0.0334294988280377,681.0,put,0.15979119358427246,0.16979119358427247,0.16479119358427247,0.165,0.00020880641572754155,0.060606060606060656,84.0,694.0,760.4447680083963,0.9986967935243877,0.039009151598920856,0.016390697726677977,-0.1103411770194773,0.2718318293767004,0.2706985300055492,0.2729423098167891,0.0024701906950731333,4.457567066481828,put wing
2026-09-30,0.0334294988280377,682.0,put,0.16977704974714788,0.17977704974714787,0.17477704974714786,0.175,0.00022295025285212766,0.05714285714285704,38.0,714.0,760.4447680083963,0.9986967935243877,0.039009151598920856,0.016390697726677977,-0.10887382532552753,0.27085537719192515,0.26977644900721426,0.2719139256969752,0.0024524761325809474,4.679156755229998,put wing
2026-09-30,0.0334294988280377,683.0,put,0.1697741549584251,0.17977415495842508,0.17477415495842508,0.175,0.00022584504157491248,0.05714285714285704,39.0,335.0,760.4447680083963,0.9986967935243877,0.039009151598920856,0.016390697726677977,-0.10740862359819964,0.2676826994384149,0.26661372915719533,0.26873149832837345,0.002395358230964219,4.7226991253035004,put wing
2026-09-30,0.0334294988280377,684.0,put,0.17975950445903974,0.18975950445903975,0.18475950445903974,0.185,0.00024049554096025605,0.054054054054054106,3.0,435.0,760.4447680083963,0.9986967935243877,0.039009151598920856,0.016390697726677977,-0.1059455655464392,0.2665672916778425,0.2655472172768534,0.26756924926856157,0.0023754373724400014,4.9462176541824885,put wing
2026-09-30,0.0334294988280377,685.0,put,0.18974452926157692,0.19974452926157693,0.19474452926157693,0.195,0.0002554707384230803,0.05128205128205133,198.0,2248.0,760.4447680083963,0.9986967935243877,0.039009151598920856,0.016390697726677977,-0.10448464490676433,0.265342045611858,0.264366552371987,0.26630118411538245,0.002353650705381662,5.169594273553709,put wing
2026-09-30,0.0334294988280377,686.0,put,0.18974105078668657,0.19974105078668658,0.19474105078668658,0.195,0.0002589492133134308,0.05128205128205133,16.0,224.0,760.4447680083963,0.9986967935243877,0.039009151598920856,0.016390697726677977,-0.10302585544310448,0.26213279539573153,0.26116652873392737,0.2630828797687479,0.002297061291635844,5.218907902176834,put wing
2026-09-30,0.0334294988280377,687.0,put,0.1997254798941244,0.20972547989412438,0.2047254798941244,0.20500000000000002,0.00027452010587561415,0.04878048780487795,4.0,1669.0,760.4447680083963,0.9986967935243877,0.039009151598920856,0.016390697726677977,-0.10156919094664033,0.26078833136928004,0.25986259845447673,0.2616993905548524,0.002273558727828329,5.4448907912509155,put wing
2026-09-30,0.0334294988280377,688.0,put,0.1997216575747788,0.20972165757477879,0.2047216575747788,0.20500000000000002,0.00027834242522120634,0.04878048780487795,37.0,905.0,760.4447680083963,0.9986967935243877,0.039009151598920856,0.016390697726677977,-0.10011464523564596,0.25756154449320756,0.25664473174897284,0.25846384172801434,0.0022176443950935416,5.497815401372485,put wing
2026-09-30,0.0334294988280377,689.0,put,0.1997177379476631,0.20971773794766307,0.2047177379476631,0.20500000000000002,0.0002822620523369179,0.04878048780487795,1.0,699.0,760.4447680083963,0.9986967935243877,0.039009151598920856,0.016390697726677977,-0.09866221215533114,0.25433484115907645,0.2534269648715375,0.2552283603803956,0.00216242762910289,5.551878669446947,put wing
2026-09-30,0.0334294988280377,690.0,put,0.19971368957054972,0.2097136895705497,0.20471368957054972,0.20500000000000002,0.0002863104294502927,0.04878048780487795,22.0,7055.0,760.4447680083963,0.9986967935243877,0.039009151598920856,0.016390697726677977,-0.09721188557768459,0.2511081305168404,0.2502092074324234,0.2519928552065876,0.002107906850520847,5.607120341269142,put wing
2026-09-30,0.0334294988280377,691.0,put,0.209696947966425,0.219696947966425,0.214696947966425,0.215,0.000303052033575002,0.046511627906976785,33.0,2056.0,760.4447680083963,0.9986967935243877,0.039009151598920856,0.016390697726677977,-0.09576365940131973,0.24961753807662432,0.2487550542059136,0.25046709874619544,0.0020829558115136346,5.841564580387266,put wing
2026-09-30,0.0334294988280377,692.0,put,0.21967982738932065,0.22967982738932066,0.22467982738932066,0.225,0.0003201726106793479,0.04444444444444448,2.0,332.0,760.4447680083963,0.9986967935243877,0.039009151598920856,0.016390697726677977,-0.09431752755132014,0.24804073851910335,0.24721195368612742,0.24885771703582246,0.002056723438065332,6.076769311952589,put wing
2026-09-30,0.0334294988280377,693.0,put,0.22966230632093185,0.23966230632093183,0.23466230632093182,0.235,0.00033769367906816283,0.042553191489361625,2.0,445.0,760.4447680083963,0.9986967935243877,0.039009151598920856,0.016390697726677977,-0.09287348397908643,0.24638311958409476,0.24558561879544058,0.24716979799190178,0.0020293257457581976,6.312948669133518,put wing
2026-09-30,0.0334294988280377,694.0,put,0.22965725385774513,0.2396572538577451,0.2346572538577451,0.235,0.0003427461422548794,0.042553191489361625,1.0,297.0,760.4447680083963,0.9986967935243877,0.039009151598920856,0.016390697726677977,-0.09143152266218511,0.2431044423311662,0.24231510153028993,0.24388308614124246,0.001975675687979112,6.3781497287305715,put wing
2026-09-30,0.0334294988280377,695.0,put,0.23963897246716662,0.24963897246716663,0.24463897246716662,0.245,0.0003610275328333745,0.04081632653061228,31.0,4177.0,760.4447680083963,0.9986967935243877,0.039009151598920856,0.016390697726677977,-0.08999163760419757,0.24135419365649083,0.2405937680967998,0.24210478492809157,0.0019473300441837022,6.618568616146956,put wing
2026-09-30,0.0334294988280377,696.0,put,0.2496202021335429,0.2596202021335429,0.2546202021335429,0.255,0.0003797978664570878,0.03921568627450984,2.0,270.0,760.4447680083963,0.9986967935243877,0.039009151598920856,0.016390697726677977,-0.08855382283457001,0.23953241614418586,0.23879901613720203,0.240256749595351,0.001918043516241381,6.860448346047349,put wing
2026-09-30,0.0334294988280377,697.0,put,0.23962766079344378,0.24962766079344378,0.24462766079344378,0.245,0.0003723392065562159,0.04081632653061228,36.0,3715.0,760.4447680083963,0.9986967935243877,0.039009151598920856,0.016390697726677977,-0.08711807240846574,0.23476137879760786,0.23401687210119926,0.23549628524441849,0.0018423967922699756,6.759954810324726,put wing
2026-09-30,0.0334294988280377,698.0,put,0.2595946075797143,0.2695946075797143,0.2645946075797143,0.265,0.00040539242028569955,0.03773584905660381,15.0,282.0,760.4447680083963,0.9986967935243877,0.039009151598920856,0.016390697726677977,-0.08568438040661723,0.23431424139213022,0.23361371845317347,0.23500648624130235,0.001835385247205538,7.180412844739092,put wing
2026-09-30,0.0334294988280377,699.0,put,0.2595880488978439,0.26958804889784393,0.26458804889784393,0.265,0.0004119511021560829,0.03773584905660381,2.0,4280.0,760.4447680083963,0.9986967935243877,0.039009151598920856,0.016390697726677977,-0.0842527409351794,0.23098446604018666,0.23029150524144643,0.2316692511437548,0.0017835915818985733,7.258701710774455,put wing
2026-09-30,0.0334294988280377,700.0,put,0.26956732166733416,0.27956732166733417,0.27456732166733416,0.275,0.000432678332665859,0.03636363636363639,71.0,20193.0,760.4447680083963,0.9986967935243877,0.039009151598920856,0.016390697726677977,-0.08282314812558494,0.22899835098608054,0.22832883989862254,0.22966028986301468,0.0017530511005573574,7.511057042306474,put wing
2026-09-30,0.0334294988280377,701.0,put,0.2695600706851634,0.2795600706851634,0.2745600706851634,0.275,0.0004399293148366068,0.03636363636363639,1.0,1194.0,760.4447680083963,0.9986967935243877,0.039009151598920856,0.016390697726677977,-0.0813955961343996,0.22565097903588238,0.2249888683472481,0.22630561385597162,0.001702175401024687,7.594934191411846,put wing
2026-09-30,0.0334294988280377,702.0,put,0.2895240889760617,0.2995240889760617,0.2945240889760617,0.295,0.0004759110239382913,0.0338983050847458,2.0,1083.0,760.4447680083963,0.9986967935243877,0.039009151598920856,0.016390697726677977,-0.07997007914317854,0.22484565002547985,0.22421912385707896,0.2254656394196361,0.001690047245559387,8.022773531768804,put wing
2026-09-30,0.0334294988280377,703.0,put,0.2895158372424643,0.29951583724246433,0.29451583724246433,0.295,0.0004841627575356555,0.0338983050847458,81.0,1940.0,760.4447680083963,0.9986967935243877,0.039009151598920856,0.016390697726677977,-0.07854659135832472,0.22146611878029254,0.22084666578885215,0.22207912054184137,0.0016396247111886881,8.1143027649716,put wing
2026-09-30,0.0334294988280377,704.0,put,0.30947818114892073,0.31947818114892074,0.31447818114892073,0.315,0.0005218188510792698,0.03174603174603177,2.0,652.0,760.4447680083963,0.9986967935243877,0.039009151598920856,0.016390697726677977,-0.07712512701094729,0.2204687851519316,0.21988079431380697,0.22105109126868974,0.0016248904409099205,8.545218814298389,put wing
2026-09-30,0.0334294988280377,705.0,put,0.3094688920668504,0.3194688920668504,0.3144688920668504,0.315,0.0005311079331495883,0.03174603174603177,1.0,3540.0,760.4447680083963,0.9986967935243877,0.039009151598920856,0.016390697726677977,-0.075705680356721,0.21705754573967434,0.21647634231173482,0.21763314106774664,0.001574996677768518,8.64492854031588,put wing
2026-09-30,0.0334294988280377,706.0,put,0.31944433678207607,0.3294443367820761,0.32444433678207607,0.325,0.0005556632179239407,0.030769230769230795,1.0,585.0,760.4447680083963,0.9986967935243877,0.039009151598920856,0.016390697726677977,-0.07428824567574753,0.21477461541219803,0.2142111199153426,0.2153328694631159,0.0015420404491448983,8.915014205020528,put wing
2026-09-30,0.0334294988280377,707.0,put,0.33940395276041063,0.3494039527604106,0.3444039527604106,0.345,0.0005960472395893923,0.02898550724637668,1.0,21248.0,760.4447680083963,0.9986967935243877,0.039009151598920856,0.016390697726677977,-0.07287281727241693,0.21351871347793816,0.21298175993816007,0.21405100318142503,0.0015240589082557588,9.352748283604512,put wing
2026-09-30,0.0334294988280377,708.0,put,0.3393928690324126,0.34939286903241257,0.34439286903241256,0.345,0.0006071309675874104,0.02898550724637668,2.0,1278.0,760.4447680083963,0.9986967935243877,0.039009151598920856,0.016390697726677977,-0.07145938947526989,0.21006028146375455,0.2095297500561543,0.21058621491174623,0.0014750873950256226,9.465872877607561,put wing
2026-09-30,0.0334294988280377,709.0,put,0.3593503341857376,0.3693503341857376,0.3643503341857376,0.365,0.0006496658142624012,0.02739726027397263,143.0,1499.0,760.4447680083963,0.9986967935243877,0.039009151598920856,0.016390697726677977,-0.07004795663686211,0.2086478019032489,0.20814116909577418,0.20915032103507183,0.0014553166341689733,9.90962784334096,put wing
2026-09-30,0.0334294988280377,710.0,put,0.3693220690210755,0.3793220690210755,0.3743220690210755,0.375,0.0006779309789244903,0.02666666666666669,218.0,13674.0,760.4447680083963,0.9986967935243877,0.039009151598920856,0.016390697726677977,-0.06863851313362858,0.20614509244327833,0.20565267449670852,0.20663364055532224,0.0014206132674952653,10.194339845716181,put wing
2026-09-30,0.0334294988280377,711.0,put,0.38927695001253493,0.39927695001253494,0.39427695001253493,0.395,0.0007230499874650853,0.025316455696202552,107.0,1057.0,760.4447680083963,0.9986967935243877,0.039009151598920856,0.016390697726677977,-0.06723105336574878,0.204544250548108,0.20407267540549667,0.2050123383911912,0.0013986350867431748,10.642399515709853,put wing
2026-09-30,0.0334294988280377,712.0,put,0.38926219694862196,0.399262196948622,0.39426219694862197,0.395,0.0007378030513780498,0.025316455696202552,29.0,1236.0,760.4447680083963,0.9986967935243877,0.039009151598920856,0.016390697726677977,-0.06582557175701384,0.20101063036778902,0.2005449750032662,0.20147285109793334,0.0013507280438119953,10.777590024427564,put wing
2026-09-30,0.0334294988280377,713.0,put,0.40921377220135846,0.41921377220135847,0.41421377220135847,0.415,0.0007862277986415145,0.024096385542168697,100.0,936.0,760.4447680083963,0.9986967935243877,0.039009151598920856,0.016390697726677977,-0.06442206275469375,0.19927567846477343,0.19882905006187632,0.1997191994479861,0.001327512009264957,11.234339564322806,put wing
2026-09-30,0.0334294988280377,714.0,put,0.4291635271632691,0.4391635271632691,0.4341635271632691,0.435,0.0008364728367308838,0.022988505747126457,4.0,951.0,760.4447680083963,0.9986967935243877,0.039009151598920856,0.016390697726677977,-0.06302052082940526,0.1974407932910269,0.19701177990727423,0.19786698465034097,0.0013031777018558102,11.693359681503113,put wing
2026-09-30,0.0334294988280377,715.0,put,0.4491115233771249,0.4591115233771249,0.4541115233771249,0.455,0.0008884766228751118,0.021978021978021997,56.0,6589.0,760.4447680083963,0.9986967935243877,0.039009151598920856,0.016390697726677977,-0.061620940474981956,0.19551148887369482,0.19509884975501096,0.19592155643232936,0.0012778339773050877,12.15523870316603,put wing
2026-09-30,0.0334294988280377,716.0,put,0.46905767432583517,0.4790576743258352,0.4740576743258352,0.475,0.0009423256741648012,0.02105263157894739,166.0,1442.0,760.4447680083963,0.9986967935243877,0.039009151598920856,0.016390697726677977,-0.06022331620834407,0.19349257772491876,0.19309521614083752,0.19388758880040913,0.0012515796307594493,12.620549127907388,put wing
2026-09-30,0.0334294988280377,717.0,put,0.4790189870313441,0.4890189870313441,0.4840189870313441,0.485,0.000981012968655881,0.020618556701030948,7.0,839.0,760.4447680083963,0.9986967935243877,0.039009151598920856,0.016390697726677977,-0.05882764256936929,0.19062129572169517,0.19023382179253906,0.19100653887110786,0.0012147102615067446,12.941566745800392,put wing
2026-09-30,0.0334294988280377,718.0,put,0.4989612801979957,0.5089612801979957,0.5039612801979957,0.505,0.0010387198020043176,0.01980198019801982,14.0,1005.0,760.4447680083963,0.9986967935243877,0.039009151598920856,0.016390697726677977,-0.05743391412076542,0.18846234160284445,0.18808866308922903,0.18883397318239192,0.001187350751334221,13.41744189090733,put wing
2026-09-30,0.0334294988280377,719.0,put,0.508918957466818,0.518918957466818,0.513918957466818,0.515,0.001081042533181975,0.019417475728155355,4.0,995.0,760.4447680083963,0.9986967935243877,0.039009151598920856,0.016390697726677977,-0.05604212544794299,0.18550137381026185,0.1851368195571569,0.18586398261898274,0.0011503344505781254,13.7522770270942,put wing
2026-09-30,0.0334294988280377,720.0,put,0.5488209397691437,0.5588209397691437,0.5538209397691437,0.555,0.0011790602308563436,0.018018018018018032,221.0,14433.0,760.4447680083963,0.9986967935243877,0.039009151598920856,0.016390697726677977,-0.05465227115888865,0.1845980413472879,0.1842530180842695,0.18494138217916992,0.0011391582063844613,14.527377730410473,put wing
2026-09-30,0.0334294988280377,721.0,put,0.5687554173449808,0.5787554173449808,0.5737554173449808,0.575,0.0012445826550191441,0.017391304347826105,16.0,1914.0,760.4447680083963,0.9986967935243877,0.039009151598920856,0.016390697726677977,-0.05326434588404053,0.18218515249981024,0.18185144428407818,0.18251730522630416,0.0011095728633118036,15.018324132254135,put wing
2026-09-30,0.0334294988280377,722.0,put,0.5986685435091227,0.6086685435091227,0.6036685435091227,0.605,0.001331456490877292,0.016528925619834725,9.0,1928.0,760.4447680083963,0.9986967935243877,0.039009151598920856,0.016390697726677977,-0.05187834427616345,0.1803419668674018,0.18002185354571942,0.18066067991699258,0.0010872351124762496,15.653866746470808,put wing
2026-09-30,0.0334294988280377,723.0,put,0.6285779554327788,0.6385779554327788,0.6335779554327788,0.635,0.0014220445672211701,0.015748031496063006,12.0,703.0,760.4447680083963,0.9986967935243877,0.039009151598920856,0.016390697726677977,-0.05049426101022496,0.17838459565075038,0.17807706937677092,0.1786908565709639,0.0010637622205409837,16.292441800125996,put wing
2026-09-30,0.0334294988280377,724.0,put,0.6584834194139796,0.6684834194139796,0.6634834194139796,0.665,0.001516580586020444,0.015037593984962419,36.0,1570.0,760.4447680083963,0.9986967935243877,0.039009151598920856,0.016390697726677977,-0.04911209078327324,0.17631874163755298,0.17602291938212686,0.1766134165827475,0.0010392662433744545,16.93502164630853,ATM
2026-09-30,0.0334294988280377,725.0,put,0.6883839153651821,0.6983839153651821,0.6933839153651821,0.695,0.0016160846348178826,0.014388489208633108,72.0,16777.0,760.4447680083963,0.9986967935243877,0.039009151598920856,0.016390697726677977,-0.047731828314314904,0.17414928020280787,0.17386438350205685,0.17443313348831044,0.001013848897582931,17.582549590328238,ATM
2026-09-30,0.0334294988280377,726.0,put,0.7182794592061419,0.7282794592061419,0.7232794592061419,0.725,0.001720540793858083,0.013793103448275874,40.0,1056.0,760.4447680083963,0.9986967935243877,0.039009151598920856,0.016390697726677977,-0.04635346834419355,0.171880477131949,0.1716058162224362,0.17215418657029044,0.0009876042880783559,18.235974760881003,ATM
2026-09-30,0.0334294988280377,727.0,put,0.7381799285108848,0.7581799285108848,0.7481799285108848,0.75,0.001820071489115227,0.02666666666666669,28.0,1193.0,760.4447680083963,0.9986967935243877,0.039009151598920856,0.016390697726677977,-0.04497700563547024,0.16925149496693442,0.16871877115675105,0.16978070039115054,0.0009576237149713802,18.834118127937465,ATM
2026-09-30,0.0334294988280377,728.0,put,0.7980151542265919,0.8080151542265919,0.8030151542265919,0.805,0.0019848457734081837,0.012422360248447215,7.0,1099.0,760.4447680083963,0.9986967935243877,0.039009151598920856,0.016390697726677977,-0.04360243497230371,0.16807297829113488,0.16782014091571604,0.16832505232452052,0.000944334067868913,19.80555997182278,ATM
2026-09-30,0.0334294988280377,729.0,put,0.827883717945784,0.847883717945784,0.837883717945784,0.84,0.00211628205421599,0.023809523809523832,79.0,1944.0,760.4447680083963,0.9986967935243877,0.039009151598920856,0.016390697726677977,-0.042229751160331494,0.16573582278276658,0.1652474926843814,0.16622137466393505,0.0009182536071614943,20.53676430312301,ATM
2026-09-30,0.0334294988280377,730.0,put,0.8777248391147665,0.8877248391147665,0.8827248391147665,0.885,0.002275160885233496,0.011299435028248598,340.0,29874.0,760.4447680083963,0.9986967935243877,0.039009151598920856,0.016390697726677977,-0.040858949026552786,0.1637642766017843,0.16353020638312923,0.16399772555784067,0.0008965369802652825,21.389587971584238,ATM
2026-09-30,0.0334294988280377,731.0,put,0.9175678980744539,0.927567898074454,0.9225678980744539,0.925,0.002432101925546104,0.01081081081081082,46.0,1812.0,760.4447680083963,0.9986967935243877,0.039009151598920856,0.016390697726677977,-0.03949002341921117,0.16143502629479836,0.16120942053249238,0.1616600691762876,0.0008712151185291582,22.19032138628462,ATM
2026-09-30,0.0334294988280377,732.0,put,0.9773597390325367,0.9873597390325367,0.9823597390325367,0.985,0.0026402609674632815,0.0101522842639594,404.0,1729.0,760.4447680083963,0.9986967935243877,0.039009151598920856,0.016390697726677977,-0.03812296920767808,0.1598583157509443,0.15964266886943035,0.16007346891753035,0.0008542801823756972,23.212701579590878,ATM
2026-09-30,0.0334294988280377,733.0,put,1.0271515820557162,1.0471515820557162,1.0371515820557162,1.04,0.00284841794428381,0.019230769230769246,35.0,1000.0,760.4447680083963,0.9986967935243877,0.039009151598920856,0.016390697726677977,-0.036757781282338226,0.15790144647260265,0.15748698582232226,0.15831415128405227,0.000833493241408048,24.17923898182964,ATM
2026-09-30,0.0334294988280377,734.0,put,1.0969099372950624,1.1069099372950624,1.1019099372950623,1.105,0.003090062704937724,0.009049773755656116,80.0,1758.0,760.4447680083963,0.9986967935243877,0.039009151598920856,0.016390697726677977,-0.0353944545544741,0.15619232009446918,0.15599407212082575,0.15639018234359484,0.0008155474192208967,25.245561509109805,ATM
2026-09-30,0.0334294988280377,735.0,put,1.156655184182529,1.176655184182529,1.166655184182529,1.17,0.0033448158174709253,0.01709401709401711,160.0,14137.0,760.4447680083963,0.9986967935243877,0.039009151598920856,0.016390697726677977,-0.034032983956152965,0.1543102512464754,0.1539294481842759,0.154689691995922,0.0007960116474436745,26.307578706734986,ATM
2026-09-30,0.0334294988280377,736.0,put,1.1964387622053385,1.2164387622053385,1.2064387622053385,1.21,0.0035612377946614426,0.016528925619834725,2619.0,16120.0,760.4447680083963,0.9986967935243877,0.039009151598920856,0.016390697726677977,-0.03267336444011348,0.1513482298422095,0.1509791406496738,0.15171606860105966,0.0007657456836024157,27.139911533015017,ATM
2026-09-30,0.0334294988280377,737.0,put,1.2761267975566928,1.2861267975566928,1.281126797556693,1.2850000000000001,0.0038732024433072443,0.007782101167315181,84.0,10140.0,760.4447680083963,0.9986967935243877,0.039009151598920856,0.016390697726677977,-0.03131559097965307,0.14953121420945095,0.14935438065401713,0.14970777386531553,0.0007474696878907081,28.29713998246688,ATM
2026-09-30,0.0334294988280377,738.0,put,1.3657611587241123,1.375761158724112,1.3707611587241122,1.375,0.004238841275887806,0.0072727272727271175,41.0,1335.0,760.4447680083963,0.9986967935243877,0.039009151598920856,0.016390697726677977,-0.02995965856851714,0.14803985812633566,0.14787066617964795,0.14820881353776172,0.0007326341968453249,29.572948817984802,ATM
2026-09-30,0.0334294988280377,739.0,put,1.4453964736838014,1.4553964736838014,1.4503964736838015,1.455,0.004603526316198536,0.006872852233676982,10.0,1923.0,760.4447680083963,0.9986967935243877,0.039009151598920856,0.016390697726677977,-0.028605562220787938,0.14601084736234538,0.14584816484092697,0.1461733220691603,0.0007126890865428917,30.754391094235203,ATM
2026-09-30,0.0334294988280377,740.0,put,1.5349846575260382,1.5449846575260382,1.539984657526038,1.545,0.005015342473961848,0.00647249190938512,160.0,24010.0,760.4447680083963,0.9986967935243877,0.039009151598920856,0.016390697726677977,-0.027253296970774235,0.14411562928247929,0.14395931567455714,0.14427176175826403,0.0006943077781963482,32.005556440597196,ATM
2026-09-30,0.0334294988280377,741.0,put,1.634521111975328,1.644521111975328,1.6395211119753281,1.645,0.005478888024671891,0.0060790273556231055,6.0,1286.0,760.4447680083963,0.9986967935243877,0.039009151598920856,0.016390697726677977,-0.025902857872902748,0.14232481945322042,0.1421746640867513,0.14247481804415515,0.000677159770072058,33.316266201937786,ATM
2026-09-30,0.0334294988280377,742.0,put,1.7240498641774917,1.7340498641774917,1.7290498641774916,1.7349999999999999,0.005950135822508251,0.005763688760806922,1645.0,1210.0,760.4447680083963,0.9986967935243877,0.039009151598920856,0.016390697726677977,-0.024554240001609263,0.14003499252040116,0.13989018874555822,0.14017965873788077,0.0006555457570407015,34.545922509604964,ATM
2026-09-30,0.0334294988280377,743.0,put,1.8434587126291069,1.863458712629107,1.8534587126291069,1.86,0.006541287370893212,0.01075268817204302,20.0,1964.0,760.4447680083963,0.9986967935243877,0.039009151598920856,0.016390697726677977,-0.023207438451230508,0.13853563004506633,0.1382574976351732,0.1388132945775601,0.00064158297952317,35.984459707856935,ATM
2026-09-30,0.0334294988280377,744.0,put,1.9628510602021856,1.9728510602021856,1.9678510602021857,1.975,0.007148939797814391,0.005063291139240511,151.0,1365.0,760.4447680083963,0.9986967935243877,0.039009151598920856,0.016390697726677977,-0.021862448335897768,0.13652117352064386,0.13638720025810444,0.13665504602282774,0.0006230600294358596,37.334940085879914,ATM
2026-09-30,0.0334294988280377,745.0,put,2.092156822025716,2.102156822025716,2.097156822025716,2.105,0.007843177974284021,0.004750593824227927,551.0,23097.0,760.4447680083963,0.9986967935243877,0.039009151598920856,0.016390697726677977,-0.020519264789430194,0.13467389998265256,0.13454480185766662,0.13480291224580224,0.0006063128038348307,38.74313132603435,ATM
2026-09-30,0.0334294988280377,746.0,put,2.2413611489341045,2.2513611489341043,2.2463611489341044,2.255,0.008638851065895459,0.0044345898004433644,48.0,1973.0,760.4447680083963,0.9986967935243877,0.039009151598920856,0.016390697726677977,-0.01917788296522882,0.13308305768392237,0.1329586902917847,0.1332073529385249,0.0005920732047999859,40.21514274156466,ATM
2026-09-30,0.0334294988280377,747.0,put,2.380520618696625,2.3905206186966246,2.3855206186966247,2.395,0.009479381303375334,0.004175365344467552,281.0,2365.0,760.4447680083963,0.9986967935243877,0.039009151598920856,0.016390697726677977,-0.017838298036172328,0.1309849558357306,0.13086473447657007,0.131105116024226,0.0005735518722095344,41.600544204857655,ATM
2026-09-30,0.0334294988280377,748.0,put,2.529568438755556,2.549568438755556,2.539568438755556,2.55,0.010431561244443888,0.007843137254901968,97.0,1340.0,760.4447680083963,0.9986967935243877,0.039009151598920856,0.016390697726677977,-0.016500505194512464,0.12899072787709384,0.1287581217282783,0.12922312894416407,0.0005562203225665543,43.01013060669597,ATM
2026-09-30,0.0334294988280377,749.0,put,2.7084725946097143,2.7284725946097144,2.7184725946097146,2.7300000000000004,0.01152740539028585,0.007326007326007331,416.0,850.0,760.4447680083963,0.9986967935243877,0.039009151598920856,0.016390697726677977,-0.015164499651770191,0.12729564141635383,0.1270706361150599,0.12752047805893138,0.0005416976271371291,44.46009820916761,ATM
2026-09-30,0.0334294988280377,750.0,put,2.8772876925648325,2.9072876925648323,2.8922876925648326,2.9050000000000002,0.012712307435167602,0.010327022375215078,2042.0,21788.0,760.4447680083963,0.9986967935243877,0.039009151598920856,0.016390697726677977,-0.013830276638633506,0.1251991445656024,0.12487171363701574,0.12552626331722622,0.0005240015707094117,45.833108509796254,ATM
2026-09-30,0.0334294988280377,751.0,put,3.0759350980563926,3.105935098056393,3.0909350980563928,3.105,0.014064901943607211,0.00966183574879235,182.0,1176.0,760.4447680083963,0.9986967935243877,0.039009151598920856,0.016390697726677977,-0.012497831404854961,0.12334974058114336,0.12303189810846134,0.12366733184845383,0.0005086351232921414,47.2119041342869,ATM
2026-09-30,0.0334294988280377,752.0,put,3.2943915346901074,3.3343915346901074,3.3143915346901074,3.33,0.015608465309892683,0.012012012012012022,92.0,4982.0,760.4447680083963,0.9986967935243877,0.039009151598920856,0.016390697726677977,-0.011167159219149844,0.12170487626006946,0.12129289320996064,0.1221165085479551,0.0004951603075525084,48.56644298296051,ATM
2026-09-30,0.0334294988280377,753.0,put,3.52268492941867,3.56268492941867,3.54268492941867,3.56,0.017315070581330083,0.011235955056179785,699.0,1182.0,760.4447680083963,0.9986967935243877,0.039009151598920856,0.016390697726677977,-0.009838255369096053,0.11982629174322378,0.11942482339773208,0.12022748919025315,0.0004799921166521929,49.83400525947395,ATM
2026-09-30,0.0334294988280377,754.0,put,3.800703670868136,3.840703670868136,3.820703670868136,3.84,0.019296329131863743,0.010416666666666676,1181.0,6388.0,760.4447680083963,0.9986967935243877,0.039009151598920856,0.016390697726677977,-0.00851111516103363,0.1185883983192086,0.11819665900576265,0.11897993849020659,0.00047012600257238996,51.067387645870404,ATM
2026-09-30,0.0334294988280377,755.0,put,4.068524699494484,4.108524699494484,4.088524699494483,4.109999999999999,0.02147530050551616,0.009732360097323612,777.0,14052.0,760.4447680083963,0.9986967935243877,0.039009151598920856,0.016390697726677977,-0.007185733919964962,0.11677855159790833,0.11639500831558927,0.11716195239875389,0.00045588576809042124,52.15507512680871,ATM
2026-09-30,0.0334294988280377,756.0,put,4.336095403032482,4.376095403032482,4.356095403032483,4.380000000000001,0.02390459696751801,0.009132420091324207,275.0,2119.0,760.4447680083963,0.9986967935243877,0.039009151598920856,0.016390697726677977,-0.00586210698945663,0.11459612512246249,0.11421950442760068,0.11497264908753525,0.00043900526785929325,53.11067038481731,ATM
2026-09-30,0.0334294988280377,757.0,put,4.68327954148804,4.71327954148804,4.69827954148804,4.725,0.026720458511960032,0.006349206349206402,290.0,7588.0,760.4447680083963,0.9986967935243877,0.039009151598920856,0.016390697726677977,-0.004540229731540926,0.11342257957002375,0.11314457110437041,0.11370055545052063,0.0004300598570100231,53.95836171865154,ATM
2026-09-30,0.0334294988280377,758.0,put,4.980147287726314,5.010147287726315,4.995147287726315,5.025,0.029852712273685356,0.005970149253731393,175.0,1253.0,760.4447680083963,0.9986967935243877,0.039009151598920856,0.016390697726677977,-0.0032200975266180073,0.11099804117632761,0.1107233676439394,0.11127269766784624,0.0004118703180749286,54.61198377727207,ATM
2026-09-30,0.0334294988280377,759.0,put,5.336562211464153,5.366562211464153,5.351562211464152,5.385,0.033437788535847446,0.00557103064066857,931.0,1280.0,760.4447680083963,0.9986967935243877,0.039009151598920856,0.016390697726677977,-0.0019017057733597008,0.10924076463895946,0.10896848013321762,0.1095130430600285,0.0003989324171891848,55.09005364824682,ATM
2026-09-30,0.0334294988280377,760.0,put,5.75252447446599,5.77252447446599,5.76252447446599,5.8,0.03747552553400979,0.003448275862068892,868.0,11031.0,760.4447680083963,0.9986967935243877,0.039009151598920856,0.016390697726677977,-0.0005850498886129379,0.10801989452005749,0.10783923422380955,0.1082005545806321,0.0003900653413497059,55.35254144310126,ATM
2026-09-30,0.0334294988280377,761.0,call,5.68,5.7,5.6899999999999995,5.6899999999999995,0.0,0.0035149384885765312,698.0,5820.0,760.4447680083963,0.9986967935243877,0.039009151598920856,0.016390697726677977,0.0007298746926961731,0.10760885501994345,0.10742826843236711,0.10778944121979393,0.00038710242023527736,55.37515763846731,ATM
2026-09-30,0.0334294988280377,762.0,call,5.13,5.17,5.15,5.15,0.0,0.0077669902912621425,339.0,2283.0,760.4447680083963,0.9986967935243877,0.039009151598920856,0.016390697726677977,0.0020430725176565374,0.10629221016348213,0.1059295176876962,0.1066548890788498,0.0003776876124044269,55.1441690248364,ATM
2026-09-30,0.0334294988280377,763.0,call,4.6,4.64,4.619999999999999,4.619999999999999,0.0,0.008658008658008667,49.0,1267.0,760.4447680083963,0.9986967935243877,0.039009151598920856,0.016390697726677977,0.003354548115467417,0.10465229068819171,0.10428623884111263,0.10501830330323937,0.0003661232791779098,54.640007472065165,ATM
2026-09-30,0.0334294988280377,764.0,call,4.08,4.12,4.1,4.1,0.0,0.009756097560975618,339.0,1351.0,760.4447680083963,0.9986967935243877,0.039009151598920856,0.016390697726677977,0.00466430599753083,0.10266139570892535,0.10228984575789501,0.10303286276153913,0.0003523255952736598,53.83459146548138,ATM
2026-09-30,0.0334294988280377,765.0,call,3.65,3.69,3.67,3.67,0.0,0.010899182561307912,487.0,4648.0,760.4447680083963,0.9986967935243877,0.039009151598920856,0.016390697726677977,0.005972350657546103,0.10179738472387194,0.1014183163575378,0.10217630792562522,0.0003464201194507356,52.771075817382396,ATM
2026-09-30,0.0334294988280377,766.0,call,3.18,3.22,3.2,3.2,0.0,0.012500000000000011,108.0,1821.0,760.4447680083963,0.9986967935243877,0.039009151598920856,0.016390697726677977,0.0072786865716017125,0.09959981988476463,0.0992100412205159,0.09998935513399879,0.0003316247776795507,51.32726802853433,ATM
2026-09-30,0.0334294988280377,767.0,call,2.79,2.82,2.8049999999999997,2.8049999999999997,0.0,0.010695187165775333,131.0,1651.0,760.4447680083963,0.9986967935243877,0.039009151598920856,0.016390697726677977,0.008583318198266526,0.0982499171506932,0.09794757586477465,0.09855204624640633,0.0003226964973024311,49.630285042017,ATM
2026-09-30,0.0334294988280377,768.0,call,2.42,2.46,2.44,2.44,0.0,0.016393442622950834,15.0,1580.0,760.4447680083963,0.9986967935243877,0.039009151598920856,0.016390697726677977,0.009886249978682433,0.09689081232841137,0.09647071910691092,0.09731033919108961,0.00031383043572469577,47.64076272918223,ATM
2026-09-30,0.0334294988280377,769.0,call,2.12,2.16,2.14,2.14,0.0,0.018691588785046745,112.0,2502.0,760.4447680083963,0.9986967935243877,0.039009151598920856,0.016390697726677977,0.011187486336654388,0.0962923880757441,0.09585261937700089,0.09673134742431418,0.0003099658013857544,45.52058342943468,ATM
2026-09-30,0.0334294988280377,770.0,call,1.81,1.83,1.82,1.82,0.0,0.010989010989010999,498.0,6999.0,760.4447680083963,0.9986967935243877,0.039009151598920856,0.016390697726677977,0.012487031678739874,0.09461486073394691,0.09438191774271851,0.09484750532817829,0.000299259933193761,42.95656308351556,ATM
2026-09-30,0.0334294988280377,771.0,call,1.56,1.58,1.57,1.57,0.0,0.012738853503184724,85.0,2065.0,760.4447680083963,0.9986967935243877,0.039009151598920856,0.016390697726677977,0.013784890394339758,0.09389913269714749,0.09365144182724175,0.09414640310277127,0.0002947494664074664,40.40733087123285,ATM
2026-09-30,0.0334294988280377,772.0,call,1.33,1.34,1.335,1.335,0.0,0.007490636704119857,215.0,2226.0,760.4447680083963,0.9986967935243877,0.039009151598920856,0.016390697726677977,0.015081066855786586,0.09291118476543032,0.09277825565385213,0.09304396416977537,0.00028857975598738957,37.635272078046285,ATM
2026-09-30,0.0334294988280377,773.0,call,1.14,1.16,1.15,1.15,0.0,0.017391304347826105,272.0,2652.0,760.4447680083963,0.9986967935243877,0.039009151598920856,0.016390697726677977,0.016375565418432304,0.09262258487286092,0.09233639569066215,0.09290794965186507,0.0002867897726039564,34.992574373295945,ATM
2026-09-30,0.0334294988280377,774.0,call,0.95,0.96,0.955,0.955,0.0,0.010471204188481685,220.0,1676.0,760.4447680083963,0.9986967935243877,0.039009151598920856,0.016390697726677977,0.017668390420737385,0.09138742491918943,0.09123079049962944,0.09154375975164755,0.000279191856098692,31.952112053908202,ATM
2026-09-30,0.0334294988280377,775.0,call,0.79,0.81,0.8,0.8,0.0,0.025000000000000022,445.0,17583.0,760.4447680083963,0.9986967935243877,0.039009151598920856,0.016390697726677977,0.018959546184357412,0.09068921870091994,0.0903445462697287,0.09103218697379195,0.00027494206270430076,29.08546801771883,ATM
2026-09-30,0.0334294988280377,776.0,call,0.65,0.67,0.66,0.66,0.0,0.030303030303030328,83.0,1058.0,760.4447680083963,0.9986967935243877,0.039009151598920856,0.016390697726677977,0.020249037014229095,0.08980931337664838,0.08942581218160453,0.090190340363054,0.00026963273556475983,26.160650833527203,ATM
2026-09-30,0.0334294988280377,777.0,call,0.56,0.57,0.565,0.565,0.0,0.017699115044247607,53.0,3741.0,760.4447680083963,0.9986967935243877,0.039009151598920856,0.016390697726677977,0.021536867198657713,0.09002397618135026,0.08981336951219782,0.09023374269879472,0.0002709232318350388,23.78862458939118,ATM
2026-09-30,0.0334294988280377,778.0,call,0.46,0.47,0.46499999999999997,0.46499999999999997,0.0,0.021505376344085923,855.0,2861.0,760.4447680083963,0.9986967935243877,0.039009151598920856,0.016390697726677977,0.02282304100940202,0.08943815743544554,0.08920120503433954,0.0896738932895373,0.0002674087123353666,21.15592300479114,ATM
2026-09-30,0.0334294988280377,779.0,call,0.37,0.39,0.38,0.38,0.0,0.05263157894736847,2511.0,5224.0,760.4447680083963,0.9986967935243877,0.039009151598920856,0.016390697726677977,0.02410756270175861,0.08887626293454336,0.08833657299993578,0.08940883455785503,0.00026405928073223794,18.6540085470185,ATM
2026-09-30,0.0334294988280377,780.0,call,0.31,0.32,0.315,0.315,0.0,0.03174603174603177,730.0,18881.0,760.4447680083963,0.9986967935243877,0.039009151598920856,0.016390697726677977,0.025390436514647695,0.08874505798709069,0.08844059424202283,0.08904698531210971,0.00026328021307906087,16.491628402013482,ATM
2026-09-30,0.0334294988280377,781.0,call,0.26,0.27,0.265,0.265,0.0,0.03773584905660381,322.0,2269.0,760.4447680083963,0.9986967935243877,0.039009151598920856,0.016390697726677977,0.026671666670696384,0.08897892174689209,0.08863566274959148,0.08931865796651162,0.0002646696499614837,14.642200143215035,ATM
2026-09-30,0.0334294988280377,782.0,call,0.22,0.23,0.225,0.225,0.0,0.04444444444444448,206.0,1845.0,760.4447680083963,0.9986967935243877,0.039009151598920856,0.016390697726677977,0.027951257376321426,0.08942667504024232,0.08904050593140843,0.08980803131054366,0.0002673400549411766,13.029918847273581,ATM
2026-09-30,0.0334294988280377,783.0,call,0.19,0.2,0.195,0.195,0.0,0.05128205128205133,88.0,1214.0,760.4447680083963,0.9986967935243877,0.039009151598920856,0.016390697726677977,0.029229212821813375,0.0902469541065883,0.08981661725500488,0.0906709463564689,0.00027226697861259717,11.7063634132713,ATM
2026-09-30,0.0334294988280377,784.0,call,0.16,0.17,0.165,0.165,0.0,0.060606060606060656,433.0,1657.0,760.4447680083963,0.9986967935243877,0.039009151598920856,0.016390697726677977,0.03050553718141827,0.09068475054904844,0.09019734083540355,0.09116345005684692,0.0002749149712231597,10.352415591206997,ATM
2026-09-30,0.0334294988280377,785.0,call,0.13,0.14,0.135,0.135,0.0,0.07407407407407414,335.0,5402.0,760.4447680083963,0.9986967935243877,0.039009151598920856,0.016390697726677977,0.03178023461341878,0.09064025045113284,0.09007512168275425,0.09119271023931605,0.00027464522925570905,8.949995520104922,ATM
2026-09-30,0.0334294988280377,786.0,call,0.12,0.13,0.125,0.125,0.0,0.08000000000000007,11.0,21442.0,760.4447680083963,0.9986967935243877,0.039009151598920856,0.016390697726677977,0.03305330926021682,0.09247835942293799,0.09187077137682266,0.09307106373725291,0.0002858973297784956,8.333682400914691,ATM
2026-09-30,0.0334294988280377,787.0,call,0.1,0.11,0.10500000000000001,0.10500000000000001,0.0,0.09523809523809518,510.0,2837.0,760.4447680083963,0.9986967935243877,0.039009151598920856,0.016390697726677977,0.03432476524841365,0.09285104914544316,0.09215532111581994,0.09352609394131867,0.0002882063174927771,7.298182545083762,ATM
2026-09-30,0.0334294988280377,788.0,call,0.08,0.09,0.08499999999999999,0.08499999999999999,0.0,0.11764705882352937,142.0,1415.0,760.4447680083963,0.9986967935243877,0.039009151598920856,0.016390697726677977,0.035594606688889474,0.09274341703948798,0.09192479272961805,0.0935313817451838,0.0002875385323899319,6.228419950880638,ATM
2026-09-30,0.0334294988280377,789.0,call,0.08,0.09,0.08499999999999999,0.08499999999999999,0.0,0.11764705882352937,6.0,3823.0,760.4447680083963,0.9986967935243877,0.039009151598920856,0.016390697726677977,0.03686283767688452,0.09554725018811354,0.09470993397696359,0.09635310874294625,0.0003051871553911103,6.089757184894309,ATM
2026-09-30,0.0334294988280377,790.0,call,0.06,0.07,0.065,0.065,0.0,0.15384615384615397,906.0,12617.0,760.4447680083963,0.9986967935243877,0.039009151598920856,0.016390697726677977,0.0381294622920776,0.09468013635483509,0.09365156898881087,0.0956571722015933,0.0002996729997303239,4.99178053558587,ATM
2026-09-30,0.0334294988280377,791.0,call,0.06,0.07,0.065,0.065,0.0,0.15384615384615397,24.0,1467.0,760.4447680083963,0.9986967935243877,0.039009151598920856,0.016390697726677977,0.03939448459866422,0.09737622400751537,0.09632512771698398,0.09837452446156318,0.00031698282035838473,4.885128909853445,ATM
2026-09-30,0.0334294988280377,792.0,call,0.06,0.07,0.065,0.065,0.0,0.15384615384615397,4.0,1690.0,760.4447680083963,0.9986967935243877,0.039009151598920856,0.016390697726677977,0.040657908645436135,0.10005938422125613,0.09898597684894164,0.10107874222104313,0.0003346921431200049,4.783910429371,ATM
2026-09-30,0.0334294988280377,793.0,call,0.05,0.06,0.055,0.055,0.0,0.18181818181818174,378.0,1863.0,760.4447680083963,0.9986967935243877,0.039009151598920856,0.016390697726677977,0.041919738465858405,0.10047536600049567,0.09924206069050213,0.10163451111586548,0.0003374807918702725,4.186718883851245,ATM
2026-10-09,0.0580870330746131,530.0,put,0.04992441837303334,0.059924418373033334,0.054924418373033336,0.055,7.558162696666426e-05,0.18181818181818174,10.0,116.0,761.5625214370828,0.9977366393929679,0.03900915159891983,0.0007060698473052712,-0.3624952654221735,0.5307138156018998,0.5259875232316357,0.5351244997424879,0.016360628424207734,1.0965231688007195,deep put wing
2026-10-09,0.0580870330746131,535.0,put,0.04992247086531019,0.05992247086531018,0.054922470865310186,0.055,7.752913468981465e-05,0.18181818181818174,20.0,121.0,761.5625214370828,0.9977366393929679,0.03900915159891983,0.0007060698473052712,-0.3531055250723345,0.5180147585240837,0.5133869366900058,0.5223337965341471,0.015587033216280797,1.1198215905231041,deep put wing
2026-10-09,0.0580870330746131,540.0,put,0.059907136686311646,0.06990713668631166,0.06490713668631165,0.065,9.286331368835166e-05,0.15384615384615397,1.0,12.0,761.5625214370828,0.9977366393929679,0.03900915159891983,0.0007060698473052712,-0.34380313241002103,0.5136051794727791,0.5096346680905356,0.5173522014328977,0.015322794741268035,1.2974831745748645,deep put wing
2026-10-09,0.0580870330746131,545.0,put,0.059904666311114615,0.06990466631111462,0.06490466631111462,0.065,9.53336888853823e-05,0.15384615384615397,100.0,101.0,761.5625214370828,0.9977366393929679,0.03900915159891983,0.0007060698473052712,-0.33458647730509705,0.5009320571030721,0.49704631922874537,0.5045992740087202,0.014575949162400847,1.3257532469002393,deep put wing
2026-10-09,0.0580870330746131,550.0,put,0.06988824284826957,0.07988824284826956,0.07488824284826957,0.07500000000000001,0.00011175715173043776,0.13333333333333325,1.0,33.0,761.5625214370828,0.9977366393929679,0.03900915159891983,0.0007060698473052712,-0.32545399374182454,0.49533653400382555,0.49193508697320365,0.4985728158446387,0.014252134636954726,1.5080353438243284,deep put wing
2026-10-09,0.0580870330746131,555.0,put,0.06988515371123478,0.07988515371123478,0.07488515371123479,0.07500000000000001,0.00011484628876522185,0.13333333333333325,1.0,322.0,761.5625214370828,0.9977366393929679,0.03900915159891983,0.0007060698473052712,-0.3164041582219065,0.4827032612542528,0.479376424154119,0.48586871762426515,0.013534420347287022,1.5418152666331042,deep put wing
2026-10-09,0.0580870330746131,560.0,put,0.07986748323307578,0.08986748323307578,0.08486748323307577,0.08499999999999999,0.00013251676692421777,0.11764705882352937,54.0,506.0,761.5625214370828,0.9977366393929679,0.03900915159891983,0.0007060698473052712,-0.3074354882391461,0.4762051339456097,0.4732501209826279,0.4790341908228238,0.013172473722625906,1.7302090024627954,deep put wing
2026-10-09,0.0580870330746131,565.0,put,0.08984898341051514,0.09984898341051515,0.09484898341051515,0.095,0.00015101658948485364,0.10526315789473693,10.0,54.0,761.5625214370828,0.9977366393929679,0.03900915159891983,0.0007060698473052712,-0.29854654082190013,0.46903211404597034,0.4663775339600584,0.47158589532829476,0.012778631696282933,1.92115537386129,deep put wing
2026-10-09,0.0580870330746131,570.0,put,0.08984449054619166,0.09984449054619167,0.09484449054619166,0.095,0.00015550945380833625,0.10526315789473693,5.0,131.0,761.5625214370828,0.9977366393929679,0.03900915159891983,0.0007060698473052712,-0.28973591113974523,0.45641248483880076,0.45381870086841847,0.4589078955252751,0.012100246731220399,1.9661386761969877,deep put wing
2026-10-09,0.0580870330746131,575.0,put,0.0998242554046602,0.10982425540466019,0.1048242554046602,0.10500000000000001,0.00017574459533981068,0.09523809523809518,2.0,17.0,761.5625214370828,0.9977366393929679,0.03900915159891983,0.0007060698473052712,-0.28100223117099066,0.4486605096033649,0.44631050078295736,0.45093024763514444,0.011692702098693991,2.165686203678509,deep put wing
2026-10-09,0.0580870330746131,580.0,put,0.10980299303756659,0.11980299303756659,0.11480299303756658,0.11499999999999999,0.00019700696243341032,0.0869565217391304,26.0,252.0,761.5625214370828,0.9977366393929679,0.03900915159891983,0.0007060698473052712,-0.27234416842787595,0.4404538156701257,0.43830955622950946,0.44253151334935664,0.011268859075331388,2.3695340365692816,deep put wing
2026-10-09,0.0580870330746131,585.0,put,0.11978050036725074,0.12978050036725075,0.12478050036725075,0.125,0.00021949963274925377,0.08000000000000007,2.0,4.0,761.5625214370828,0.9977366393929679,0.03900915159891983,0.0007060698473052712,-0.26376042473648453,0.43186099211140616,0.4298931612382342,0.43377289122528906,0.010833459166713013,2.5783804168187374,deep put wing
2026-10-09,0.0580870330746131,590.0,put,0.12975674567754833,0.13975674567754834,0.13475674567754833,0.135,0.00024325432245167478,0.07407407407407414,100.0,157.0,761.5625214370828,0.9977366393929679,0.03900915159891983,0.0007060698473052712,-0.2552497350685759,0.4229358862322837,0.421121360029126,0.4247028878959539,0.010390304324728754,2.792917062311354,deep put wing
2026-10-09,0.0580870330746131,595.0,put,0.1397315769955772,0.14973157699557718,0.1447315769955772,0.14500000000000002,0.0002684230044228131,0.06896551724137917,1.0,13.0,761.5625214370828,0.9977366393929679,0.03900915159891983,0.0007060698473052712,-0.2468108664227113,0.4137214295827611,0.4120416210738006,0.41536047558110006,0.009942491488051042,3.0138424477364456,deep put wing
2026-10-09,0.0580870330746131,600.0,put,0.14970478614518554,0.15970478614518555,0.15470478614518554,0.155,0.00029521385481445783,0.06451612903225812,32.0,189.0,761.5625214370828,0.9977366393929679,0.03900915159891983,0.0007060698473052712,-0.23844261675219472,0.40425236024727695,0.4026920863046655,0.4057773896807042,0.009492581246907567,3.2418777395140452,deep put wing
2026-10-09,0.0580870330746131,605.0,put,0.15967638135924705,0.16967638135924706,0.16467638135924706,0.165,0.00032361864075294844,0.060606060606060656,214.0,285.0,761.5625214370828,0.9977366393929679,0.03900915159891983,0.0007060698473052712,-0.23014381393749966,0.3945571866044831,0.3931038732184733,0.39597981539854216,0.009042720569469559,3.4777844791175223,deep put wing
2026-10-09,0.0580870330746131,610.0,put,0.16964617764546763,0.17964617764546761,0.1746461776454676,0.175,0.0003538223545323793,0.05714285714285704,2.0,261.0,761.5625214370828,0.9977366393929679,0.03900915159891983,0.0007060698473052712,-0.22191331480098406,0.3846594048433734,0.3833025118349451,0.3859894232903339,0.00859472341103575,3.722371841747774,deep put wing
2026-10-09,0.0580870330746131,615.0,put,0.1796139626859812,0.1896139626859812,0.1846139626859812,0.185,0.00038603731401878894,0.054054054054054106,190.0,218.0,761.5625214370828,0.9977366393929679,0.03900915159891983,0.0007060698473052712,-0.21375000416182316,0.37457854881188546,0.37330914770045637,0.375824290099499,0.008150138706772898,3.9765128138695207,deep put wing
2026-10-09,0.0580870330746131,620.0,put,0.19955993437752673,0.2095599343775267,0.20455993437752673,0.20500000000000002,0.0004400656224732846,0.04878048780487795,25.0,233.0,761.5625214370828,0.9977366393929679,0.03900915159891983,0.0007060698473052712,-0.2056527939292038,0.36664369985710665,0.36549501467715295,0.36777322357535674,0.007808500600975724,4.3899419131280615,deep put wing
2026-10-09,0.0580870330746131,625.0,put,0.20952197820071658,0.2195219782007166,0.21452197820071658,0.215,0.0004780217992834124,0.046511627906976785,1.0,829.0,761.5625214370828,0.9977366393929679,0.03900915159891983,0.0007060698473052712,-0.19762062223193957,0.3561033572281402,0.3550234036276231,0.3571662256459544,0.007365993489158868,4.667250762248458,deep put wing
2026-10-09,0.0580870330746131,630.0,put,0.22946046465624015,0.23946046465624013,0.23446046465624013,0.235,0.0005395353437598616,0.042553191489361625,1.0,649.0,761.5625214370828,0.9977366393929679,0.03900915159891983,0.0007060698473052712,-0.18965245258276273,0.34741511519018264,0.34642871480862175,0.3483873577847462,0.007010945865063355,5.106035493178111,deep put wing
2026-10-09,0.0580870330746131,635.0,put,0.2493942078852981,0.2593942078852981,0.2543942078852981,0.255,0.0006057921147019085,0.03921568627450984,2.0,229.0,761.5625214370828,0.9977366393929679,0.03900915159891983,0.0007060698473052712,-0.18174727307564933,0.3383259845726318,0.33742063914057874,0.3392194553577845,0.006648901561466302,5.559632244075184,deep put wing
2026-10-09,0.0580870330746131,640.0,put,0.2693221766721227,0.2793221766721227,0.2743221766721227,0.275,0.0006778233278773027,0.03636363636363639,4.0,305.0,761.5625214370828,0.9977366393929679,0.03900915159891983,0.0007060698473052712,-0.17390409561462347,0.3288827168110411,0.32804848055036245,0.32970689296256855,0.00628291663386715,6.03025133875248,deep put wing
2026-10-09,0.0580870330746131,645.0,put,0.2892441986088633,0.2992441986088633,0.2942441986088633,0.295,0.000755801391136679,0.0338983050847458,32.0,283.0,761.5625214370828,0.9977366393929679,0.03900915159891983,0.0007060698473052712,-0.16612195517256853,0.31912251795100854,0.3183513391952344,0.31988510214941324,0.005915535901955563,6.520273144758943,deep put wing
2026-10-09,0.0580870330746131,650.0,put,0.3091589604779397,0.31915896047793973,0.31415896047793973,0.315,0.0008410395220602718,0.03174603174603177,95.0,635.0,761.5625214370828,0.9977366393929679,0.03900915159891983,0.0007060698473052712,-0.15839990907865825,0.30907496150720437,0.3083602234368227,0.3097823052851602,0.005548899283578242,7.032281768596833,deep put wing
2026-10-09,0.0580870330746131,655.0,put,0.3290658115843247,0.3390658115843247,0.3340658115843247,0.335,0.00093418841567533,0.02985074626865674,11.0,193.0,761.5625214370828,0.9977366393929679,0.03900915159891983,0.0007060698473052712,-0.15073703633308916,0.29876386386899983,0.2981000612155675,0.29942126723718887,0.005184839647395863,7.569160121011884,deep put wing
2026-10-09,0.0580870330746131,660.0,put,0.35893805364644055,0.36893805364644056,0.36393805364644055,0.365,0.0010619463535594398,0.02739726027397263,10.0,410.0,761.5625214370828,0.9977366393929679,0.03900915159891983,0.0007060698473052712,-0.14313243694786987,0.28942357107780314,0.2888170431396301,0.29002479545220655,0.004865718615567092,8.28013216620285,put wing
2026-10-09,0.0580870330746131,665.0,put,0.388797612890238,0.398797612890238,0.393797612890238,0.395,0.0012023871097620042,0.025316455696202552,9.0,600.0,761.5625214370828,0.9977366393929679,0.03900915159891983,0.0007060698473052712,-0.13558523131248687,0.27967014506329474,0.2791137662614895,0.28022208210955735,0.00454329994818123,9.022963637458414,put wing
2026-10-09,0.0580870330746131,670.0,put,0.438586447764275,0.44858644776427503,0.443586447764275,0.445,0.0014135522357249797,0.02247191011235957,12.0,2916.0,761.5625214370828,0.9977366393929679,0.03900915159891983,0.0007060698473052712,-0.12809455958332927,0.27154734305358197,0.2710499236820831,0.27204129712595976,0.004283219293461339,10.087244926657899,put wing
2026-10-09,0.0580870330746131,675.0,put,0.4783805520844098,0.48838055208440984,0.48338055208440983,0.485,0.0016194479155901553,0.020618556701030948,8.0,1337.0,761.5625214370828,0.9977366393929679,0.03900915159891983,0.0007060698473052712,-0.12065958109581122,0.2618282220486793,0.26137428705118637,0.2622792986196938,0.003982099502899544,11.049789821030684,put wing
2026-10-09,0.0580870330746131,680.0,put,0.5181495911198476,0.5281495911198476,0.5231495911198476,0.525,0.001850408880152421,0.019047619047619063,31.0,1075.0,761.5625214370828,0.9977366393929679,0.03900915159891983,0.0007060698473052712,-0.11327947379818869,0.25165665543950017,0.2512409256793172,0.25207000388738277,0.0036787140871001878,12.061778044859796,put wing
2026-10-09,0.0580870330746131,685.0,put,0.5678413038581027,0.5878413038581027,0.5778413038581027,0.58,0.0021586961418972317,0.03448275862068969,27.0,260.0,761.5625214370828,0.9977366393929679,0.03900915159891983,0.0007060698473052712,-0.10595343370611579,0.24219773435880348,0.24144406899637855,0.24294375300804133,0.0034073704044034485,13.336815620290048,put wing
2026-10-09,0.0580870330746131,690.0,put,0.637457852974564,0.647457852974564,0.642457852974564,0.645,0.0025421470254359813,0.015503875968992262,22.0,2811.0,761.5625214370828,0.9977366393929679,0.03900915159891983,0.0007060698473052712,-0.09868067437703604,0.23282951536905264,0.23249113787765346,0.23316637922949865,0.0031488738538670387,14.80966692450207,put wing
2026-10-09,0.0580870330746131,695.0,put,0.7169654412776247,0.7269654412776247,0.7219654412776247,0.725,0.0030345587223752357,0.013793103448275874,104.0,2443.0,761.5625214370828,0.9977366393929679,0.03900915159891983,0.0007060698473052712,-0.09146042640354887,0.22370969970861515,0.22340700303653852,0.2240112226885046,0.0029070253849764627,16.550399377842457,put wing
2026-10-09,0.0580870330746131,700.0,put,0.8063569176581558,0.8163569176581557,0.8113569176581557,0.815,0.003643082341844295,0.012269938650306624,1068.0,2534.0,761.5625214370828,0.9977366393929679,0.03900915159891983,0.0007060698473052712,-0.08429193692493636,0.21435301516952437,0.21408227152754017,0.2146228517082733,0.002668937403912578,18.498752015192338,put wing
2026-10-09,0.0580870330746131,705.0,put,0.9155522124758023,0.9355522124758022,0.9255522124758022,0.9299999999999999,0.004447787524197722,0.021505376344085923,60.0,2353.0,761.5625214370828,0.9977366393929679,0.03900915159891983,0.0007060698473052712,-0.0771744691560724,0.20538780611143237,0.2049066754511756,0.20586621342226039,0.0024503521685102117,20.84372693278697,put wing
2026-10-09,0.0580870330746131,710.0,put,1.0644836782150644,1.0744836782150644,1.0694836782150645,1.0750000000000002,0.005516321784935663,0.009302325581395356,277.0,3202.0,761.5625214370828,0.9977366393929679,0.03900915159891983,0.0007060698473052712,-0.07010730193297997,0.19670754635719764,0.19649570555027424,0.19691888957359466,0.002247611455543881,23.630455157758636,put wing
2026-10-09,0.0580870330746131,715.0,put,1.243054500006371,1.253054500006371,1.248054500006371,1.255,0.006945499993628923,0.00796812749003985,55.0,1913.0,761.5625214370828,0.9977366393929679,0.03900915159891983,0.0007060698473052712,-0.06308972927433344,0.18816400578495604,0.1879778881861826,0.1883497678680328,0.002056611664563331,26.8904759364879,put wing
2026-10-09,0.0580870330746131,720.0,put,1.4611082983444175,1.4811082983444175,1.4711082983444175,1.48,0.008891701655582507,0.013513513513513526,51.0,1652.0,761.5625214370828,0.9977366393929679,0.03900915159891983,0.0007060698473052712,-0.05612105995824,0.17974848759755876,0.1794221291462725,0.18007385492545752,0.0018767640867892422,30.68793267352983,put wing
2026-10-09,0.0580870330746131,721.0,put,1.5305769646808616,1.5405769646808616,1.5355769646808615,1.545,0.009423035319138462,0.00647249190938512,90.0,930.0,761.5625214370828,0.9977366393929679,0.03900915159891983,0.0007060698473052712,-0.05473313468339192,0.1785056650461062,0.1783475210724978,0.17866358264637466,0.0018509010479079969,31.639446264956494,put wing
2026-10-09,0.0580870330746131,722.0,put,1.580095860254512,1.590095860254512,1.5850958602545122,1.5950000000000002,0.009904139745487983,0.006269592476489033,1.0,915.0,761.5625214370828,0.9977366393929679,0.03900915159891983,0.0007060698473052712,-0.05334713307551477,0.1767101087782973,0.1765559455708752,0.17686406131623397,0.0018138525626219175,32.455375445463915,put wing
2026-10-09,0.0580870330746131,723.0,put,1.6295700729731297,1.6495700729731297,1.6395700729731297,1.65,0.010429927026870178,0.012121212121212133,2.0,401.0,761.5625214370828,0.9977366393929679,0.03900915159891983,0.0007060698473052712,-0.05196304980957632,0.1749982859585637,0.17469775926051923,0.17529803153213883,0.0017788805408271216,33.31836360762108,put wing
2026-10-09,0.0580870330746131,724.0,put,1.6989476367837741,1.7189476367837742,1.7089476367837741,1.72,0.011052363216225825,0.011627906976744196,19.0,408.0,761.5625214370828,0.9977366393929679,0.03900915159891983,0.0007060698473052712,-0.050580879582624645,0.17365057067736994,0.17335875171019802,0.17394167531254456,0.00175158664105113,34.30995263819403,put wing
2026-10-09,0.0580870330746131,725.0,put,1.7583741885551984,1.7683741885551985,1.7633741885551983,1.775,0.01162581144480157,0.005633802816901414,104.0,1512.0,761.5625214370828,0.9977366393929679,0.03900915159891983,0.0007060698473052712,-0.04920061711366624,0.17178620122282037,0.17164397576140422,0.17192826064401254,0.001714177327428199,35.17601530244699,ATM
2026-10-09,0.0580870330746131,726.0,put,1.8276999356428558,1.8376999356428558,1.832699935642856,1.8450000000000002,0.012300064357144258,0.00542005420054201,8.0,753.0,761.5625214370828,0.9977366393929679,0.03900915159891983,0.0007060698473052712,-0.04782225714354493,0.17026711496305513,0.1701287858139187,0.17040529170577307,0.0016839948117254263,36.165625477890025,ATM
2026-10-09,0.0580870330746131,727.0,put,1.8969970379141647,1.9069970379141647,1.9019970379141649,1.915,0.013002962085835179,0.005221932114882511,36.0,631.0,761.5625214370828,0.9977366393929679,0.03900915159891983,0.0007060698473052712,-0.046445794434821656,0.16866034536456695,0.16852569941782625,0.1687948511680883,0.001652361871716046,37.15379060730494,ATM
2026-10-09,0.0580870330746131,728.0,put,1.9562854356705106,1.9762854356705106,1.9662854356705106,1.98,0.013714564329489365,0.01010101010101011,89.0,593.0,761.5625214370828,0.9977366393929679,0.03900915159891983,0.0007060698473052712,-0.04507122377165506,0.1668377982934142,0.16657509879233412,0.16709997928216458,0.0016168439071435024,38.104020825534384,ATM
2026-10-09,0.0580870330746131,729.0,put,2.025515028157051,2.045515028157051,2.0355150281570507,2.05,0.014484971842949168,0.009756097560975618,11.0,861.0,761.5625214370828,0.9977366393929679,0.03900915159891983,0.0007060698473052712,-0.04369853995968288,0.16506597208389945,0.16480993307684985,0.1653215329651549,0.0015826843287338813,39.0931521425183,ATM
2026-10-09,0.0580870330746131,730.0,put,2.1146043731969963,2.1346043731969964,2.124604373196996,2.1399999999999997,0.015395626803003548,0.009345794392523374,490.0,1552.0,761.5625214370828,0.9977366393929679,0.03900915159891983,0.0007060698473052712,-0.042327737825904224,0.16370823227130196,0.16345940654367264,0.16395662364251853,0.0015567548681115245,40.223972467831885,ATM
2026-10-09,0.0580870330746131,731.0,put,2.193704294557601,2.213704294557601,2.2037042945576006,2.2199999999999998,0.01629570544239911,0.009009009009009018,10.0,490.0,761.5625214370828,0.9977366393929679,0.03900915159891983,0.0007060698473052712,-0.04095881221856254,0.16200434026211416,0.16176189209610708,0.16224638994455517,0.0015245177816998513,41.27994110027902,ATM
2026-10-09,0.0580870330746131,732.0,put,2.292676627412383,2.302676627412383,2.297676627412383,2.315,0.01732337258761696,0.004319654427645697,56.0,418.0,761.5625214370828,0.9977366393929679,0.03900915159891983,0.0007060698473052712,-0.039591758007029486,0.16056261817085524,0.160444737547349,0.16068040830584474,0.0014975042960290647,42.43209827428705,ATM
2026-10-09,0.0580870330746131,733.0,put,2.3617050254724914,2.3817050254724914,2.371705025472491,2.3899999999999997,0.0182949745275085,0.008368200836820092,39.0,325.0,761.5625214370828,0.9977366393929679,0.03900915159891983,0.0007060698473052712,-0.03822657008168956,0.158557867014587,0.15832755846179927,0.15878784143321475,0.0014603427006197442,43.45160776814269,ATM
2026-10-09,0.0580870330746131,734.0,put,2.4804421277021067,2.5004421277021067,2.4904421277021065,2.51,0.019557872297893297,0.00796812749003985,21.0,239.0,761.5625214370828,0.9977366393929679,0.03900915159891983,0.0007060698473052712,-0.03686324335382547,0.1574756909777172,0.15725204936575113,0.1576990334823529,0.0014404767062532818,44.74438845058844,ATM
2026-10-09,0.0580870330746131,735.0,put,2.589168333411761,2.609168333411761,2.599168333411761,2.62,0.020831666588239095,0.007633587786259549,3693.0,11109.0,761.5625214370828,0.9977366393929679,0.03900915159891983,0.0007060698473052712,-0.03550177275550438,0.15604655395398004,0.1558288438170972,0.15626399387840698,0.001414449867286258,45.96121978624548,ATM
2026-10-09,0.0580870330746131,736.0,put,2.697819831741273,2.717819831741273,2.7078198317412734,2.7300000000000004,0.02218016825872704,0.007326007326007331,18.0,610.0,761.5625214370828,0.9977366393929679,0.03900915159891983,0.0007060698473052712,-0.034142153239464824,0.15450249211374192,0.1542903530722221,0.1547143866665491,0.0013865967322934864,47.16613250854972,ATM
2026-10-09,0.0580870330746131,737.0,put,2.8063987158093973,2.8263987158093973,2.816398715809397,2.84,0.02360128419060281,0.007042253521126767,16.0,498.0,761.5625214370828,0.9977366393929679,0.03900915159891983,0.0007060698473052712,-0.03278437977900446,0.15284647882663202,0.15263958736269545,0.15305314881609614,0.0013570319439030437,48.360460051486506,ATM
2026-10-09,0.0580870330746131,738.0,put,2.9148981525515643,2.9348981525515643,2.9248981525515645,2.95,0.025101847448435688,0.006779661016949158,50.0,433.0,761.5625214370828,0.9977366393929679,0.03900915159891983,0.0007060698473052712,-0.031428447367868574,0.15108076069562823,0.15087882477997927,0.15128249582120423,0.0013258595470525478,49.54534225492684,ATM
2026-10-09,0.0580870330746131,739.0,put,3.0531496529006654,3.0731496529006654,3.063149652900665,3.09,0.026850347099334648,0.00647249190938512,11.0,1028.0,761.5625214370828,0.9977366393929679,0.03900915159891983,0.0007060698473052712,-0.0300743510201393,0.1497945660215124,0.14959786115156984,0.14999109188974316,0.0013033807805418762,50.86076835177194,ATM
2026-10-09,0.0580870330746131,740.0,put,3.181351689907886,3.201351689907886,3.191351689907886,3.2199999999999998,0.02864831009211377,0.006211180124223608,181.0,1982.0,761.5625214370828,0.9977366393929679,0.03900915159891983,0.0007060698473052712,-0.028722085770125638,0.14818294289284284,0.14799095956327768,0.14837476556214,0.0012754857930498045,52.109700163868574,ATM
2026-10-09,0.0580870330746131,741.0,put,3.3193942154910325,3.3393942154910325,3.3293942154910328,3.3600000000000003,0.03060578450896756,0.005952380952380957,11.0,343.0,761.5625214370828,0.9977366393929679,0.03900915159891983,0.0007060698473052712,-0.027371646672254193,0.14663534964776212,0.14644795228369065,0.14682260353695473,0.0012489830731561896,53.38301561229875,ATM
2026-10-09,0.0580870330746131,742.0,put,3.457289467584884,3.487289467584884,3.4722894675848837,3.505,0.032710532415116234,0.008559201141226764,14.0,808.0,761.5625214370828,0.9977366393929679,0.03900915159891983,0.0007060698473052712,-0.026023028800960638,0.14504956180092898,0.1447749678657271,0.14532386814417417,0.0012221148934883502,54.65481057524863,ATM
2026-10-09,0.0580870330746131,743.0,put,3.62495108866805,3.64495108866805,3.63495108866805,3.67,0.035048911331950094,0.005449591280653956,20.0,231.0,761.5625214370828,0.9977366393929679,0.03900915159891983,0.0007060698473052712,-0.024676227250581925,0.14368805294003759,0.14350934544399577,0.1438666477235236,0.0011992797875340119,55.9750431125552,ATM
2026-10-09,0.0580870330746131,744.0,put,3.7824892074866097,3.8024892074866097,3.79248920748661,3.83,0.03751079251339018,0.005221932114882511,27.0,287.0,761.5625214370828,0.9977366393929679,0.03900915159891983,0.0007060698473052712,-0.023331237135249226,0.1420940253506955,0.14191929491392383,0.14226865618162254,0.0011728185580886185,57.24735690997431,ATM
2026-10-09,0.0580870330746131,745.0,put,3.949754733475311,3.989754733475311,3.9697547334753107,4.01,0.04024526652468907,0.009975062344139661,57.0,1437.0,761.5625214370828,0.9977366393929679,0.03900915159891983,0.0007060698473052712,-0.021988053588781583,0.14070028035491106,0.14035852484708272,0.14104168744208073,0.0011499239519905894,58.551307897877564,ATM
2026-10-09,0.0580870330746131,746.0,put,4.126821063857725,4.176821063857725,4.151821063857725,4.195,0.04317893614227497,0.011918951132300314,5.0,564.0,761.5625214370828,0.9977366393929679,0.03900915159891983,0.0007060698473052712,-0.02064667176458025,0.13923718811101843,0.1388191081288238,0.13965479378254234,0.0011261329938211221,59.831237379832444,ATM
2026-10-09,0.0580870330746131,747.0,put,4.313681870622503,4.353681870622503,4.333681870622503,4.380000000000001,0.04631812937749746,0.009132420091324207,71.0,888.0,761.5625214370828,0.9977366393929679,0.03900915159891983,0.0007060698473052712,-0.0193070868355238,0.13761975382271427,0.1372921384142795,0.13794710539082092,0.0011001217417634947,61.071853195804536,ATM
2026-10-09,0.0580870330746131,748.0,put,4.510229291886723,4.560229291886723,4.535229291886723,4.585,0.049770708113276996,0.010905125408942357,77.0,465.0,761.5625214370828,0.9977366393929679,0.03900915159891983,0.0007060698473052712,-0.017969293993863752,0.13616882201931285,0.13576747347447427,0.1365698165469657,0.0010770467519789835,62.3175793088079,ATM
2026-10-09,0.0580870330746131,749.0,put,4.72648802320186,4.756488023201859,4.7414880232018595,4.795,0.05351197679814046,0.0062565172054221815,8.0,2826.0,761.5625214370828,0.9977366393929679,0.03900915159891983,0.0007060698473052712,-0.01663328845112152,0.13463122105481967,0.13439503711143808,0.13486729627885383,0.0010528603333077478,63.524471982813985,ATM
2026-10-09,0.0580870330746131,750.0,put,4.952375914445103,4.982375914445103,4.967375914445103,5.025,0.057624085554897064,0.005970149253731393,101.0,5073.0,761.5625214370828,0.9977366393929679,0.03900915159891983,0.0007060698473052712,-0.01529906543798488,0.13323434483387223,0.13300251164185037,0.1334660865956188,0.0010311256154183937,64.71447954920004,ATM
2026-10-09,0.0580870330746131,751.0,put,5.15803046096165,5.1880304609616505,5.17303046096165,5.234999999999999,0.06196953903834945,0.005730659025788014,47.0,540.0,761.5625214370828,0.9977366393929679,0.03900915159891983,0.0007060698473052712,-0.013966620204206264,0.1313572262527156,0.1311292746316441,0.13158510100988108,0.0010022755429613564,65.81455431737639,ATM
2026-10-09,0.0580870330746131,752.0,put,5.413100324880747,5.463100324880747,5.438100324880748,5.505000000000001,0.06689967511925321,0.009082652134423217,244.0,2015.0,761.5625214370828,0.9977366393929679,0.03900915159891983,0.0007060698473052712,-0.012635948018501188,0.1302053717619524,0.129831799475184,0.13057877061183792,0.000984774962375891,66.93704014603588,ATM
2026-10-09,0.0580870330746131,753.0,put,5.657861909790327,5.697861909790326,5.677861909790327,5.75,0.07213809020967332,0.006956521739130287,3084.0,20136.0,761.5625214370828,0.9977366393929679,0.03900915159891983,0.0007060698473052712,-0.011307044168447439,0.12848953452787115,0.12819517246585027,0.12878380687432467,0.0009589913858343243,67.95391954888007,ATM
2026-10-09,0.0580870330746131,754.0,put,5.942009974434843,5.992009974434843,5.967009974434843,6.045,0.07799002556515688,0.008271298593879357,437.0,1046.0,761.5625214370828,0.9977366393929679,0.03900915159891983,0.0007060698473052712,-0.009979903960384949,0.12730942720303276,0.12694674605537348,0.12767199932025577,0.0009414566398915781,68.94146555680787,ATM
2026-10-09,0.0580870330746131,755.0,put,6.255656840863979,6.28565684086398,6.27065684086398,6.355,0.08434315913602042,0.004720692368214044,659.0,1624.0,761.5625214370828,0.9977366393929679,0.03900915159891983,0.0007060698473052712,-0.008654522719316321,0.12613527566355676,0.1259205032341422,0.12635001854306094,0.0009241709560662077,69.84618030942207,ATM
2026-10-09,0.0580870330746131,756.0,put,6.538778998434118,6.578778998434118,6.558778998434119,6.65,0.09122100156588164,0.006015037593984967,91.0,548.0,761.5625214370828,0.9977366393929679,0.03900915159891983,0.0007060698473052712,-0.007330895788808031,0.12453413469546602,0.1242510063846182,0.1248172247557964,0.0009008573151094189,70.64413387644416,ATM
2026-10-09,0.0580870330746131,757.0,put,6.881225281380813,6.931225281380812,6.906225281380813,7.005000000000001,0.09877471861918785,0.007137758743754435,356.0,734.0,761.5625214370828,0.9977366393929679,0.03900915159891983,0.0007060698473052712,-0.006009018530892256,0.12355990315825584,0.12320956424955962,0.12391020184579783,0.000886817619044617,71.36358180820365,ATM
2026-10-09,0.0580870330746131,758.0,put,7.202990005625018,7.232990005625018,7.217990005625017,7.324999999999999,0.10700999437498204,0.004095563139931775,287.0,747.0,761.5625214370828,0.9977366393929679,0.03900915159891983,0.0007060698473052712,-0.004688886325969379,0.1218669932855804,0.12165853048588259,0.12207544707474059,0.0008626832923254261,71.95684206892689,ATM
2026-10-09,0.0580870330746131,759.0,put,7.574024522929986,7.634024522929986,7.604024522929986,7.720000000000001,0.11597547707001432,0.00777202072538855,68.0,722.0,761.5625214370828,0.9977366393929679,0.03900915159891983,0.0007060698473052712,-0.003370494572711114,0.1209808524424302,0.12056671975824773,0.12139496648604521,0.000850183114137814,72.44218751339301,ATM
2026-10-09,0.0580870330746131,760.0,put,7.944190063549425,7.994190063549424,7.969190063549424,8.094999999999999,0.12580993645057514,0.006176652254477942,488.0,1719.0,761.5625214370828,0.9977366393929679,0.03900915159891983,0.0007060698473052712,-0.0020538386879642816,0.1195725004005296,0.11922904851649675,0.11991594747879428,0.0008305041680131577,72.79091075922683,ATM
2026-10-09,0.0580870330746131,761.0,put,8.343494060736584,8.393494060736582,8.368494060736582,8.504999999999999,0.13650593926341692,0.005878894767783532,250.0,376.0,761.5625214370828,0.9977366393929679,0.03900915159891983,0.0007060698473052712,-0.000738914106655212,0.11839415716002416,0.11805168961190789,0.11873662424549253,0.0008142161920424908,72.99966697962664,ATM
2026-10-09,0.0580870330746131,762.0,call,8.27,8.31,8.29,8.29,0.0,0.0048250904704464324,92.0,2146.0,761.5625214370828,0.9977366393929679,0.03900915159891983,0.0007060698473052712,0.0005742837183053325,0.11640385093303485,0.11613009220388755,0.11667760951908655,0.0007870709633711406,73.05705033099073,ATM
2026-10-09,0.0580870330746131,763.0,call,7.74,7.79,7.765000000000001,7.765000000000001,0.0,0.006439150032195727,110.0,1066.0,761.5625214370828,0.9977366393929679,0.03900915159891983,0.0007060698473052712,0.00188575931611606,0.11573009176919281,0.11538740527584436,0.11607277382172924,0.0007779860136661083,72.95345156882428,ATM
2026-10-09,0.0580870330746131,764.0,call,7.14,7.19,7.165,7.165,0.0,0.006978367062107566,151.0,1236.0,761.5625214370828,0.9977366393929679,0.03900915159891983,0.0007060698473052712,0.0031955171981795424,0.11376452352896699,0.11342051115298679,0.11410852197126548,0.0007517836891754004,72.6732804458499,ATM
2026-10-09,0.0580870330746131,765.0,call,6.65,6.69,6.67,6.67,0.0,0.00599700149925038,55.0,773.0,761.5625214370828,0.9977366393929679,0.03900915159891983,0.0007060698473052712,0.004503561858194884,0.11297221949982642,0.11269528539295275,0.11324913516110506,0.0007413486769346368,72.22175697183621,ATM
2026-10-09,0.0580870330746131,766.0,call,6.11,6.15,6.130000000000001,6.130000000000001,0.0,0.006525285481239809,256.0,1945.0,761.5625214370828,0.9977366393929679,0.03900915159891983,0.0007060698473052712,0.005809897772250342,0.11127675563997028,0.1109972744823012,0.1115562039855331,0.0007192636365229623,71.56538683333993,ATM
2026-10-09,0.0580870330746131,767.0,call,5.63,5.67,5.65,5.65,0.0,0.007079646017699121,46.0,634.0,761.5625214370828,0.9977366393929679,0.03900915159891983,0.0007060698473052712,0.007114529398915225,0.11012780565746724,0.1098449961409693,0.11041056313035165,0.0007044872963325673,70.72550322445501,ATM
2026-10-09,0.0580870330746131,768.0,call,5.16,5.21,5.1850000000000005,5.1850000000000005,0.0,0.009643201542912212,46.0,942.0,761.5625214370828,0.9977366393929679,0.03900915159891983,0.0007060698473052712,0.008417461179331202,0.10889441742428715,0.1085355870355517,0.10925312642518763,0.0006887956981674295,69.68262726861359,ATM
2026-10-09,0.0580870330746131,769.0,call,4.74,4.78,4.76,4.76,0.0,0.008403361344537823,66.0,896.0,761.5625214370828,0.9977366393929679,0.03900915159891983,0.0007060698473052712,0.009718697537303004,0.10793282664646471,0.10764062864102261,0.10822491441075616,0.0006766846053114057,68.45968947293436,ATM
2026-10-09,0.0580870330746131,770.0,call,4.32,4.35,4.335,4.335,0.0,0.006920415224913348,76.0,2703.0,761.5625214370828,0.9977366393929679,0.03900915159891983,0.0007060698473052712,0.01101824287938856,0.1066591966069119,0.10643530343912082,0.10688300354112211,0.0006608087890983533,67.00917308697386,ATM
2026-10-09,0.0580870330746131,771.0,call,3.96,4.0,3.98,3.98,0.0,0.010050251256281416,15.0,826.0,761.5625214370828,0.9977366393929679,0.03900915159891983,0.0007060698473052712,0.012316101594988513,0.10611932809596555,0.1058136817990577,0.10642477053371191,0.0006541361907310152,65.45701487180933,ATM
2026-10-09,0.0580870330746131,772.0,call,3.6,3.64,3.62,3.62,0.0,0.011049723756906087,125.0,707.0,761.5625214370828,0.9977366393929679,0.03900915159891983,0.0007060698473052712,0.013612278056435188,0.10519364756084065,0.10487943546486246,0.10550758947963507,0.0006427738844521966,63.67874809622096,ATM
2026-10-09,0.0580870330746131,773.0,call,3.24,3.28,3.26,3.26,0.0,0.012269938650306624,12.0,714.0,761.5625214370828,0.9977366393929679,0.03900915159891983,0.0007060698473052712,0.014906776619080976,0.10393100451087822,0.10360643976876097,0.10425521083587447,0.0006274360156534295,61.65516207201362,ATM
2026-10-09,0.0580870330746131,774.0,call,2.92,2.97,2.9450000000000003,2.9450000000000003,0.0,0.016977928692699578,34.0,964.0,761.5625214370828,0.9977366393929679,0.03900915159891983,0.0007060698473052712,0.016199601621386128,0.10305323968827361,0.10263295939746381,0.10347279232970287,0.0006168825608541262,59.53592045933598,ATM
2026-10-09,0.0580870330746131,775.0,call,2.63,2.65,2.6399999999999997,2.6399999999999997,0.0,0.007575757575757584,145.0,1866.0,761.5625214370828,0.9977366393929679,0.03900915159891983,0.0007060698473052712,0.017490757385006002,0.10199616213004166,0.1018213045567302,0.10217086812019416,0.0006042920151460948,57.2142579119066,ATM
2026-10-09,0.0580870330746131,776.0,call,2.38,2.41,2.395,2.395,0.0,0.012526096033403027,71.0,474.0,761.5625214370828,0.9977366393929679,0.03900915159891983,0.0007060698473052712,0.018780248214877754,0.10165317804321826,0.1013800829828544,0.10192584277808996,0.0006002347240055169,54.96939981886518,ATM
2026-10-09,0.0580870330746131,777.0,call,2.13,2.16,2.145,2.145,0.0,0.013986013986014102,89.0,935.0,761.5625214370828,0.9977366393929679,0.03900915159891983,0.0007060698473052712,0.020068078399306438,0.10089186221741474,0.10060582868201211,0.10117734460083537,0.0005912776602544788,52.49218469352443,ATM
2026-10-09,0.0580870330746131,778.0,call,1.91,1.93,1.92,1.92,0.0,0.010416666666666676,50.0,1294.0,761.5625214370828,0.9977366393929679,0.03900915159891983,0.0007060698473052712,0.021354252210050596,0.10026117067060127,0.10006088757214096,0.10046114186242906,0.0005839084187458468,49.96835211048834,ATM
2026-10-09,0.0580870330746131,779.0,call,1.69,1.71,1.7,1.7,0.0,0.011764705882352951,58.0,1173.0,761.5625214370828,0.9977366393929679,0.03900915159891983,0.0007060698473052712,0.022638773902407254,0.09937163572503847,0.09915985688699795,0.09958301211297486,0.0005735933026422944,47.264132406643064,ATM
2026-10-09,0.0580870330746131,780.0,call,1.51,1.54,1.525,1.525,0.0,0.019672131147541003,313.0,2359.0,761.5625214370828,0.9977366393929679,0.03900915159891983,0.0007060698473052712,0.023921647715296406,0.09908641112120437,0.0987507641719461,0.09942092122863072,0.0005703052792930686,44.76605437662427,ATM
2026-10-09,0.0580870330746131,781.0,call,1.35,1.37,1.36,1.36,0.0,0.014705882352941188,28.0,1031.0,761.5625214370828,0.9977366393929679,0.03900915159891983,0.0007060698473052712,0.02520287787134495,0.09870228403293203,0.09846503161313412,0.09893889812919059,0.000565892059125939,42.20621713699618,ATM
2026-10-09,0.0580870330746131,782.0,call,1.19,1.21,1.2,1.2,0.0,0.016666666666666684,30.0,931.0,761.5625214370828,0.9977366393929679,0.03900915159891983,0.0007060698473052712,0.02648246857697006,0.09809164417860224,0.09783825394785041,0.09834421580557683,0.0005589117278345408,39.52897429630472,ATM
2026-10-09,0.0580870330746131,783.0,call,1.06,1.08,1.07,1.07,0.0,0.018691588785046745,96.0,813.0,761.5625214370828,0.9977366393929679,0.03900915159891983,0.0007060698473052712,0.027760424022462076,0.09790232790366947,0.09763210041404562,0.09817152699671317,0.0005567564172606494,37.076782301103236,ATM
2026-10-09,0.0580870330746131,784.0,call,0.95,0.97,0.96,0.96,0.0,0.020833333333333353,18.0,695.0,761.5625214370828,0.9977366393929679,0.03900915159891983,0.0007060698473052712,0.02903674838206682,0.09795667654992245,0.0976686067373854,0.09824347065440427,0.0005573747346605734,34.79129752300982,ATM
2026-10-09,0.0580870330746131,785.0,call,0.83,0.85,0.84,0.84,0.0,0.023809523809523832,637.0,1779.0,761.5625214370828,0.9977366393929679,0.03900915159891983,0.0007060698473052712,0.0303114458140674,0.09740278762213861,0.09709163947788477,0.0977122875177578,0.0005510892852737377,32.224958475317116,ATM
2026-10-09,0.0580870330746131,786.0,call,0.74,0.76,0.75,0.75,0.0,0.02666666666666669,117.0,1213.0,761.5625214370828,0.9977366393929679,0.03900915159891983,0.0007060698473052712,0.03158452046086551,0.09745497822547271,0.09712116142030204,0.097786740217629,0.0005516800155509652,30.049732830721208,ATM
2026-10-09,0.0580870330746131,787.0,call,0.66,0.67,0.665,0.665,0.0,0.015037593984962419,308.0,526.0,761.5625214370828,0.9977366393929679,0.03900915159891983,0.0007060698473052712,0.032855976449062185,0.09738645162727917,0.09720677670407767,0.09756547935527994,0.0005509044479192378,27.87845755569079,ATM
2026-10-09,0.0580870330746131,788.0,call,0.58,0.59,0.585,0.585,0.0,0.01709401709401711,48.0,646.0,761.5625214370828,0.9977366393929679,0.03900915159891983,0.0007060698473052712,0.034125817889538085,0.0971917658515258,0.0969969080074035,0.09738579809994746,0.0005487040175156975,25.7144698740217,ATM
2026-10-09,0.0580870330746131,789.0,call,0.51,0.53,0.52,0.52,0.0,0.03846153846153849,24.0,640.0,761.5625214370828,0.9977366393929679,0.03900915159891983,0.0007060698473052712,0.035394048877533196,0.09728623329486959,0.09686392277529005,0.09770440748125003,0.0005497711831565904,23.79706727742549,ATM
2026-10-09,0.0580870330746131,790.0,call,0.46,0.47,0.46499999999999997,0.46499999999999997,0.0,0.021505376344085923,179.0,2268.0,761.5625214370828,0.9977366393929679,0.03900915159891983,0.0007060698473052712,0.03666067349272613,0.09754388375700147,0.09731655624418818,0.09776993025415516,0.0005526870400912818,22.057224050610127,ATM
2026-10-09,0.0580870330746131,791.0,call,0.41,0.42,0.415,0.415,0.0,0.024096385542168697,25.0,740.0,761.5625214370828,0.9977366393929679,0.03900915159891983,0.0007060698473052712,0.03792569579931282,0.09778538296577614,0.09753943419444765,0.09802974018014869,0.0005554271136787027,20.395879648164197,ATM
2026-10-09,0.0580870330746131,792.0,call,0.35,0.37,0.36,0.36,0.0,0.05555555555555561,83.0,746.0,761.5625214370828,0.9977366393929679,0.03900915159891983,0.0007060698473052712,0.039189119846084794,0.097495423884697,0.09695188370116327,0.09803066351849447,0.0005521380258545445,18.54171731837272,ATM
2026-10-09,0.0580870330746131,793.0,call,0.32,0.34,0.33,0.33,0.0,0.060606060606060656,17.0,1071.0,761.5625214370828,0.9977366393929679,0.03900915159891983,0.0007060698473052712,0.04045094966650692,0.09830523943920019,0.09772407581709666,0.09887655702410607,0.0005613484465487345,17.35642029697464,ATM
2026-10-09,0.0580870330746131,794.0,call,0.29,0.3,0.295,0.295,0.0,0.0338983050847458,6.0,818.0,761.5625214370828,0.9977366393929679,0.03900915159891983,0.0007060698473052712,0.04171118927879466,0.09864145044001814,0.098327513259599,0.0989523418511788,0.0005651947168350945,16.00514342594577,ATM
2026-10-09,0.0580870330746131,795.0,call,0.25,0.27,0.26,0.26,0.0,0.07692307692307698,11.0,1240.0,761.5625214370828,0.9977366393929679,0.03900915159891983,0.0007060698473052712,0.04296984268599083,0.09873950595814117,0.09804768447165689,0.09941587404370066,0.0005663189502315697,14.621488205376046,ATM
2026-10-09,0.0580870330746131,796.0,call,0.23,0.24,0.235,0.235,0.0,0.042553191489361625,28.0,634.0,761.5625214370828,0.9977366393929679,0.03900915159891983,0.0007060698473052712,0.04422691387604194,0.0993013980368127,0.09892981694142743,0.09966829067873975,0.0005727827367466042,13.542490473467044,ATM
2026-10-09,0.0580870330746131,797.0,call,0.22,0.23,0.225,0.225,0.0,0.04444444444444448,3.0,1726.0,761.5625214370828,0.9977366393929679,0.03900915159891983,0.0007060698473052712,0.04548240682187396,0.10085208190649947,0.10046420017363926,0.10123480953319958,0.0005908114864403307,12.977849164371596,ATM
2026-10-09,0.0580870330746131,798.0,call,0.19,0.2,0.195,0.195,0.0,0.05128205128205133,1.0,485.0,761.5625214370828,0.9977366393929679,0.03900915159891983,0.0007060698473052712,0.04673632548146769,0.10068781575976857,0.10025721822852418,0.10111168928183843,0.0005888884465281612,11.70450375198996,ATM
2026-10-09,0.0580870330746131,799.0,call,0.17,0.18,0.175,0.175,0.0,0.05714285714285704,574.0,663.0,761.5625214370828,0.9977366393929679,0.03900915159891983,0.0007060698473052712,0.04798867379793358,0.10113062934539867,0.1006622703766416,0.1015907277386198,0.0005940795655563146,10.772130630025346,ATM
2026-10-09,0.0580870330746131,800.0,call,0.16,0.17,0.165,0.165,0.0,0.060606060606060656,10541.0,18507.0,761.5625214370828,0.9977366393929679,0.03900915159891983,0.0007060698473052712,0.04923945569958621,0.10236889295143846,0.10187489390648151,0.10285357528454929,0.0006087166877109926,10.219529833096422,ATM
2026-10-09,0.0580870330746131,801.0,call,0.14,0.15,0.14500000000000002,0.14500000000000002,0.0,0.06896551724137917,932.0,1636.0,761.5625214370828,0.9977366393929679,0.03900915159891983,0.0007060698473052712,0.05048867510001813,0.10247365808030152,0.10192827959422153,0.10300716891751914,0.0006099632561345977,9.270823614490428,call wing
2026-10-09,0.0580870330746131,802.0,call,0.13,0.14,0.135,0.135,0.0,0.07407407407407414,255.0,586.0,761.5625214370828,0.9977366393929679,0.03900915159891983,0.0007060698473052712,0.0517363358981734,0.1034860628148982,0.10290571027044379,0.10405273947347632,0.0006220752504021284,8.720402733403807,call wing
2026-10-09,0.0580870330746131,803.0,call,0.12,0.13,0.125,0.125,0.0,0.08000000000000007,8.0,264.0,761.5625214370828,0.9977366393929679,0.03900915159891983,0.0007060698473052712,0.05298244197842057,0.10439984541813922,0.10377987028729752,0.10500391245693153,0.0006331096099561965,8.172115906291229,call wing
2026-10-09,0.0580870330746131,804.0,call,0.11,0.12,0.11499999999999999,0.11499999999999999,0.0,0.0869565217391304,142.0,345.0,761.5625214370828,0.9977366393929679,0.03900915159891983,0.0007060698473052712,0.054226997210625266,0.10520461231736153,0.10453924065770812,0.10585127380141127,0.0006429078892446486,7.624503617903059,call wing
2026-10-09,0.0580870330746131,805.0,call,0.11,0.12,0.11499999999999999,0.11499999999999999,0.0,0.0869565217391304,118.0,1471.0,761.5625214370828,0.9977366393929679,0.03900915159891983,0.0007060698473052712,0.055470005450222265,0.10725836750171659,0.10658314750097529,0.10791456311860684,0.0006682539887456256,7.513514002488353,call wing
2026-10-09,0.0580870330746131,806.0,call,0.1,0.11,0.10500000000000001,0.10500000000000001,0.0,0.09523809523809518,40.0,239.0,761.5625214370828,0.9977366393929679,0.03900915159891983,0.0007060698473052712,0.05671147053828718,0.10791336876577164,0.10718481244169684,0.10861926057468965,0.0006764406450283008,6.974375448343739,call wing
2026-10-09,0.0580870330746131,807.0,call,0.09,0.1,0.095,0.095,0.0,0.10526315789473693,40.0,427.0,761.5625214370828,0.9977366393929679,0.03900915159891983,0.0007060698473052712,0.057951396301607686,0.10842880834227447,0.1076373316496404,0.10919285006564235,0.0006829180067699474,6.432205697351352,call wing
2026-10-09,0.0580870330746131,808.0,call,0.09,0.1,0.095,0.095,0.0,0.10526315789473693,7.0,482.0,761.5625214370828,0.9977366393929679,0.03900915159891983,0.0007060698473052712,0.05918978655275426,0.11041878974351925,0.10961615178654406,0.11119355932426382,0.0007082150635986437,6.342955224556782,call wing
2026-10-09,0.0580870330746131,809.0,call,0.08,0.09,0.08499999999999999,0.08499999999999999,0.0,0.11764705882352937,1.0,222.0,761.5625214370828,0.9977366393929679,0.03900915159891983,0.0007060698473052712,0.06042664509015057,0.11074310450419717,0.10986387673662099,0.11158793921166828,0.0007123814180134009,5.804233777984554,call wing
2026-10-09,0.0580870330746131,810.0,call,0.08,0.09,0.08499999999999999,0.08499999999999999,0.0,0.11764705882352937,32.0,660.0,761.5625214370828,0.9977366393929679,0.03900915159891983,0.0007060698473052712,0.06166197569814332,0.11269651219755267,0.11180527955952989,0.11355282926081871,0.0007377345878668032,5.726231631738989,call wing
2026-10-09,0.0580870330746131,811.0,call,0.08,0.09,0.08499999999999999,0.08499999999999999,0.0,0.11764705882352937,292.0,388.0,761.5625214370828,0.9977366393929679,0.03900915159891983,0.0007060698473052712,0.0628957821470718,0.11464322710455865,0.11374006786376183,0.11551095128188754,0.0007634419139652117,5.650788011778485,call wing
2026-10-09,0.0580870330746131,812.0,call,0.07,0.08,0.07500000000000001,0.07500000000000001,0.0,0.13333333333333325,2.0,660.0,761.5625214370828,0.9977366393929679,0.03900915159891983,0.0007060698473052712,0.06412806819333682,0.11471335820468624,0.11371355081369505,0.1156683616977518,0.0007643762456144534,5.120168848533725,call wing
2026-10-09,0.0580870330746131,813.0,call,0.07,0.08,0.07500000000000001,0.07500000000000001,0.0,0.13333333333333325,2.0,85.0,761.5625214370828,0.9977366393929679,0.03900915159891983,0.0007060698473052712,0.06535883757946946,0.11662292428057165,0.1156101256688003,0.1175902760410165,0.0007900363038370266,5.054654813942748,call wing
2026-10-09,0.0580870330746131,814.0,call,0.06,0.07,0.065,0.065,0.0,0.15384615384615397,16.0,1277.0,761.5625214370828,0.9977366393929679,0.03900915159891983,0.0007060698473052712,0.06658809403419916,0.11642282995165655,0.11528575273492912,0.11750058675792646,0.0007873276396257019,4.520483568161671,call wing
2026-10-09,0.0580870330746131,815.0,call,0.06,0.07,0.065,0.065,0.0,0.15384615384615397,1.0,167.0,761.5625214370828,0.9977366393929679,0.03900915159891983,0.0007060698473052712,0.06781584127252156,0.11829372553210749,0.11714227156791146,0.11938503635158333,0.0008128354081203995,4.464194903465901,call wing
2026-10-09,0.0580870330746131,816.0,call,0.06,0.07,0.065,0.065,0.0,0.15384615384615397,13.0,82.0,761.5625214370828,0.9977366393929679,0.03900915159891983,0.0007060698473052712,0.06904208299576586,0.12015878762889712,0.11899304099239699,0.12126357268054701,0.0008386683813928619,4.409609022670002,call wing
2026-10-09,0.0580870330746131,817.0,call,0.06,0.07,0.065,0.065,0.0,0.15384615384615397,1.0,75.0,761.5625214370828,0.9977366393929679,0.03900915159891983,0.0007060698473052712,0.07026682289166174,0.12201810895558439,0.1208381519182159,0.1231362901747864,0.0008648240818337527,4.356645862772219,call wing
2026-10-09,0.0580870330746131,818.0,call,0.05,0.06,0.055,0.055,0.0,0.18181818181818174,1.0,48.0,761.5625214370828,0.9977366393929679,0.03900915159891983,0.0007060698473052712,0.0714900646344059,0.12141149487673278,0.12006116123841053,0.12267769181948389,0.0008562464960050815,3.828454883183388,call wing
2026-10-09,0.0580870330746131,819.0,call,0.05,0.06,0.055,0.055,0.0,0.18181818181818174,7.0,32.0,761.5625214370828,0.9977366393929679,0.03900915159891983,0.0007060698473052712,0.07271181188472847,0.1232305657499662,0.12186416010911921,0.12451174493012339,0.0008820964598899855,3.783558468544681,call wing
2026-10-09,0.0580870330746131,820.0,call,0.05,0.06,0.055,0.055,0.0,0.18181818181818174,1.0,495.0,761.5625214370828,0.9977366393929679,0.03900915159891983,0.0007060698473052712,0.07393206828995784,0.1250443128479414,0.12366192233748938,0.1263403924249172,0.0009082535063181835,3.7399387953530985,call wing
2026-10-09,0.0580870330746131,821.0,call,0.05,0.06,0.055,0.055,0.0,0.18181818181818174,400.0,530.0,761.5625214370828,0.9977366393929679,0.03900915159891983,0.0007060698473052712,0.07515083748408727,0.12685281280933883,0.12545452287268247,0.12816371258744336,0.0009347153993900605,3.6975394874387066,call wing
2026-10-16,0.0772651152663939,480.0,put,0.049917635909835834,0.05991763590983583,0.05491763590983583,0.055,8.236409016416923e-05,0.18181818181818174,20.0,2233.0,762.1602143082424,0.9969904910836334,0.039009151598919434,5.976309798782359e-05,-0.46237068468191894,0.5765216875975797,0.571527208735451,0.5811801621669391,0.02568116701765721,1.0379305357004225,deep put wing
2026-10-16,0.0772651152663939,485.0,put,0.049915815014156054,0.05991581501415605,0.05491581501415605,0.055,8.418498584394918e-05,0.18181818181818174,1.0,134.0,762.1602143082424,0.9969904910836334,0.039009151598919434,5.976309798782359e-05,-0.45200789764637234,0.5644987573943272,0.5595961817945215,0.5690717121569049,0.02462121255181756,1.0573635221267348,deep put wing
2026-10-16,0.0772651152663939,490.0,put,0.049913932004200925,0.05991393200420092,0.05491393200420092,0.055,8.606799579907731e-05,0.18181818181818174,10.0,79.0,762.1602143082424,0.9969904910836334,0.039009151598919434,5.976309798782359e-05,-0.44175139747918324,0.5525885559016368,0.5477771269507683,0.5570766938601444,0.02359322066951357,1.0773689723288065,deep put wing
2026-10-16,0.0772651152663939,495.0,put,0.05989720122853606,0.06989720122853607,0.06489720122853607,0.065,0.00010279877146393557,0.15384615384615397,41.0,229.0,762.1602143082424,0.9969904910836334,0.039009151598919434,5.976309798782359e-05,-0.43159902601516525,0.5493137049875519,0.5451797835836663,0.5532131750662302,0.02331440443045076,1.246485264379039,deep put wing
2026-10-16,0.0772651152663939,500.0,put,0.06987990374297799,0.07987990374297799,0.074879903742978,0.07500000000000001,0.00012009625702201487,0.13333333333333325,12.0,3946.0,762.1602143082424,0.9969904910836334,0.039009151598919434,5.976309798782359e-05,-0.4215486901616638,0.5448994010609632,0.5412740252995522,0.5483471354627344,0.022941199304338755,1.415225821664965,deep put wing
2026-10-16,0.0772651152663939,505.0,put,0.06987710485283563,0.07987710485283563,0.07487710485283564,0.07500000000000001,0.00012289514716437577,0.13333333333333325,263.0,479.0,762.1602143082424,0.9969904910836334,0.039009151598919434,5.976309798782359e-05,-0.4115983593084957,0.5330089194054605,0.5294525698654119,0.5363911388742973,0.021950903980439283,1.4426661626800161,deep put wing
2026-10-16,0.0772651152663939,510.0,put,0.06987420337750333,0.07987420337750332,0.07487420337750333,0.07500000000000001,0.00012579662249667667,0.13333333333333325,10.0,1512.0,762.1602143082424,0.9969904910836334,0.039009151598919434,5.976309798782359e-05,-0.40174606286548403,0.5212230071441434,0.5177351722315766,0.5245401964859584,0.0209908783565391,1.4709762530054677,deep put wing
2026-10-16,0.0772651152663939,515.0,put,0.07985532564230341,0.0898553256423034,0.0848553256423034,0.08499999999999999,0.00014467435769659198,0.11764705882352937,3.0,337.0,762.1602143082424,0.9969904910836334,0.039009151598919434,5.976309798782359e-05,-0.39198988792011935,0.5158859088736336,0.5127816905261129,0.5188565953728727,0.020563204183633856,1.6473906145184951,deep put wing
2026-10-16,0.0772651152663939,520.0,put,0.08983568877335638,0.09983568877335638,0.09483568877335638,0.095,0.00016431122664362086,0.10526315789473693,35.0,948.0,762.1602143082424,0.9969904910836334,0.039009151598919434,5.976309798782359e-05,-0.38232797700838245,0.5098742786431867,0.5070795859848852,0.5125618134185473,0.020086749549402472,1.8251975873888475,deep put wing
2026-10-16,0.0772651152663939,525.0,put,0.0998151959725242,0.10981519597252419,0.1048151959725242,0.10500000000000001,0.00018480402747581004,0.09523809523809518,1.0,301531.0,762.1602143082424,0.9969904910836334,0.039009151598919434,5.976309798782359e-05,-0.37275852599223175,0.5033140016517786,0.5007751386667615,0.5057651296670315,0.019573184108607932,2.0050127708162853,deep put wing
2026-10-16,0.0772651152663939,530.0,put,0.0998104667078787,0.1098104667078787,0.1048104667078787,0.10500000000000001,0.00018953329212130499,0.09523809523809518,2.0,827.0,762.1602143082424,0.9969904910836334,0.039009151598919434,5.976309798782359e-05,-0.36327978203768796,0.49158155195794345,0.48909358078090726,0.4939836277565129,0.018671302257647293,2.0459905381274597,deep put wing
2026-10-16,0.0772651152663939,535.0,put,0.10978847869625163,0.11978847869625163,0.11478847869625163,0.11499999999999999,0.00021152130374836597,0.0869565217391304,1.0,631.0,762.1602143082424,0.9969904910836334,0.039009151598919434,5.976309798782359e-05,-0.35389004168784893,0.484565406154725,0.4822891732114246,0.4867701755398864,0.01814212975649694,2.23256530198006,deep put wing
2026-10-16,0.0772651152663939,540.0,put,0.11976549907298656,0.12976549907298657,0.12476549907298656,0.125,0.00023450092701343683,0.08000000000000007,45.0,4900.0,762.1602143082424,0.9969904910836334,0.039009151598919434,5.976309798782359e-05,-0.3445876490255354,0.47717168452209185,0.47507673565021685,0.4792063691735869,0.01759271171294804,2.422363182937616,deep put wing
2026-10-16,0.0772651152663939,545.0,put,0.12974149279321126,0.13974149279321127,0.13474149279321126,0.135,0.00025850720678874395,0.07407407407407414,19.0,692.0,762.1602143082424,0.9969904910836334,0.039009151598919434,5.976309798782359e-05,-0.33537099392061137,0.4694559897054308,0.467518313661247,0.47134226629808634,0.017028375791711944,2.6158685397718253,deep put wing
2026-10-16,0.0772651152663939,550.0,put,0.13971635213335076,0.14971635213335074,0.14471635213335077,0.14500000000000002,0.00028364786664925035,0.06896551724137917,1.0,12520.0,762.1602143082424,0.9969904910836334,0.039009151598919434,5.976309798782359e-05,-0.32623851035733886,0.4614627530033752,0.45966305353696113,0.46321818891180944,0.01645344190744981,2.813548935674969,deep put wing
2026-10-16,0.0772651152663939,555.0,put,0.14968990704817037,0.15968990704817038,0.15468990704817037,0.155,0.00031009295182962693,0.06451612903225812,10.0,567.0,762.1602143082424,0.9969904910836334,0.039009151598919434,5.976309798782359e-05,-0.31718867483742097,0.45322802826521286,0.4515505445426479,0.4548670764815498,0.01587146353520438,3.0158658429758325,deep put wing
2026-10-16,0.0772651152663939,560.0,put,0.1596621889217127,0.1696621889217127,0.1646621889217127,0.165,0.0003378110782873145,0.060606060606060656,52.0,370.0,762.1602143082424,0.9969904910836334,0.039009151598919434,5.976309798782359e-05,-0.30822000485466056,0.4447815277664836,0.4432132070794479,0.4463162331039408,0.015285404687249047,3.2232869062111136,deep put wing
2026-10-16,0.0772651152663939,565.0,put,0.16963312124510443,0.17963312124510442,0.1746331212451044,0.175,0.00036687875489557764,0.05714285714285704,10.0,858.0,762.1602143082424,0.9969904910836334,0.039009151598919434,5.976309798782359e-05,-0.2993310574374145,0.4361479104816626,0.43467781032479763,0.4375884261759381,0.014697756537450472,3.436288959647435,deep put wing
2026-10-16,0.0772651152663939,570.0,put,0.18958296406442468,0.1995829640644247,0.19458296406442468,0.195,0.0004170359355753217,0.05128205128205133,52.0,853.0,762.1602143082424,0.9969904910836334,0.039009151598919434,5.976309798782359e-05,-0.2905204277552596,0.4300276374235126,0.4286975430603247,0.4313338779784143,0.014288156323266922,3.7936641472511536,deep put wing
2026-10-16,0.0772651152663939,575.0,put,0.18957035618835155,0.19957035618835156,0.19457035618835156,0.195,0.0004296438116484502,0.05128205128205133,1.0,1265.0,762.1602143082424,0.9969904910836334,0.039009151598919434,5.976309798782359e-05,-0.281786747786505,0.41839873987680126,0.41709860647322256,0.41967559241736613,0.0135258383430611,3.8810327117196866,deep put wing
2026-10-16,0.0772651152663939,580.0,put,0.20951572104742439,0.2195157210474244,0.2145157210474244,0.215,0.0004842789525756064,0.046511627906976785,2.0,1769.0,762.1602143082424,0.9969904910836334,0.039009151598919434,5.976309798782359e-05,-0.2731286850433904,0.4117010008771573,0.4105156808487763,0.41286720503149327,0.01309626041912343,4.25303451556975,deep put wing
2026-10-16,0.0772651152663939,585.0,put,0.21947902309816564,0.22947902309816565,0.22447902309816564,0.225,0.0005209769018343635,0.04444444444444448,5.0,1804.0,762.1602143082424,0.9969904910836334,0.039009151598919434,5.976309798782359e-05,-0.2645449413519989,0.40236611186547644,0.40124485305575,0.40347016661945123,0.012509105335055053,4.494203016493873,deep put wing
2026-10-16,0.0772651152663939,590.0,put,0.23941853460591217,0.24941853460591218,0.24441853460591217,0.245,0.0005814653940878212,0.04081632653061228,5.0,3207.0,762.1602143082424,0.9969904910836334,0.039009151598919434,5.976309798782359e-05,-0.2560342516840903,0.3950033207689788,0.3939718927361718,0.3960203160367574,0.012055492308173509,4.88221588481955,deep put wing
2026-10-16,0.0772651152663939,595.0,put,0.2593545726414684,0.2693545726414684,0.2643545726414684,0.265,0.000645427358531625,0.03773584905660381,1.0,1690.0,762.1602143082424,0.9969904910836334,0.039009151598919434,5.976309798782359e-05,-0.24759538303822565,0.38728313632920236,0.38632982713823544,0.3882241979832206,0.011588857700682386,5.279175201899563,deep put wing
2026-10-16,0.0772651152663939,600.0,put,0.269309039728334,0.279309039728334,0.274309039728334,0.275,0.0006909602716660412,0.03636363636363639,1023.0,12035.0,762.1602143082424,0.9969904910836334,0.039009151598919434,5.976309798782359e-05,-0.23922713336770904,0.3774741505935143,0.3765676041516789,0.3783695243423346,0.011009253954743841,5.550002036505216,deep put wing
2026-10-16,0.0772651152663939,605.0,put,0.29921378963904915,0.30921378963904916,0.30421378963904916,0.305,0.0007862103609508342,0.03278688524590167,4.0,2517.0,762.1602143082424,0.9969904910836334,0.039009151598919434,5.976309798782359e-05,-0.2309283305530141,0.370940239610839,0.37011667410320026,0.371754738773052,0.010631421900448135,6.10508910059886,deep put wing
2026-10-16,0.0772651152663939,610.0,put,0.30916058809316116,0.31916058809316117,0.31416058809316116,0.315,0.0008394119068388384,0.03174603174603177,5.0,3706.0,762.1602143082424,0.9969904910836334,0.039009151598919434,5.976309798782359e-05,-0.2226978314164986,0.36084090259589,0.36005561480361076,0.3616178589732045,0.010060393727934205,6.401364741943002,deep put wing
2026-10-16,0.0772651152663939,615.0,put,0.3390540030661482,0.34905400306614814,0.34405400306614814,0.345,0.0009459969338518337,0.02898550724637668,5.0,1241.0,762.1602143082424,0.9969904910836334,0.039009151598919434,5.976309798782359e-05,-0.21453452077733767,0.3536026844803723,0.35288314236531904,0.35431532133542903,0.009660832752135135,6.982652227440683,deep put wing
2026-10-16,0.0772651152663939,620.0,put,0.35896523494694804,0.36896523494694805,0.36396523494694805,0.365,0.0010347650530519448,0.02739726027397263,9.0,4284.0,762.1602143082424,0.9969904910836334,0.039009151598919434,5.976309798782359e-05,-0.20643731054471828,0.34461925242661884,0.34394454694815413,0.3452878811827563,0.00917619277705714,7.444432527849956,deep put wing
2026-10-16,0.0772651152663939,625.0,put,0.3888441145291198,0.39884411452911983,0.3938441145291198,0.395,0.0011558854708801913,0.025316455696202552,41.0,156877.0,762.1602143082424,0.9969904910836334,0.039009151598919434,5.976309798782359e-05,-0.19840513884745403,0.33669777787058025,0.336074651228482,0.3373157669633411,0.008759190205500176,8.05751189867781,deep put wing
2026-10-16,0.0772651152663939,630.0,put,0.4087411979361493,0.41874119793614933,0.41374119793614933,0.415,0.0012588020638506503,0.024096385542168697,6.0,33352.0,762.1602143082424,0.9969904910836334,0.039009151598919434,5.976309798782359e-05,-0.19043696919827716,0.32728234484467744,0.32669569032304946,0.32786442929696413,0.00827615494594557,8.556464661917211,deep put wing
2026-10-16,0.0772651152663939,635.0,put,0.43860233192086084,0.44860233192086085,0.44360233192086085,0.445,0.0013976680791391582,0.02247191011235957,5.0,2570.0,762.1602143082424,0.9969904910836334,0.039009151598919434,5.976309798782359e-05,-0.18253178969116388,0.31880233868045,0.31825748841361867,0.3193432683413993,0.007852834670251836,9.210186261618837,deep put wing
2026-10-16,0.0772651152663939,640.0,put,0.46845266696355614,0.47845266696355615,0.47345266696355615,0.475,0.001547333036443832,0.02105263157894739,7.0,6246.0,762.1602143082424,0.9969904910836334,0.039009151598919434,5.976309798782359e-05,-0.17468861223013796,0.3100393179673122,0.30953193359335796,0.31054331491038856,0.007427061199056173,9.887669534064568,deep put wing
2026-10-16,0.0772651152663939,645.0,put,0.5082600098099754,0.5182600098099754,0.5132600098099754,0.515,0.0017399901900245762,0.019417475728155355,895.0,5404.0,762.1602143082424,0.9969904910836334,0.039009151598919434,5.976309798782359e-05,-0.16690647178808302,0.30195278771698625,0.3014850709954762,0.3024176581912724,0.0070446844360367205,10.723041663569184,deep put wing
2026-10-16,0.0772651152663939,650.0,put,0.5480494319779209,0.5580494319779209,0.5530494319779209,0.555,0.0019505680220791577,0.018018018018018032,507.0,25232.0,762.1602143082424,0.9969904910836334,0.039009151598919434,5.976309798782359e-05,-0.1591844256941727,0.29349600614588683,0.29306327736239496,0.2939263204274299,0.006655609737042699,11.587075920574673,deep put wing
2026-10-16,0.0772651152663939,655.0,put,0.5778514547056492,0.5878514547056493,0.5828514547056493,0.585,0.002148545294350712,0.01709401709401711,3.0,14070.0,762.1602143082424,0.9969904910836334,0.039009151598919434,5.976309798782359e-05,-0.15152155294860356,0.2839011594417683,0.2834954075644535,0.28430478550885546,0.006227558117157539,12.355327333288237,deep put wing
2026-10-16,0.0772651152663939,660.0,put,0.627567481425667,0.637567481425667,0.632567481425667,0.635,0.00243251857433302,0.015748031496063006,846.0,14206.0,762.1602143082424,0.9969904910836334,0.039009151598919434,5.976309798782359e-05,-0.14391695356338427,0.27560354229646256,0.2752300459918533,0.2759752615066046,0.005868850507674558,13.419081973864348,put wing
2026-10-16,0.0772651152663939,665.0,put,0.6672899406505288,0.6772899406505288,0.6722899406505288,0.675,0.0027100593494712166,0.014814814814814828,7.0,4576.0,762.1602143082424,0.9969904910836334,0.039009151598919434,5.976309798782359e-05,-0.13636974792800136,0.2662170942747698,0.2658690300355988,0.2665636204708248,0.005475897806423109,14.397109104597687,put wing
2026-10-16,0.0772651152663939,670.0,put,0.7368552812991593,0.7568552812991594,0.7468552812991593,0.75,0.003144718700840654,0.02666666666666669,1264.0,16057.0,762.1602143082424,0.9969904910836334,0.039009151598919434,5.976309798782359e-05,-0.12887907619884373,0.2587906584115909,0.2581577457879362,0.25941864310751334,0.00517464603582921,15.862193966242113,put wing
2026-10-16,0.0772651152663939,675.0,put,0.7964293571142341,0.816429357114234,0.8064293571142341,0.81,0.003570642885765918,0.024691358024691242,216.0,14284.0,762.1602143082424,0.9969904910836334,0.039009151598919434,5.976309798782359e-05,-0.12144409771132565,0.24990121807588722,0.24931741030458265,0.2504808882025633,0.004825254259716051,17.1902731925948,put wing
2026-10-16,0.0772651152663939,680.0,put,0.8958111892936033,0.9058111892936033,0.9008111892936033,0.905,0.004188810706396762,0.011049723756906087,1462.0,28072.0,762.1602143082424,0.9969904910836334,0.039009151598919434,5.976309798782359e-05,-0.11406399041370309,0.24246874481644132,0.24220512740422814,0.24273154418871257,0.004542500516463863,18.996447985879882,put wing
2026-10-16,0.0772651152663939,685.0,put,0.9652252928985195,0.9752252928985196,0.9702252928985196,0.975,0.004774707101480424,0.010256410256410265,3748.0,4663.0,762.1602143082424,0.9969904910836334,0.039009151598919434,5.976309798782359e-05,-0.10673795032163018,0.23315866635506996,0.2329152562590924,0.23340138940991076,0.004200360656230914,20.570581030508432,put wing
2026-10-16,0.0772651152663939,690.0,put,1.0644117405955453,1.0844117405955453,1.0744117405955453,1.08,0.005588259404454732,0.018518518518518535,644.0,12872.0,762.1602143082424,0.9969904910836334,0.039009151598919434,5.976309798782359e-05,-0.0994651909925504,0.22498812108238392,0.2245449870297524,0.2254290591439215,0.003911133449591489,22.622885474296073,put wing
2026-10-16,0.0772651152663939,695.0,put,1.1933946477896564,1.2033946477896564,1.1983946477896565,1.205,0.006605352210343529,0.008298755186721999,159.0,7977.0,762.1602143082424,0.9969904910836334,0.039009151598919434,5.976309798782359e-05,-0.09224494301906332,0.21697391243583536,0.21677346433344602,0.2171739284443085,0.0036374622695077917,24.971090327335958,put wing
2026-10-16,0.0772651152663939,700.0,put,1.332132332908619,1.352132332908619,1.342132332908619,1.35,0.007867667091381092,0.014814814814814828,782.0,32918.0,762.1602143082424,0.9969904910836334,0.039009151598919434,5.976309798782359e-05,-0.08507645354045078,0.20895129524545578,0.20858843838260352,0.20931280566083516,0.0033734446746339535,27.610519152065628,put wing
2026-10-16,0.0772651152663939,701.0,put,1.3618759790169361,1.371875979016936,1.366875979016936,1.375,0.008124020983063973,0.0072727272727271175,80.0,2782.0,762.1602143082424,0.9969904910836334,0.039009151598919434,5.976309798782359e-05,-0.08364890154926538,0.20710677842224742,0.20692873310569995,0.20728450129172213,0.0033141494072986863,28.10824332884084,put wing
2026-10-16,0.0772651152663939,702.0,put,1.401538344331666,1.411538344331666,1.4065383443316661,1.415,0.0084616556683339,0.007067137809187285,3.0,1174.0,762.1602143082424,0.9969904910836334,0.039009151598919434,5.976309798782359e-05,-0.08222338455804437,0.20575641238535983,0.2055824141916204,0.20593010711485923,0.0032710728360140617,28.761061462091515,put wing
2026-10-16,0.0772651152663939,703.0,put,1.4411651160032177,1.4611651160032177,1.4511651160032177,1.46,0.008834883996782228,0.013698630136986314,271.0,1268.0,762.1602143082424,0.9969904910836334,0.039009151598919434,5.976309798782359e-05,-0.08079989677319062,0.20452840922708718,0.20418844881160167,0.20486723251684552,0.00323214427134092,29.464659082382465,put wing
2026-10-16,0.0772651152663939,704.0,put,1.4808302908225146,1.4908302908225146,1.4858302908225147,1.495,0.009169709177485386,0.006688963210702346,53.0,1545.0,762.1602143082424,0.9969904910836334,0.039009151598919434,5.976309798782359e-05,-0.07937843242581302,0.20291709700430027,0.20275069341562998,0.20308323087312072,0.003181418029184175,30.07184663298387,put wing
2026-10-16,0.0772651152663939,705.0,put,1.5104863446365144,1.5304863446365145,1.5204863446365144,1.53,0.009513655363485585,0.013071895424836612,1192.0,14218.0,762.1602143082424,0.9969904910836334,0.039009151598919434,5.976309798782359e-05,-0.07795898577158679,0.20126871457180864,0.2009422827160221,0.2015941220307466,0.0031299399304705717,30.682587461704205,put wing
2026-10-16,0.0772651152663939,706.0,put,1.5501320636091525,1.5601320636091525,1.5551320636091523,1.565,0.009867936390847598,0.006389776357827482,12.0,1107.0,762.1602143082424,0.9969904910836334,0.039009151598919434,5.976309798782359e-05,-0.07654155109061339,0.19958395439249235,0.19942407357171088,0.19974359188608762,0.0030777596600515015,31.297153814959454,put wing
2026-10-16,0.0772651152663939,707.0,put,1.5897412374823567,1.5997412374823567,1.5947412374823566,1.605,0.01025876251764335,0.006230529595015582,8.0,1048.0,762.1602143082424,0.9969904910836334,0.039009151598919434,5.976309798782359e-05,-0.07512612268728273,0.19801921427842215,0.1978626664753995,0.19817553196074403,0.0030296895064301694,31.962659658909384,put wing
2026-10-16,0.0772651152663939,708.0,put,1.6293359296535235,1.6393359296535235,1.6343359296535236,1.645,0.010664070346476429,0.0060790273556231055,17.0,2937.0,762.1602143082424,0.9969904910836334,0.039009151598919434,5.976309798782359e-05,-0.07371269489013575,0.1964130792547899,0.19625974339255178,0.19656619730434588,0.0029807411657301534,32.631374240756074,put wing
2026-10-16,0.0772651152663939,709.0,put,1.6689169077929518,1.6789169077929518,1.6739169077929519,1.685,0.011083092207048173,0.005934718100890213,5.0,1666.0,762.1602143082424,0.9969904910836334,0.039009151598919434,5.976309798782359e-05,-0.07230126205172792,0.194766441154675,0.19461620406871527,0.19491647191860437,0.002930972301864978,33.30363739721077,put wing
2026-10-16,0.0772651152663939,710.0,put,1.7283548033103286,1.7483548033103287,1.7383548033103287,1.75,0.011645196689671344,0.011428571428571439,1412.0,14220.0,762.1602143082424,0.9969904910836334,0.039009151598919434,5.976309798782359e-05,-0.07089181854849434,0.19380961440272323,0.19351686081426292,0.19410160455319464,0.002902245134703537,34.203162064175004,put wing
2026-10-16,0.0772651152663939,711.0,put,1.767934375884637,1.777934375884637,1.7729343758846372,1.7850000000000001,0.012065624115362938,0.005602240896358548,120.0,3789.0,762.1602143082424,0.9969904910836334,0.039009151598919434,5.976309798782359e-05,-0.06948435878061458,0.19192733309748944,0.19178371522553783,0.1920707689721751,0.002846145604403306,34.836716889601824,put wing
2026-10-16,0.0772651152663939,712.0,put,1.8173921747374564,1.8373921747374564,1.8273921747374564,1.84,0.01260782526254367,0.010869565217391313,34.0,1201.0,762.1602143082424,0.9969904910836334,0.039009151598919434,5.976309798782359e-05,-0.06807887717187971,0.1905718190176896,0.19029096441584012,0.19085199192349742,0.002806084956710619,35.6490098792371,put wing
2026-10-16,0.0772651152663939,713.0,put,1.8768315039484027,1.8868315039484027,1.8818315039484028,1.895,0.0131684960515972,0.0052770448548812715,31.0,1316.0,762.1602143082424,0.9969904910836334,0.039009151598919434,5.976309798782359e-05,-0.06667536816955957,0.1891614390194095,0.18902423009849964,0.18929848816044545,0.0027647042186368436,36.46204118976736,put wing
2026-10-16,0.0772651152663939,714.0,put,1.9262512344640412,1.9462512344640412,1.9362512344640412,1.95,0.013748765535958718,0.010256410256410265,30.0,4573.0,762.1602143082424,0.9969904910836334,0.039009151598919434,5.976309798782359e-05,-0.06527382624427115,0.1876976171803857,0.18742904932245272,0.18796558515252113,0.002722080568816857,37.27629021901873,put wing
2026-10-16,0.0772651152663939,715.0,put,1.9856257175945924,2.0056257175945924,1.9956257175945922,2.01,0.014374282405407612,0.009950248756218916,2024.0,9695.0,762.1602143082424,0.9969904910836334,0.039009151598919434,5.976309798782359e-05,-0.06387424588984779,0.18631218604317054,0.18604966369983847,0.18657414713446546,0.002682044503730967,38.13287390650663,put wing
2026-10-16,0.0772651152663939,716.0,put,2.0350618037570958,2.045061803757096,2.0400618037570957,2.0549999999999997,0.014938196242904045,0.004866180048661913,116.0,11269.0,762.1602143082424,0.9969904910836334,0.039009151598919434,5.976309798782359e-05,-0.06247662162320985,0.18448698115978773,0.18435828199964607,0.18461554725467194,0.0026297526751345693,38.87041477932121,put wing
2026-10-16,0.0772651152663939,717.0,put,2.0943916765504085,2.1043916765504087,2.099391676550409,2.115,0.0156083234495914,0.004728132387706964,1.0,1461.0,762.1602143082424,0.9969904910836334,0.039009151598919434,5.976309798782359e-05,-0.06108094798423513,0.182997983370099,0.1828720748120746,0.18312376719700793,0.0025874744171286066,39.731065701824555,put wing
2026-10-16,0.0772651152663939,718.0,put,2.143723954585413,2.163723954585413,2.1537239545854128,2.17,0.01627604541458716,0.00921658986175116,119.0,4842.0,762.1602143082424,0.9969904910836334,0.039009151598919434,5.976309798782359e-05,-0.059687219535631324,0.18133207164909848,0.18108525615148147,0.1815784171687614,0.002540578996025115,40.55480755599079,put wing
2026-10-16,0.0772651152663939,719.0,put,2.222917584604771,2.232917584604771,2.227917584604771,2.245,0.017082415395229145,0.004454342984409705,9.0,1446.0,762.1602143082424,0.9969904910836334,0.039009151598919434,5.976309798782359e-05,-0.05829543086280884,0.1800976482132536,0.17997720539347037,0.1802179819569585,0.0025061065995303808,41.53230539150556,put wing
2026-10-16,0.0772651152663939,720.0,put,2.282170177960649,2.2921701779606494,2.287170177960649,2.3049999999999997,0.017829822039350685,0.004338394793926348,619.0,33509.0,762.1602143082424,0.9969904910836334,0.039009151598919434,5.976309798782359e-05,-0.05690557657375444,0.1784439735546641,0.17832599042314742,0.17856185414928405,0.0024602952477857706,42.39738580555427,put wing
2026-10-16,0.0772651152663939,721.0,put,2.3612501484200155,2.3812501484200155,2.3712501484200152,2.3899999999999997,0.018749851579984433,0.008368200836820092,35.0,935.0,762.1602143082424,0.9969904910836334,0.039009151598919434,5.976309798782359e-05,-0.05551765129890638,0.1773124578109885,0.17708208703109898,0.1775424496300155,0.0024291926389938645,43.444101460373915,put wing
2026-10-16,0.0772651152663939,722.0,put,2.4303497780251724,2.460349778025172,2.445349778025172,2.465,0.019650221974827797,0.012170385395537447,28.0,20855.0,762.1602143082424,0.9969904910836334,0.039009151598919434,5.976309798782359e-05,-0.05413164969102925,0.17588194474534072,0.17554383097864107,0.1762192639081161,0.0023901545007326765,44.41613943076605,put wing
2026-10-16,0.0772651152663939,723.0,put,2.519385606239745,2.5293856062397446,2.5243856062397447,2.545,0.0206143937602552,0.003929273084479288,212.0,5423.0,762.1602143082424,0.9969904910836334,0.039009151598919434,5.976309798782359e-05,-0.05274756642509081,0.1744978204390997,0.17438769818203215,0.17460786061150033,0.002352683303503115,45.42102951512765,put wing
2026-10-16,0.0772651152663939,724.0,put,2.578502075924048,2.5885020759240476,2.5835020759240477,2.605,0.0214979240759523,0.0038387715930901295,4092.0,29473.0,762.1602143082424,0.9969904910836334,0.039009151598919434,5.976309798782359e-05,-0.05136539619813916,0.17261835803252665,0.17251031025505018,0.17272632839957505,0.002302276175247498,46.29242593434471,put wing
2026-10-16,0.0772651152663939,725.0,put,2.6574277616925595,2.6774277616925595,2.6674277616925597,2.6900000000000004,0.022572238307440706,0.007434944237918221,2134.0,44189.0,762.1602143082424,0.9969904910836334,0.039009151598919434,5.976309798782359e-05,-0.049985133729180654,0.1712168075813349,0.1710053788977573,0.17142794880698412,0.002265041936056875,47.3295156709218,ATM
2026-10-16,0.0772651152663939,726.0,put,2.7264005596410206,2.7464005596410206,2.7364005596410204,2.76,0.02359944035897943,0.00724637681159421,8.0,10398.0,762.1602143082424,0.9969904910836334,0.039009151598919434,5.976309798782359e-05,-0.04860677375905936,0.16943806354584093,0.16923076242676527,0.16964509502122127,0.0022182240805364442,48.27046553102374,ATM
2026-10-16,0.0772651152663939,727.0,put,2.8350795319821125,2.8550795319821125,2.8450795319821127,2.87,0.024920468017887387,0.0069686411149825845,82.0,12307.0,762.1602143082424,0.9969904910836334,0.039009151598919434,5.976309798782359e-05,-0.04723031105033611,0.16841021154210495,0.16820788915817825,0.16861228693702426,0.0021913931490911316,49.45631670107255,ATM
2026-10-16,0.0772651152663939,728.0,put,2.9337663109443817,2.9537663109443817,2.9437663109443815,2.9699999999999998,0.026233689055618292,0.006734006734006741,24.0,24147.0,762.1602143082424,0.9969904910836334,0.039009151598919434,5.976309798782359e-05,-0.045855740387169525,0.16709754793798107,0.1668996978976084,0.16729517003544062,0.0021573649104808896,50.57251977358408,ATM
2026-10-16,0.0772651152663939,729.0,put,3.032430629837917,3.042430629837917,3.037430629837917,3.065,0.02756937016208294,0.0032626427406198324,62.0,2089.0,762.1602143082424,0.9969904910836334,0.039009151598919434,5.976309798782359e-05,-0.04448305657519737,0.16561161766407156,0.16551479386727602,0.16570838866323181,0.0021191663802391752,51.65429441233383,ATM
2026-10-16,0.0772651152663939,730.0,put,3.1210667259371063,3.1310667259371066,3.1260667259371067,3.1550000000000002,0.028933274062893588,0.0031695721077655246,4080.0,43666.0,762.1602143082424,0.9969904910836334,0.039009151598919434,5.976309798782359e-05,-0.04311225444141861,0.163959896596583,0.16386500479544866,0.16405473930852219,0.0020771063256083697,52.7052365366592,ATM
2026-10-16,0.0772651152663939,731.0,put,3.2195506379051744,3.2395506379051744,3.229550637905174,3.26,0.030449362094825627,0.0061349693251533804,10.0,1598.0,762.1602143082424,0.9969904910836334,0.039009151598919434,5.976309798782359e-05,-0.04174332883407694,0.16251867042964205,0.16233282128855323,0.16270433838673432,0.0020407508131286387,53.83337024784114,ATM
2026-10-16,0.0772651152663939,732.0,put,3.337866708147272,3.357866708147272,3.3478667081472717,3.38,0.032133291852728174,0.0059171597633136145,41.0,36522.0,762.1602143082424,0.9969904910836334,0.039009151598919434,5.976309798782359e-05,-0.04037627462254391,0.1612714247874701,0.1610896235800068,0.1614530599883024,0.0020095476219823788,55.03030353956102,ATM
2026-10-16,0.0772651152663939,733.0,put,3.4262923458324686,3.4462923458324686,3.4362923458324683,3.4699999999999998,0.03370765416753141,0.005763688760806922,79.0,3754.0,762.1602143082424,0.9969904910836334,0.039009151598919434,5.976309798782359e-05,-0.039011086697204,0.1594062158928777,0.15922779430190628,0.15958448291531255,0.0019633329777268313,56.07135737072772,ATM
2026-10-16,0.0772651152663939,734.0,put,3.574296774772764,3.5842967747727643,3.5792967747727644,3.615,0.03570322522723579,0.0027662517289073945,21.0,3510.0,762.1602143082424,0.9969904910836334,0.039009151598919434,5.976309798782359e-05,-0.03764775996933993,0.15843132307710311,0.15834414746468944,0.15851846367088415,0.0019393917996982908,57.36702204916387,ATM
2026-10-16,0.0772651152663939,735.0,put,3.682368619550526,3.7123686195505257,3.697368619550526,3.7350000000000003,0.03763138044947434,0.008032128514056172,866.0,27223.0,762.1602143082424,0.9969904910836334,0.039009151598919434,5.976309798782359e-05,-0.03628628937101874,0.15693000386178657,0.15667359036564468,0.1571861279714784,0.0019028100112168352,58.532369325209,ATM
2026-10-16,0.0772651152663939,736.0,put,3.82025518478977,3.84025518478977,3.8302551847897703,3.87,0.03974481521022977,0.005167958656330754,17.0,26681.0,762.1602143082424,0.9969904910836334,0.039009151598919434,5.976309798782359e-05,-0.034926669854979206,0.1555957067371798,0.15542828654735208,0.1557630096160642,0.001870590291488513,59.75091857015483,ATM
2026-10-16,0.0772651152663939,737.0,put,3.9480643781783615,3.968064378178361,3.9580643781783613,4.0,0.04193562182163868,0.004999999999999893,120.0,3236.0,762.1602143082424,0.9969904910836334,0.039009151598919434,5.976309798782359e-05,-0.03356889639451886,0.1540884096083342,0.15392424616882658,0.1542524657660321,0.0018345240189841469,60.934843588238536,ATM
2026-10-16,0.0772651152663939,738.0,put,4.105569592462266,4.1255695924622655,4.115569592462266,4.16,0.04443040753773442,0.004807692307692205,73.0,6584.0,762.1602143082424,0.9969904910836334,0.039009151598919434,5.976309798782359e-05,-0.03221296398338299,0.1529736660901711,0.15281289490051153,0.1531343404428619,0.0018080765209234524,62.218964403287075,ATM
2026-10-16,0.0772651152663939,739.0,put,4.253043964300659,4.263043964300659,4.258043964300659,4.305,0.04695603569934104,0.00232288037166081,173.0,2823.0,762.1602143082424,0.9969904910836334,0.039009151598919434,5.976309798782359e-05,-0.030858867635653736,0.15151945960620342,0.15144061704799625,0.1515982801649135,0.001773863846392608,63.426381383688216,ATM
2026-10-16,0.0772651152663939,740.0,put,4.380443692944211,4.4004436929442114,4.390443692944211,4.4399999999999995,0.04955630705578873,0.004504504504504609,1776.0,31086.0,762.1602143082424,0.9969904910836334,0.039009151598919434,5.976309798782359e-05,-0.029506602385640096,0.1498175605404259,0.14966268264490754,0.14997235816729498,0.0017342388034361047,64.58375204916389,ATM
2026-10-16,0.0772651152663939,741.0,put,4.557398355450647,4.587398355450646,4.572398355450646,4.625,0.052601644549353566,0.006486486486486348,504.0,3620.0,762.1602143082424,0.9969904910836334,0.039009151598919434,5.976309798782359e-05,-0.028156163287768553,0.14878330867250597,0.14855555667502984,0.14901089933889639,0.001710377133264828,65.88449465870275,ATM
2026-10-16,0.0772651152663939,742.0,put,4.724284897496676,4.754284897496675,4.739284897496676,4.795,0.05571510250332423,0.0062565172054221815,26.0,6257.0,762.1602143082424,0.9969904910836334,0.039009151598919434,5.976309798782359e-05,-0.026807545416475013,0.14741236317290743,0.14718877509416148,0.14763580633448314,0.0016790022329107286,67.10944619245468,ATM
2026-10-16,0.0772651152663939,743.0,put,4.871039501825642,4.921039501825643,4.896039501825642,4.955,0.05896049817435767,0.010090817356205995,15.0,2161.0,762.1602143082424,0.9969904910836334,0.039009151598919434,5.976309798782359e-05,-0.025460743866096317,0.14579081888785048,0.14542450899032025,0.14615676621939078,0.0016422671562872316,68.282123572737,ATM
2026-10-16,0.0772651152663939,744.0,put,5.067388580879182,5.107388580879182,5.087388580879183,5.15,0.06261141912081758,0.0077669902912621425,48.0,2601.0,762.1602143082424,0.9969904910836334,0.039009151598919434,5.976309798782359e-05,-0.02411575375076364,0.14457075080631382,0.14428296330482004,0.1448583323752775,0.0016148951483055533,69.52065624914476,ATM
2026-10-16,0.0772651152663939,745.0,put,5.283397026128936,5.323397026128936,5.303397026128936,5.369999999999999,0.0666029738710634,0.007448789571694607,1786.0,42311.0,762.1602143082424,0.9969904910836334,0.039009151598919434,5.976309798782359e-05,-0.022772570204296013,0.14358635165614317,0.14330369879965052,0.14386882371175672,0.0015929780015610708,70.78086601156419,ATM
2026-10-16,0.0772651152663939,746.0,put,5.439476294126647,5.489476294126646,5.464476294126647,5.535,0.07052370587335322,0.009033423667569977,15.0,2070.0,762.1602143082424,0.9969904910836334,0.039009151598919434,5.976309798782359e-05,-0.021431188380094585,0.14171504482319827,0.1413671321282534,0.14206270521636175,0.001551727203255545,71.88324880971713,ATM
2026-10-16,0.0772651152663939,747.0,put,5.655037472602619,5.6950374726026185,5.675037472602619,5.75,0.07496252739738107,0.006956521739130287,243.0,2832.0,762.1602143082424,0.9969904910836334,0.039009151598919434,5.976309798782359e-05,-0.02009160345103815,0.14042332821036074,0.14014949740725188,0.14069701780987523,0.0015235684864846769,73.05668155065156,ATM
2026-10-16,0.0772651152663939,748.0,put,5.900128623713309,5.940128623713308,5.920128623713309,6.0,0.07987137628669139,0.006666666666666525,53.0,2450.0,762.1602143082424,0.9969904910836334,0.039009151598919434,5.976309798782359e-05,-0.018753810609378238,0.13947773007756673,0.1392082963430777,0.1397470422794356,0.0015031184256958981,74.24653715012495,ATM
2026-10-16,0.0772651152663939,749.0,put,6.095136728210372,6.145136728210373,6.1201367282103725,6.205,0.0848632717896276,0.008058017727639115,83.0,2002.0,762.1602143082424,0.9969904910836334,0.039009151598919434,5.976309798782359e-05,-0.017417805066636025,0.13780129639307837,0.13746927081234256,0.13813315692877212,0.0014672025172437154,75.31417346495562,ATM
2026-10-16,0.0772651152663939,750.0,put,6.329669719726165,6.359669719726165,6.3446697197261654,6.4350000000000005,0.09033028027383505,0.0046620046620047,4429.0,37975.0,762.1602143082424,0.9969904910836334,0.039009151598919434,5.976309798782359e-05,-0.0160835820534994,0.13633134825412563,0.13613492445363282,0.13652772119123538,0.00143606770683806,76.37539574527842,ATM
2026-10-16,0.0772651152663939,751.0,put,6.533874834735911,6.58387483473591,6.55887483473591,6.654999999999999,0.09612516526408932,0.0075131480090157516,86.0,2147.0,762.1602143082424,0.9969904910836334,0.039009151598919434,5.976309798782359e-05,-0.014751136819720687,0.13460381321794365,0.13428065610227882,0.13492685005592076,0.0013999037708756722,77.37618780596752,ATM
2026-10-16,0.0772651152663939,752.0,put,6.857252214246063,6.907252214246062,6.882252214246062,6.984999999999999,0.10274778575393739,0.007158196134574062,49.0,5634.0,762.1602143082424,0.9969904910836334,0.039009151598919434,5.976309798782359e-05,-0.01342046463401563,0.13414740912797762,0.13382863313587126,0.13446608728865705,0.0013904264969667947,78.43704468664207,ATM
2026-10-16,0.0772651152663939,753.0,put,7.140377933608738,7.180377933608738,7.160377933608737,7.27,0.10962206639126215,0.005502063273727653,425.0,28205.0,762.1602143082424,0.9969904910836334,0.039009151598919434,5.976309798782359e-05,-0.012091560783961898,0.1329645354687741,0.13271254959591638,0.13321647040242438,0.0013660138356153767,79.37756830681883,ATM
2026-10-16,0.0772651152663939,754.0,put,7.383105568044757,7.423105568044757,7.403105568044756,7.52,0.1168944319552434,0.005319148936170218,192.0,1698.0,762.1602143082424,0.9969904910836334,0.039009151598919434,5.976309798782359e-05,-0.010764420575899424,0.1311986371214374,0.1309493181910893,0.13144791493776947,0.0013299707943755438,80.22516578480717,ATM
2026-10-16,0.0772651152663939,755.0,put,7.675115109595783,7.725115109595783,7.7001151095957825,7.824999999999999,0.1248848904042168,0.006389776357827454,3788.0,16746.0,762.1602143082424,0.9969904910836334,0.039009151598919434,5.976309798782359e-05,-0.009439039334830816,0.12996864576196143,0.12966012812977123,0.13027711364701547,0.0013051506508682871,81.03919567767299,ATM
2026-10-16,0.0772651152663939,756.0,put,8.006491649480656,8.066491649480655,8.036491649480656,8.17,0.13350835051934418,0.0073439412484698555,87.0,2131.0,762.1602143082424,0.9969904910836334,0.039009151598919434,5.976309798782359e-05,-0.00811541240432243,0.1290710761184607,0.12870425336284078,0.12943784587548285,0.0012871860332343723,81.78929283728235,ATM
2026-10-16,0.0772651152663939,757.0,put,8.267266527370376,8.317266527370377,8.292266527370376,8.435,0.1427334726296241,0.005927682276230078,284.0,28155.0,762.1602143082424,0.9969904910836334,0.039009151598919434,5.976309798782359e-05,-0.006793535146406673,0.12703744168048475,0.1267341224247838,0.12734073435929957,0.0012469439581306828,82.42502755447737,ATM
2026-10-16,0.0772651152663939,758.0,put,8.61726110032615,8.67726110032615,8.647261100326151,8.8,0.15273889967384946,0.006818181818181874,289.0,3203.0,762.1602143082424,0.9969904910836334,0.039009151598919434,5.976309798782359e-05,-0.005473402941483814,0.12605328041462255,0.12569182794424646,0.12641470791331452,0.001227698602088746,83.0013400660718,ATM
2026-10-16,0.0772651152663939,759.0,put,8.976474010359889,9.016474010359888,8.996474010359888,9.16,0.163525989640112,0.004366812227074143,663.0,2153.0,762.1602143082424,0.9969904910836334,0.039009151598919434,5.976309798782359e-05,-0.004155011188225566,0.12483479736692957,0.12459520231101537,0.12507438596801485,0.00120407843462835,83.47530323523995,ATM
2026-10-16,0.0772651152663939,760.0,put,9.344854091817274,9.404854091817274,9.374854091817275,9.55,0.17514590818272602,0.006282722513089057,1690.0,15889.0,762.1602143082424,0.9969904910836334,0.039009151598919434,5.976309798782359e-05,-0.002838355303478751,0.12379747048260795,0.12343966727246991,0.12415526696332112,0.0011841507619189183,83.84576251751668,ATM
2026-10-16,0.0772651152663939,761.0,put,9.77251415099598,9.832514150995978,9.802514150995979,9.99,0.18748584900402143,0.006006006006005878,1075.0,1576.0,762.1602143082424,0.9969904910836334,0.039009151598919434,5.976309798782359e-05,-0.0015234307221695877,0.12317347739483775,0.12281677371070518,0.12353017933654221,0.001172243576836492,84.10362681058845,ATM
2026-10-16,0.0772651152663939,762.0,put,10.108624047086934,10.168624047086933,10.138624047086934,10.34,0.20137595291306631,0.005802707930367381,1088.0,2064.0,762.1602143082424,0.9969904910836334,0.039009151598919434,5.976309798782359e-05,-0.0002102328972091717,0.12128453199247308,0.12092841080726963,0.12164065343412882,0.0011365650320008995,84.240956342638,ATM
2026-10-16,0.0772651152663939,763.0,call,9.73,9.78,9.754999999999999,9.754999999999999,0.0,0.00512557662737047,1079.0,1786.0,762.1602143082424,0.9969904910836334,0.039009151598919434,5.976309798782359e-05,0.0011012427006014277,0.12061012495216394,0.12031339763181469,0.12090685168996317,0.001123960351906494,84.25252046192766,ATM
2026-10-16,0.0772651152663939,764.0,call,9.12,9.17,9.145,9.145,0.0,0.005467468562055846,82.0,2495.0,762.1602143082424,0.9969904910836334,0.039009151598919434,5.976309798782359e-05,0.002411000582665114,0.11895815442952452,0.11866099197557323,0.11925531313987052,0.001093381930309991,84.12959835508677,ATM
2026-10-16,0.0772651152663939,765.0,call,8.61,8.65,8.629999999999999,8.629999999999999,0.0,0.00463499420625735,912.0,7098.0,762.1602143082424,0.9969904910836334,0.039009151598919434,5.976309798782359e-05,0.0037190452426804385,0.11824444433664869,0.11800597768562426,0.11848290496035324,0.0010803014184782877,83.87023174546182,ATM
2026-10-16,0.0772651152663939,766.0,call,8.06,8.1,8.08,8.08,0.0,0.004950495049504845,266.0,6194.0,762.1602143082424,0.9969904910836334,0.039009151598919434,5.976309798782359e-05,0.005025381156735879,0.11691791398457775,0.1166782737744872,0.1171575425804767,0.0010561985653090695,83.46047468100375,ATM
2026-10-16,0.0772651152663939,767.0,call,7.53,7.58,7.555,7.555,0.0,0.00661813368630044,70.0,7513.0,762.1602143082424,0.9969904910836334,0.039009151598919434,5.976309798782359e-05,0.006330012783400745,0.11568782930932892,0.11538623829031136,0.11598939006954503,0.0010340911027315932,82.89788488856405,ATM
2026-10-16,0.0772651152663939,768.0,call,7.05,7.09,7.07,7.07,0.0,0.005657708628005662,164.0,4750.0,762.1602143082424,0.9969904910836334,0.039009151598919434,5.976309798782359e-05,0.007632944563816704,0.11473397144344417,0.11449060899720329,0.1149773044556942,0.0010171090303125558,82.1869295432936,ATM
2026-10-16,0.0772651152663939,769.0,call,6.58,6.63,6.605,6.605,0.0,0.0075700227100681024,22.0,2313.0,762.1602143082424,0.9969904910836334,0.039009151598919434,5.976309798782359e-05,0.008934180921788491,0.11381475220135939,0.11350729872583465,0.11412213966311814,0.001000876681596083,81.32187089636957,ATM
2026-10-16,0.0772651152663939,770.0,call,6.13,6.17,6.15,6.15,0.0,0.006504065040650412,1303.0,18267.0,762.1602143082424,0.9969904910836334,0.039009151598919434,5.976309798782359e-05,0.010233726263874027,0.11280435345212037,0.11255523624498838,0.11305341220567466,0.0009831848507629863,80.29293720803105,ATM
2026-10-16,0.0772651152663939,771.0,call,5.73,5.77,5.75,5.75,0.0,0.006956521739130287,107.0,3272.0,762.1602143082424,0.9969904910836334,0.039009151598919434,5.976309798782359e-05,0.011531584979473963,0.112265358555662,0.11201262742804169,0.11251801215343538,0.0009738117094407289,79.14765344117109,ATM
2026-10-16,0.0772651152663939,772.0,call,5.27,5.32,5.295,5.295,0.0,0.009442870632672467,25.0,2662.0,762.1602143082424,0.9969904910836334,0.039009151598919434,5.976309798782359e-05,0.012827761440920623,0.11080574848114112,0.1104841290542874,0.11112720628334323,0.0009486544324412979,77.751222535054,ATM
2026-10-16,0.0772651152663939,773.0,call,4.89,4.94,4.915,4.915,0.0,0.010172939979654265,166.0,2229.0,762.1602143082424,0.9969904910836334,0.039009151598919434,5.976309798782359e-05,0.014122260003566393,0.1100765910617117,0.1097487363489794,0.11040423811351448,0.0009362102677618063,76.27752757941798,ATM
2026-10-16,0.0772651152663939,774.0,call,4.51,4.55,4.529999999999999,4.529999999999999,0.0,0.008830022075055196,66.0,1815.0,762.1602143082424,0.9969904910836334,0.039009151598919434,5.976309798782359e-05,0.015415085005871744,0.1090502018635883,0.1087820446342036,0.10931818881857276,0.0009188326191109927,74.60686474108903,ATM
2026-10-16,0.0772651152663939,775.0,call,4.17,4.21,4.1899999999999995,4.1899999999999995,0.0,0.00954653937947495,533.0,13145.0,762.1602143082424,0.9969904910836334,0.039009151598919434,5.976309798782359e-05,0.016706240769491603,0.10839208633823365,0.10811745852764731,0.10866650054198349,0.0009077758153259669,72.85425610567052,ATM
2026-10-16,0.0772651152663939,776.0,call,3.84,3.88,3.86,3.86,0.0,0.010362694300518144,98.0,1747.0,762.1602143082424,0.9969904910836334,0.039009151598919434,5.976309798782359e-05,0.017995731599363338,0.10763835327320823,0.10735632453688854,0.10792011509942806,0.0008951947918217864,70.94844122252051,ATM
2026-10-16,0.0772651152663939,777.0,call,3.55,3.59,3.57,3.57,0.0,0.011204481792717097,164.0,1887.0,762.1602143082424,0.9969904910836334,0.039009151598919434,5.976309798782359e-05,0.019283561783792008,0.10721814897445678,0.10692814259129367,0.10750782750111745,0.0008882190170631097,69.00313874289773,ATM
2026-10-16,0.0772651152663939,778.0,call,3.26,3.28,3.2699999999999996,3.2699999999999996,0.0,0.0061162079510703425,657.0,3845.0,762.1602143082424,0.9969904910836334,0.039009151598919434,5.976309798782359e-05,0.020569735594536148,0.10641790435476609,0.10626824913560007,0.10656745792023721,0.0008750096877917969,66.84299947336176,ATM
2026-10-16,0.0772651152663939,779.0,call,2.97,3.0,2.9850000000000003,2.9850000000000003,0.0,0.010050251256281341,123.0,1921.0,762.1602143082424,0.9969904910836334,0.039009151598919434,5.976309798782359e-05,0.02185425728689279,0.1055900052608872,0.10535751176515076,0.10582221539144314,0.0008614480254212171,64.55739411341355,ATM
2026-10-16,0.0772651152663939,780.0,call,2.73,2.75,2.74,2.74,0.0,0.0072992700729927066,5212.0,13157.0,762.1602143082424,0.9969904910836334,0.039009151598919434,5.976309798782359e-05,0.023137131099781924,0.10513681126836057,0.10497622878420967,0.1052972402181382,0.0008540691970762438,62.303141247479495,ATM
2026-10-16,0.0772651152663939,781.0,call,2.48,2.5,2.49,2.49,0.0,0.008032128514056231,952.0,3409.0,762.1602143082424,0.9969904910836334,0.039009151598919434,5.976309798782359e-05,0.024418361255830447,0.10435637246401311,0.10418917669180246,0.10452337868639126,0.0008414366126719842,59.844127422857596,ATM
2026-10-16,0.0772651152663939,782.0,call,2.29,2.31,2.3,2.3,0.0,0.008695652173913052,137.0,2881.0,762.1602143082424,0.9969904910836334,0.039009151598919434,5.976309798782359e-05,0.025697951961455544,0.10434461683304412,0.1041710077643369,0.10451799950659733,0.0008412470495254538,57.63835452146873,ATM
2026-10-16,0.0772651152663939,783.0,call,2.07,2.09,2.08,2.08,0.0,0.009615384615384623,288.0,2292.0,762.1602143082424,0.9969904910836334,0.039009151598919434,5.976309798782359e-05,0.026975907406947542,0.10357710938146421,0.10339534239688342,0.1037585968294466,0.0008289169685258513,55.057945603609824,ATM
2026-10-16,0.0772651152663939,784.0,call,1.9,1.91,1.9049999999999998,1.9049999999999998,0.0,0.0052493438320210025,195.0,2473.0,762.1602143082424,0.9969904910836334,0.039009151598919434,5.976309798782359e-05,0.02825223176655227,0.10338126840859091,0.10328635575458979,0.10347609692937722,0.000825785341543631,52.703408751227975,ATM
2026-10-16,0.0772651152663939,785.0,call,1.71,1.73,1.72,1.72,0.0,0.011627906976744196,492.0,13125.0,762.1602143082424,0.9969904910836334,0.039009151598919434,5.976309798782359e-05,0.029526929198553046,0.10275454845995802,0.1025547886794424,0.10295389415968142,0.0008158035054548006,50.11223850345839,ATM
2026-10-16,0.0772651152663939,786.0,call,1.55,1.57,1.56,1.56,0.0,0.012820512820512832,595.0,4363.0,762.1602143082424,0.9969904910836334,0.039009151598919434,5.976309798782359e-05,0.03080000384535114,0.10237377567499395,0.10216357845866202,0.10258346858870787,0.0008097685372108902,47.63171674527084,ATM
2026-10-16,0.0772651152663939,787.0,call,1.41,1.43,1.42,1.42,0.0,0.014084507042253534,627.0,2064.0,762.1602143082424,0.9969904910836334,0.039009151598919434,5.976309798782359e-05,0.032071459833547804,0.1021797611410601,0.1019584961077847,0.10240041702580553,0.0008067021660997614,45.25721566652876,ATM
2026-10-16,0.0772651152663939,788.0,call,1.28,1.3,1.29,1.29,0.0,0.015503875968992262,310.0,1712.0,762.1602143082424,0.9969904910836334,0.039009151598919434,5.976309798782359e-05,0.033341301274023676,0.1019821899126594,0.10174871252213238,0.10221493030378666,0.0008035855596559354,42.89870464342501,ATM
2026-10-16,0.0772651152663939,789.0,call,1.15,1.17,1.16,1.16,0.0,0.017241379310344845,293.0,1539.0,762.1602143082424,0.9969904910836334,0.039009151598919434,5.976309798782359e-05,0.03460953226201877,0.10154577018387725,0.10129794029561667,0.10179269415629737,0.0007967225926388556,40.42450241261359,ATM
2026-10-16,0.0772651152663939,790.0,call,1.05,1.06,1.0550000000000002,1.0550000000000002,0.0,0.009478672985781998,5267.0,21273.0,762.1602143082424,0.9969904910836334,0.039009151598919434,5.976309798782359e-05,0.03587615687721169,0.1014949293167935,0.1013639543230423,0.10162563159167688,0.0007959250029945808,38.2151188438385,ATM
2026-10-16,0.0772651152663939,791.0,call,0.95,0.97,0.96,0.96,0.0,0.020833333333333353,371.0,1900.0,762.1602143082424,0.9969904910836334,0.039009151598919434,5.976309798782359e-05,0.03714117918379836,0.10149870696983733,0.1012209310379918,0.10177517179127306,0.0007959842529391022,36.08590365469827,ATM
2026-10-16,0.0772651152663939,792.0,call,0.86,0.87,0.865,0.865,0.0,0.011560693641618507,417.0,2014.0,762.1602143082424,0.9969904910836334,0.039009151598919434,5.976309798782359e-05,0.03840460323057032,0.10128625254002462,0.10113845201275402,0.10143365288092519,0.0007926554737470103,33.875389064830095,ATM
2026-10-16,0.0772651152663939,793.0,call,0.79,0.8,0.795,0.795,0.0,0.012578616352201269,87.0,7321.0,762.1602143082424,0.9969904910836334,0.039009151598919434,5.976309798782359e-05,0.03966643305099243,0.10161311403126605,0.10145691084627706,0.10176884511224764,0.0007977796953824682,32.058208622753185,ATM
2026-10-16,0.0772651152663939,794.0,call,0.71,0.73,0.72,0.72,0.0,0.027777777777777804,101.0,3957.0,762.1602143082424,0.9969904910836334,0.039009151598919434,5.976309798782359e-05,0.04092667266328015,0.10160019951899227,0.10126673546435652,0.10193138095590129,0.0007975769207496753,30.09204076550959,ATM
2026-10-16,0.0772651152663939,795.0,call,0.64,0.65,0.645,0.645,0.0,0.015503875968992262,3343.0,10409.0,762.1602143082424,0.9969904910836334,0.039009151598919434,5.976309798782359e-05,0.04218532607047652,0.10136926894764069,0.10119070482634676,0.10154713086494825,0.0007939553614456314,28.056553981059377,ATM
2026-10-16,0.0772651152663939,796.0,call,0.58,0.6,0.59,0.59,0.0,0.0338983050847458,39.0,2470.0,762.1602143082424,0.9969904910836334,0.039009151598919434,5.976309798782359e-05,0.043442397260527614,0.10165035491143867,0.10126998309080071,0.10202739175853384,0.0007983645699360395,26.406939860038943,ATM
2026-10-16,0.0772651152663939,797.0,call,0.54,0.55,0.545,0.545,0.0,0.018348623853211024,701.0,11643.0,762.1602143082424,0.9969904910836334,0.039009151598919434,5.976309798782359e-05,0.04469789020635962,0.10215837208708368,0.10195758030967408,0.10235819084583071,0.000806364471236346,24.962214875956647,ATM
2026-10-16,0.0772651152663939,798.0,call,0.48,0.49,0.485,0.485,0.0,0.020618556701030948,18.0,1679.0,762.1602143082424,0.9969904910836334,0.039009151598919434,5.976309798782359e-05,0.04595180886595333,0.10187875332917558,0.10166179858077981,0.1020944984410048,0.0008019562949357354,23.11108574233533,ATM
2026-10-16,0.0772651152663939,799.0,call,0.45,0.46,0.455,0.455,0.0,0.021978021978021997,310.0,2812.0,762.1602143082424,0.9969904910836334,0.039009151598919434,5.976309798782359e-05,0.04720415718241921,0.10272613933553969,0.10249817132226688,0.10295273320683578,0.000815352468302691,21.99961998968995,ATM
2026-10-16,0.0772651152663939,800.0,call,0.41,0.42,0.415,0.415,0.0,0.024096385542168697,3067.0,22107.0,762.1602143082424,0.9969904910836334,0.039009151598919434,5.976309798782359e-05,0.048454939084071814,0.10299182965045132,0.10274838535667988,0.10323363663412644,0.0008195755687210488,20.608356455147977,ATM
2026-10-16,0.0772651152663939,805.0,call,0.26,0.27,0.265,0.265,0.0,0.03773584905660381,442.0,10081.0,762.1602143082424,0.9969904910836334,0.039009151598919434,5.976309798782359e-05,0.054685488834707786,0.10468421103423198,0.10434464837386014,0.10501992773067594,0.0008467317120192711,14.809598609374445,call wing
2026-10-16,0.0772651152663939,810.0,call,0.18,0.19,0.185,0.185,0.0,0.054054054054054106,144.0,15187.0,762.1602143082424,0.9969904910836334,0.039009151598919434,5.976309798782359e-05,0.060877459082628975,0.10797963428485081,0.1075254480713714,0.10842609478241139,0.0009008804476989269,11.104619398970387,call wing
2026-10-16,0.0772651152663939,815.0,call,0.14,0.15,0.14500000000000002,0.14500000000000002,0.0,0.06896551724137917,107.0,16309.0,762.1602143082424,0.9969904910836334,0.039009151598919434,5.976309798782359e-05,0.06703132465700713,0.11297474048250021,0.11240825815554739,0.11352856869774759,0.000986157226561017,8.928115078148432,call wing
2026-10-16,0.0772651152663939,820.0,call,0.1,0.11,0.10500000000000001,0.10500000000000001,0.0,0.09523809523809518,8.0,14361.0,762.1602143082424,0.9969904910836334,0.039009151598919434,5.976309798782359e-05,0.07314755167444333,0.11644881373501731,0.11570138871103434,0.11717251217207011,0.0010477401684608233,6.800576895316563,call wing
2026-10-16,0.0772651152663939,825.0,call,0.08,0.09,0.08499999999999999,0.08499999999999999,0.0,0.11764705882352937,2.0,16091.0,762.1602143082424,0.9969904910836334,0.039009151598919434,5.976309798782359e-05,0.07922659775082543,0.1214302979681894,0.12051493203790259,0.12230915090273861,0.0011392986380922097,5.577373211661047,call wing
2026-10-16,0.0772651152663939,830.0,call,0.07,0.08,0.07500000000000001,0.07500000000000001,0.0,0.13333333333333325,13.0,18376.0,762.1602143082424,0.9969904910836334,0.039009151598919434,5.976309798782359e-05,0.08526891220678814,0.12748336171231076,0.1264298594782023,0.1284887349214454,0.001255713233838703,4.8614785260584625,call wing
2026-10-16,0.0772651152663939,835.0,call,0.05,0.06,0.055,0.055,0.0,0.18181818181818174,3.0,3413.0,762.1602143082424,0.9969904910836334,0.039009151598919434,5.976309798782359e-05,0.09127493626699992,0.13050733090252448,0.12911743438778409,0.13180936240746188,0.001315992069828351,3.7213439512583446,call wing
2026-10-30,0.1156212796499556,470.0,put,0.10974610786766804,0.11974610786766804,0.11474610786766803,0.11499999999999999,0.0002538921323319565,0.0869565217391304,178.0,76097.0,763.4854663224103,0.9954998680484348,0.03900915159891941,-0.002044963214945121,-0.4851613941773463,0.5291766931290881,0.5267855668819968,0.5314918353808535,0.03237719252413355,2.125717157202768,deep put wing
2026-10-30,0.1156212796499556,475.0,put,0.11971966519542665,0.12971966519542666,0.12471966519542665,0.125,0.0002803348045733456,0.08000000000000007,19.0,128.0,763.4854663224103,0.9954998680484348,0.03900915159891941,-0.002044963214945121,-0.4745792848468094,0.5229818723938938,0.520776232842835,0.5251232513397046,0.03162358068924935,2.3012392866861915,deep put wing
2026-10-30,0.1156212796499556,480.0,put,0.11971341626662216,0.12971341626662217,0.12471341626662216,0.125,0.0002865837333778376,0.08000000000000007,1.0,421.0,763.4854663224103,0.9954998680484348,0.03900915159891941,-0.002044963214945121,-0.46410798497951405,0.5123392195197687,0.5101726213409802,0.5144427411937914,0.03034960033592192,2.3426805087908247,deep put wing
2026-10-30,0.1156212796499556,485.0,put,0.1296853086118989,0.1396853086118989,0.1346853086118989,0.135,0.00031469138810111263,0.07407407407407414,6.0,45.0,763.4854663224103,0.9954998680484348,0.03900915159891941,-0.002044963214945121,-0.45374519794396734,0.5058627546774208,0.5038542385011765,0.5078173173643779,0.029587153232750216,2.524049144658873,deep put wing
2026-10-30,0.1156212796499556,490.0,put,0.13965618274975886,0.14965618274975884,0.14465618274975886,0.14500000000000002,0.0003438172502411574,0.06896551724137917,4.0,236.0,763.4854663224103,0.9954998680484348,0.03900915159891941,-0.002044963214945121,-0.4434886977767783,0.4991263796567064,0.4972563504577559,0.5009498037968083,0.028804399054075447,2.7081947332497105,deep put wing
2026-10-30,0.1156212796499556,495.0,put,0.14962592209728182,0.15962592209728182,0.15462592209728182,0.155,0.0003740779027181784,0.06451612903225812,6.0,216.0,763.4854663224103,0.9954998680484348,0.03900915159891941,-0.002044963214945121,-0.4333363263127603,0.49216633390635,0.4904187914713898,0.49387327672626596,0.028006676667352882,2.89544006990083,deep put wing
2026-10-30,0.1156212796499556,500.0,put,0.15959451058810414,0.16959451058810415,0.16459451058810415,0.165,0.00040548941189585963,0.060606060606060656,30.0,1190.0,763.4854663224103,0.9954998680484348,0.03900915159891941,-0.002044963214945121,-0.42328599045925897,0.48501246758464495,0.48337416350666,0.48661514222654284,0.027198413796181122,3.086098447555666,deep put wing
2026-10-30,0.1156212796499556,505.0,put,0.16956175604434115,0.17956175604434113,0.17456175604434113,0.175,0.00043824395565886243,0.05714285714285704,1.0,191.0,763.4854663224103,0.9954998680484348,0.03900915159891941,-0.002044963214945121,-0.41333565960609076,0.4776895632501812,0.47614939184548594,0.4791982642956544,0.026383309803959188,3.2804752406982294,deep put wing
2026-10-30,0.1156212796499556,510.0,put,0.179527638927779,0.18952763892777902,0.18452763892777901,0.185,0.00047236107222098367,0.054054054054054106,1.0,750.0,763.4854663224103,0.9954998680484348,0.03900915159891941,-0.002044963214945121,-0.40348336316307915,0.4702184933411519,0.46876704605904645,0.4716419848456778,0.025564492925275822,3.478877039801731,deep put wing
2026-10-30,0.1156212796499556,515.0,put,0.19946813415353742,0.2094681341535374,0.20446813415353743,0.20500000000000002,0.0005318658464625869,0.04878048780487795,3.0,339.0,763.4854663224103,0.9954998680484348,0.03900915159891941,-0.002044963214945121,-0.3937271882177145,0.4652784036992961,0.46395634323031554,0.4665776219010595,0.025030156288491315,3.8154121092806705,deep put wing
2026-10-30,0.1156212796499556,520.0,put,0.19945472119206673,0.2094547211920667,0.20445472119206673,0.20500000000000002,0.000545278807933286,0.04878048780487795,1.0,477.0,763.4854663224103,0.9954998680484348,0.03900915159891941,-0.002044963214945121,-0.3840652773059775,0.454899839991877,0.4536028049897645,0.45617448900918434,0.023925958207686754,3.888991299947549,deep put wing
2026-10-30,0.1156212796499556,525.0,put,0.21939073491712674,0.22939073491712675,0.22439073491712674,0.225,0.0006092650828732615,0.04444444444444448,1.0,448.0,763.4854663224103,0.9954998680484348,0.03900915159891941,-0.002044963214945121,-0.37449582628982686,0.449473343569644,0.4482834296124094,0.45064465654964214,0.023358537777270705,4.2355245614449775,deep put wing
2026-10-30,0.1156212796499556,530.0,put,0.2393238962589941,0.24932389625899412,0.24432389625899412,0.245,0.000676103741005879,0.04081632653061228,1.0,615.0,763.4854663224103,0.9954998680484348,0.03900915159891941,-0.002044963214945121,-0.3650170823352831,0.44365034749334886,0.4425521419369395,0.44473287869802536,0.02275723130458641,4.586003195096443,deep put wing
2026-10-30,0.1156212796499556,535.0,put,0.24927991139730515,0.25927991139730516,0.25427991139730516,0.255,0.0007200886026948461,0.03921568627450984,5.0,325.0,763.4854663224103,0.9954998680484348,0.03900915159891941,-0.002044963214945121,-0.355627341985444,0.4354429067135575,0.434396219347484,0.4364752911654683,0.021923011536426815,4.810221282871381,deep put wing
2026-10-30,0.1156212796499556,540.0,put,0.269207572663226,0.279207572663226,0.274207572663226,0.275,0.0007924273367740375,0.03636363636363639,1.0,835.0,763.4854663224103,0.9954998680484348,0.03900915159891941,-0.002044963214945121,-0.3463249493231305,0.4291298850170816,0.42815700789427497,0.43009050525819736,0.021291942869477113,5.1723260735633705,deep put wing
2026-10-30,0.1156212796499556,545.0,put,0.27915882785019214,0.2891588278501921,0.28415882785019214,0.28500000000000003,0.0008411721498078895,0.035087719298245446,2.0,438.0,763.4854663224103,0.9954998680484348,0.03900915159891941,-0.002044963214945121,-0.33710829421820654,0.4207238206567237,0.419793914889496,0.42164246195936217,0.020465953125406857,5.4099943286673025,deep put wing
2026-10-30,0.1156212796499556,550.0,put,0.2990800887733448,0.3090800887733448,0.3040800887733448,0.305,0.0009199112266551901,0.03278688524590167,6.0,811.0,763.4854663224103,0.9954998680484348,0.03900915159891941,-0.002044963214945121,-0.3279758106549339,0.4140182730027585,0.4131492040399058,0.41487756063968495,0.019818774240802563,5.786158555446161,deep put wing
2026-10-30,0.1156212796499556,555.0,put,0.31899731102561785,0.32899731102561786,0.32399731102561785,0.325,0.0010026889743821599,0.030769230769230795,1.0,447.0,763.4854663224103,0.9954998680484348,0.03900915159891941,-0.002044963214945121,-0.3189259751350161,0.4070901695550022,0.40627547025318217,0.40789631228146916,0.01916103666553848,6.169926892091856,deep put wing
2026-10-30,0.1156212796499556,560.0,put,0.3389101705792372,0.3489101705792372,0.3439101705792372,0.345,0.0010898294207628,0.02898550724637668,1.0,322.0,763.4854663224103,0.9954998680484348,0.03900915159891941,-0.002044963214945121,-0.3099573051522557,0.39996453999962356,0.39919879024064103,0.40072275610144686,0.018496124944880506,6.562102468855095,deep put wing
2026-10-30,0.1156212796499556,565.0,put,0.3488481672774913,0.3588481672774913,0.3538481672774913,0.355,0.0011518327225086833,0.028169014084507067,2.0,211.0,763.4854663224103,0.9954998680484348,0.03900915159891941,-0.002044963214945121,-0.30106835773500973,0.3912171191064192,0.3904819305716948,0.3919453041465324,0.0176959333111696,6.833794996149284,deep put wing
2026-10-30,0.1156212796499556,570.0,put,0.37872238083013277,0.3887223808301328,0.38372238083013277,0.385,0.001277619169867239,0.025974025974025997,3.0,150815.0,763.4854663224103,0.9954998680484348,0.03900915159891941,-0.002044963214945121,-0.2922577280528547,0.3852015241047484,0.38452056417306296,0.385876547874665,0.017155910237372927,7.374965248674947,deep put wing
2026-10-30,0.1156212796499556,575.0,put,0.4085902057684917,0.4185902057684917,0.4135902057684917,0.415,0.0014097942315082768,0.024096385542168697,4.0,1227.0,763.4854663224103,0.9954998680484348,0.03900915159891941,-0.002044963214945121,-0.28352404808410014,0.378865074415801,0.37823162660828885,0.3794934377526137,0.01659613333139806,7.92534106180346,deep put wing
2026-10-30,0.1156212796499556,580.0,put,0.4284825882406097,0.4384825882406097,0.4334825882406097,0.435,0.001517411759390297,0.022988505747126457,2.0,3672.0,763.4854663224103,0.9954998680484348,0.03900915159891941,-0.002044963214945121,-0.2748659853409856,0.37106319547139355,0.37046277911580483,0.371659040008671,0.015919650616075285,8.359594868369728,deep put wing
2026-10-30,0.1156212796499556,585.0,put,0.4483688857352302,0.4583688857352302,0.4533688857352302,0.455,0.0016311142647698063,0.021978021978021997,25.0,589.0,763.4854663224103,0.9954998680484348,0.03900915159891941,-0.002044963214945121,-0.2662822416495941,0.3631464595413497,0.3625766384086157,0.36371215615005703,0.015247596845858122,8.806760459388542,deep put wing
2026-10-30,0.1156212796499556,590.0,put,0.4782150464343366,0.4882150464343366,0.4832150464343366,0.485,0.001784953565663383,0.020618556701030948,336.0,958.0,763.4854663224103,0.9954998680484348,0.03900915159891941,-0.002044963214945121,-0.25777155198168544,0.356191829504215,0.355657825146321,0.35672223481802173,0.014669174608212609,9.395069657715528,deep put wing
2026-10-30,0.1156212796499556,595.0,put,0.5080515374202141,0.5180515374202141,0.5130515374202141,0.515,0.0019484625797858701,0.019417475728155355,5.0,21150.0,763.4854663224103,0.9954998680484348,0.03900915159891941,-0.002044963214945121,-0.24933268333582087,0.34902193460312264,0.3485202467831132,0.3495204620106166,0.014084557740876134,9.99802659150493,deep put wing
2026-10-30,0.1156212796499556,600.0,put,0.5378764705756605,0.5478764705756605,0.5428764705756605,0.545,0.0021235294243395764,0.018348623853211024,12.0,21320.0,763.4854663224103,0.9954998680484348,0.03900915159891941,-0.002044963214945121,-0.24096443366530418,0.34165698699228236,0.3411846495362732,0.3421265338805519,0.013496413788361077,10.617182440009966,deep put wing
2026-10-30,0.1156212796499556,605.0,put,0.5776547364681507,0.5876547364681507,0.5826547364681507,0.585,0.002345263531849273,0.01709401709401711,65.0,992.0,763.4854663224103,0.9954998680484348,0.03900915159891941,-0.002044963214945121,-0.23266563085060912,0.33499471503729666,0.33455408947609094,0.3354329376543458,0.012975188705664721,11.378683859904294,deep put wing
2026-10-30,0.1156212796499556,610.0,put,0.6174181865241529,0.6274181865241529,0.6224181865241529,0.625,0.0025818134758470723,0.016000000000000014,117.0,759.0,763.4854663224103,0.9954998680484348,0.03900915159891941,-0.002044963214945121,-0.22443513171409368,0.32806367280826554,0.3276513847474659,0.32847387571209813,0.012443829645725973,12.158331140098234,deep put wing
2026-10-30,0.1156212796499556,615.0,put,0.6471849454231171,0.6671849454231171,0.6571849454231171,0.66,0.002815054576882914,0.030303030303030328,7.0,664.0,763.4854663224103,0.9954998680484348,0.03900915159891941,-0.002044963214945121,-0.21627182107493279,0.3205046946883263,0.3197256225415679,0.32127638498200006,0.01187699469207551,12.89742018987519,deep put wing
2026-10-30,0.1156212796499556,620.0,put,0.6968775306768487,0.7168775306768487,0.7068775306768487,0.71,0.0031224693231513,0.028169014084507067,7.0,2108.0,763.4854663224103,0.9954998680484348,0.03900915159891941,-0.002044963214945121,-0.20817461084231334,0.3138558490021318,0.31313022100279714,0.3145751537483629,0.01138933126337936,13.841967684962192,deep put wing
2026-10-30,0.1156212796499556,625.0,put,0.7365880130884344,0.7565880130884344,0.7465880130884344,0.75,0.0034119869115656343,0.02666666666666669,14.0,839.0,763.4854663224103,0.9954998680484348,0.03900915159891941,-0.002044963214945121,-0.20014243914504912,0.30623696043500187,0.30555341931804875,0.30691491524346576,0.010843088006724193,14.69018832212577,deep put wing
2026-10-30,0.1156212796499556,630.0,put,0.7961935508190364,0.8161935508190363,0.8061935508190364,0.81,0.0038064491809636225,0.024691358024691242,12.0,2010.0,763.4854663224103,0.9954998680484348,0.03900915159891941,-0.002044963214945121,-0.19217426949587227,0.29970124032195955,0.2990661128300089,0.3003316205592071,0.01038519970277477,15.804355321325321,deep put wing
2026-10-30,0.1156212796499556,635.0,put,0.8458092371074636,0.8658092371074636,0.8558092371074636,0.86,0.004190762892536393,0.023255813953488393,49.0,683.0,763.4854663224103,0.9954998680484348,0.03900915159891941,-0.002044963214945121,-0.1842690899887589,0.2922452957006806,0.2916489892942178,0.29283745041097087,0.009874902804242294,16.828878409177456,deep put wing
2026-10-30,0.1156212796499556,640.0,put,0.9053491097270768,0.9253491097270768,0.9153491097270768,0.92,0.004650890272923203,0.021739130434782625,7.0,361.0,763.4854663224103,0.9954998680484348,0.03900915159891941,-0.002044963214945121,-0.17642591252773307,0.28511775067807826,0.2845604854016679,0.2856714346837996,0.009399100298607438,18.00298462122907,deep put wing
2026-10-30,0.1156212796499556,641.0,put,0.9152615847677432,0.9352615847677431,0.9252615847677431,0.9299999999999999,0.004738415232256821,0.021505376344085923,3.0,268.0,763.4854663224103,0.9954998680484348,0.03900915159891941,-0.002044963214945121,-0.1748646319607805,0.2835488921577586,0.28299825344943674,0.2840960382366143,0.009295947905902288,18.21886534753626,deep put wing
2026-10-30,0.1156212796499556,642.0,put,0.9351504440387496,0.9451504440387496,0.9401504440387496,0.945,0.0048495559612503625,0.010582010582010592,1.0,130.0,763.4854663224103,0.9954998680484348,0.03900915159891941,-0.002044963214945121,-0.17330578519148948,0.28224139120336006,0.2819706077200552,0.28251133074995344,0.009210414597445264,18.49384415188152,deep put wing
2026-10-30,0.1156212796499556,643.0,put,0.9450377024368911,0.9650377024368911,0.9550377024368911,0.96,0.004962297563108842,0.020833333333333353,20.0,376.0,763.4854663224103,0.9954998680484348,0.03900915159891941,-0.002044963214945121,-0.1717493646438312,0.2809186251382439,0.2803842211957184,0.2814497647853928,0.00912428495797507,18.770106427556385,deep put wing
2026-10-30,0.1156212796499556,644.0,put,0.9649231373414061,0.9749231373414061,0.9699231373414061,0.975,0.005076862658593861,0.010256410256410265,1.0,401.0,763.4854663224103,0.9954998680484348,0.03900915159891941,-0.002044963214945121,-0.17019536277709693,0.27958089842168987,0.2793180036428994,0.27984300381618954,0.009037592678946155,19.047697092511978,deep put wing
2026-10-30,0.1156212796499556,645.0,put,0.9748294406508661,0.9848294406508661,0.9798294406508661,0.985,0.0051705593491339075,0.0101522842639594,291.0,459.0,763.4854663224103,0.9954998680484348,0.03900915159891941,-0.002044963214945121,-0.16864377208567816,0.27797059797139373,0.27771073793535084,0.27822968747242804,0.00893378495432387,19.269779725355274,deep put wing
2026-10-30,0.1156212796499556,646.0,put,0.984711404206899,1.004711404206899,0.994711404206899,1.0,0.005288595793101036,0.020000000000000018,2.0,141.0,763.4854663224103,0.9954998680484348,0.03900915159891941,-0.002044963214945121,-0.16709458509884875,0.2766075472503711,0.2760945480919376,0.2771175631080191,0.008846384731584606,19.550382369063644,deep put wing
2026-10-30,0.1156212796499556,647.0,put,0.9946144501699072,1.0146144501699073,1.0046144501699072,1.01,0.005385549830092762,0.01980198019801982,1.0,117.0,763.4854663224103,0.9954998680484348,0.03900915159891941,-0.002044963214945121,-0.16554779438054998,0.27497900063396663,0.27447186801962475,0.27548322015191845,0.00874252393904886,19.775829452968953,deep put wing
2026-10-30,0.1156212796499556,648.0,put,1.0244461600424337,1.0344461600424337,1.0294461600424338,1.0350000000000001,0.005553839957566309,0.009661835748792277,7.0,407.0,763.4854663224103,0.9954998680484348,0.03900915159891941,-0.002044963214945121,-0.16400339252917595,0.27408620673339135,0.2738379942585421,0.2743337255668131,0.008685846148641645,20.172296167926284,deep put wing
2026-10-30,0.1156212796499556,649.0,put,1.0243688345061523,1.0443688345061524,1.0343688345061524,1.04,0.0056311654938476785,0.019230769230769246,6.0,159.0,763.4854663224103,0.9954998680484348,0.03900915159891941,-0.002044963214945121,-0.1624613721773606,0.2721900516026268,0.2716971552222664,0.272680214942717,0.008566082790983445,20.34495585518336,deep put wing
2026-10-30,0.1156212796499556,650.0,put,1.0541961251103056,1.0641961251103056,1.0591961251103055,1.065,0.005803874889694471,0.009389671361502356,19.0,15281.0,763.4854663224103,0.9954998680484348,0.03900915159891941,-0.002044963214945121,-0.16092172599176777,0.27125631197298256,0.27101494962981965,0.27149702281522653,0.008507412228729801,20.74381375152514,deep put wing
2026-10-30,0.1156212796499556,651.0,put,1.0640677061019674,1.0840677061019675,1.0740677061019674,1.08,0.005932293898032626,0.018518518518518535,1.0,60.0,763.4854663224103,0.9954998680484348,0.03900915159891941,-0.002044963214945121,-0.1593844466728814,0.26982155610041425,0.26934482103242013,0.2702957643567766,0.008417653735632049,21.032044186738915,deep put wing
2026-10-30,0.1156212796499556,652.0,put,1.0739610836188314,1.0939610836188314,1.0839610836188314,1.09,0.006038916381168713,0.018348623853211024,86.0,278.0,763.4854663224103,0.9954998680484348,0.03900915159891941,-0.002044963214945121,-0.15784952695479765,0.2681402167657834,0.2676687517459393,0.26860921185474856,0.008313074717230596,21.266480040166254,deep put wing
2026-10-30,0.1156212796499556,653.0,put,1.093828785119196,1.103828785119196,1.0988287851191958,1.105,0.006171214880804188,0.009049773755656116,5.0,514.0,763.4854663224103,0.9954998680484348,0.03900915159891941,-0.002044963214945121,-0.15631695960501948,0.26668304449918045,0.26645081580223307,0.2669146742342794,0.008222967628852005,21.558373807086173,deep put wing
2026-10-30,0.1156212796499556,654.0,put,1.1136698638078621,1.123669863807862,1.118669863807862,1.125,0.006330136192137958,0.0088888888888887,1.0,175.0,763.4854663224103,0.9954998680484348,0.03900915159891941,-0.002044963214945121,-0.15478673742425192,0.26544071963516847,0.26521219549935593,0.26566866701227904,0.008146533802116343,21.90724254982276,deep put wing
2026-10-30,0.1156212796499556,655.0,put,1.1235324330175471,1.1435324330175471,1.1335324330175471,1.14,0.006467566982452766,0.017543859649122823,10.0,187.0,763.4854663224103,0.9954998680484348,0.03900915159891941,-0.002044963214945121,-0.15325885324619867,0.2639555606972897,0.26350403857880544,0.2644048434524955,0.008055628002681827,22.202643754676767,deep put wing
2026-10-30,0.1156212796499556,656.0,put,1.1433919529029812,1.1533919529029812,1.1483919529029811,1.1549999999999998,0.006608047097018677,0.008658008658008667,3.0,494.0,763.4854663224103,0.9954998680484348,0.03900915159891941,-0.002044963214945121,-0.1517332999373615,0.2624582473880219,0.2622357523367428,0.26268019890896016,0.00796449456996663,22.49996045556777,deep put wing
2026-10-30,0.1156212796499556,657.0,put,1.1731501606326802,1.1931501606326802,1.1831501606326802,1.19,0.006849839367319754,0.016806722689075647,3.0,483.0,763.4854663224103,0.9954998680484348,0.03900915159891941,-0.002044963214945121,-0.15021007039684012,0.2618177277749172,0.2613822277792579,0.26225117664906056,0.007925667898492124,23.016575180387374,deep put wing
2026-10-30,0.1156212796499556,658.0,put,1.1730780984045726,1.1930780984045726,1.1830780984045726,1.19,0.006921901595427382,0.016806722689075647,6.0,84.0,763.4854663224103,0.9954998680484348,0.03900915159891941,-0.002044963214945121,-0.14868915755613338,0.25964302155991503,0.2592101254820103,0.2600738814554069,0.007794550600267638,23.154950351368264,put wing
2026-10-30,0.1156212796499556,659.0,put,1.1929047145084677,1.2129047145084677,1.2029047145084677,1.21,0.007095285491532266,0.016528925619834725,262.0,315.0,763.4854663224103,0.9954998680484348,0.03900915159891941,-0.002044963214945121,-0.14717055437894333,0.2583193785340537,0.2578930823790747,0.25874371017162723,0.007715280960973142,23.512302942444716,put wing
2026-10-30,0.1156212796499556,660.0,put,1.2127285192232182,1.2327285192232182,1.2227285192232182,1.23,0.007271480776781747,0.016260162601626032,98.0,989.0,763.4854663224103,0.9954998680484348,0.03900915159891941,-0.002044963214945121,-0.1456542538609794,0.25697839359175684,0.25655852941322616,0.257396361603867,0.007635385899043361,23.871379808991886,put wing
2026-10-30,0.1156212796499556,661.0,put,1.242498127670034,1.262498127670034,1.252498127670034,1.26,0.0075018723299660195,0.015873015873015886,37.0,73.0,763.4854663224103,0.9954998680484348,0.03900915159891941,-0.002044963214945121,-0.1441402490297643,0.25603005483814795,0.2556182836389302,0.25644001983466536,0.007579135476748742,24.33895397354605,put wing
2026-10-30,0.1156212796499556,662.0,put,1.262314108787248,1.282314108787248,1.272314108787248,1.28,0.007685891212751983,0.015625000000000014,12.0,246.0,763.4854663224103,0.9954998680484348,0.03900915159891941,-0.002044963214945121,-0.14262853294444233,0.25464926813190775,0.2542435522997803,0.25505323885132836,0.0074976063777652665,24.70115432808183,put wing
2026-10-30,0.1156212796499556,663.0,put,1.2721782258978982,1.2921782258978982,1.2821782258978982,1.29,0.00782177410210183,0.015503875968992262,2.0,594.0,763.4854663224103,0.9954998680484348,0.03900915159891941,-0.002044963214945121,-0.1411190986955881,0.2528544852395583,0.2524529800173011,0.25325428140078143,0.00739229168832008,24.95963363267319,put wing
2026-10-30,0.1156212796499556,664.0,put,1.3019620382389052,1.3119620382389052,1.306962038238905,1.315,0.008037961761094836,0.0076045627376425924,1.0,837.0,763.4854663224103,0.9954998680484348,0.03900915159891941,-0.002044963214945121,-0.13961193940501673,0.25164343136093903,0.2514462121260062,0.2518402402531013,0.007321650074263407,25.37895630565853,put wing
2026-10-30,0.1156212796499556,665.0,put,1.321768071327805,1.331768071327805,1.326768071327805,1.335,0.008231928672195021,0.007490636704119857,1.0,364.0,763.4854663224103,0.9954998680484348,0.03900915159891941,-0.002044963214945121,-0.1381070482255964,0.2502175250340604,0.25002313236838175,0.25041152085965,0.007238910710387535,25.74747213596515,put wing
2026-10-30,0.1156212796499556,666.0,put,1.3415704266579542,1.3515704266579542,1.3465704266579541,1.355,0.00842957334204586,0.007380073800738014,188.0,192.0,763.4854663224103,0.9954998680484348,0.03900915159891941,-0.002044963214945121,-0.1366044183410615,0.24877610171148448,0.24858447162067243,0.24896734789611194,0.007155748827221395,26.11815296335196,put wing
2026-10-30,0.1156212796499556,667.0,put,1.3712895832836498,1.3912895832836498,1.3812895832836498,1.39,0.008710416716350089,0.014388489208633108,12.0,313.0,763.4854663224103,0.9954998680484348,0.03900915159891941,-0.002044963214945121,-0.13510404296582687,0.2478809917423399,0.24750497052792067,0.248255554112682,0.007104347917159424,26.646145812576467,put wing
2026-10-30,0.1156212796499556,668.0,put,1.3910826479902954,1.4110826479902954,1.4010826479902954,1.41,0.00891735200970456,0.014184397163120581,1.0,54.0,763.4854663224103,0.9954998680484348,0.03900915159891941,-0.002044963214945121,-0.13360591534480482,0.2464013793164239,0.24603058343091294,0.24677076266449763,0.007019788717677549,27.020691191124836,put wing
2026-10-30,0.1156212796499556,669.0,put,1.400924262682097,1.420924262682097,1.410924262682097,1.42,0.009075737317902899,0.014084507042253534,31.0,88.0,763.4854663224103,0.9954998680484348,0.03900915159891941,-0.002044963214945121,-0.13211002875322217,0.24454335657380205,0.24417629762558973,0.24490903099186256,0.0069143205490424,27.295265644345154,put wing
2026-10-30,0.1156212796499556,670.0,put,1.4406263814181322,1.4506263814181322,1.4456263814181323,1.455,0.009373618581867804,0.006872852233676982,108.0,76121.0,763.4854663224103,0.9954998680484348,0.03900915159891941,-0.002044963214945121,-0.13061637649643884,0.24357714578679593,0.24339730463484097,0.24375665753309084,0.006859790397706754,27.82784839181855,put wing
2026-10-30,0.1156212796499556,671.0,put,1.4603773873922157,1.4803773873922157,1.4703773873922157,1.48,0.009622612607784298,0.013513513513513526,30.0,122.0,763.4854663224103,0.9954998680484348,0.03900915159891941,-0.002044963214945121,-0.12912495190976875,0.24222777906709628,0.2418732859559337,0.24258100256507117,0.006783997296126062,28.260094542474203,put wing
2026-10-30,0.1156212796499556,672.0,put,1.4901232250584262,1.5001232250584262,1.495123225058426,1.505,0.009876774941573796,0.006644518272425255,2.0,37.0,763.4854663224103,0.9954998680484348,0.03900915159891941,-0.002044963214945121,-0.12763574835830108,0.2408593218928346,0.24068491899569372,0.24103341883174806,0.006707561917037579,28.694465820364773,put wing
2026-10-30,0.1156212796499556,673.0,put,1.5098644985064225,1.5298644985064225,1.5198644985064225,1.53,0.010135501493577559,0.013071895424836612,10.0,828.0,763.4854663224103,0.9954998680484348,0.03900915159891941,-0.002044963214945121,-0.12614875923672278,0.23947213954240726,0.23912827110859738,0.23981482777086788,0.006630522611404868,29.131067003390083,put wing
2026-10-30,0.1156212796499556,674.0,put,1.5395728702301452,1.5595728702301452,1.5495728702301452,1.56,0.010427129769854826,0.012820512820512832,4.0,203.0,763.4854663224103,0.9954998680484348,0.03900915159891941,-0.002044963214945121,-0.12466397796914362,0.23823454867434984,0.23789636430774516,0.23857160068674743,0.006562166682480285,29.61943874834757,put wing
2026-10-30,0.1156212796499556,675.0,put,1.5693019042429834,1.5793019042429834,1.5743019042429833,1.585,0.010698095757016635,0.006309148264984233,509.0,921.0,763.4854663224103,0.9954998680484348,0.03900915159891941,-0.002044963214945121,-0.12318139800892079,0.23680830259658972,0.23664183437479872,0.23697449759945347,0.006483830027729289,30.060475661069585,put wing
2026-10-30,0.1156212796499556,676.0,put,1.5790803784276068,1.5990803784276069,1.5890803784276069,1.6,0.010919621572393234,0.012500000000000011,3.0,90.0,763.4854663224103,0.9954998680484348,0.03900915159891941,-0.002044963214945121,-0.12170101283848649,0.2350377371925809,0.23470832173753053,0.23536608624525485,0.006387236047897967,30.406194422054245,put wing
2026-10-30,0.1156212796499556,677.0,put,1.6286834585227206,1.6386834585227206,1.6336834585227207,1.645,0.01131654147727934,0.0060790273556231055,1.0,181.0,763.4854663224103,0.9954998680484348,0.03900915159891941,-0.002044963214945121,-0.12022281596917567,0.23422342882370847,0.23406225672053035,0.23438434878609035,0.006343054463583715,31.047065816171457,put wing
2026-10-30,0.1156212796499556,678.0,put,1.6384515900277856,1.6584515900277856,1.6484515900277856,1.66,0.01154840997221429,0.012048192771084348,3.0,286.0,763.4854663224103,0.9954998680484348,0.03900915159891941,-0.002044963214945121,-0.11874680094105504,0.232423875730716,0.23210490147023916,0.23274186544835218,0.0062459607308686,31.399116428028076,put wing
2026-10-30,0.1156212796499556,679.0,put,1.6681276200156565,1.6881276200156565,1.6781276200156565,1.69,0.011872379984343429,0.011834319526627229,33.0,251.0,763.4854663224103,0.9954998680484348,0.03900915159891941,-0.002044963214945121,-0.11727296132275444,0.2310840200761711,0.23077005365594153,0.23139703981332543,0.0061741560226451575,31.89879324089528,put wing
2026-10-30,0.1156212796499556,680.0,put,1.7077391937847581,1.7277391937847582,1.7177391937847581,1.73,0.012260806215241837,0.011560693641618507,15.0,1894.0,763.4854663224103,0.9954998680484348,0.03900915159891941,-0.002044963214945121,-0.11580129071129827,0.23002915656651302,0.22972097060052238,0.2303364407689567,0.006117916506756921,32.49563912260902,put wing
2026-10-30,0.1156212796499556,681.0,put,1.7473426392859615,1.7673426392859615,1.7573426392859615,1.77,0.012657360714038557,0.011299435028248598,1.0,277.0,763.4854663224103,0.9954998680484348,0.03900915159891941,-0.002044963214945121,-0.11433178273193825,0.22894298879112368,0.2286403800493508,0.2292447378492965,0.006060276899237117,33.093130502285256,put wing
2026-10-30,0.1156212796499556,682.0,put,1.7869353191497452,1.8069353191497453,1.7969353191497452,1.81,0.013064680850254806,0.011049723756906087,64.0,223.0,763.4854663224103,0.9954998680484348,0.03900915159891941,-0.002044963214945121,-0.11286443103798847,0.22782625921659047,0.22752903644887282,0.22812266177590604,0.006001299903393462,33.691431334838676,put wing
2026-10-30,0.1156212796499556,683.0,put,1.7966683617618315,1.8266683617618316,1.8116683617618317,1.8250000000000002,0.01333163823816852,0.016438356164383574,1.0,1829.0,763.4854663224103,0.9954998680484348,0.03900915159891941,-0.002044963214945121,-0.11139922931066058,0.22595265017977,0.2255113554633898,0.22639214165688354,0.005902998198268277,34.06080579214134,put wing
2026-10-30,0.1156212796499556,684.0,put,1.8362756404642389,1.8562756404642389,1.8462756404642389,1.86,0.013724359535761232,0.01075268817204302,11.0,537.0,763.4854663224103,0.9954998680484348,0.03900915159891941,-0.002044963214945121,-0.10993617125890015,0.2246463470688662,0.22435709507465146,0.2249348302189548,0.005834941331075857,34.61808006812836,put wing
2026-10-30,0.1156212796499556,685.0,put,1.8758448567997383,1.8958448567997384,1.8858448567997383,1.9,0.014155143200261566,0.010526315789473694,17.0,9492.0,763.4854663224103,0.9954998680484348,0.03900915159891941,-0.002044963214945121,-0.10847525061922528,0.22345725299135477,0.2231729784737728,0.22374079284860937,0.005773333996333216,35.22291515511003,put wing
2026-10-30,0.1156212796499556,686.0,put,1.9154044344059662,1.9354044344059662,1.9254044344059662,1.94,0.014595565594033744,0.010309278350515474,4.0,354.0,763.4854663224103,0.9954998680484348,0.03900915159891941,-0.002044963214945121,-0.10701646115556543,0.2222399650804298,0.22196051104598347,0.2225187166618061,0.005710604615050033,35.82922367758087,put wing
2026-10-30,0.1156212796499556,687.0,put,1.9549855991860063,1.9649855991860063,1.9599855991860065,1.975,0.015014400813993634,0.005063291139240511,3.0,159.0,763.4854663224103,0.9954998680484348,0.03900915159891941,-0.002044963214945121,-0.10555979665910127,0.22085865074403238,0.22072117647005274,0.22099595627881383,0.0056398376314729815,36.39280810662478,put wing
2026-10-30,0.1156212796499556,688.0,put,1.9945242423254936,2.004524242325494,1.9995242423254935,2.0149999999999997,0.015475757674506152,0.004962779156327659,9.0,3077.0,763.4854663224103,0.9954998680484348,0.03900915159891941,-0.002044963214945121,-0.10410525094810691,0.21958898698233795,0.2194537820930157,0.21972403035012006,0.005575179852693112,37.00304509402763,put wing
2026-10-30,0.1156212796499556,689.0,put,2.0141435381072212,2.0341435381072213,2.0241435381072215,2.04,0.01585646189277856,0.00980392156862746,8.0,2906.0,763.4854663224103,0.9954998680484348,0.03900915159891941,-0.002044963214945121,-0.10265281786779208,0.21789573271148546,0.21762864078627275,0.21816219809418771,0.005489530745527467,37.484381258153945,put wing
2026-10-30,0.1156212796499556,690.0,put,2.0735654635716623,2.0835654635716625,2.078565463571662,2.0949999999999998,0.016434536428337587,0.0047732696897375805,50.0,3828.0,763.4854663224103,0.9954998680484348,0.03900915159891941,-0.002044963214945121,-0.10120249129014554,0.21697040232814732,0.21683953946756174,0.21710111694717318,0.0054430053383422525,38.22962021281734,put wing
2026-10-30,0.1156212796499556,691.0,put,2.093133842787286,2.1231338427872863,2.108133842787286,2.125,0.016866157212713784,0.014117647058823646,4.0,160.0,763.4854663224103,0.9954998680484348,0.03900915159891941,-0.002044963214945121,-0.09975426511378067,0.21536645882467187,0.21497882396734458,0.21575280430630223,0.005362828467286657,38.760934082755206,put wing
2026-10-30,0.1156212796499556,692.0,put,2.1425968115096983,2.1625968115096983,2.152596811509698,2.17,0.01740318849030187,0.00921658986175116,2.0,108.0,763.4854663224103,0.9954998680484348,0.03900915159891941,-0.002044963214945121,-0.09830813326378109,0.21412359459295444,0.21386966320853232,0.21437697854706972,0.005301110079654441,39.42332336963561,put wing
2026-10-30,0.1156212796499556,693.0,put,2.1920144499652316,2.2120144499652317,2.2020144499652314,2.2199999999999998,0.017985550034768316,0.009009009009009018,133.0,1599.0,763.4854663224103,0.9954998680484348,0.03900915159891941,-0.002044963214945121,-0.09686408969154738,0.21297566335012297,0.21272620686759197,0.21322459856330958,0.0052444232113780425,40.12918722835571,put wing
2026-10-30,0.1156212796499556,694.0,put,2.24141725290607,2.26141725290607,2.25141725290607,2.2699999999999996,0.018582747093929708,0.008810572687224679,58.0,187.0,763.4854663224103,0.9954998680484348,0.03900915159891941,-0.002044963214945121,-0.09542212837464606,0.21179516227648487,0.21155003098423972,0.21203979685114638,0.005186445797603772,40.83594275613224,put wing
2026-10-30,0.1156212796499556,695.0,put,2.2809010517775516,2.290901051777552,2.2859010517775515,2.3049999999999997,0.019098948222448175,0.004338394793926348,875.0,2230.0,763.4854663224103,0.9954998680484348,0.03900915159891941,-0.002044963214945121,-0.09398224331665851,0.2102235285967559,0.21010275892299127,0.21034417854845167,0.005109758967790176,41.42167858209931,put wing
2026-10-30,0.1156212796499556,696.0,put,2.320304287285321,2.340304287285321,2.330304287285321,2.3499999999999996,0.019695712714678848,0.00851063829787235,2.0,336.0,763.4854663224103,0.9954998680484348,0.03900915159891941,-0.002044963214945121,-0.09254442854703096,0.208868037190797,0.20863023353257187,0.20910538236467116,0.00504407740753374,42.09217291633368,put wing
2026-10-30,0.1156212796499556,697.0,put,2.37956099668839,2.4095609966883904,2.3945609966883903,2.415,0.02043900331160975,0.012422360248447308,2.0,293.0,763.4854663224103,0.9954998680484348,0.03900915159891941,-0.002044963214945121,-0.09110867812092667,0.20794935672601408,0.20759941494010742,0.20829832427236314,0.00499980347621447,42.92423449540574,put wing
2026-10-30,0.1156212796499556,698.0,put,2.428967724961995,2.4389677249619948,2.433967724961995,2.455,0.0210322750380052,0.0040733197556007275,11.0,983.0,763.4854663224103,0.9954998680484348,0.03900915159891941,-0.002044963214945121,-0.08967498611907816,0.20641929268370646,0.20630445371214604,0.2065340275407728,0.004926498362716064,43.55899505854456,put wing
2026-10-30,0.1156212796499556,699.0,put,2.4782242145298143,2.508224214529814,2.493224214529814,2.5149999999999997,0.02177578547018566,0.011928429423459168,6.0,467.0,763.4854663224103,0.9954998680484348,0.03900915159891941,-0.002044963214945121,-0.08824334664764034,0.20531537637335914,0.2049767304394624,0.20565313293639714,0.004873946107385051,44.352488839030514,put wing
2026-10-30,0.1156212796499556,700.0,put,2.537494034992537,2.557494034992537,2.5474940349925372,2.5700000000000003,0.022505965007463047,0.007782101167315181,2232.0,4988.0,763.4854663224103,0.9954998680484348,0.03900915159891941,-0.002044963214945121,-0.08681375383804589,0.2040646823971618,0.20384280311965203,0.20428618497225146,0.004814746951554823,45.1079303554933,put wing
2026-10-30,0.1156212796499556,701.0,put,2.5967097445860885,2.6167097445860885,2.6067097445860883,2.63,0.02329025541391161,0.0076045627376425924,4.0,236.0,763.4854663224103,0.9954998680484348,0.03900915159891941,-0.002044963214945121,-0.08538620184686055,0.2028900460486972,0.2026720125283398,0.20310772151232806,0.004759477226221231,45.90227973506944,put wing
2026-10-30,0.1156212796499556,702.0,put,2.6559003201234743,2.6759003201234743,2.6659003201234746,2.6900000000000004,0.024099679876525837,0.007434944237918221,5.0,416.0,763.4854663224103,0.9954998680484348,0.03900915159891941,-0.002044963214945121,-0.08396068485563948,0.20168011540173078,0.201465798883319,0.20189409135053837,0.004702880397414662,46.69714106938651,put wing
2026-10-30,0.1156212796499556,703.0,put,2.7051361894179435,2.7251361894179436,2.7151361894179438,2.74,0.024863810582056445,0.0072992700729927066,9.0,132.0,763.4854663224103,0.9954998680484348,0.03900915159891941,-0.002044963214945121,-0.08253719707078565,0.2002263730536674,0.20001532852285137,0.2004370914228758,0.004635326527840201,47.42008424645164,put wing
2026-10-30,0.1156212796499556,704.0,put,2.7642808649898076,2.7842808649898076,2.7742808649898074,2.8,0.025719135010192407,0.00714285714285715,7.0,134.0,763.4854663224103,0.9954998680484348,0.03900915159891941,-0.002044963214945121,-0.08111573272340823,0.1989515007270072,0.19874395353457439,0.19915873734234085,0.004576486763273696,48.217963675373966,put wing
2026-10-30,0.1156212796499556,705.0,put,2.8234014467702226,2.8434014467702227,2.833401446770223,2.8600000000000003,0.026598553229777444,0.006993006993006998,139.0,699.0,763.4854663224103,0.9954998680484348,0.03900915159891941,-0.002044963214945121,-0.07969628606918194,0.19764323804264755,0.19743907964102736,0.19784710054131519,0.004516496651048958,49.01716798644317,put wing
2026-10-30,0.1156212796499556,706.0,put,2.8626035256543405,2.8926035256543403,2.8776035256543406,2.9050000000000002,0.027396474345659616,0.010327022375215078,11.0,249.0,763.4854663224103,0.9954998680484348,0.03900915159891941,-0.002044963214945121,-0.07827885138820848,0.19600286248035284,0.19570081225101746,0.1963042724543745,0.0044418368177274875,49.71345899803112,put wing
2026-10-30,0.1156212796499556,707.0,put,2.9514973925746513,2.9714973925746513,2.9614973925746515,2.99,0.028502607425348714,0.006688963210702346,12.0,21224.0,763.4854663224103,0.9954998680484348,0.03900915159891941,-0.002044963214945121,-0.07686342298487787,0.19512474188162376,0.19492732621426404,0.19532189007364742,0.004402125856050686,50.68894553213393,put wing
2026-10-30,0.1156212796499556,708.0,put,3.0204674761115595,3.0404674761115595,3.0304674761115593,3.0599999999999996,0.0295325238884403,0.006535947712418307,4.0,158.0,763.4854663224103,0.9954998680484348,0.03900915159891941,-0.002044963214945121,-0.07544999518773084,0.19390902816428238,0.19371495116600748,0.19410285135375627,0.004347442345110557,51.55971858659428,put wing
2026-10-30,0.1156212796499556,709.0,put,3.0695476198518583,3.0895476198518583,3.0795476198518585,3.1100000000000003,0.030452380148141778,0.0064308681672025775,3.0,493.0,763.4854663224103,0.9954998680484348,0.03900915159891941,-0.002044963214945121,-0.07403856234932306,0.19227647113792132,0.19208513955724635,0.19246755907302143,0.0042745466142306895,52.29864765008435,put wing
2026-10-30,0.1156212796499556,710.0,put,3.1483815539961326,3.1683815539961326,3.158381553996133,3.1900000000000004,0.03161844600386754,0.006269592476489033,33.0,2354.0,763.4854663224103,0.9954998680484348,0.03900915159891941,-0.002044963214945121,-0.07262911884608952,0.19117900522900305,0.19099105132329633,0.19136672895510098,0.004225889790558898,53.237191600236976,put wing
2026-10-30,0.1156212796499556,711.0,put,3.2271817482351004,3.2471817482351004,3.2371817482351,3.2699999999999996,0.03281825176489939,0.0061162079510703425,2.0,170.0,763.4854663224103,0.9954998680484348,0.03900915159891941,-0.002044963214945121,-0.07122165907820971,0.19003873711855107,0.18985403725526426,0.19022321935693137,0.004175630326242962,54.173863360594794,put wing
2026-10-30,0.1156212796499556,712.0,put,3.286095510308713,3.306095510308713,3.2960955103087133,3.33,0.03390448969128679,0.006006006006006011,20.0,274.0,763.4854663224103,0.9954998680484348,0.03900915159891941,-0.002044963214945121,-0.06981617746947479,0.18849590029617025,0.18831392682890435,0.18867766573976494,0.004108105512883323,54.98454845899154,put wing
2026-10-30,0.1156212796499556,713.0,put,3.3648281308783163,3.3848281308783164,3.3748281308783166,3.41,0.035171869121683574,0.005865102639296193,5.0,784.0,763.4854663224103,0.9954998680484348,0.03900915159891941,-0.002044963214945121,-0.0684126684671547,0.18727862766426664,0.18709970605713033,0.18745735237528088,0.004055218021520549,55.92122047170326,put wing
2026-10-30,0.1156212796499556,714.0,put,3.4633744524934533,3.4833744524934533,3.473374452493453,3.51,0.036625547506546674,0.0056980056980057035,400.0,280.0,763.4854663224103,0.9954998680484348,0.03900915159891941,-0.002044963214945121,-0.06701112654186621,0.18636948543730042,0.18619388164516246,0.18654490457780987,0.004015941556342851,56.97638370225698,put wing
2026-10-30,0.1156212796499556,715.0,put,3.5419858181442403,3.57198581814424,3.55698581814424,3.5949999999999998,0.03801418185575978,0.008344923504867818,117.0,1350.0,763.4854663224103,0.9954998680484348,0.03900915159891941,-0.002044963214945121,-0.0656115461874429,0.18515149317920762,0.18489240009038596,0.18541019344311044,0.00396362180858744,57.938277360305065,put wing
2026-10-30,0.1156212796499556,716.0,put,3.6305517345300116,3.6505517345300116,3.6405517345300114,3.6799999999999997,0.039448265469988364,0.005434782608695657,684.0,408.0,763.4854663224103,0.9954998680484348,0.03900915159891941,-0.002044963214945121,-0.06421392192080501,0.18389144683728254,0.18372158126559265,0.18406114724235934,0.003909856617830969,58.89876097799534,put wing
2026-10-30,0.1156212796499556,717.0,put,3.7091038602132946,3.7291038602132947,3.7191038602132944,3.76,0.040896139786705366,0.005319148936170218,20.0,908.0,763.4854663224103,0.9954998680484348,0.03900915159891941,-0.002044963214945121,-0.06281824828183023,0.18250700735940784,0.18233978963205988,0.1826740683953678,0.0038512069739682162,59.83034715574411,put wing
2026-10-30,0.1156212796499556,718.0,put,3.7975363307214582,3.8175363307214583,3.807536330721458,3.8499999999999996,0.042463669278541616,0.0051948051948052,25.0,556.0,763.4854663224103,0.9954998680484348,0.03900915159891941,-0.002044963214945121,-0.06142451983322637,0.18124767243785642,0.18108317024514325,0.1814120265949784,0.0037982421409307318,60.81686910308091,put wing
2026-10-30,0.1156212796499556,719.0,put,3.88591555406138,3.90591555406138,3.8959155540613803,3.9400000000000004,0.04408444593862004,0.005076142131979699,3.0,365.0,763.4854663224103,0.9954998680484348,0.03900915159891941,-0.002044963214945121,-0.06003273116040394,0.1799453937141498,0.17978351581946414,0.1801071316842832,0.003743856891910569,61.801706731979976,put wing
2026-10-30,0.1156212796499556,720.0,put,3.9742826612941156,3.9842826612941162,3.9792826612941163,4.025,0.045717338705884014,0.0024844720496896085,133.0,4987.0,763.4854663224103,0.9954998680484348,0.03900915159891941,-0.002044963214945121,-0.05864287687134959,0.17852178885943537,0.17844210285308856,0.17860144171653064,0.00368485354674269,62.759337494833495,put wing
2026-10-30,0.1156212796499556,721.0,put,4.072439905590238,4.092439905590237,4.082439905590237,4.13,0.0475600944097625,0.0048426150121064345,39.0,383.0,763.4854663224103,0.9954998680484348,0.03900915159891941,-0.002044963214945121,-0.05725495159650147,0.1773699884622536,0.17721323093654626,0.17752662135829078,0.003637458500688856,63.818195661634455,put wing
2026-10-30,0.1156212796499556,722.0,put,4.180489765888306,4.200489765888306,4.190489765888306,4.24,0.049510234111694196,0.004716981132075371,1.0,269.0,763.4854663224103,0.9954998680484348,0.03900915159891941,-0.002044963214945121,-0.05586894998862439,0.17624573708045224,0.17609158766225808,0.17639976953438993,0.003591492917792187,64.89677782903334,put wing
2026-10-30,0.1156212796499556,723.0,put,4.298432189500679,4.30843218950068,4.30343218950068,4.355,0.051567810499320466,0.002296211251435287,11.0,112.0,763.4854663224103,0.9954998680484348,0.03900915159891941,-0.002044963214945121,-0.0544848667226859,0.17514609401352088,0.17507031507663656,0.17522184554776996,0.0035468162089155072,65.99333549620653,put wing
2026-10-30,0.1156212796499556,724.0,put,4.406296139143993,4.426296139143994,4.416296139143994,4.470000000000001,0.053703860856006536,0.004474272930648872,2.0,244.0,763.4854663224103,0.9954998680484348,0.03900915159891941,-0.002044963214945121,-0.05310269649573418,0.1739941364340024,0.17384501619501044,0.17414315389649254,0.003500313939011902,67.08312630415587,put wing
2026-10-30,0.1156212796499556,725.0,put,4.514086149899176,4.544086149899175,4.529086149899175,4.585,0.055913850100824725,0.006543075245365182,591.0,6158.0,763.4854663224103,0.9954998680484348,0.03900915159891941,-0.002044963214945121,-0.05172243402677584,0.17279080689159362,0.172570649229521,0.17301074762599628,0.003452065575922607,68.16663913817725,put wing
2026-10-30,0.1156212796499556,726.0,put,4.611919559145028,4.641919559145029,4.626919559145029,4.6850000000000005,0.05808044085497155,0.006403415154749252,5.0,238.0,763.4854663224103,0.9954998680484348,0.03900915159891941,-0.002044963214945121,-0.050344074056654496,0.1713218443742091,0.17110491496296565,0.17153856906791687,0.003393620338706814,69.17962155309866,put wing
2026-10-30,0.1156212796499556,727.0,put,4.749347256961723,4.7793472569617235,4.764347256961723,4.824999999999999,0.06065274303827639,0.0062176165803109334,38.0,11556.0,763.4854663224103,0.9954998680484348,0.03900915159891941,-0.002044963214945121,-0.04896761134793118,0.17037380208610745,0.17016051149396202,0.17058690229972945,0.0033561657590945636,70.35804795932745,ATM
2026-10-30,0.1156212796499556,728.0,put,4.82712113423061,4.86712113423061,4.84712113423061,4.91,0.06287886576938995,0.008146639511201636,413.0,225.0,763.4854663224103,0.9954998680484348,0.03900915159891941,-0.002044963214945121,-0.04759304068476465,0.1686009790325681,0.16832032347495063,0.168881313370187,0.0032866840406171162,71.30263127843575,ATM
2026-10-30,0.1156212796499556,729.0,put,4.98428671878471,5.00428671878471,4.994286718784711,5.0600000000000005,0.06571328121528985,0.003952569169960565,16.0,229.0,763.4854663224103,0.9954998680484348,0.03900915159891941,-0.002044963214945121,-0.04622035687279243,0.16768163886650736,0.16754367809117704,0.16781952518371368,0.003250938783424912,72.50395937392575,ATM
2026-10-30,0.1156212796499556,730.0,put,5.121374178659863,5.151374178659863,5.136374178659863,5.205,0.06862582134013717,0.005763688760806794,247.0,12337.0,763.4854663224103,0.9954998680484348,0.03900915159891941,-0.002044963214945121,-0.044849554739013725,0.16663115687599325,0.16642747297771232,0.16683468509330887,0.003210333795811614,73.67172718014767,ATM
2026-10-30,0.1156212796499556,731.0,put,5.2385429372123635,5.268542937212364,5.253542937212363,5.324999999999999,0.07145706278763608,0.005633802816901456,10.0,329.0,763.4854663224103,0.9954998680484348,0.03900915159891941,-0.002044963214945121,-0.04348062913167211,0.1651884861862781,0.16498770972238821,0.16538911671723888,0.003154985140789906,74.73715940804492,ATM
2026-10-30,0.1156212796499556,732.0,put,5.385398888923158,5.405398888923158,5.395398888923158,5.470000000000001,0.07460111107684231,0.0036563071297989872,6.0,633.0,763.4854663224103,0.9954998680484348,0.03900915159891941,-0.002044963214945121,-0.04211357492013902,0.16402286322354717,0.16389105237723608,0.1641546137855096,0.00311061705775718,75.88366296956414,ATM
2026-10-30,0.1156212796499556,733.0,put,5.532055406763594,5.5620554067635934,5.547055406763594,5.625,0.07794459323640623,0.0053333333333332195,7.0,250.0,763.4854663224103,0.9954998680484348,0.03900915159891941,-0.002044963214945121,-0.040748386994799164,0.16292690781378957,0.16273216904341606,0.16312152091937032,0.003069187366777348,77.05116529775235,ATM
2026-10-30,0.1156212796499556,734.0,put,5.668697907627271,5.698697907627271,5.683697907627272,5.765000000000001,0.081302092372729,0.005203816131830051,6.0,405.0,763.4854663224103,0.9954998680484348,0.03900915159891941,-0.002044963214945121,-0.039385060266935036,0.16157823208035596,0.1613862520037683,0.16177009518358965,0.003018585458498822,78.15695619925202,ATM
2026-10-30,0.1156212796499556,735.0,put,5.834998592554279,5.85499859255428,5.844998592554279,5.93,0.08500140744572082,0.003372681281618965,55.0,9047.0,763.4854663224103,0.9954998680484348,0.03900915159891941,-0.002044963214945121,-0.0380235896686139,0.16048595940245516,0.16035987642950114,0.16061199437568363,0.002977911983110646,79.32796639725014,ATM
2026-10-30,0.1156212796499556,736.0,put,5.991178689137852,6.011178689137852,6.001178689137852,6.09,0.08882131086214784,0.003284072249589421,49.0,242.0,763.4854663224103,0.9954998680484348,0.03900915159891941,-0.002044963214945121,-0.036663970152574415,0.159267049110201,0.1591427537266444,0.1593913001202866,0.0029328485624209233,80.46788910775602,ATM
2026-10-30,0.1156212796499556,737.0,put,6.14715217815683,6.177152178156829,6.16215217815683,6.255,0.09284782184317031,0.004796163069544263,9.0,296.0,763.4854663224103,0.9954998680484348,0.03900915159891941,-0.002044963214945121,-0.03530619669211401,0.15804627341891617,0.15786241796219846,0.15823003676274588,0.0028880605333963644,81.60630312777292,ATM
2026-10-30,0.1156212796499556,738.0,put,6.302892297652604,6.352892297652604,6.327892297652604,6.425000000000001,0.09710770234739652,0.007782101167315147,15.0,1183.0,763.4854663224103,0.9954998680484348,0.03900915159891941,-0.002044963214945121,-0.033950264280978075,0.1568213028445586,0.1565190380063915,0.1571233321181998,0.0028434649993407833,82.74124601631245,ATM
2026-10-30,0.1156212796499556,739.0,put,6.478334810355545,6.538334810355544,6.508334810355544,6.609999999999999,0.10166518964445537,0.009077155824508262,9.0,772.0,763.4854663224103,0.9954998680484348,0.03900915159891941,-0.002044963214945121,-0.032596167933248876,0.15570862995667237,0.1553508842170474,0.15606606500570253,0.00280325844129804,83.89497600794145,ATM
2026-10-30,0.1156212796499556,740.0,put,6.6735107045508215,6.723510704550821,6.698510704550821,6.805,0.10648929544917873,0.00734753857457749,82.0,2674.0,763.4854663224103,0.9954998680484348,0.03900915159891941,-0.002044963214945121,-0.031243902683235174,0.1546431271282863,0.1543490830288736,0.15493697435485773,0.002765024718502658,85.04979947249599,ATM
2026-10-30,0.1156212796499556,741.0,put,6.828743850526687,6.868743850526687,6.848743850526687,6.960000000000001,0.11125614947331375,0.0057471264367816135,12.0,880.0,763.4854663224103,0.9954998680484348,0.03900915159891941,-0.002044963214945121,-0.029893463585363687,0.15304410695694637,0.15281174805189796,0.15327634975036963,0.0027081392693160855,86.09529125248194,ATM
2026-10-30,0.1156212796499556,742.0,put,7.043225778206605,7.103225778206604,7.073225778206604,7.1899999999999995,0.11677422179339558,0.008344923504867818,4.0,455.0,763.4854663224103,0.9954998680484348,0.03900915159891941,-0.002044963214945121,-0.028544845714070198,0.1522386016016523,0.1518947504496762,0.1525822172858055,0.0026797072038786795,87.27701871528545,ATM
2026-10-30,0.1156212796499556,743.0,put,7.257533793086406,7.317533793086406,7.287533793086406,7.41,0.122466206913594,0.008097165991902902,16.0,413.0,763.4854663224103,0.9954998680484348,0.03900915159891941,-0.002044963214945121,-0.027198044163691443,0.15123880452782235,0.15089935526983375,0.1515780413143616,0.0026446258782011076,88.40619400349983,ATM
2026-10-30,0.1156212796499556,744.0,put,7.4517060185693245,7.511706018569324,7.481706018569324,7.609999999999999,0.1282939814306756,0.00788436268068326,2.0,577.0,763.4854663224103,0.9954998680484348,0.03900915159891941,-0.002044963214945121,-0.025853054048358706,0.14993852226240278,0.14960311987677397,0.1502737323241967,0.0025993467887087483,89.47052119437438,ATM
2026-10-30,0.1156212796499556,745.0,put,7.655498074862394,7.715498074862394,7.6854980748623944,7.82,0.13450192513760584,0.007672634271099694,316.0,2229.0,763.4854663224103,0.9954998680484348,0.03900915159891941,-0.002044963214945121,-0.02450987050189113,0.14867473560435915,0.14834324848977523,0.1490060495541661,0.002555713231161483,90.52496103703571,ATM
2026-10-30,0.1156212796499556,746.0,put,7.888794564299819,7.94879456429982,7.9187945642998185,8.059999999999999,0.14120543570018018,0.0074441687344913784,5.0,945.0,763.4854663224103,0.9954998680484348,0.03900915159891941,-0.002044963214945121,-0.023168488677689756,0.14766086509255366,0.14733325539564632,0.14798832055354938,0.0025209752885993883,91.59399667505699,ATM
2026-10-30,0.1156212796499556,747.0,put,8.101847777603647,8.171847777603647,8.136847777603647,8.285,0.1481522223963534,0.008449004224502146,2.0,475.0,763.4854663224103,0.9954998680484348,0.03900915159891941,-0.002044963214945121,-0.021828903748633263,0.14640291965638527,0.14602488482228224,0.14678076749663774,0.002478205104658401,92.60703146597734,ATM
2026-10-30,0.1156212796499556,748.0,put,8.344378796157732,8.414378796157733,8.379378796157733,8.535,0.15562120384226752,0.00820152314001175,5.0,414.0,763.4854663224103,0.9954998680484348,0.03900915159891941,-0.002044963214945121,-0.0204911109069734,0.14533069223756556,0.14495674383673293,0.14570447585569543,0.002442038215984269,93.61648642938337,ATM
2026-10-30,0.1156212796499556,749.0,put,8.566666557043574,8.626666557043572,8.596666557043573,8.76,0.16333344295642682,0.006849315068493005,8.0,391.0,763.4854663224103,0.9954998680484348,0.03900915159891941,-0.002044963214945121,-0.019155105364231127,0.14391015900301582,0.14359284673954317,0.14422736451181142,0.002394532179109158,94.56003796539967,ATM
2026-10-30,0.1156212796499556,750.0,put,8.808394972412806,8.868394972412805,8.838394972412805,9.01,0.17160502758719431,0.006659267480576995,541.0,7904.0,763.4854663224103,0.9954998680484348,0.03900915159891941,-0.002044963214945121,-0.01782088235109444,0.14266929830162378,0.1423550916645259,0.14298341199159265,0.0023534166524079394,95.49272691752155,ATM
2026-10-30,0.1156212796499556,751.0,put,9.099421615646824,9.169421615646824,9.134421615646824,9.315,0.18057838435317564,0.0075147611379495745,6.0,811.0,763.4854663224103,0.9954998680484348,0.03900915159891941,-0.002044963214945121,-0.016488437117315898,0.14190990381721805,0.14154689026015124,0.14227280952127674,0.0023284299831885487,96.42949648413288,ATM
2026-10-30,0.1156212796499556,752.0,put,9.350189397418768,9.40018939741877,9.375189397418769,9.565,0.18981060258123073,0.005227391531625793,10.0,431.0,763.4854663224103,0.9954998680484348,0.03900915159891941,-0.002044963214945121,-0.015157764931610779,0.14049019214583838,0.14023316054342475,0.14074717668069878,0.0022820743236738007,97.27322815831444,ATM
2026-10-30,0.1156212796499556,753.0,put,9.690058745631474,9.760058745631474,9.725058745631474,9.925,0.19994125436852705,0.0070528967254408345,10.0,149.0,763.4854663224103,0.9954998680484348,0.03900915159891941,-0.002044963214945121,-0.013828861081556988,0.14009988744139037,0.13974321625367211,0.14045648264297703,0.002269411986613021,98.14007957920488,ATM
2026-10-30,0.1156212796499556,754.0,put,9.939653505144685,10.009653505144685,9.974653505144685,10.185,0.2103464948553153,0.006872852233677004,331.0,1016.0,763.4854663224103,0.9954998680484348,0.03900915159891941,-0.002044963214945121,-0.012501720873494567,0.13859454306988525,0.1382405843329509,0.13894843870320522,0.0022209052648637295,98.89042123161505,ATM
2026-10-30,0.1156212796499556,755.0,put,10.238482379587186,10.308482379587184,10.273482379587186,10.495000000000001,0.22151762041281486,0.0066698427822771324,266.0,1759.0,763.4854663224103,0.9954998680484348,0.03900915159891941,-0.002044963214945121,-0.011176339632425899,0.1374976684633073,0.13714628376777777,0.13784900234194625,0.0021858906858151085,99.61315406047699,ATM
2026-10-30,0.1156212796499556,756.0,put,10.50667956920991,10.56667956920991,10.536679569209909,10.77,0.23332043079009068,0.00557103064066857,1.0,439.0,763.4854663224103,0.9954998680484348,0.03900915159891941,-0.002044963214945121,-0.009852712701917565,0.13595152904585214,0.13565230845034187,0.13625072007990324,0.0021370070975915896,100.26544247795701,ATM
2026-10-30,0.1156212796499556,757.0,put,10.824079541510375,10.894079541510376,10.859079541510376,11.105,0.24592045848962485,0.006303466906798764,164.0,915.0,763.4854663224103,0.9954998680484348,0.03900915159891941,-0.002044963214945121,-0.00853083544400186,0.13490164702695404,0.13455467593330578,0.1352485877265085,0.002104128581978353,100.87738659711145,ATM
2026-10-30,0.1156212796499556,758.0,put,11.180755653011401,11.2707556530114,11.2257556530114,11.485,0.25924434698859855,0.007836308228123628,30.0,937.0,763.4854663224103,0.9954998680484348,0.03900915159891941,-0.002044963214945121,-0.007210703239078942,0.1341893070441583,0.1337456361292002,0.134632942091012,0.0020819658042140953,101.43064110820116,ATM
2026-10-30,0.1156212796499556,759.0,put,11.586744084634216,11.666744084634216,11.626744084634215,11.899999999999999,0.27325591536578386,0.006722689075630259,22.0,520.0,763.4854663224103,0.9954998680484348,0.03900915159891941,-0.002044963214945121,-0.005892311485820635,0.13370932965168114,0.13331683076954767,0.13410180977797462,0.002067098608545413,101.91356080927291,ATM
2026-10-30,0.1156212796499556,760.0,put,11.941768123332182,12.011768123332182,11.976768123332182,12.265,0.2882318766678189,0.005707297187117838,147.0,7420.0,763.4854663224103,0.9954998680484348,0.03900915159891941,-0.002044963214945121,-0.004575655601073873,0.13262359716710573,0.13228150578301995,0.13296567991568792,0.0020336648297100265,102.31313799994767,ATM
2026-10-30,0.1156212796499556,761.0,put,12.265647585838925,12.345647585838925,12.305647585838924,12.61,0.30435241416107495,0.006344171292624907,135.0,376.0,763.4854663224103,0.9954998680484348,0.03900915159891941,-0.002044963214945121,-0.003260731019764761,0.13122704257530948,0.13083730891468381,0.1316167706311223,0.001991060489867066,102.6349341615656,ATM
2026-10-30,0.1156212796499556,762.0,put,12.638692136741632,12.728692136741632,12.683692136741632,13.005,0.3213078632583688,0.006920415224913484,236.0,798.0,763.4854663224103,0.9954998680484348,0.03900915159891941,-0.002044963214945121,-0.0019475331948042858,0.13020259844045554,0.12976518498305717,0.13064000977438817,0.0019600947915346463,102.87774415756644,ATM
2026-10-30,0.1156212796499556,763.0,put,13.020488886033533,13.090488886033533,13.055488886033533,13.395,0.3395111139664664,0.005225830533781283,51.0,285.0,763.4854663224103,0.9954998680484348,0.03900915159891941,-0.002044963214945121,-0.0006360575969936276,0.12900728780626158,0.1286675959054152,0.12934697994934394,0.0019242711181711404,103.03450708841144,ATM
2026-10-30,0.1156212796499556,764.0,call,12.92,12.98,12.95,12.95,0.0,0.004633204633204672,5.0,277.0,763.4854663224103,0.9954998680484348,0.03900915159891941,-0.002044963214945121,0.0006737002850697853,0.12803831390260723,0.12774733680352257,0.12832929115670316,0.0018954732705383681,103.10086991138526,ATM
2026-10-30,0.1156212796499556,765.0,call,12.35,12.42,12.385,12.385,0.0,0.005651998385143342,83.0,1535.0,763.4854663224103,0.9954998680484348,0.03900915159891941,-0.002044963214945121,0.0019817449450852797,0.12718457189822197,0.12684500508426483,0.12752413723234282,0.0018702800298406807,103.07272415187833,ATM
2026-10-30,0.1156212796499556,766.0,call,11.79,11.85,11.82,11.82,0.0,0.0050761421319797375,5.0,619.0,763.4854663224103,0.9954998680484348,0.03900915159891941,-0.002044963214945121,0.0032880808591406684,0.12621323273928492,0.12592181654488033,0.1265046452938718,0.0018418215618434956,102.94619314893704,ATM
2026-10-30,0.1156212796499556,767.0,call,11.23,11.28,11.254999999999999,11.254999999999999,0.0,0.004442470013327315,11.0,1027.0,763.4854663224103,0.9954998680484348,0.03900915159891941,-0.002044963214945121,0.004592712485805482,0.12512154149101684,0.12487815010922117,0.12536492757000584,0.001810097398207204,102.71634402294417,ATM
2026-10-30,0.1156212796499556,768.0,call,10.71,10.77,10.74,10.74,0.0,0.00558659217877083,3.0,662.0,763.4854663224103,0.9954998680484348,0.03900915159891941,-0.002044963214945121,0.005895644266221611,0.12439441181472778,0.12410139290752711,0.12468741762163549,0.0017891201769070716,102.38476612699002,ATM
2026-10-30,0.1156212796499556,769.0,call,10.18,10.22,10.2,10.2,0.0,0.003921568627451071,2.0,308.0,763.4854663224103,0.9954998680484348,0.03900915159891941,-0.002044963214945121,0.0071968806241933456,0.12329826861956283,0.12310206797047869,0.12349446020638488,0.001757728231045716,101.9388200577714,ATM
2026-10-30,0.1156212796499556,770.0,call,9.67,9.71,9.690000000000001,9.690000000000001,0.0,0.004127966976264285,193.0,4005.0,763.4854663224103,0.9954998680484348,0.03900915159891941,-0.002044963214945121,0.008496425966278831,0.12236818572458574,0.12217090857472825,0.12256544975173943,0.001731309905543366,101.38359330911386,ATM
2026-10-30,0.1156212796499556,771.0,call,9.19,9.24,9.215,9.215,0.0,0.005425935973955584,2.0,424.0,763.4854663224103,0.9954998680484348,0.03900915159891941,-0.002044963214945121,0.009794284681878936,0.12165460525459679,0.12140638736968762,0.12190279496775103,0.0017111767839257492,100.72369209948737,ATM
2026-10-30,0.1156212796499556,772.0,call,8.71,8.77,8.74,8.74,0.0,0.006864988558352257,16.0,359.0,763.4854663224103,0.9954998680484348,0.03900915159891941,-0.002044963214945121,0.011090461143325544,0.12081053073021465,0.12051033801960168,0.12111066939639621,0.0016875138895762385,99.94482462519736,ATM
2026-10-30,0.1156212796499556,773.0,call,8.25,8.31,8.280000000000001,8.280000000000001,0.0,0.007246376811594262,16.0,394.0,763.4854663224103,0.9954998680484348,0.03900915159891941,-0.002044963214945121,0.012384959705971262,0.11998286925903834,0.11967995991622145,0.1202857084634415,0.0016644710981239242,99.05103196877367,ATM
2026-10-30,0.1156212796499556,774.0,call,7.81,7.87,7.84,7.84,0.0,0.00765306122448986,11.0,575.0,763.4854663224103,0.9954998680484348,0.03900915159891941,-0.002044963214945121,0.013677784708276563,0.11922178799297932,0.11891576633440341,0.11952772058029172,0.0016434217604749091,98.04658537684466,ATM
2026-10-30,0.1156212796499556,775.0,call,7.4,7.46,7.43,7.43,0.0,0.0080753701211305,197.0,5439.0,763.4854663224103,0.9954998680484348,0.03900915159891941,-0.002044963214945121,0.01496894047189637,0.1186316009699978,0.11832209572363021,0.11894099539026118,0.0016271910783835506,96.94629668930105,ATM
2026-10-30,0.1156212796499556,776.0,call,7.0,7.05,7.025,7.025,0.0,0.007117437722419903,9.0,1316.0,763.4854663224103,0.9954998680484348,0.03900915159891941,-0.002044963214945121,0.016258431301768052,0.11795690817309461,0.11769570099421134,0.11821802057560706,0.0016087350821518327,95.72687704746683,ATM
2026-10-30,0.1156212796499556,777.0,call,6.57,6.62,6.595000000000001,6.595000000000001,0.0,0.007581501137225143,1.0,784.0,763.4854663224103,0.9954998680484348,0.03900915159891941,-0.002044963214945121,0.01754626148619689,0.11687619529892916,0.11661111998373656,0.1171411537120509,0.0015793918861617406,94.33367283110067,ATM
2026-10-30,0.1156212796499556,778.0,call,6.21,6.26,6.234999999999999,6.234999999999999,0.0,0.008019246190858031,31.0,828.0,763.4854663224103,0.9954998680484348,0.03900915159891941,-0.002044963214945121,0.01883243529694098,0.1163928112524362,0.11612369133737042,0.11666179059108557,0.0015663546022147568,92.91972525323303,ATM
2026-10-30,0.1156212796499556,779.0,call,5.85,5.9,5.875,5.875,0.0,0.008510638297872462,3.0,412.0,763.4854663224103,0.9954998680484348,0.03900915159891941,-0.002044963214945121,0.02011695698929757,0.11576960578362691,0.11549593525631383,0.11604310771397525,0.0015496259503240998,91.37894663596458,ATM
2026-10-30,0.1156212796499556,780.0,call,5.5,5.54,5.52,5.52,0.0,0.00724637681159421,99.0,7545.0,763.4854663224103,0.9954998680484348,0.03900915159891941,-0.002044963214945121,0.02139983080218687,0.11505553301990143,0.11483253929776042,0.11527839766754212,0.0015305685636664923,89.71464854314533,ATM
2026-10-30,0.1156212796499556,781.0,call,5.14,5.19,5.165,5.165,0.0,0.009680542110358318,43.0,751.0,763.4854663224103,0.9954998680484348,0.03900915159891941,-0.002044963214945121,0.022681060958235345,0.11418887019277416,0.11390435411252046,0.11447314484591553,0.0015075972050170893,87.9059063555925,ATM
2026-10-30,0.1156212796499556,782.0,call,4.85,4.89,4.869999999999999,4.869999999999999,0.0,0.008213552361396313,176.0,862.0,763.4854663224103,0.9954998680484348,0.03900915159891941,-0.002044963214945121,0.023960651663860386,0.11385728505884599,0.11362502092149727,0.11408936802893305,0.0014988543036738512,86.14254152326576,ATM
2026-10-30,0.1156212796499556,783.0,call,4.55,4.59,4.57,4.57,0.0,0.008752735229759306,26.0,21269.0,763.4854663224103,0.9954998680484348,0.03900915159891941,-0.002044963214945121,0.025238607109352554,0.11332560242678877,0.11308807900408609,0.11356291266364513,0.001484888502313382,84.24012833111226,ATM
2026-10-30,0.1156212796499556,784.0,call,4.27,4.29,4.279999999999999,4.279999999999999,0.0,0.004672897196261791,22.0,243.0,763.4854663224103,0.9954998680484348,0.03900915159891941,-0.002044963214945121,0.02651493146895723,0.11276398065886942,0.11264236167631948,0.11288553699766553,0.0014702072785855592,82.24521805405999,ATM
2026-10-30,0.1156212796499556,785.0,call,3.99,4.02,4.005,4.005,0.0,0.007490636704119691,153.0,11001.0,763.4854663224103,0.9954998680484348,0.03900915159891941,-0.002044963214945121,0.027789628900957743,0.1122343175818163,0.11204716392754054,0.11242130601436784,0.0014564283101826008,80.18352104944319,ATM
2026-10-30,0.1156212796499556,786.0,call,3.72,3.75,3.7350000000000003,3.7350000000000003,0.0,0.008032128514056172,36.0,274.0,763.4854663224103,0.9954998680484348,0.03900915159891941,-0.002044963214945121,0.029062703547756,0.1116131188044792,0.11142074525813844,0.1118052982283143,0.0014403507372288999,78.01275410598045,ATM
2026-10-30,0.1156212796499556,787.0,call,3.47,3.49,3.4800000000000004,3.4800000000000004,0.0,0.0057471264367816135,57.0,193.0,763.4854663224103,0.9954998680484348,0.03900915159891941,-0.002044963214945121,0.03033415953595261,0.11102665009329946,0.11089464851335643,0.11115855048481597,0.0014252539212561085,75.78576594378947,ATM
2026-10-30,0.1156212796499556,788.0,call,3.26,3.28,3.2699999999999996,3.2699999999999996,0.0,0.0061162079510703425,17.0,316.0,763.4854663224103,0.9954998680484348,0.03900915159891941,-0.002044963214945121,0.03160400097642844,0.11088814787108427,0.1107524144551008,0.11102376472086396,0.0014217002211397735,73.70553105551632,ATM
2026-10-30,0.1156212796499556,789.0,call,3.04,3.07,3.0549999999999997,3.0549999999999997,0.0,0.009819967266775715,302.0,437.0,763.4854663224103,0.9954998680484348,0.03900915159891941,-0.002044963214945121,0.032872231964423695,0.11054235969069569,0.11033239085646149,0.11075202407502242,0.0014128473249534323,71.49115242908924,ATM
2026-10-30,0.1156212796499556,790.0,call,2.84,2.87,2.855,2.855,0.0,0.010507880910683099,287.0,6797.0,763.4854663224103,0.9954998680484348,0.03900915159891941,-0.002044963214945121,0.034138856579616565,0.11026197598899348,0.11004526780687508,0.11047833176344259,0.0014056892188156272,69.27400445459618,ATM
2026-10-30,0.1156212796499556,791.0,call,2.63,2.66,2.645,2.645,0.0,0.01134215500945189,38.0,338.0,763.4854663224103,0.9954998680484348,0.03900915159891941,-0.002044963214945121,0.03540387888620319,0.10968409862133548,0.10945956460352525,0.10990821937030805,0.0013909935392758027,66.86675971511295,ATM
2026-10-30,0.1156212796499556,792.0,call,2.45,2.48,2.465,2.465,0.0,0.012170385395537447,28.0,311.0,763.4854663224103,0.9954998680484348,0.03900915159891941,-0.002044963214945121,0.036667302932975314,0.10940002933090638,0.10916756225242173,0.1096320176203076,0.0013837978405228343,64.5920152076859,ATM
2026-10-30,0.1156212796499556,793.0,call,2.28,2.31,2.295,2.295,0.0,0.01307189542483671,21.0,465.0,763.4854663224103,0.9954998680484348,0.03900915159891941,-0.002044963214945121,0.03792913275339737,0.10912572884252404,0.10888471221626275,0.10936619073997846,0.0013768673018986776,62.30834378591485,ATM
2026-10-30,0.1156212796499556,794.0,call,2.12,2.15,2.135,2.135,0.0,0.01405152224824347,21.0,303.0,763.4854663224103,0.9954998680484348,0.03900915159891941,-0.002044963214945121,0.03918937236568504,0.1088670328659895,0.10861681894933493,0.10911660411361107,0.0013703469727547825,60.02610095293806,ATM
2026-10-30,0.1156212796499556,795.0,call,1.97,2.0,1.9849999999999999,1.9849999999999999,0.0,0.0151133501259446,162.0,1216.0,763.4854663224103,0.9954998680484348,0.03900915159891941,-0.002044963214945121,0.04044802577288136,0.10863077215674877,0.10837068764144273,0.10889011234456944,0.0013644056362109428,57.756561778855676,ATM
2026-10-30,0.1156212796499556,796.0,call,1.84,1.86,1.85,1.85,0.0,0.01081081081081082,4.0,214.0,763.4854663224103,0.9954998680484348,0.03900915159891941,-0.002044963214945121,0.041705096962932404,0.10851495349506456,0.10833481199781977,0.10869471386836421,0.001361497815677828,55.570883829499316,ATM
2026-10-30,0.1156212796499556,797.0,call,1.7,1.73,1.7149999999999999,1.7149999999999999,0.0,0.01749271137026241,2.0,1452.0,763.4854663224103,0.9954998680484348,0.03900915159891941,-0.002044963214945121,0.042960589908764356,0.10825881465153411,0.1079769174754623,0.10853971583631135,0.0013550780386710037,53.305527177544555,ATM
2026-10-30,0.1156212796499556,798.0,call,1.58,1.6,1.59,1.59,0.0,0.012578616352201269,49.0,284.0,763.4854663224103,0.9954998680484348,0.03900915159891941,-0.002044963214945121,0.04421450856835823,0.10804541401926328,0.10784940235490523,0.1082409121140402,0.0013497410229348355,51.08453354540795,ATM
2026-10-30,0.1156212796499556,799.0,call,1.48,1.49,1.4849999999999999,1.4849999999999999,0.0,0.006734006734006741,1.0,602.0,763.4854663224103,0.9954998680484348,0.03900915159891941,-0.002044963214945121,0.045466856884824054,0.10809063216400451,0.10798865261889297,0.10819246471746059,0.0013508710210365467,49.06486811570364,ATM
2026-10-30,0.1156212796499556,800.0,call,1.36,1.38,1.37,1.37,0.0,0.014598540145985252,906.0,15049.0,763.4854663224103,0.9954998680484348,0.03900915159891941,-0.002044963214945121,0.04671763878647662,0.10779580346779229,0.10758195091755905,0.10800896916386096,0.0013435117825073796,46.836716937216806,ATM
2026-10-30,0.1156212796499556,801.0,call,1.26,1.29,1.275,1.275,0.0,0.023529411764705906,6.0,877.0,763.4854663224103,0.9954998680484348,0.03900915159891941,-0.002044963214945121,0.047966858186908684,0.10778894183077653,0.10745354535462484,0.10812256061477989,0.0013433407480797298,44.84281848859444,ATM
2026-10-30,0.1156212796499556,802.0,call,1.18,1.2,1.19,1.19,0.0,0.016806722689075647,3.0,680.0,763.4854663224103,0.9954998680484348,0.03900915159891941,-0.002044963214945121,0.04921451898506389,0.1078837598619199,0.10765052451864031,0.10811609133303057,0.0013457051640466994,42.95878421238073,ATM
2026-10-30,0.1156212796499556,803.0,call,1.08,1.11,1.0950000000000002,1.0950000000000002,0.0,0.027397260273972622,283.0,2032.0,763.4854663224103,0.9954998680484348,0.03900915159891941,-0.002044963214945121,0.050460625065310995,0.10761269777777162,0.10724431399893937,0.10797869925031896,0.0013389513876114164,40.85151904073641,call wing
2026-10-30,0.1156212796499556,804.0,call,1.01,1.03,1.02,1.02,0.0,0.01960784313725492,259.0,810.0,763.4854663224103,0.9954998680484348,0.03900915159891941,-0.002044963214945121,0.051705180297515835,0.10769701710742144,0.10744027455854063,0.10795254545651158,0.001341050465446095,39.042355638765216,call wing
2026-10-30,0.1156212796499556,805.0,call,0.93,0.95,0.94,0.94,0.0,0.021276595744680753,10.0,1424.0,763.4854663224103,0.9954998680484348,0.03900915159891941,-0.002044963214945121,0.052948188537112764,0.1075246603484666,0.10725435092549972,0.10779355228800729,0.0013367615043928494,37.09248073160598,call wing
2026-10-30,0.1156212796499556,806.0,call,0.87,0.88,0.875,0.875,0.0,0.011428571428571439,2.0,890.0,763.4854663224103,0.9954998680484348,0.03900915159891941,-0.002044963214945121,0.054189653625177615,0.10762866682281208,0.10748717679476064,0.10776975026812875,0.0013393488009635123,35.38919056032084,call wing
2026-10-30,0.1156212796499556,807.0,call,0.81,0.82,0.815,0.815,0.0,0.012269938650306624,3.0,744.0,763.4854663224103,0.9954998680484348,0.03900915159891941,-0.002044963214945121,0.05542957938849826,0.1077616839429901,0.10761332196409916,0.10790958004569398,0.0013426614204807392,33.75453772631476,call wing
2026-10-30,0.1156212796499556,808.0,call,0.75,0.76,0.755,0.755,0.0,0.013245033112582794,2.0,1019.0,763.4854663224103,0.9954998680484348,0.03900915159891941,-0.002044963214945121,0.05666796963964477,0.10777892969043024,0.10762282829396531,0.10793449245712035,0.0013430912031593412,32.08602720096056,call wing
2026-10-30,0.1156212796499556,809.0,call,0.69,0.7,0.695,0.695,0.0,0.014388489208633108,2.0,581.0,763.4854663224103,0.9954998680484348,0.03900915159891941,-0.002044963214945121,0.05790482817704102,0.10766839161631923,0.10750348304594332,0.10783267082803118,0.0013403376671259808,30.378035004845284,call wing
2026-10-30,0.1156212796499556,810.0,call,0.64,0.66,0.65,0.65,0.0,0.030769230769230795,27.0,2938.0,763.4854663224103,0.9954998680484348,0.03900915159891941,-0.002044963214945121,0.05914015878503392,0.10793586861851995,0.10758944594887974,0.10827942844375091,0.001347005451651455,28.98729245770452,call wing
2026-10-30,0.1156212796499556,811.0,call,0.6,0.62,0.61,0.61,0.0,0.03278688524590167,1.0,658.0,763.4854663224103,0.9954998680484348,0.03900915159891941,-0.002044963214945121,0.060373965233962316,0.10828430050381843,0.10792165628920067,0.1086437088063444,0.0013557161277526362,27.69997194726882,call wing
2026-10-30,0.1156212796499556,812.0,call,0.57,0.58,0.575,0.575,0.0,0.017391304347826105,22.0,159.0,763.4854663224103,0.9954998680484348,0.03900915159891941,-0.002044963214945121,0.06160625128022728,0.10873088173645702,0.10854192362485116,0.10891893255992237,0.0013669215533849042,26.52488575489444,call wing
2026-10-30,0.1156212796499556,813.0,call,0.52,0.53,0.525,0.525,0.0,0.019047619047619063,10.0,176.0,763.4854663224103,0.9954998680484348,0.03900915159891941,-0.002044963214945121,0.06283702066636006,0.10850058014210108,0.10829957186027107,0.10870051405747554,0.0013611371650576506,24.941613342919112,call wing
2026-10-30,0.1156212796499556,814.0,call,0.49,0.5,0.495,0.495,0.0,0.02020202020202022,7.0,1397.0,763.4854663224103,0.9954998680484348,0.03900915159891941,-0.002044963214945121,0.0640662771210897,0.10896018408578723,0.10875009325864947,0.10916907073117561,0.0013726930292208756,23.86802647516525,call wing
2026-10-30,0.1156212796499556,815.0,call,0.46,0.47,0.46499999999999997,0.46499999999999997,0.0,0.021505376344085923,38.0,2389.0,763.4854663224103,0.9954998680484348,0.03900915159891941,-0.002044963214945121,0.06529402435941203,0.10934290873100157,0.10912279425278923,0.10956166519209123,0.0013823531841002817,22.78617443211335,call wing
2026-10-30,0.1156212796499556,816.0,call,0.43,0.44,0.435,0.435,0.0,0.022988505747126457,2.0,986.0,763.4854663224103,0.9954998680484348,0.03900915159891941,-0.002044963214945121,0.06652026608265647,0.10964239406030454,0.10941113887342192,0.10987210693535503,0.001389935961247121,21.69395329414497,call wing
2026-10-30,0.1156212796499556,817.0,call,0.41,0.42,0.415,0.415,0.0,0.024096385542168697,2.0,1270.0,763.4854663224103,0.9954998680484348,0.03900915159891941,-0.002044963214945121,0.06774500597855228,0.11033325041440765,0.1100930080274139,0.11057179929607602,0.0014075071088413382,20.88643678886785,call wing
2026-10-30,0.1156212796499556,818.0,call,0.37,0.39,0.38,0.38,0.0,0.05263157894736847,2.0,631.0,763.4854663224103,0.9954998680484348,0.03900915159891941,-0.002044963214945121,0.0689682477212964,0.11021545445433592,0.10970179147649688,0.11072113592052167,0.0014045032973138206,19.622767801902153,call wing
2026-10-30,0.1156212796499556,819.0,call,0.36,0.37,0.365,0.365,0.0,0.02739726027397263,1.0,166.0,763.4854663224103,0.9954998680484348,0.03900915159891941,-0.002044963214945121,0.0701899949716189,0.11102961182671527,0.11076482616650564,0.11129223284238304,0.001425329962070876,18.961311189613763,call wing
2026-10-30,0.1156212796499556,820.0,call,0.33,0.34,0.335,0.335,0.0,0.02985074626865674,19.0,1376.0,763.4854663224103,0.9954998680484348,0.03900915159891941,-0.002044963214945121,0.0714102513768482,0.11097207204206332,0.11069026958603324,0.11125133486954206,0.0014238530240442365,17.823928739517118,call wing
2026-10-30,0.1156212796499556,821.0,call,0.32,0.33,0.325,0.325,0.0,0.030769230769230795,27.0,1999.0,763.4854663224103,0.9954998680484348,0.03900915159891941,-0.002044963214945121,0.07262902057097756,0.11196020937998724,0.1116702153629481,0.11224749529152649,0.0014493229710929741,17.323336383635866,call wing
2026-10-30,0.1156212796499556,822.0,call,0.29,0.3,0.295,0.295,0.0,0.0338983050847458,1.0,811.0,763.4854663224103,0.9954998680484348,0.03900915159891941,-0.002044963214945121,0.07384630617472938,0.11170808864182492,0.1113970820253827,0.1120158568278894,0.001442802923367444,16.161792871801715,call wing
2026-10-30,0.1156212796499556,823.0,call,0.28,0.3,0.29000000000000004,0.29000000000000004,0.0,0.06896551724137917,1.0,53.0,763.4854663224103,0.9954998680484348,0.03900915159891941,-0.002044963214945121,0.07506211179561921,0.1129200031769966,0.11228159113888693,0.11354491203416527,0.0014742785100478513,15.834649059724097,call wing
2026-10-30,0.1156212796499556,824.0,call,0.27,0.28,0.275,0.275,0.0,0.03636363636363639,3.0,455.0,763.4854663224103,0.9954998680484348,0.03900915159891941,-0.002044963214945121,0.07627644102802103,0.1134655007541609,0.1131340408680874,0.11379321900972292,0.0014885568991250032,15.171307841930773,call wing
2026-10-30,0.1156212796499556,825.0,call,0.24,0.25,0.245,0.245,0.0,0.04081632653061228,1.0,878.0,763.4854663224103,0.9954998680484348,0.03900915159891941,-0.002044963214945121,0.07748929745323047,0.11289973910584608,0.11253956079389435,0.11325529597114707,0.0014737494239128435,13.972710762133008,call wing
2026-10-30,0.1156212796499556,826.0,call,0.23,0.24,0.235,0.235,0.0,0.042553191489361625,6.0,37.0,763.4854663224103,0.9954998680484348,0.03900915159891941,-0.002044963214945121,0.07870068463952747,0.1136464364515031,0.11327291203524417,0.11401493748749128,0.0014933080846806944,13.477748113307461,call wing
2026-10-30,0.1156212796499556,827.0,call,0.22,0.23,0.225,0.225,0.0,0.04444444444444448,1.0,1121.0,763.4854663224103,0.9954998680484348,0.03900915159891941,-0.002044963214945121,0.07991060614224066,0.1143542146228769,0.11396637249675619,0.11473657982324324,0.001511966339638077,12.984703468208322,call wing
2026-10-30,0.1156212796499556,828.0,call,0.21,0.22,0.215,0.215,0.0,0.046511627906976785,1.0,33.0,763.4854663224103,0.9954998680484348,0.03900915159891941,-0.002044963214945121,0.08111906550380917,0.11502098204062462,0.11461772544886895,0.11541824720157545,0.0015296494474614098,12.493111340454368,call wing
2026-10-30,0.1156212796499556,829.0,call,0.2,0.21,0.20500000000000002,0.20500000000000002,0.0,0.04878048780487795,3.0,67.0,763.4854663224103,0.9954998680484348,0.03900915159891941,-0.002044963214945121,0.08232606625384438,0.11564436555637207,0.11522444955005974,0.11605770308803143,0.0015462749752756032,12.002488107113514,call wing
2026-10-30,0.1156212796499556,830.0,call,0.19,0.2,0.195,0.195,0.0,0.05128205128205133,4.0,10019.0,763.4854663224103,0.9954998680484348,0.03900915159891941,-0.002044963214945121,0.08353161190919295,0.11622165955295749,0.11578366228537817,0.11665240423942588,0.001561751445974235,11.512326945475841,call wing
2026-10-30,0.1156212796499556,831.0,call,0.18,0.19,0.185,0.185,0.0,0.054054054054054106,1.0,33.0,763.4854663224103,0.9954998680484348,0.03900915159891941,-0.002044963214945121,0.08473570597399767,0.11674976233637327,0.11629204888953523,0.11719944369576407,0.0015759766622651151,11.022091807731199,call wing
2026-10-30,0.1156212796499556,832.0,call,0.17,0.18,0.175,0.175,0.0,0.05714285714285704,8.0,396.0,763.4854663224103,0.9954998680484348,0.03900915159891941,-0.002044963214945121,0.085938351939758,0.11722509592868195,0.11674577220998489,0.1176954791251683,0.0015888356112081763,10.531210206439628,call wing
2026-10-30,0.1156212796499556,833.0,call,0.16,0.17,0.165,0.165,0.0,0.060606060606060656,150.0,302.0,763.4854663224103,0.9954998680484348,0.03900915159891941,-0.002044963214945121,0.08713955328539204,0.11764350359296138,0.11714035678299206,0.11813664197060403,0.0016001978094160752,10.039064394960755,call wing
2026-10-30,0.1156212796499556,834.0,call,0.16,0.17,0.165,0.165,0.0,0.060606060606060656,1.0,125.0,763.4854663224103,0.9954998680484348,0.03900915159891941,-0.002044963214945121,0.08833931347729623,0.11902605644357023,0.11851842059572547,0.11952358289299199,0.0016380300373077252,9.95040664281016,call wing
2026-10-30,0.1156212796499556,835.0,call,0.15,0.16,0.155,0.155,0.0,0.06451612903225812,6.0,393.0,763.4854663224103,0.9954998680484348,0.03900915159891941,-0.002044963214945121,0.0895376359694049,0.11936977250118559,0.11883550790729858,0.11989264862932486,0.0016475040998218617,9.46139383555812,call wing
2026-10-30,0.1156212796499556,840.0,call,0.12,0.13,0.125,0.125,0.0,0.08000000000000007,115.0,734.0,763.4854663224103,0.9954998680484348,0.03900915159891941,-0.002044963214945121,0.09550780295590879,0.1226118837219802,0.12196530788487606,0.12324104655133558,0.0017382126291718386,7.8411002766793505,call wing
2026-10-30,0.1156212796499556,845.0,call,0.1,0.11,0.10500000000000001,0.10500000000000001,0.0,0.09523809523809518,8.0,567.0,763.4854663224103,0.9954998680484348,0.03900915159891941,-0.002044963214945121,0.1014425384757232,0.12635436811930637,0.12559295432867051,0.12709103030218633,0.0018459430239150209,6.678313232233765,call wing
2026-10-30,0.1156212796499556,850.0,call,0.09,0.1,0.095,0.095,0.0,0.10526315789473693,16.0,2203.0,763.4854663224103,0.9954998680484348,0.03900915159891941,-0.002044963214945121,0.10734226060291156,0.13111197009655873,0.13026174125034284,0.13193138668757984,0.001987570114623671,5.992720188977972,call wing
2026-10-30,0.1156212796499556,855.0,call,0.07,0.08,0.07500000000000001,0.07500000000000001,0.0,0.13333333333333325,5.0,954.0,763.4854663224103,0.9954998680484348,0.03900915159891941,-0.002044963214945121,0.11320738005530971,0.13359060904261086,0.132542157297908,0.13459030880397446,0.0020634294815243238,4.887033242977274,call wing
2026-10-30,0.1156212796499556,860.0,call,0.06,0.07,0.065,0.065,0.0,0.15384615384615397,21.0,1597.0,763.4854663224103,0.9954998680484348,0.03900915159891941,-0.002044963214945121,0.11903830036610277,0.13739155855954222,0.1361830252154017,0.13853476377264556,0.002182518190054707,4.257563425056193,call wing
2026-10-30,0.1156212796499556,865.0,call,0.05,0.06,0.055,0.055,0.0,0.18181818181818174,20.0,887.0,763.4854663224103,0.9954998680484348,0.03900915159891941,-0.002044963214945121,0.12483541805042875,0.14070286154825284,0.13928356899838937,0.14203087340373954,0.0022889886101663454,3.6464772002191883,call wing
2026-11-30,0.2005527864992707,475.0,put,0.3386570853745079,0.34865708537450785,0.34365708537450784,0.345,0.001342914625492131,0.02898550724637668,15.0,1193.0,766.2886422257747,0.9922071290451722,0.0390091515989198,-0.002932707424180829,-0.47824411225517655,0.44831742966284555,0.4475114510510323,0.4491152837174484,0.040308807287014914,6.235334395933822,deep put wing
2026-11-30,0.2005527864992707,480.0,put,0.35855400204122934,0.36855400204122934,0.36355400204122934,0.365,0.0014459979587706506,0.02739726027397263,5.0,50.0,766.2886422257747,0.9922071290451722,0.0390091515989198,-0.002932707424180829,-0.4677728123878812,0.4424809812012451,0.4417192567885697,0.4432354802756706,0.03926611349233446,6.595587466166278,deep put wing
2026-11-30,0.2005527864992707,485.0,put,0.3784471270692958,0.3884471270692958,0.3834471270692958,0.385,0.0015528729307042188,0.025974025974025997,20.0,150.0,766.2886422257747,0.9922071290451722,0.0390091515989198,-0.002932707424180829,-0.45741002535233455,0.436509853182425,0.43578837403019915,0.4372248729252425,0.038213498795572315,6.961609089442425,deep put wing
2026-11-30,0.2005527864992707,490.0,put,0.39833583874208056,0.4083358387420805,0.40333583874208057,0.405,0.001664161257919461,0.024691358024691242,1.0,74.0,766.2886422257747,0.9922071290451722,0.0390091515989198,-0.002932707424180829,-0.4471535251851455,0.4304193071577882,0.42973461513291944,0.4310981973917789,0.037154565652852176,7.333850871278707,deep put wing
2026-11-30,0.2005527864992707,495.0,put,0.42818194637642654,0.43818194637642655,0.43318194637642654,0.435,0.0018180536235734568,0.022988505747126457,1.0,16.0,766.2886422257747,0.9922071290451722,0.0390091515989198,-0.002932707424180829,-0.4370011537211276,0.42550389328889915,0.4248633038736882,0.4261394590132688,0.036310796606186205,7.836246146485429,deep put wing
2026-11-30,0.2005527864992707,500.0,put,0.4480603430980039,0.4580603430980039,0.4530603430980039,0.455,0.0019396569019961007,0.021978021978021997,45.0,487.0,766.2886422257747,0.9922071290451722,0.0390091515989198,-0.002932707424180829,-0.426950817867626,0.41915151691131786,0.4185411065842027,0.41975737033603455,0.03523471677705025,8.22209955255747,deep put wing
2026-11-30,0.2005527864992707,505.0,put,0.4679327635706891,0.4779327635706891,0.4729327635706891,0.475,0.0020672364293108925,0.02105263157894739,10.0,124.0,766.2886422257747,0.9922071290451722,0.0390091515989198,-0.002932707424180829,-0.417000487014458,0.41271848227902835,0.41213605502844664,0.41329676247841524,0.034161468865689146,8.615625376698148,deep put wing
2026-11-30,0.2005527864992707,510.0,put,0.4977587236649269,0.5077587236649269,0.5027587236649269,0.505,0.0022412763350730946,0.01980198019801982,10.0,75.0,766.2886422257747,0.9922071290451722,0.0390091515989198,-0.002932707424180829,-0.4071481905714463,0.4073100073669193,0.4067610882328671,0.40785527142861977,0.03327199649765108,9.139414488798506,deep put wing
2026-11-30,0.2005527864992707,515.0,put,0.5275771376113302,0.5375771376113302,0.5325771376113302,0.535,0.002422862388669844,0.018691588785046745,2.0,43.0,766.2886422257747,0.9922071290451722,0.0390091515989198,-0.002932707424180829,-0.3973920156260817,0.4017278205686774,0.40120918183015797,0.40224321810140085,0.03236625994663089,9.67100652009434,deep put wing
2026-11-30,0.2005527864992707,520.0,put,0.547430092822528,0.557430092822528,0.552430092822528,0.555,0.002569907177472075,0.018018018018018032,11.0,32.0,766.2886422257747,0.9922071290451722,0.0390091515989198,-0.002932707424180829,-0.3877301047143448,0.3950098616902557,0.3945128593012303,0.3955038827692832,0.03129281098672675,10.090738308346811,deep put wing
2026-11-30,0.2005527864992707,525.0,put,0.5772123236942988,0.5972123236942988,0.5872123236942988,0.59,0.0027876763057012033,0.0338983050847458,16.0,368.0,766.2886422257747,0.9922071290451722,0.0390091515989198,-0.002932707424180829,-0.378160653698194,0.38965122179609996,0.38871142044504664,0.39058051332737326,0.030449543439313925,10.700973534774647,deep put wing
2026-11-30,0.2005527864992707,530.0,put,0.6169853190341736,0.6269853190341736,0.6219853190341736,0.625,0.003014680965826355,0.016000000000000014,5.0,536.0,766.2886422257747,0.9922071290451722,0.0390091515989198,-0.002932707424180829,-0.3686819097436503,0.38411457928027876,0.3836717335346485,0.38455509580400593,0.02959036233991803,11.320523222624638,deep put wing
2026-11-30,0.2005527864992707,535.0,put,0.6467483687101135,0.6667483687101136,0.6567483687101136,0.66,0.0032516312898864808,0.030303030303030328,2.0,192.0,766.2886422257747,0.9922071290451722,0.0390091515989198,-0.002932707424180829,-0.3592921693938112,0.3784185232580208,0.37757753957440243,0.3792512020624864,0.028719275095574107,11.950364360204409,deep put wing
2026-11-30,0.2005527864992707,540.0,put,0.676522575816395,0.6965225758163949,0.6865225758163949,0.69,0.0034774241836050823,0.02898550724637668,3.0,187.0,766.2886422257747,0.9922071290451722,0.0390091515989198,-0.002932707424180829,-0.3499897767314977,0.37218260810053244,0.3713808965746428,0.3729767881843764,0.027780550681660764,12.532678651723785,deep put wing
2026-11-30,0.2005527864992707,545.0,put,0.716262594185714,0.726262594185714,0.721262594185714,0.725,0.0037374058142859434,0.013793103448275874,7.0,65.0,766.2886422257747,0.9922071290451722,0.0390091515989198,-0.002932707424180829,-0.34077312162657375,0.3662325150819135,0.3658524842654823,0.36661085368006435,0.0268993942036636,13.186303860900264,deep put wing
2026-11-30,0.2005527864992707,550.0,put,0.7559664800946139,0.7659664800946139,0.7609664800946139,0.765,0.00403351990538614,0.013071895424836612,23.0,753.0,766.2886422257747,0.9922071290451722,0.0390091515989198,-0.002932707424180829,-0.33164063806330113,0.3605210967504519,0.36016092035573116,0.3608797635783332,0.02606694092061877,13.911350159055129,deep put wing
2026-11-30,0.2005527864992707,555.0,put,0.7956303403846285,0.8156303403846284,0.8056303403846286,0.81,0.004369659615371502,0.024691358024691242,10.0,552.0,766.2886422257747,0.9922071290451722,0.0390091515989198,-0.002932707424180829,-0.3225908025433833,0.35500413870029,0.3543215277655099,0.35568139606217525,0.025275254241797534,14.707721671913243,deep put wing
2026-11-30,0.2005527864992707,560.0,put,0.83530010879331,0.85530010879331,0.84530010879331,0.85,0.00469989120669001,0.023529411764705903,1.0,954.0,766.2886422257747,0.9922071290451722,0.0390091515989198,-0.002932707424180829,-0.31362213256062293,0.3489999226413995,0.3483507035121196,0.34964432224691233,0.024427519119289812,15.460898936021648,deep put wing
2026-11-30,0.2005527864992707,565.0,put,0.8849277804019278,0.8949277804019278,0.8899277804019278,0.895,0.005072219598072247,0.011173184357541908,2.0,593.0,766.2886422257747,0.9922071290451722,0.0390091515989198,-0.002932707424180829,-0.30473318514337683,0.3431824555958306,0.3428749249139672,0.34348890823385714,0.023619943552279036,16.28717999275904,deep put wing
2026-11-30,0.2005527864992707,570.0,put,0.934510694364458,0.944510694364458,0.939510694364458,0.945,0.005489305635541952,0.010582010582010592,1.0,684.0,766.2886422257747,0.9922071290451722,0.0390091515989198,-0.002932707424180829,-0.295922555461222,0.3375158478572455,0.33722444503813026,0.33780629093607295,0.022846361261605472,17.186768108857866,deep put wing
2026-11-30,0.2005527864992707,575.0,put,0.9840453979168624,1.0040453979168624,0.9940453979168624,1.0,0.0059546020831375834,0.020000000000000018,38.0,768.0,766.2886422257747,0.9922071290451722,0.0390091515989198,-0.002932707424180829,-0.2871888754924673,0.3319671883627479,0.33141480966436637,0.33251616319222194,0.022101361126065193,18.159797880694622,deep put wing
2026-11-30,0.2005527864992707,580.0,put,1.0435287407627687,1.0635287407627687,1.0535287407627687,1.06,0.006471259237231353,0.018867924528301903,7.0,420.0,766.2886422257747,0.9922071290451722,0.0390091515989198,-0.002932707424180829,-0.27853081274935276,0.3265067332278937,0.32598456105650275,0.3270258970750585,0.0213802600837376,19.20639881696641,deep put wing
2026-11-30,0.2005527864992707,581.0,put,1.0534328794280259,1.073432879428026,1.063432879428026,1.07,0.006567120571974172,0.018691588785046745,0.0,18.0,766.2886422257747,0.9922071290451722,0.0390091515989198,-0.002932707424180829,-0.2768081594379066,0.3252895967236428,0.3247725431657083,0.32580370399850345,0.02122115652302503,19.395915575357886,deep put wing
2026-11-30,0.2005527864992707,585.0,put,1.1030097831804577,1.1130097831804577,1.1080097831804578,1.1150000000000002,0.006990216819542372,0.008968609865470859,7.0,1094.0,766.2886422257747,0.9922071290451722,0.0390091515989198,-0.002932707424180829,-0.26994706905796134,0.3206171424770287,0.32036949416212357,0.32086411746780885,0.02061589429282816,20.217476843496645,deep put wing
2026-11-30,0.2005527864992707,586.0,put,1.1128801133843556,1.1328801133843553,1.1228801133843553,1.13,0.007119886615644555,0.017699115044247607,2.0,2.0,766.2886422257747,0.9922071290451722,0.0390091515989198,-0.002932707424180829,-0.26823912671280514,0.3196162134807437,0.319126281076442,0.320103526230699,0.020487374425615937,20.465973825269547,deep put wing
2026-11-30,0.2005527864992707,587.0,put,1.1228049052212608,1.1328049052212608,1.1278049052212606,1.1349999999999998,0.007195094778739142,0.008810572687224679,1.0,1.0,766.2886422257747,0.9922071290451722,0.0390091515989198,-0.002932707424180829,-0.2665340964617213,0.31812404156265894,0.3178810714655452,0.3183663648055842,0.02029652476405642,20.60616342769679,deep put wing
2026-11-30,0.2005527864992707,588.0,put,1.142644685837253,1.152644685837253,1.1476446858372529,1.1549999999999998,0.007355314162746929,0.008658008658008667,1.0,1.0,766.2886422257747,0.9922071290451722,0.0390091515989198,-0.002932707424180829,-0.2648319683911909,0.31734729667195205,0.3171078727968121,0.317586095838993,0.020197532086096624,20.91081301489777,deep put wing
2026-11-30,0.2005527864992707,589.0,put,1.1425673905011573,1.1625673905011573,1.1525673905011573,1.16,0.007432609498842613,0.017241379310344845,2.0,2.0,766.2886422257747,0.9922071290451722,0.0390091515989198,-0.002932707424180829,-0.263132732638231,0.3158488904577433,0.315372660360585,0.31632265203846227,0.02000725059018006,21.053087965484508,deep put wing
2026-11-30,0.2005527864992707,590.0,put,1.1624041454287475,1.1824041454287475,1.1724041454287475,1.18,0.007595854571252447,0.0169491525423729,5.0,478.0,766.2886422257747,0.9922071290451722,0.0390091515989198,-0.002932707424180829,-0.26143637939005265,0.315050801207633,0.31458141977618,0.31551779716310485,0.019906269401930732,21.359175491243555,deep put wing
2026-11-30,0.2005527864992707,593.0,put,1.2020170908728358,1.2220170908728358,1.2120170908728358,1.22,0.00798290912716415,0.016393442622950834,2.0,10.0,766.2886422257747,0.9922071290451722,0.0390091515989198,-0.002932707424180829,-0.2563645172920923,0.31166893905509835,0.31121462768714414,0.31212103037164024,0.019481201828160308,22.06550321058115,deep put wing
2026-11-30,0.2005527864992707,595.0,put,1.2317617974214252,1.2417617974214252,1.2367617974214253,1.245,0.008238202578574771,0.008032128514056231,252.0,432.0,766.2886422257747,0.9922071290451722,0.0390091515989198,-0.002932707424180829,-0.2529975107441881,0.30930498465985057,0.309082725355082,0.3095267132015662,0.019186799555727448,22.523201322203906,deep put wing
2026-11-30,0.2005527864992707,596.0,put,1.241646672219276,1.251646672219276,1.246646672219276,1.255,0.008353327780723951,0.00796812749003985,1.0,6.0,766.2886422257747,0.9922071290451722,0.0390091515989198,-0.002932707424180829,-0.2513182492244681,0.3080044516960159,0.3077841862617095,0.30822419618637137,0.019025789507266324,22.726821832710513,deep put wing
2026-11-30,0.2005527864992707,598.0,put,1.2713531863243723,1.2813531863243723,1.2763531863243724,1.2850000000000001,0.008646813675627696,0.007782101167315181,0.0,7.0,766.2886422257747,0.9922071290451722,0.0390091515989198,-0.002932707424180829,-0.24796816233918606,0.30582017187017707,0.30560481429728154,0.306035034147618,0.018756895402246572,23.24398973580725,deep put wing
2026-11-30,0.2005527864992707,599.0,put,1.2812331906412464,1.2912331906412464,1.2862331906412463,1.295,0.008766809358753624,0.007722007722007729,2.0,11.0,766.2886422257747,0.9922071290451722,0.0390091515989198,-0.002932707424180829,-0.24629731817436848,0.30450403363842443,0.30429057822767164,0.30471700273510727,0.01859579716074433,23.450869187305663,deep put wing
2026-11-30,0.2005527864992707,600.0,put,1.2910817902583902,1.3110817902583902,1.3010817902583902,1.31,0.00891820974160984,0.015267175572519097,1.0,514.0,766.2886422257747,0.9922071290451722,0.0390091515989198,-0.002932707424180829,-0.24462926107367136,0.3033939348709633,0.3029712540757975,0.303814717985494,0.01846045876849103,23.711977978249116,deep put wing
2026-11-30,0.2005527864992707,601.0,put,1.3108984988762524,1.3308984988762524,1.3208984988762524,1.33,0.009101501123747635,0.015037593984962419,1.0,3.0,766.2886422257747,0.9922071290451722,0.0390091515989198,-0.002932707424180829,-0.2429639817546102,0.30248300750237167,0.30206588378791266,0.3028982915210308,0.018349771702394387,24.02691661072128,deep put wing
2026-11-30,0.2005527864992707,603.0,put,1.3406164937456728,1.3506164937456728,1.3456164937456727,1.355,0.009383506254327267,0.007380073800738014,6.0,17.0,766.2886422257747,0.9922071290451722,0.0390091515989198,-0.002932707424180829,-0.23964171956263242,0.3000167312719015,0.2998124400199431,0.30022058155781184,0.01805176414299711,24.50136043344233,deep put wing
2026-11-30,0.2005527864992707,605.0,put,1.3802351207933805,1.3902351207933805,1.3852351207933806,1.395,0.009764879206619392,0.007168458781362013,2.0,813.0,766.2886422257747,0.9922071290451722,0.0390091515989198,-0.002932707424180829,-0.23633045825897633,0.2981236230210589,0.2979245082664627,0.2983223225305738,0.01782466931030344,25.137413127400944,deep put wing
2026-11-30,0.2005527864992707,606.0,put,1.390101899521249,1.400101899521249,1.395101899521249,1.4049999999999998,0.009898100478750838,0.007117437722419936,0.0,9.0,766.2886422257747,0.9922071290451722,0.0390091515989198,-0.002932707424180829,-0.23467893022050337,0.2967679591692339,0.2965705354569411,0.29696497479357303,0.017662928900163348,25.352494621820934,deep put wing
2026-11-30,0.2005527864992707,607.0,put,1.3999360352665258,1.4199360352665258,1.4099360352665258,1.42,0.010063964733474151,0.014084507042253534,0.0,12.0,766.2886422257747,0.9922071290451722,0.0390091515989198,-0.002932707424180829,-0.23303012523031946,0.29560304839123397,0.2952119418097214,0.2959925602939405,0.01752453557040284,25.620922049218642,deep put wing
2026-11-30,0.2005527864992707,608.0,put,1.4197370911207852,1.4397370911207852,1.4297370911207852,1.44,0.010262908879214772,0.013888888888888902,1.0,3.0,766.2886422257747,0.9922071290451722,0.0390091515989198,-0.002932707424180829,-0.23138403432365076,0.29462283403496753,0.2942365865301689,0.29500753267951885,0.01740850618026488,25.942357211226305,deep put wing
2026-11-30,0.2005527864992707,609.0,put,1.4395664801185812,1.4495664801185812,1.4445664801185814,1.455,0.010433519881418718,0.006872852233676982,3.0,6.0,766.2886422257747,0.9922071290451722,0.0390091515989198,-0.002932707424180829,-0.22974064857992077,0.2934419529495041,0.2932510183992027,0.2936325090793103,0.01726923538940682,26.213011466090137,deep put wing
2026-11-30,0.2005527864992707,610.0,put,1.4493928869030552,1.4693928869030553,1.4593928869030552,1.47,0.010607113096944731,0.01360544217687076,11.0,824.0,766.2886422257747,0.9922071290451722,0.0390091515989198,-0.002932707424180829,-0.22809995912246092,0.2922542407499641,0.29187592399684675,0.29263107792210324,0.017129723146931442,26.484869390357744,deep put wing
2026-11-30,0.2005527864992707,611.0,put,1.469184685747857,1.489184685747857,1.479184685747857,1.49,0.010815314252142993,0.01342281879194632,0.0,6.0,766.2886422257747,0.9922071290451722,0.0390091515989198,-0.002932707424180829,-0.22646195711822242,0.2912452956826177,0.2908715697844285,0.2916175834223566,0.017011653915211433,26.809360512507585,deep put wing
2026-11-30,0.2005527864992707,612.0,put,1.4890053277105815,1.4990053277105815,1.4940053277105814,1.505,0.010994672289418528,0.006644518272425255,20.0,20462.0,766.2886422257747,0.9922071290451722,0.0390091515989198,-0.002932707424180829,-0.2248266337774917,0.2900423391257166,0.2898575494161257,0.2902267772748533,0.016871414617291337,27.08359599440214,deep put wing
2026-11-30,0.2005527864992707,614.0,put,1.5285762611921927,1.5385762611921927,1.5335762611921926,1.545,0.011423738807807338,0.00647249190938512,2.0,5.0,766.2886422257747,0.9922071290451722,0.0390091515989198,-0.002932707424180829,-0.2215639881426754,0.2879759258456611,0.28779550013933924,0.2881560189804235,0.016631869431717346,27.737848870399375,deep put wing
2026-11-30,0.2005527864992707,615.0,put,1.5384220456352542,1.5484220456352542,1.5434220456352543,1.5550000000000002,0.011577954364745846,0.0064308681672025775,13.0,634.0,766.2886422257747,0.9922071290451722,0.0390091515989198,-0.002932707424180829,-0.21993664848329988,0.2865726945007311,0.2863937358966462,0.28675132594200325,0.01647017883497343,27.965031486147023,deep put wing
2026-11-30,0.2005527864992707,616.0,put,1.5581688052373834,1.5781688052373835,1.5681688052373834,1.58,0.011831194762616626,0.012658227848101276,12.0,20.0,766.2886422257747,0.9922071290451722,0.0390091515989198,-0.002932707424180829,-0.21831195275629803,0.28569365098588945,0.2853402291035074,0.2860458062553555,0.016369291353419982,28.345773806828035,deep put wing
2026-11-30,0.2005527864992707,617.0,put,1.5779446420191086,1.5979446420191086,1.5879446420191086,1.6,0.012055357980891523,0.012500000000000011,0.0,1.0,766.2886422257747,0.9922071290451722,0.0390091515989198,-0.002932707424180829,-0.21668989238443,0.2846272397611794,0.2842779074639125,0.2849753390875065,0.016247315830634965,28.676828042674963,deep put wing
2026-11-30,0.2005527864992707,618.0,put,1.5977504359556964,1.6077504359556964,1.6027504359556966,1.6150000000000002,0.012249564044303662,0.0061919504643962895,3.0,8.0,766.2886422257747,0.9922071290451722,0.0390091515989198,-0.002932707424180829,-0.21507045883212697,0.28337974684853773,0.2832069366291006,0.28355225535242495,0.016105207196559362,28.958799033323803,deep put wing
2026-11-30,0.2005527864992707,619.0,put,1.6174882069035965,1.6374882069035965,1.6274882069035965,1.64,0.012511793096403379,0.012195121951219523,8.0,9.0,766.2886422257747,0.9922071290451722,0.0390091515989198,-0.002932707424180829,-0.21345364360522168,0.2824654855292939,0.28212409520130527,0.28280570666319904,0.016001455141565483,29.342405535486773,deep put wing
2026-11-30,0.2005527864992707,620.0,put,1.6372882918015375,1.6472882918015375,1.6422882918015373,1.6549999999999998,0.012711708198462457,0.006042296072507559,1.0,491.0,766.2886422257747,0.9922071290451722,0.0390091515989198,-0.002932707424180829,-0.21183943825068058,0.28120293604202456,0.2810340284173275,0.2813715574605101,0.015858729890596317,29.6271236109849,deep put wing
2026-11-30,0.2005527864992707,624.0,put,1.7162915297824204,1.7362915297824204,1.7262915297824204,1.74,0.013708470217579594,0.011494252873563229,1.0,13.0,766.2886422257747,0.9922071290451722,0.0390091515989198,-0.002932707424180829,-0.20540854792039018,0.2768993722485766,0.27657656837103617,0.2772211482799382,0.01537703641461419,31.02812346367594,deep put wing
2026-11-30,0.2005527864992707,625.0,put,1.7360423235384428,1.7560423235384428,1.7460423235384428,1.76,0.013957676461557211,0.011363636363636374,2.0,411.0,766.2886422257747,0.9922071290451722,0.0390091515989198,-0.002932707424180829,-0.20380726655341624,0.2757595718259383,0.27544028578237334,0.2760778555482091,0.015250704023239959,31.36927657728665,deep put wing
2026-11-30,0.2005527864992707,626.0,put,1.7557899426596648,1.7757899426596648,1.7657899426596648,1.78,0.014210057340335203,0.011235955056179785,1.0,6.0,766.2886422257747,0.9922071290451722,0.0390091515989198,-0.002932707424180829,-0.20220854518971923,0.2746112270262239,0.2742953971091386,0.27492607932379853,0.01512395156467945,31.711849924577916,deep put wing
2026-11-30,0.2005527864992707,627.0,put,1.7755683702765672,1.7855683702765672,1.7805683702765671,1.795,0.014431629723432815,0.005571030640668529,1.0,20.0,766.2886422257747,0.9922071290451722,0.0390091515989198,-0.002932707424180829,-0.2006123756568971,0.2732994263873966,0.2731430914240573,0.2734555217922634,0.01497980434060087,32.007171028540995,deep put wing
2026-11-30,0.2005527864992707,628.0,put,1.7953093640871167,1.8053093640871167,1.8003093640871166,1.815,0.014690635912883332,0.005509641873278242,0.0,7.0,766.2886422257747,0.9922071290451722,0.0390091515989198,-0.002932707424180829,-0.19901874982161916,0.27213600624119166,0.2719813432678693,0.27229043548553955,0.01485253944440169,32.3528427914623,deep put wing
2026-11-30,0.2005527864992707,630.0,put,1.8446757137106626,1.8646757137106624,1.8546757137106626,1.87,0.015324286289337463,0.010695187165775291,5.0,225.0,766.2886422257747,0.9922071290451722,0.0390091515989198,-0.002932707424180829,-0.19583909690423942,0.2702343171656043,0.2699326109594206,0.27053514506706056,0.014645685345716877,33.1932897595468,deep put wing
2026-11-30,0.2005527864992707,631.0,put,1.864404266491098,1.884404266491098,1.874404266491098,1.89,0.015595733508901866,0.010582010582010592,116.0,536.0,766.2886422257747,0.9922071290451722,0.0390091515989198,-0.002932707424180829,-0.19425305374860466,0.2690417965697945,0.2687432433874023,0.2693394922463671,0.014516710275403725,33.5431871890375,deep put wing
2026-11-30,0.2005527864992707,633.0,put,1.9038144698587909,1.933814469858791,1.918814469858791,1.935,0.016185530141209048,0.015503875968992262,1.0,13.0,766.2886422257747,0.9922071290451722,0.0390091515989198,-0.002932707424180829,-0.19108849414564158,0.2667782194237718,0.2663399244082269,0.267214682541724,0.014273465828757182,34.29551263170495,deep put wing
2026-11-30,0.2005527864992707,634.0,put,1.9334950359418277,1.9534950359418277,1.9434950359418277,1.96,0.016504964058172256,0.01020408163265307,1.0,2.0,766.2886422257747,0.9922071290451722,0.0390091515989198,-0.002932707424180829,-0.18950996185259186,0.26570416029913935,0.26541555931655775,0.265991969440703,0.014158766168722588,34.69765596440968,deep put wing
2026-11-30,0.2005527864992707,635.0,put,1.9631710898455885,1.9731710898455885,1.9681710898455884,1.9849999999999999,0.01682891015441146,0.0050377833753148665,4.0,52.0,766.2886422257747,0.9922071290451722,0.0390091515989198,-0.002932707424180829,-0.1879339173971262,0.2646194547882206,0.26447691310139326,0.2647618038970276,0.014043399191510514,35.101203307698036,deep put wing
2026-11-30,0.2005527864992707,636.0,put,1.9828430053508095,2.0028430053508095,1.9928430053508093,2.01,0.017156994649190516,0.009950248756218916,2.0,9.0,766.2886422257747,0.9922071290451722,0.0390091515989198,-0.002932707424180829,-0.1863603529496956,0.26352428233959313,0.26324226558338737,0.2638055495377186,0.013927397761153834,35.506205285651696,deep put wing
2026-11-30,0.2005527864992707,637.0,put,2.0025466907171476,2.0225466907171477,2.012546690717148,2.0300000000000002,0.01745330928285238,0.00985221674876848,99.0,100.0,766.2886422257747,0.9922071290451722,0.0390091515989198,-0.002932707424180829,-0.18478926071765442,0.2622804883847622,0.26200130520323217,0.26255893897754434,0.013796237683716355,35.865966032974036,deep put wing
2026-11-30,0.2005527864992707,638.0,put,2.022245043113922,2.042245043113922,2.032245043113922,2.05,0.017754956886077977,0.009756097560975618,10.0,42.0,766.2886422257747,0.9922071290451722,0.0390091515989198,-0.002932707424180829,-0.18322063294502794,0.2610294472733979,0.2607530555120093,0.2613051229369915,0.013664939335512086,36.22759004941727,deep put wing
2026-11-30,0.2005527864992707,639.0,put,2.0518291638201136,2.081829163820114,2.0668291638201137,2.085,0.01817083617988624,0.014388489208633212,10.0,24.0,766.2886422257747,0.9922071290451722,0.0390091515989198,-0.002932707424180829,-0.18165446191228304,0.2601774232913698,0.2597682606951081,0.26058502996307126,0.013575877703003265,36.7303670761431,deep put wing
2026-11-30,0.2005527864992707,640.0,put,2.0914447088224457,2.101444708822446,2.096444708822446,2.115,0.018555291177554167,0.004728132387706964,10.0,529.0,766.2886422257747,0.9922071290451722,0.0390091515989198,-0.002932707424180829,-0.18009073993610022,0.2591754086678224,0.2590408716795333,0.259309777966231,0.013471510206907868,37.18770784016612,deep put wing
2026-11-30,0.2005527864992707,642.0,put,2.140694271091874,2.160694271091874,2.150694271091874,2.17,0.019305728908125985,0.00921658986175116,1.0,14.0,766.2886422257747,0.9922071290451722,0.0390091515989198,-0.002932707424180829,-0.17697061259985666,0.25700269172345425,0.25673963466966876,0.25726511460828727,0.013246588470919977,38.06056538192852,deep put wing
2026-11-30,0.2005527864992707,643.0,put,2.160328609515536,2.190328609515536,2.175328609515536,2.1950000000000003,0.01967139048446409,0.01366742596810925,18.0,20.0,766.2886422257747,0.9922071290451722,0.0390091515989198,-0.002932707424180829,-0.17541419205219835,0.25583540765246915,0.255444862669383,0.25622456202152605,0.01312653200870563,38.47663697922076,deep put wing
2026-11-30,0.2005527864992707,645.0,put,2.2195039385640385,2.2495039385640383,2.234503938564038,2.255,0.02049606143596172,0.01330376940133029,1.0,74.0,766.2886422257747,0.9922071290451722,0.0390091515989198,-0.002932707424180829,-0.1723085994940453,0.25372513073875497,0.2533438030755698,0.25410514684194296,0.012910874821670873,39.40427138922791,deep put wing
2026-11-30,0.2005527864992707,646.0,put,2.249082787461419,2.279082787461419,2.2640827874614193,2.285,0.02091721253858081,0.013129102844638864,2.0,4.0,766.2886422257747,0.9922071290451722,0.0390091515989198,-0.002932707424180829,-0.170759412507216,0.2526520784218844,0.2522752193354113,0.25302766326792464,0.01280190060699221,39.87033347139086,deep put wing
2026-11-30,0.2005527864992707,647.0,put,2.268731258240696,2.298731258240696,2.283731258240696,2.3049999999999997,0.021268741759303822,0.013015184381778658,363.0,368.0,766.2886422257747,0.9922071290451722,0.0390091515989198,-0.002932707424180829,-0.1692126217889172,0.2513210270587268,0.2509477206472448,0.2516930860245075,0.012667366972211316,40.248967212803436,deep put wing
2026-11-30,0.2005527864992707,648.0,put,2.318181158712618,2.3381811587126182,2.328181158712618,2.3499999999999996,0.021818841287381652,0.00851063829787235,1.0,20.0,766.2886422257747,0.9922071290451722,0.0390091515989198,-0.002932707424180829,-0.16766821993754308,0.25059250984350745,0.25034745292511484,0.2508370337399341,0.012594034313924786,40.851382068373276,deep put wing
2026-11-30,0.2005527864992707,649.0,put,2.337778175643277,2.367778175643277,2.352778175643277,2.375,0.02222182435672293,0.012631578947368527,15.0,64.0,766.2886422257747,0.9922071290451722,0.0390091515989198,-0.002932707424180829,-0.16612619958572783,0.2493633180688697,0.24899934254226666,0.24972612332520486,0.012470786285359425,41.27816109586669,deep put wing
2026-11-30,0.2005527864992707,650.0,put,2.3673303385819233,2.397330338581923,2.3823303385819234,2.4050000000000002,0.022669661418076803,0.012474012474012391,3.0,412.0,766.2886422257747,0.9922071290451722,0.0390091515989198,-0.002932707424180829,-0.16458655340013506,0.24824445063477685,0.2478846055117199,0.24860315769298155,0.012359127092065228,41.750856819791714,deep put wing
2026-11-30,0.2005527864992707,651.0,put,2.4067969088906986,2.4367969088906984,2.4217969088906988,2.4450000000000003,0.02320309110930152,0.012269938650306667,16.0,21.0,766.2886422257747,0.9922071290451722,0.0390091515989198,-0.002932707424180829,-0.16304927408124853,0.24734925224577248,0.24699419352891983,0.24770321165748427,0.012270150908861467,42.31226500444305,deep put wing
2026-11-30,0.2005527864992707,652.0,put,2.436371480283135,2.456371480283135,2.4463714802831347,2.4699999999999998,0.023628519716865082,0.008097165991902843,52.0,210.0,766.2886422257747,0.9922071290451722,0.0390091515989198,-0.002932707424180829,-0.16151435436316486,0.24608975302685673,0.2458555682931952,0.24632346074623204,0.01214551015142343,42.744966299596214,deep put wing
2026-11-30,0.2005527864992707,653.0,put,2.4559373809536478,2.4859373809536476,2.470937380953648,2.495,0.024062619046352207,0.012024048096192307,1.0,2.0,766.2886422257747,0.9922071290451722,0.0390091515989198,-0.002932707424180829,-0.15998178701338678,0.24482195581153046,0.24447404658590585,0.24516881701091023,0.01202069081061091,43.179954514519686,deep put wing
2026-11-30,0.2005527864992707,654.0,put,2.505333054880965,2.525333054880965,2.515333054880965,2.54,0.02466694511903489,0.007874015748031503,0.0,2.0,766.2886422257747,0.9922071290451722,0.0390091515989198,-0.002932707424180829,-0.15845156483261905,0.24399987733850198,0.24377128187746047,0.24422802399069604,0.011940098692172248,43.78848281666886,deep put wing
2026-11-30,0.2005527864992707,655.0,put,2.524880528130026,2.554880528130026,2.539880528130026,2.565,0.025119471869973875,0.011695906432748635,2.0,717.0,766.2886422257747,0.9922071290451722,0.0390091515989198,-0.002932707424180829,-0.15692368065456586,0.24271117120302454,0.2423715216110828,0.24304983436860148,0.011814306466378259,44.227600525161364,deep put wing
2026-11-30,0.2005527864992707,656.0,put,2.5643403930191795,2.5843403930191795,2.5743403930191793,2.5999999999999996,0.02565960698082037,0.0076923076923077005,0.0,2.0,766.2886422257747,0.9922071290451722,0.0390091515989198,-0.002932707424180829,-0.15539812734572878,0.2416363463771316,0.24141268866733775,0.24185957858558105,0.01170990094470223,44.75384429434156,deep put wing
2026-11-30,0.2005527864992707,657.0,put,2.603711243638087,2.6337112436380874,2.6187112436380873,2.645,0.026288756361912746,0.01134215500945189,2.0,1.0,766.2886422257747,0.9922071290451722,0.0390091515989198,-0.002932707424180829,-0.15387489780520733,0.2407676684825064,0.24043655893232102,0.2410978545581118,0.011625858556674792,45.36569497403634,deep put wing
2026-11-30,0.2005527864992707,658.0,put,2.643112826530214,2.673112826530214,2.658112826530214,2.685,0.026887173469785974,0.011173184357541992,3.0,5.0,766.2886422257747,0.9922071290451722,0.0390091515989198,-0.002932707424180829,-0.15235398496450056,0.23977307360342726,0.2394460875506682,0.24009916567744935,0.011530005683783758,45.936511660101445,deep put wing
2026-11-30,0.2005527864992707,659.0,put,2.6825440428486056,2.7025440428486056,2.6925440428486054,2.7199999999999998,0.027455957151394372,0.007352941176470595,43.0,55.0,766.2886422257747,0.9922071290451722,0.0390091515989198,-0.002932707424180829,-0.15083538178731057,0.2386568779810493,0.23844147952258385,0.23887189048150947,0.011422906200439183,46.467305795004314,deep put wing
2026-11-30,0.2005527864992707,660.0,put,2.7119650421152546,2.7419650421152544,2.7269650421152543,2.755,0.028034957884745637,0.01088929219600719,10.0,1081.0,766.2886422257747,0.9922071290451722,0.0390091515989198,-0.002932707424180829,-0.1493190812693466,0.23752853508088725,0.2372089630777562,0.23784726331787573,0.0113151491020176,47.00001879547007,put wing
2026-11-30,0.2005527864992707,661.0,put,2.751375509915903,2.771375509915903,2.7613755099159034,2.79,0.02862449008409662,0.007168458781362013,2.0,3.0,766.2886422257747,0.9922071290451722,0.0390091515989198,-0.002932707424180829,-0.14780507643813157,0.23638819777697015,0.23617764264268393,0.2365983884693711,0.011206765376527077,47.53472092948085,put wing
2026-11-30,0.2005527864992707,662.0,put,2.780771523261756,2.8107715232617556,2.795771523261756,2.825,0.029228476738244247,0.010619469026548603,2.0,1.0,766.2886422257747,0.9922071290451722,0.0390091515989198,-0.002932707424180829,-0.14629336035280957,0.23523593704438006,0.2349235017998458,0.23554757521785766,0.011097778179345326,48.071453306845626,put wing
2026-11-30,0.2005527864992707,663.0,put,2.8300292853983233,2.8600292853983236,2.8450292853983234,2.875,0.02997071460167655,0.010434782608695738,1.0,2.0,766.2886422257747,0.9922071290451722,0.0390091515989198,-0.002932707424180829,-0.1447839261039553,0.2343775512505844,0.23406935455348338,0.23468497986288933,0.011016933436444613,48.731121120089995,put wing
2026-11-30,0.2005527864992707,664.0,put,2.8693590826557953,2.8993590826557956,2.8843590826557954,2.915,0.0306409173442046,0.01029159519725566,4.0,12.0,766.2886422257747,0.9922071290451722,0.0390091515989198,-0.002932707424180829,-0.143276766813384,0.23329920476893748,0.232994642026664,0.23360302270278108,0.01091579113961227,49.311408316281046,put wing
2026-11-30,0.2005527864992707,665.0,put,2.9086781700731685,2.938678170073169,2.9236781700731687,2.955,0.03132182992683141,0.010152284263959475,3.0,745.0,766.2886422257747,0.9922071290451722,0.0390091515989198,-0.002932707424180829,-0.1417718756339636,0.2322072233736857,0.2319062206154194,0.23250750370911935,0.01081384527298905,49.89347748653676,put wing
2026-11-30,0.2005527864992707,666.0,put,2.9679011022732644,2.977901102273264,2.9729011022732643,3.005,0.032098897726735576,0.003327787021630545,8.0,11.0,766.2886422257747,0.9922071290451722,0.0390091515989198,-0.002932707424180829,-0.14026924574942864,0.23129805800632908,0.23119911902988297,0.23139691954737432,0.010729331737244338,50.55600383368782,put wing
2026-11-30,0.2005527864992707,667.0,put,2.9971971142706946,3.027197114270695,3.0121971142706947,3.045,0.03280288572930523,0.009852216748768555,2.0,208.0,766.2886422257747,0.9922071290451722,0.0390091515989198,-0.002932707424180829,-0.1387688703741941,0.23017708076541576,0.22988343680739357,0.23047004836850588,0.010625585153497166,51.14133325412443,put wing
2026-11-30,0.2005527864992707,668.0,put,3.0464383690652026,3.0664383690652026,3.0564383690652024,3.09,0.03356163093479747,0.00647249190938512,2.0,40.0,766.2886422257747,0.9922071290451722,0.0390091515989198,-0.002932707424180829,-0.13727074275317214,0.22913882175454586,0.22894550413860737,0.22933184837828913,0.010529943760840182,51.767376857595636,put wing
2026-11-30,0.2005527864992707,669.0,put,3.0856653375457843,3.115665337545784,3.100665337545784,3.135,0.03433466245421579,0.009569377990430561,0.0,14.0,766.2886422257747,0.9922071290451722,0.0390091515989198,-0.002932707424180829,-0.13577485616158932,0.22808537669225992,0.22779877166308987,0.22837134772951775,0.010433345390535241,52.394943793136136,put wing
2026-11-30,0.2005527864992707,670.0,put,3.1348776596585273,3.1548776596585273,3.144877659658527,3.1799999999999997,0.03512234034147266,0.006289308176100635,2.0,532.0,766.2886422257747,0.9922071290451722,0.0390091515989198,-0.002932707424180829,-0.13428120390480605,0.2270169610556483,0.2268282309612783,0.22720541822854726,0.01033582891370082,53.02412817923255,put wing
2026-11-30,0.2005527864992707,671.0,put,3.1840328604723633,3.2040328604723634,3.1940328604723636,3.2300000000000004,0.03596713952763686,0.0061919504643962895,1.0,3.0,766.2886422257747,0.9922071290451722,0.0390091515989198,-0.002932707424180829,-0.13278977931813604,0.2260261503654687,0.22583977335600383,0.22621226365185387,0.010245804787338641,53.69274120941375,put wing
2026-11-30,0.2005527864992707,672.0,put,3.2232577761726846,3.2432577761726846,3.2332577761726844,3.2699999999999996,0.03674222382731518,0.0061162079510703425,3.0,11.0,766.2886422257747,0.9922071290451722,0.0390091515989198,-0.002932707424180829,-0.1313005757666682,0.22483604365365226,0.2246517116236476,0.2250201194376162,0.010138193351766186,54.287731048302525,put wing
2026-11-30,0.2005527864992707,673.0,put,3.2723301165103265,3.3023301165103263,3.2873301165103266,3.325,0.037669883489673595,0.009022556390977385,2.0,161.0,766.2886422257747,0.9922071290451722,0.0390091515989198,-0.002932707424180829,-0.12981358664508996,0.22390415050566953,0.22363112696062745,0.2241766180314712,0.010054326606229748,54.99646187898587,put wing
2026-11-30,0.2005527864992707,674.0,put,3.311520649871538,3.341520649871538,3.3265206498715383,3.365,0.03847935012846193,0.008915304606240654,20.0,235.0,766.2886422257747,0.9922071290451722,0.0390091515989198,-0.002932707424180829,-0.1283288053775108,0.22268656186648425,0.22241648575324055,0.22295609748817652,0.009945273265404616,55.59567123612595,put wing
2026-11-30,0.2005527864992707,675.0,put,3.360650377895593,3.380650377895593,3.3706503778955934,3.41,0.039349622104406734,0.005865102639296193,26.0,637.0,766.2886422257747,0.9922071290451722,0.0390091515989198,-0.002932707424180829,-0.12684622541728802,0.22154509134097355,0.22136714640944705,0.22172280330859218,0.009843577492170692,56.2340334916158,put wing
2026-11-30,0.2005527864992707,676.0,put,3.4097200145911564,3.4297200145911564,3.419720014591156,3.46,0.04027998540884381,0.0057803468208092535,1.0,159.0,766.2886422257747,0.9922071290451722,0.0390091515989198,-0.002932707424180829,-0.12536584024685365,0.22047688180170982,0.22030105530246652,0.220652482879278,0.009748882064159924,56.910790548551034,put wing
2026-11-30,0.2005527864992707,677.0,put,3.4786367845175197,3.4886367845175195,3.4836367845175196,3.525,0.04136321548248034,0.002836879432624053,1.0,272.0,766.2886422257747,0.9922071290451722,0.0390091515989198,-0.002932707424180829,-0.1238876433775428,0.2196508271452265,0.21956413981658285,0.21973746032293354,0.00967596717914018,57.69659196185935,put wing
2026-11-30,0.2005527864992707,678.0,put,3.5177163634967625,3.5377163634967626,3.5277163634967628,3.5700000000000003,0.04228363650323752,0.005602240896358548,2.0,186.0,766.2886422257747,0.9922071290451722,0.0390091515989198,-0.002932707424180829,-0.12241162834942225,0.21846347206823294,0.21829195904091456,0.21863477487360755,0.009571640173635433,58.34042000985055,put wing
2026-11-30,0.2005527864992707,679.0,put,3.5765954182097994,3.6065954182097992,3.591595418209799,3.635,0.04340458179020068,0.008253094910591419,1.0,396.0,766.2886422257747,0.9922071290451722,0.0390091515989198,-0.002932707424180829,-0.12093778873112174,0.2175983278753079,0.21734440918697112,0.2178517917108829,0.009495980364631727,59.12711247860812,put wing
2026-11-30,0.2005527864992707,680.0,put,3.62558973929857,3.6555897392985703,3.64058973929857,3.685,0.04441026070142984,0.008141112618724626,1.0,389.0,766.2886422257747,0.9922071290451722,0.0390091515989198,-0.002932707424180829,-0.11946611811966538,0.21646354777855062,0.21621253121800652,0.21671412370585266,0.00939719512602222,59.80963070367887,put wing
2026-11-30,0.2005527864992707,681.0,put,3.6844701185205437,3.7144701185205435,3.699470118520544,3.745,0.04552988147945625,0.008010680907877116,7.0,285.0,766.2886422257747,0.9922071290451722,0.0390091515989198,-0.002932707424180829,-0.11799661014030544,0.2154775252765105,0.21522963616702176,0.2157249893764287,0.009311778968734898,60.56296501472362,put wing
2026-11-30,0.2005527864992707,682.0,put,3.7433744674553133,3.7633744674553133,3.753374467455313,3.8,0.04662553254468671,0.005263157894736847,2.0,28.0,766.2886422257747,0.9922071290451722,0.0390091515989198,-0.002932707424180829,-0.11652925844635574,0.21439206559577048,0.21422879721270865,0.2145551513144912,0.009218199813403823,61.2831791654101,put wing
2026-11-30,0.2005527864992707,683.0,put,3.802155331357921,3.832155331357921,3.817155331357921,3.865,0.047844668642079036,0.007761966364812368,5.0,283.0,766.2886422257747,0.9922071290451722,0.0390091515989198,-0.002932707424180829,-0.11506405671902768,0.21344973949349927,0.21320788724060985,0.213691195952774,0.009137343648289655,62.07224066518369,put wing
2026-11-30,0.2005527864992707,684.0,put,3.870958144589792,3.8809581445897923,3.875958144589792,3.925,0.04904185541020789,0.0025477707006370015,13.0,18846.0,766.2886422257747,0.9922071290451722,0.0390091515989198,-0.002932707424180829,-0.11360099866726732,0.21240848594195427,0.2123288828967231,0.21248804652929168,0.00904841325023015,62.8284350433626,put wing
2026-11-30,0.2005527864992707,685.0,put,3.919738021185913,3.949738021185913,3.9347380211859133,3.9850000000000003,0.050261978814087005,0.0075282308657465,1.0,4299.0,766.2886422257747,0.9922071290451722,0.0390091515989198,-0.002932707424180829,-0.11214007802759253,0.21134938581529572,0.21111329942213009,0.2115851031796078,0.008958404755404922,63.585866458201174,put wing
2026-11-30,0.2005527864992707,686.0,put,3.9785415213782462,3.998541521378246,3.988541521378246,4.04,0.05145847862175401,0.004950495049504845,6.0,250.0,766.2886422257747,0.9922071290451722,0.0390091515989198,-0.002932707424180829,-0.11068128856393263,0.2101956700109699,0.210040098908771,0.21035108234372638,0.008860867272825305,64.31215387054671,put wing
2026-11-30,0.2005527864992707,687.0,put,4.047129503116951,4.077129503116951,4.062129503116951,4.115,0.0528704968830489,0.007290400972053523,3.0,9.0,766.2886422257747,0.9922071290451722,0.0390091515989198,-0.002932707424180829,-0.10922462406746843,0.2093305609595817,0.2091002187574752,0.20956056014754093,0.008788079458796253,65.16912771329825,put wing
2026-11-30,0.2005527864992707,688.0,put,4.0860283959171255,4.116028395917126,4.101028395917125,4.154999999999999,0.05397160408287416,0.007220216606498256,1.0,133.0,766.2886422257747,0.9922071290451722,0.0390091515989198,-0.002932707424180829,-0.10777007835647413,0.2079167193537556,0.20768859936440676,0.20814450508095103,0.008669769045154636,65.80317943084681,put wing
2026-11-30,0.2005527864992707,689.0,put,4.174462671232117,4.194462671232117,4.184462671232117,4.24,0.05553732876788331,0.004716981132075371,1.0,224.0,766.2886422257747,0.9922071290451722,0.0390091515989198,-0.002932707424180829,-0.10631764527615926,0.2071614676381182,0.20701152663377717,0.2073112664841316,0.008606898050367202,66.72457082971214,put wing
2026-11-30,0.2005527864992707,690.0,put,4.243014978149453,4.263014978149453,4.253014978149453,4.3100000000000005,0.05698502185054721,0.004640371229698482,4.0,378.0,766.2886422257747,0.9922071290451722,0.0390091515989198,-0.002932707424180829,-0.10486731869851268,0.2061602810328074,0.20601217603038474,0.2063082491183599,0.00852390686088007,67.55092972299255,put wing
2026-11-30,0.2005527864992707,691.0,put,4.311527944655888,4.331527944655887,4.321527944655887,4.38,0.058472055344112484,0.004566210045662003,2.0,38.0,766.2886422257747,0.9922071290451722,0.0390091515989198,-0.002932707424180829,-0.10341909252214788,0.20513885045158683,0.2049925379766973,0.20528503101675885,0.008439651925617544,68.37773597649397,put wing
2026-11-30,0.2005527864992707,692.0,put,4.380002911227966,4.400002911227966,4.390002911227966,4.45,0.059997088772034246,0.004494382022471814,1.0,1115.0,766.2886422257747,0.9922071290451722,0.0390091515989198,-0.002932707424180829,-0.10197296067214824,0.20409747087550686,0.20395290931811225,0.20424190531018493,0.008354182275039404,69.20515145819094,put wing
2026-11-30,0.2005527864992707,693.0,put,4.448394745527843,4.478394745527844,4.463394745527844,4.525,0.06160525447215637,0.006629834254143701,1.0,52.0,766.2886422257747,0.9922071290451722,0.0390091515989198,-0.002932707424180829,-0.10052891709991461,0.20310713543726733,0.20289290482396277,0.20332109085111078,0.008273305522847286,70.0630917197903,put wing
2026-11-30,0.2005527864992707,694.0,put,4.51679618413199,4.54679618413199,4.5317961841319905,4.595000000000001,0.06320381586801016,0.006528835690968497,2.0,73.0,766.2886422257747,0.9922071290451722,0.0390091515989198,-0.002932707424180829,-0.09908695578301326,0.20202582340771297,0.20181410044839368,0.20223728100775537,0.008185448332429535,70.89180920955975,put wing
2026-11-30,0.2005527864992707,695.0,put,4.595108222416995,4.615108222416994,4.605108222416995,4.67,0.06489177758300535,0.004282655246252586,1.0,564.0,766.2886422257747,0.9922071290451722,0.0390091515989198,-0.002932707424180829,-0.09764707072502565,0.20099428928736918,0.20085486064750416,0.20113360438928027,0.008102072723566445,71.75052597995726,put wing
2026-11-30,0.2005527864992707,696.0,put,4.653536304716592,4.673536304716593,4.663536304716593,4.73,0.06646369528340745,0.004228329809725256,1.0,14.0,766.2886422257747,0.9922071290451722,0.0390091515989198,-0.002932707424180829,-0.09620925595539817,0.19973757068696688,0.19959963020444965,0.1998754012406005,0.008001072899874475,72.52396782788705,put wing
2026-11-30,0.2005527864992707,697.0,put,4.72177991115932,4.75177991115932,4.73677991115932,4.805,0.06822008884067987,0.00624349635796051,1.0,177.0,766.2886422257747,0.9922071290451722,0.0390091515989198,-0.002932707424180829,-0.09477350552929398,0.19866758319526082,0.19846306224617885,0.19887186592530243,0.007915579547072546,73.3849354661303,put wing
2026-11-30,0.2005527864992707,698.0,put,4.819778264781667,4.839778264781668,4.829778264781668,4.9,0.07022173521833253,0.0040816326530613185,2.0,259.0,766.2886422257747,0.9922071290451722,0.0390091515989198,-0.002932707424180829,-0.0933398135274453,0.19784380145727662,0.19770926567288952,0.1979782359629607,0.007850071218017077,74.35768800637634,put wing
2026-11-30,0.2005527864992707,699.0,put,4.897882704354267,4.917882704354268,4.907882704354268,4.98,0.07211729564573233,0.004016064257028205,1.0,88.0,766.2886422257747,0.9922071290451722,0.0390091515989198,-0.002932707424180829,-0.09190817405600754,0.19679624714919233,0.19666330087827347,0.19692909599131556,0.0077671613156613546,75.24596038172929,put wing
2026-11-30,0.2005527864992707,700.0,put,4.985793930441102,5.015793930441102,5.000793930441102,5.074999999999999,0.07420606955889752,0.005911330049261134,15.0,1279.0,766.2886422257747,0.9922071290451722,0.0390091515989198,-0.002932707424180829,-0.09047858124641317,0.19592237193053583,0.19572545526507865,0.19611907873740578,0.007698334192659067,76.21503691890668,put wing
2026-11-30,0.2005527864992707,701.0,put,5.053907429278494,5.0839074292784945,5.068907429278494,5.145,0.07609257072150566,0.005830903790087512,1.0,37.0,766.2886422257747,0.9922071290451722,0.0390091515989198,-0.002932707424180829,-0.08905102925522766,0.1947017695932741,0.19450698883163878,0.19489634768550032,0.007602711277831259,77.04981199717054,put wing
2026-11-30,0.2005527864992707,702.0,put,5.151658909162144,5.1816589091621434,5.166658909162144,5.245,0.07834109083785634,0.005719733079122853,1.0,118.0,766.2886422257747,0.9922071290451722,0.0390091515989198,-0.002932707424180829,-0.08762551226400667,0.1938439498496056,0.19365165059300088,0.19403605529005255,0.007535866594989555,78.0428164215888,put wing
2026-11-30,0.2005527864992707,703.0,put,5.229562363253755,5.259562363253755,5.244562363253754,5.324999999999999,0.08043763674624493,0.005633802816901456,1.0,21.0,766.2886422257747,0.9922071290451722,0.0390091515989198,-0.002932707424180829,-0.08620202447915291,0.19270874575492455,0.19251861252970623,0.1928986923503384,0.007447860782744901,78.9308523600449,put wing
2026-11-30,0.2005527864992707,704.0,put,5.327257405162528,5.3472574051625275,5.337257405162528,5.42,0.08274259483747226,0.003690036900368925,1.0,206.0,766.2886422257747,0.9922071290451722,0.0390091515989198,-0.002932707424180829,-0.08478056013177546,0.19173896878173227,0.19161376495635504,0.19186409310650257,0.007373088979970108,79.8951569554074,put wing
2026-11-30,0.2005527864992707,705.0,put,5.4149439218342,5.4349439218342,5.4249439218342,5.51,0.08505607816579985,0.003629764065335676,1.0,496.0,766.2886422257747,0.9922071290451722,0.0390091515989198,-0.002932707424180829,-0.08336111347754911,0.19068334210832988,0.19055959239067244,0.19080701548650608,0.00729212678434227,80.83322409672512,put wing
2026-11-30,0.2005527864992707,706.0,put,5.522358795225392,5.542358795225391,5.532358795225392,5.62,0.08764120477460846,0.0035587188612098883,1.0,249.0,766.2886422257747,0.9922071290451722,0.0390091515989198,-0.002932707424180829,-0.08194367879657571,0.18984665526871106,0.1897244703727451,0.1899687672988306,0.0072282738975446605,81.86761307623755,put wing
2026-11-30,0.2005527864992707,707.0,put,5.59002401000896,5.6300240100089605,5.61002401000896,5.699999999999999,0.08997598999103928,0.00701754385964913,2.0,196.0,766.2886422257747,0.9922071290451722,0.0390091515989198,-0.002932707424180829,-0.08052825039324507,0.1886230822052635,0.18838126601220248,0.1888646175335153,0.0071354008349800956,82.75560560591262,put wing
2026-11-30,0.2005527864992707,708.0,put,5.7072598225049775,5.737259822504978,5.722259822504977,5.8149999999999995,0.09274017749502228,0.005159071367153955,2.0,42.0,766.2886422257747,0.9922071290451722,0.0390091515989198,-0.002932707424180829,-0.07911482259609798,0.1877933200117764,0.18761426493105884,0.1879722244365018,0.007072760959887392,83.8084160218884,put wing
2026-11-30,0.2005527864992707,709.0,put,5.784745665211865,5.824745665211865,5.804745665211866,5.9,0.09525433478813472,0.006779661016949158,10.0,445.0,766.2886422257747,0.9922071290451722,0.0390091515989198,-0.002932707424180829,-0.07770338975769028,0.1865842248865539,0.18634802307443749,0.18682016892272194,0.006981979123714667,84.71967666031551,put wing
2026-11-30,0.2005527864992707,710.0,put,5.911784838150364,5.931784838150365,5.921784838150364,6.02,0.09821516184963563,0.0033222591362127014,4.0,462.0,766.2886422257747,0.9922071290451722,0.0390091515989198,-0.002932707424180829,-0.07629394625445671,0.18575822417980478,0.18564162813479596,0.18587475882708976,0.006920298086176885,85.78881213430691,put wing
2026-11-30,0.2005527864992707,711.0,put,5.979227765865537,6.009227765865537,5.994227765865538,6.095000000000001,0.10077223413446301,0.004922067268252706,1.0,218.0,766.2886422257747,0.9922071290451722,0.0390091515989198,-0.002932707424180829,-0.07488648648657696,0.1843890172369425,0.18421585094209794,0.18456205015976868,0.006818656294895401,86.65535704621767,put wing
2026-11-30,0.2005527864992707,712.0,put,6.115911385269475,6.145911385269475,6.130911385269474,6.234999999999999,0.10408861473052511,0.004811547714514876,7.0,1255.0,766.2886422257747,0.9922071290451722,0.0390091515989198,-0.002932707424180829,-0.073481004877842,0.1837351693380192,0.18356427246327617,0.18390593980626535,0.006770383795531513,87.8047505555376,put wing
2026-11-30,0.2005527864992707,713.0,put,6.222879066060236,6.242879066060236,6.232879066060236,6.34,0.10712093393976385,0.0031545741324920462,2.0,108.0,766.2886422257747,0.9922071290451722,0.0390091515989198,-0.002932707424180829,-0.07207749587552185,0.18265660472678924,0.18254396332808814,0.18276919233360658,0.0066911299066393735,88.7985294276314,put wing
2026-11-30,0.2005527864992707,714.0,put,6.319700713160533,6.359700713160533,6.339700713160533,6.449999999999999,0.11029928683946633,0.006201550387596905,3.0,285.0,766.2886422257747,0.9922071290451722,0.0390091515989198,-0.002932707424180829,-0.07067595395023343,0.1816078342300425,0.18138504132687047,0.18183042137301444,0.006614512766407112,89.811015234043,put wing
2026-11-30,0.2005527864992707,715.0,put,6.426431298529443,6.466431298529443,6.446431298529443,6.5600000000000005,0.11356870147055709,0.006097560975609761,109.0,388.0,766.2886422257747,0.9922071290451722,0.0390091515989198,-0.002932707424180829,-0.0692763735958102,0.180532783202334,0.18031247115285043,0.1807528984653879,0.006536433627175459,90.82096267461922,put wing
2026-11-30,0.2005527864992707,716.0,put,6.552857101328389,6.592857101328389,6.572857101328388,6.6899999999999995,0.1171428986716112,0.00597907324364724,2.0,183.0,766.2886422257747,0.9922071290451722,0.0390091515989198,-0.002932707424180829,-0.06787874932917215,0.17964705496016942,0.17942934969401256,0.1798645730048839,0.00647245298543844,91.90691255897019,put wing
2026-11-30,0.2005527864992707,717.0,put,6.649558294788514,6.679558294788515,6.664558294788515,6.785,0.12044170521148523,0.0044215180545320925,170.0,64.0,766.2886422257747,0.9922071290451722,0.0390091515989198,-0.002932707424180829,-0.06648307569019744,0.1783579139692919,0.17819631779230274,0.17851940901018407,0.006379894087955246,92.85307303588878,put wing
2026-11-30,0.2005527864992707,718.0,put,6.795513954237012,6.835513954237012,6.815513954237011,6.9399999999999995,0.12448604576298816,0.005763688760806922,2.0,365.0,766.2886422257747,0.9922071290451722,0.0390091515989198,-0.002932707424180829,-0.06508934724159365,0.17767839597579052,0.17746559879012297,0.17789102316324212,0.006331373734825973,94.0238271231492,put wing
2026-11-30,0.2005527864992707,719.0,put,6.931573855696481,6.961573855696481,6.946573855696481,7.074999999999999,0.12842614430351862,0.004240282685512403,4.0,27.0,766.2886422257747,0.9922071290451722,0.0390091515989198,-0.002932707424180829,-0.06369755856877106,0.17675444553348058,0.17659669024239877,0.1769121099228455,0.0062656970330619965,95.1114116245762,put wing
2026-11-30,0.2005527864992707,720.0,put,7.037803843126426,7.067803843126426,7.052803843126426,7.1850000000000005,0.1321961568735741,0.004175365344467675,218.0,851.0,766.2886422257747,0.9922071290451722,0.0390091515989198,-0.002932707424180829,-0.06230770427971679,0.1755423151918218,0.17538619163201524,0.17569835178846707,0.006180055058279581,96.10454742441036,put wing
2026-11-30,0.2005527864992707,721.0,put,7.173534669365967,7.213534669365967,7.193534669365968,7.33,0.13646533063403243,0.0054570259208731285,1.0,194.0,766.2886422257747,0.9922071290451722,0.0390091515989198,-0.002932707424180829,-0.06091977900486874,0.174661131785612,0.17445533152435833,0.17486678542934142,0.006118165778722862,97.21629357070424,put wing
2026-11-30,0.2005527864992707,722.0,put,7.299313317517031,7.339313317517031,7.3193133175170315,7.460000000000001,0.14068668248296934,0.005361930294906171,7.0,63.0,766.2886422257747,0.9922071290451722,0.0390091515989198,-0.002932707424180829,-0.05953377739699162,0.17359614780492139,0.1733925571396502,0.17379959890526317,0.006043783071824821,98.27006902960896,put wing
2026-11-30,0.2005527864992707,723.0,put,7.41510641523479,7.4451064152347906,7.43010641523479,7.574999999999999,0.1448935847652093,0.003960396039603993,34.0,314.0,766.2886422257747,0.9922071290451722,0.0390091515989198,-0.002932707424180829,-0.05814969413105308,0.1723521558088112,0.17220101543555938,0.1725032211890455,0.0059574737921764785,99.2701451322735,put wing
2026-11-30,0.2005527864992707,724.0,put,7.590067289905162,7.620067289905162,7.605067289905162,7.755,0.14993271009483777,0.003868471953578254,8.0,399.0,766.2886422257747,0.9922071290451722,0.0390091515989198,-0.002932707424180829,-0.05676752390410143,0.1717226023418139,0.17157327265154967,0.17187186149841427,0.005914031359801949,100.4726356263298,put wing
2026-11-30,0.2005527864992707,725.0,put,7.735208043873431,7.765208043873431,7.750208043873431,7.904999999999999,0.1547919561265685,0.003795066413662271,5.0,1403.0,766.2886422257747,0.9922071290451722,0.0390091515989198,-0.002932707424180829,-0.055387261435143054,0.17076095912252626,0.17061324337765585,0.17090860805288102,0.0058479799023098255,101.56938338536041,put wing
2026-11-30,0.2005527864992707,726.0,put,7.850472265398877,7.890472265398878,7.870472265398878,8.030000000000001,0.1595277346011228,0.004981320049813315,8.0,188.0,766.2886422257747,0.9922071290451722,0.0390091515989198,-0.002932707424180829,-0.05400890146502166,0.1695253092055685,0.1693302909922136,0.16972021426771375,0.005763652529732526,102.58432979858584,put wing
2026-11-30,0.2005527864992707,727.0,put,8.015064411777729,8.05506441177773,8.035064411777729,8.2,0.16493558822227072,0.004878048780487918,1.0,20500.0,766.2886422257747,0.9922071290451722,0.0390091515989198,-0.002932707424180829,-0.05263243875629841,0.16869079813531437,0.16849792480532272,0.168883564798186,0.0057070474913168134,103.7237255371356,put wing
2026-11-30,0.2005527864992707,728.0,put,8.139978629127905,8.169978629127904,8.154978629127903,8.325,0.1700213708720959,0.003603603603603527,6.0,447.0,766.2886422257747,0.9922071290451722,0.0390091515989198,-0.002932707424180829,-0.05125786809313184,0.16739470835573905,0.1672514509425754,0.16753790864450682,0.005619687301176314,104.72752705744838,put wing
2026-11-30,0.2005527864992707,729.0,put,8.314142920463631,8.34414292046363,8.32914292046363,8.504999999999999,0.1758570795363692,0.003527336860670119,3.0,98.0,766.2886422257747,0.9922071290451722,0.0390091515989198,-0.002932707424180829,-0.04988518428115969,0.16658499997314333,0.16644329532237556,0.1667266509136496,0.005565452579350637,105.87405795848923,ATM
2026-11-30,0.2005527864992707,730.0,put,8.488138615388506,8.518138615388505,8.503138615388504,8.684999999999999,0.18186138461149426,0.003454231433505972,1.0,796.0,766.2886422257747,0.9922071290451722,0.0390091515989198,-0.002932707424180829,-0.04851438214738094,0.16573705427468582,0.16559685089968681,0.16587720715889645,0.005508938597778641,107.0067276945549,ATM
2026-11-30,0.2005527864992707,731.0,put,8.632084071761856,8.692084071761856,8.662084071761857,8.850000000000001,0.1879159282381444,0.006779661016949208,7.0,89.0,766.2886422257747,0.9922071290451722,0.0390091515989198,-0.002932707424180829,-0.047145456540039286,0.1647135904632149,0.16443594606061082,0.16499104445323992,0.005441110787747376,108.08902537843926,ATM
2026-11-30,0.2005527864992707,732.0,put,8.815463860787988,8.895463860787988,8.855463860787989,9.05,0.19453613921201196,0.00883977900552487,13.0,45.0,766.2886422257747,0.9922071290451722,0.0390091515989198,-0.002932707424180829,-0.04577840232850627,0.16397220527944886,0.16360588959816597,0.16433820428769946,0.005392239527381404,109.24278687606534,ATM
2026-11-30,0.2005527864992707,733.0,put,8.959150763215511,9.039150763215511,8.99915076321551,9.2,0.20084923678448874,0.008695652173913052,2.0,76.0,766.2886422257747,0.9922071290451722,0.0390091515989198,-0.002932707424180829,-0.04441321440316636,0.16274096133366459,0.16237805542412562,0.16310356802911077,0.005311564439809451,110.26699121222484,ATM
2026-11-30,0.2005527864992707,734.0,put,9.162105803150375,9.222105803150376,9.192105803150374,9.399999999999999,0.20789419684962418,0.006382978723404309,3.0,101.0,766.2886422257747,0.9922071290451722,0.0390091515989198,-0.002932707424180829,-0.04304988767530219,0.16192180590142355,0.1616524058982468,0.1621910486079097,0.005258227572758415,111.39115973251515,ATM
2026-11-30,0.2005527864992707,735.0,put,9.315161331086559,9.38516133108656,9.350161331086559,9.565,0.2148386689134405,0.007318348144276036,4.0,562.0,766.2886422257747,0.9922071290451722,0.0390091515989198,-0.002932707424180829,-0.04168841707698113,0.160753492561391,0.16044207648706882,0.16106470724345617,0.005182622008928353,112.42627050057432,ATM
2026-11-30,0.2005527864992707,736.0,put,9.527414822662001,9.597414822662001,9.562414822662001,9.785,0.22258517733799899,0.007153806847215154,1.0,185.0,766.2886422257747,0.9922071290451722,0.0390091515989198,-0.002932707424180829,-0.0403287975609416,0.16002987964040158,0.15972157499897544,0.16033799707038485,0.005136069095878918,113.55863623748206,ATM
2026-11-30,0.2005527864992707,737.0,put,9.689839950280456,9.769839950280456,9.729839950280457,9.96,0.23016004971954374,0.008032128514056231,1.0,175.0,766.2886422257747,0.9922071290451722,0.0390091515989198,-0.002932707424180829,-0.03897102410048115,0.15887347199522794,0.15852427555609278,0.15922243928317617,0.005062108783236147,114.58640202495631,ATM
2026-11-30,0.2005527864992707,738.0,put,9.891695879945384,9.961695879945383,9.926695879945383,10.165,0.23830412005461632,0.006886374815543385,1.0,390.0,766.2886422257747,0.9922071290451722,0.0390091515989198,-0.002932707424180829,-0.037615091689345286,0.15793732824653803,0.1576346217627295,0.15823987145237922,0.005002628747534593,115.65481880824936,ATM
2026-11-30,0.2005527864992707,739.0,put,10.083250717976485,10.163250717976485,10.123250717976486,10.370000000000001,0.2467492820235151,0.007714561234329804,1.0,186.0,766.2886422257747,0.9922071290451722,0.0390091515989198,-0.002932707424180829,-0.03626099534161604,0.15695977259907753,0.15661692926519538,0.1573024176854,0.004940892695716356,116.70519501085644,ATM
2026-11-30,0.2005527864992707,740.0,put,10.314285706899083,10.374285706899084,10.344285706899084,10.600000000000001,0.2557142931009171,0.0056603773584906125,3.0,1861.0,766.2886422257747,0.9922071290451722,0.0390091515989198,-0.002932707424180829,-0.03490873009160241,0.1561514017574681,0.1558966313690814,0.15640606910972868,0.004890130791250357,117.77694978362968,ATM
2026-11-30,0.2005527864992707,741.0,put,10.505145241970602,10.585145241970602,10.545145241970602,10.809999999999999,0.2648547580293972,0.007400555041628129,1.0,118.0,766.2886422257747,0.9922071290451722,0.0390091515989198,-0.002932707424180829,-0.03355829099373088,0.15513093528818986,0.15479413923427793,0.1554675616968574,0.00482642455937016,118.7962315786287,ATM
2026-11-30,0.2005527864992707,742.0,put,10.735452684770392,10.805452684770392,10.770452684770392,11.045,0.27454731522960785,0.006337709370756024,15.0,217.0,766.2886422257747,0.9922071290451722,0.0390091515989198,-0.002932707424180829,-0.032209673122437346,0.15427527901278884,0.1539831414814086,0.15456729701809122,0.0047733291379215385,119.83115254060839,ATM
2026-11-30,0.2005527864992707,743.0,put,10.905835797009319,10.975835797009319,10.940835797009319,11.225,0.2841642029906808,0.006236080178173745,1.0,119.0,766.2886422257747,0.9922071290451722,0.0390091515989198,-0.002932707424180829,-0.030862871572058664,0.1529223223931601,0.15263246099993996,0.15321207288595948,0.004689974380345853,120.77052021196258,ATM
2026-11-30,0.2005527864992707,744.0,put,11.165050274992607,11.255050274992607,11.210050274992607,11.505,0.2949497250073936,0.00782268578878747,1.0,49.0,766.2886422257747,0.9922071290451722,0.0390091515989198,-0.002932707424180829,-0.029517881456725882,0.1523456524481906,0.15197616331003666,0.15271497495617514,0.004654669295186701,121.81732137596818,ATM
2026-11-30,0.2005527864992707,745.0,put,11.384196172444126,11.484196172444125,11.434196172444125,11.739999999999998,0.30580382755587365,0.008517887563884127,2.0,342.0,766.2886422257747,0.9922071290451722,0.0390091515989198,-0.002932707424180829,-0.028174697910258263,0.1513534712403139,0.15094614855895488,0.15176060586170984,0.004594237814361699,122.78123045980436,ATM
2026-11-30,0.2005527864992707,746.0,put,11.622808751767828,11.712808751767827,11.667808751767828,11.985,0.31719124823217193,0.0075093867334167595,14.0,576.0,766.2886422257747,0.9922071290451722,0.0390091515989198,-0.002932707424180829,-0.02683331608605696,0.1503953212882085,0.15003155994250614,0.15075894403066192,0.004536253874180459,123.73111770284825,ATM
2026-11-30,0.2005527864992707,747.0,put,11.870874945992119,11.960874945992119,11.915874945992119,12.245,0.3291250540078803,0.0073499387505104015,13.0,72.0,766.2886422257747,0.9922071290451722,0.0390091515989198,-0.002932707424180829,-0.025493731157000533,0.14950938248097534,0.14914836374128512,0.14987027585635626,0.004482967557238637,124.66897266932997,ATM
2026-11-30,0.2005527864992707,748.0,put,12.118441509744404,12.218441509744403,12.168441509744405,12.510000000000002,0.34155849025559704,0.007993605115907245,1.0,364.0,766.2886422257747,0.9922071290451722,0.0390091515989198,-0.002932707424180829,-0.024155938315340516,0.1486137644633944,0.1482155483721768,0.14901184121807387,0.004429419068404613,125.58200416639497,ATM
2026-11-30,0.2005527864992707,749.0,put,12.375468292109133,12.465468292109133,12.420468292109133,12.775,0.3545317078908674,0.007045009784735801,3.0,453.0,766.2886422257747,0.9922071290451722,0.0390091515989198,-0.002932707424180829,-0.022819932772598313,0.14766778697960134,0.14731190562848967,0.14802356716656964,0.004373209000488885,126.46465885615612,ATM
2026-11-30,0.2005527864992707,750.0,put,12.631920108279862,12.721920108279862,12.676920108279862,13.045,0.36807989172013755,0.0068991950939057,13.0,2063.0,766.2886422257747,0.9922071290451722,0.0390091515989198,-0.002932707424180829,-0.021485709759461697,0.14671041436876742,0.14635692937864053,0.1470638092190056,0.004316687283436379,127.3201254811332,ATM
2026-11-30,0.2005527864992707,751.0,put,12.90769944887641,12.98769944887641,12.94769944887641,13.329999999999998,0.3823005511235884,0.00600150037509378,16.0,96.0,766.2886422257747,0.9922071290451722,0.0390091515989198,-0.002932707424180829,-0.02015326452568311,0.1458180488526508,0.14550589082823412,0.14613014395494647,0.004264334520157703,128.15317245754738,ATM
2026-11-30,0.2005527864992707,752.0,put,13.172810097434587,13.282810097434586,13.227810097434586,13.625,0.39718990256541353,0.008073394495412802,20.0,220.0,766.2886422257747,0.9922071290451722,0.0390091515989198,-0.002932707424180829,-0.018822592339977948,0.14494962183818713,0.14452307114151788,0.14537606834087466,0.0042136928357301715,128.95709677697732,ATM
2026-11-30,0.2005527864992707,753.0,put,13.447316345434778,13.537316345434778,13.492316345434778,13.905,0.41268365456522105,0.006472491909385103,1.0,76.0,766.2886422257747,0.9922071290451722,0.0390091515989198,-0.002932707424180829,-0.017493688489924226,0.14391140632913366,0.14356446593795938,0.1442582859739026,0.00415354705517848,129.71666370679526,ATM
2026-11-30,0.2005527864992707,754.0,put,13.781004428796447,13.881004428796446,13.831004428796447,14.260000000000002,0.42899557120355425,0.00701262272089759,32.0,101.0,766.2886422257747,0.9922071290451722,0.0390091515989198,-0.002932707424180829,-0.016166548281861762,0.14339343135738825,0.14301017959269496,0.14377661926705376,0.004123701448270862,130.4734436735637,ATM
2026-11-30,0.2005527864992707,755.0,put,13.994113300471346,14.094113300471346,14.044113300471345,14.489999999999998,0.44588669952865345,0.006901311249137313,9.0,317.0,766.2886422257747,0.9922071290451722,0.0390091515989198,-0.002932707424180829,-0.01484116704079305,0.141863106683035,0.1414818002306243,0.1422443582467626,0.0040361531138140274,131.13759006643534,ATM
2026-11-30,0.2005527864992707,756.0,put,14.346344597894271,14.44634459789427,14.39634459789427,14.86,0.4636554021057293,0.006729475100942103,3.0,56.0,766.2886422257747,0.9922071290451722,0.0390091515989198,-0.002932707424180829,-0.013517540110284786,0.14134300241234193,0.1409636587329176,0.14172230068549604,0.004006612348817732,131.81450970526888,ATM
2026-11-30,0.2005527864992707,757.0,put,14.657745022058547,14.757745022058547,14.707745022058548,15.190000000000001,0.48225497794145333,0.00658327847267937,3.0,368.0,766.2886422257747,0.9922071290451722,0.0390091515989198,-0.002932707424180829,-0.01219566285236904,0.14045838479951642,0.14008081420431592,0.1408359182484473,0.003956617252533164,132.4320996550533,ATM
2026-11-30,0.2005527864992707,758.0,put,15.008389784270403,15.118389784270402,15.063389784270402,15.565,0.5016102157295972,0.007067137809187243,4.0,152.0,766.2886422257747,0.9922071290451722,0.0390091515989198,-0.002932707424180829,-0.010875530647446188,0.13985285896792335,0.13943935042081307,0.14026633185065687,0.003922576285132886,133.01388756456163,ATM
2026-11-30,0.2005527864992707,759.0,put,15.348136909606486,15.458136909606488,15.403136909606488,15.925,0.5218630903935129,0.0069073783359498405,2.0,223.0,766.2886422257747,0.9922071290451722,0.0390091515989198,-0.002932707424180829,-0.009557138894187838,0.13907161523818465,0.13865974792937538,0.13948345500864312,0.0038788742292254763,133.54263238369393,ATM
2026-11-30,0.2005527864992707,760.0,put,15.646695146722083,15.736695146722083,15.69169514672208,16.235,0.5433048532779186,0.005543578688019702,51.0,2313.0,766.2886422257747,0.9922071290451722,0.0390091515989198,-0.002932707424180829,-0.008240483009441033,0.13785238302138794,0.13751659311575878,0.13818815913314572,0.003811160657287141,134.01512667781063,ATM
2026-11-30,0.2005527864992707,761.0,put,15.984409802104828,16.094409802104828,16.039409802104828,16.605,0.5655901978951725,0.006624510689551306,62.0,915.0,766.2886422257747,0.9922071290451722,0.0390091515989198,-0.002932707424180829,-0.006925558428131991,0.13701906965693292,0.13660997329513533,0.13742815160957625,0.0037652232282931186,134.4450280619943,ATM
2026-11-30,0.2005527864992707,762.0,put,16.341114896756682,16.451114896756682,16.396114896756682,16.985,0.5888851032433173,0.006476302619958754,39.0,383.0,766.2886422257747,0.9922071290451722,0.0390091515989198,-0.002932707424180829,-0.005612360603171473,0.13619482694916707,0.1357868761811218,0.136602768507199,0.003720059831391996,134.82171707481882,ATM
2026-11-30,0.2005527864992707,763.0,put,16.676407878782406,16.786407878782406,16.731407878782406,17.345,0.613592121217593,0.006341885269530091,40.0,159.0,766.2886422257747,0.9922071290451722,0.0390091515989198,-0.002932707424180829,-0.004300885005360772,0.13515353779306924,0.13474655551508863,0.13556051500537727,0.0036633932184542022,135.14186392389797,ATM
2026-11-30,0.2005527864992707,764.0,put,17.081111459515537,17.181111459515538,17.131111459515537,17.77,0.6388885404844622,0.0056274620146314815,11.0,81.0,766.2886422257747,0.9922071290451722,0.0390091515989198,-0.002932707424180829,-0.002991127123297317,0.13452921283427796,0.13415995169776804,0.13489847239211034,0.0036296262115381116,135.4058211348268,ATM
2026-11-30,0.2005527864992707,765.0,put,17.454290721991903,17.564290721991902,17.509290721991903,18.175,0.665709278008098,0.006052269601100381,1.0,358.0,766.2886422257747,0.9922071290451722,0.0390091515989198,-0.002932707424180829,-0.0016830824632820018,0.13368491724673293,0.1332793385383757,0.13409049608514853,0.0035842106306172355,135.60867551429786,ATM
2026-11-30,0.2005527864992707,766.0,put,17.866723470828028,17.98672347082803,17.926723470828026,18.619999999999997,0.6932765291719711,0.006444683136412514,4.0,593.0,766.2886422257747,0.9922071290451722,0.0390091515989198,-0.002932707424180829,-0.00037674654922645974,0.13306825533455713,0.13262626297208585,0.13351024894173746,0.0035512203948643946,135.74876111246724,ATM
2026-11-30,0.2005527864992707,767.0,call,17.58,17.65,17.615,17.615,0.0,0.003973885892705097,14.0,308.0,766.2886422257747,0.9922071290451722,0.0390091515989198,-0.002932707424180829,0.0009278850774383967,0.13221689194132866,0.13195920595923422,0.13247457824027642,0.0035059247331558933,135.82414624627793,ATM
2026-11-30,0.2005527864992707,768.0,call,16.98,17.06,17.02,17.02,0.0,0.004700352526439383,3.0,538.0,766.2886422257747,0.9922071290451722,0.0390091515989198,-0.002932707424180829,0.002230816857854457,0.13132489591501936,0.1310304151653105,0.13161937628561074,0.003458779139578578,135.83239638404598,ATM
2026-11-30,0.2005527864992707,769.0,call,16.43,16.52,16.475,16.475,0.0,0.005462822458270097,1.0,392.0,766.2886422257747,0.9922071290451722,0.0390091515989198,-0.002932707424180829,0.0035320532158261233,0.1307364241025579,0.13040498457107094,0.13106786129531248,0.003427850751228303,135.77185310251022,ATM
2026-11-30,0.2005527864992707,770.0,call,15.83,15.9,15.865,15.865,0.0,0.004412228175228509,11.0,1436.0,766.2886422257747,0.9922071290451722,0.0390091515989198,-0.002932707424180829,0.004831598557911761,0.12960336540192494,0.1293453236225692,0.12986140405370242,0.0033686916373972214,135.63777423253836,ATM
2026-11-30,0.2005527864992707,771.0,call,15.29,15.36,15.325,15.325,0.0,0.004567699836867882,2.0,552.0,766.2886422257747,0.9922071290451722,0.0390091515989198,-0.002932707424180829,0.006129457273511798,0.12891937582846166,0.1286609410453745,0.1291778052040202,0.0033332285179956335,135.43210621927028,ATM
2026-11-30,0.2005527864992707,772.0,call,14.79,14.86,14.825,14.825,0.0,0.004721753794266461,284.0,726.0,766.2886422257747,0.9922071290451722,0.0390091515989198,-0.002932707424180829,0.007425633734958338,0.12846373027366756,0.12820476546436171,0.12872268681797333,0.0033097085960652243,135.15566011006675,ATM
2026-11-30,0.2005527864992707,773.0,call,14.22,14.28,14.25,14.25,0.0,0.004210526315789384,32.0,863.0,766.2886422257747,0.9922071290451722,0.0390091515989198,-0.002932707424180829,0.008720132297604209,0.12738431455533067,0.12716174402051356,0.12760687632018042,0.0032543226547883104,134.7913917743487,ATM
2026-11-30,0.2005527864992707,774.0,call,13.69,13.76,13.725,13.725,0.0,0.005100182149362498,1.0,341.0,766.2886422257747,0.9922071290451722,0.0390091515989198,-0.002932707424180829,0.010012957299909222,0.126605028251843,0.12634451176136718,0.12686552845495114,0.003214627158310213,134.35271002759688,ATM
2026-11-30,0.2005527864992707,775.0,call,13.2,13.25,13.225,13.225,0.0,0.003780718336483986,3.0,706.0,766.2886422257747,0.9922071290451722,0.0390091515989198,-0.002932707424180829,0.011304113063529181,0.12594111326110952,0.12575431426204178,0.12612790135123833,0.003181000639216664,133.83760768665968,ATM
2026-11-30,0.2005527864992707,776.0,call,12.71,12.78,12.745000000000001,12.745000000000001,0.0,0.005492349941153276,5.0,148.0,766.2886422257747,0.9922071290451722,0.0390091515989198,-0.002932707424180829,0.012593603893401015,0.12535569661989052,0.12509301128689965,0.1256183546873029,0.0031514966500736335,133.24619281739456,ATM
2026-11-30,0.2005527864992707,777.0,call,12.23,12.29,12.26,12.26,0.0,0.004893964110929749,5.0,352.0,766.2886422257747,0.9922071290451722,0.0390091515989198,-0.002932707424180829,0.013881434077829565,0.12466073872247707,0.1244344271658101,0.12488702520016334,0.0031166504236790973,132.56797827033873,ATM
2026-11-30,0.2005527864992707,778.0,call,11.78,11.83,11.805,11.805,0.0,0.004235493434985236,1.0,530.0,766.2886422257747,0.9922071290451722,0.0390091515989198,-0.002932707424180829,0.015167607888573806,0.12411939668154752,0.12392973116730095,0.12430904084142287,0.003089640947827998,131.81842695460406,ATM
2026-11-30,0.2005527864992707,779.0,call,11.3,11.37,11.335,11.335,0.0,0.006175562417291443,81.0,922.0,766.2886422257747,0.9922071290451722,0.0390091515989198,-0.002932707424180829,0.016452129580930546,0.12339039185716537,0.12312313275599338,0.1236576000955775,0.003053454039351925,130.97154914534477,ATM
2026-11-30,0.2005527864992707,780.0,call,10.86,10.91,10.885,10.885,0.0,0.004593477262287617,766.0,4176.0,766.2886422257747,0.9922071290451722,0.0390091515989198,-0.002932707424180829,0.017735003393819563,0.12273852413112767,0.12254627025033989,0.12293074689404992,0.003021276648997528,130.04692912998397,ATM
2026-11-30,0.2005527864992707,781.0,call,10.43,10.49,10.46,10.46,0.0,0.005736137667304062,1.0,668.0,766.2886422257747,0.9922071290451722,0.0390091515989198,-0.002932707424180829,0.019016233549868186,0.12220369299128755,0.12197120344780406,0.12243612947380461,0.0029950036874239723,129.05281877332382,ATM
2026-11-30,0.2005527864992707,782.0,call,9.99,10.06,10.025,10.025,0.0,0.0069825436408977835,4.0,360.0,766.2886422257747,0.9922071290451722,0.0390091515989198,-0.002932707424180829,0.02029582425549338,0.12151489699307393,0.12124132266191438,0.12178838613271478,0.002961336411939173,127.95595157121939,ATM
2026-11-30,0.2005527864992707,783.0,call,9.6,9.67,9.635,9.635,0.0,0.007265179034769101,1.0,246.0,766.2886422257747,0.9922071290451722,0.0390091515989198,-0.002932707424180829,0.021573779700985264,0.12110145174413196,0.12082541678226222,0.12137738763927033,0.0029412192473720023,126.81834725083559,ATM
2026-11-30,0.2005527864992707,784.0,call,9.19,9.25,9.219999999999999,9.219999999999999,0.0,0.006507592190889425,2.0,60.0,766.2886422257747,0.9922071290451722,0.0390091515989198,-0.002932707424180829,0.022850104060590088,0.12041360072705143,0.12017461875479163,0.12065249791075795,0.0029079021400585034,125.55480398772595,ATM
2026-11-30,0.2005527864992707,785.0,call,8.79,8.86,8.825,8.825,0.0,0.007932011331444793,2.0,831.0,766.2886422257747,0.9922071290451722,0.0390091515989198,-0.002932707424180829,0.024124801492590532,0.11980490951392267,0.11952308831434531,0.12008659721673988,0.002878577532943715,124.22171881629917,ATM
2026-11-30,0.2005527864992707,786.0,call,8.43,8.49,8.46,8.46,0.0,0.007092198581560342,10.0,104.0,766.2886422257747,0.9922071290451722,0.0390091515989198,-0.002932707424180829,0.025397876139388726,0.11935917416904672,0.11911490629338821,0.11960332959526289,0.0028571978266906653,122.84432866548127,ATM
2026-11-30,0.2005527864992707,787.0,call,8.08,8.14,8.11,8.11,0.0,0.007398273736128298,1.0,27.0,766.2886422257747,0.9922071290451722,0.0390091515989198,-0.002932707424180829,0.026669332127585484,0.11895857121145802,0.11871139995077293,0.11920561419483983,0.002838050892995803,121.40491412898757,ATM
2026-11-30,0.2005527864992707,788.0,call,7.7,7.76,7.73,7.73,0.0,0.007761966364812368,36.0,95.0,766.2886422257747,0.9922071290451722,0.0390091515989198,-0.002932707424180829,0.027939173568061245,0.11822958911327286,0.11797910515953061,0.1184799257570587,0.0028033741283804074,119.80346799288162,ATM
2026-11-30,0.2005527864992707,789.0,call,7.38,7.43,7.404999999999999,7.404999999999999,0.0,0.0067521944632005166,2.0,962.0,766.2886422257747,0.9922071290451722,0.0390091515989198,-0.002932707424180829,0.02920740455605644,0.11787814867792464,0.11766664301883964,0.1180895384924686,0.002786732698137739,118.23259591060636,ATM
2026-11-30,0.2005527864992707,790.0,call,7.04,7.09,7.0649999999999995,7.0649999999999995,0.0,0.007077140835102594,2.0,1410.0,766.2886422257747,0.9922071290451722,0.0390091515989198,-0.002932707424180829,0.030474029171249455,0.11731976103808098,0.11710515556347899,0.11753423479545827,0.002760393778658683,116.52867512736843,ATM
2026-11-30,0.2005527864992707,791.0,call,6.72,6.78,6.75,6.75,0.0,0.008888888888888962,2.0,16.0,766.2886422257747,0.9922071290451722,0.0390091515989198,-0.002932707424180829,0.03173905147783601,0.1168940225588178,0.11663258946492665,0.11715524129465582,0.0027403958941949642,114.79930843886414,ATM
2026-11-30,0.2005527864992707,792.0,call,6.44,6.5,6.470000000000001,6.470000000000001,0.0,0.0092735703245749,1.0,23.0,766.2886422257747,0.9922071290451722,0.0390091515989198,-0.002932707424180829,0.03300247552460807,0.11669596482608989,0.1164305783230017,0.1169611112689516,0.0027311174592548285,113.09397218954656,ATM
2026-11-30,0.2005527864992707,793.0,call,6.12,6.18,6.15,6.15,0.0,0.009756097560975546,2.0,463.0,766.2886422257747,0.9922071290451722,0.0390091515989198,-0.002932707424180829,0.03426430534503028,0.11606308372334088,0.11579306411221335,0.11633283103113982,0.0027015742682729746,111.15925927849,ATM
2026-11-30,0.2005527864992707,794.0,call,5.85,5.9,5.875,5.875,0.0,0.008510638297872462,68.0,105.0,766.2886422257747,0.9922071290451722,0.0390091515989198,-0.002932707424180829,0.035524544957317876,0.11575136209027219,0.11552251888554686,0.11597999331042447,0.0026870820075248648,109.29585888639244,ATM
2026-11-30,0.2005527864992707,795.0,call,5.6,5.63,5.615,5.615,0.0,0.005342831700801469,9.0,579.0,766.2886422257747,0.9922071290451722,0.0390091515989198,-0.002932707424180829,0.03678319836451414,0.11549921138750373,0.11535951698150732,0.11563882051252124,0.002675387775623461,107.41008075713542,ATM
2026-11-30,0.2005527864992707,796.0,call,5.31,5.34,5.324999999999999,5.324999999999999,0.0,0.005633802816901456,6.0,154.0,766.2886422257747,0.9922071290451722,0.0390091515989198,-0.002932707424180829,0.03804026955456511,0.11488394177496075,0.11474144186938255,0.11502634523313504,0.0026469598687025495,105.29892239681661,ATM
2026-11-30,0.2005527864992707,797.0,call,5.06,5.09,5.074999999999999,5.074999999999999,0.0,0.005911330049261134,1.0,215.0,766.2886422257747,0.9922071290451722,0.0390091515989198,-0.002932707424180829,0.039295762500397215,0.11456265863264938,0.114417369777674,0.11470783959566788,0.0026321756538063294,103.28102201358911,ATM
2026-11-30,0.2005527864992707,798.0,call,4.82,4.85,4.835,4.835,0.0,0.006204756980351471,2.0,2.0,766.2886422257747,0.9922071290451722,0.0390091515989198,-0.002932707424180829,0.04054968115999102,0.11425785031772766,0.11410961251817849,0.11440596755794497,0.0026181878201909513,101.23000605159696,ATM
2026-11-30,0.2005527864992707,799.0,call,4.59,4.62,4.605,4.605,0.0,0.006514657980456079,5.0,17.0,766.2886422257747,0.9922071290451722,0.0390091515989198,-0.002932707424180829,0.04180202947645678,0.11397172574432159,0.1138203748280209,0.11412294209387233,0.002605091304059295,99.15159051041702,ATM
2026-11-30,0.2005527864992707,800.0,call,4.36,4.38,4.37,4.37,0.0,0.004576659038901504,6.0,2276.0,766.2886422257747,0.9922071290451722,0.0390091515989198,-0.002932707424180829,0.04305281137810949,0.11355213250032778,0.11344896096810388,0.1136552369461649,0.0025859450361753055,96.9575271139117,ATM
2026-11-30,0.2005527864992707,801.0,call,4.16,4.19,4.175000000000001,4.175000000000001,0.0,0.007185628742515028,4.0,145.0,766.2886422257747,0.9922071290451722,0.0390091515989198,-0.002932707424180829,0.04430203077854149,0.1134657404819548,0.11330765831803831,0.11362365555098328,0.0025820116881815234,94.93764556045127,ATM
2026-11-30,0.2005527864992707,802.0,call,3.93,3.96,3.9450000000000003,3.9450000000000003,0.0,0.007604562737642535,3.0,22.0,766.2886422257747,0.9922071290451722,0.0390091515989198,-0.002932707424180829,0.04554969157669663,0.1129281584847551,0.11276607949420638,0.11309004913512669,0.0025576033542713686,92.60138844083923,ATM
2026-11-30,0.2005527864992707,803.0,call,3.75,3.78,3.7649999999999997,3.7649999999999997,0.0,0.00796812749003979,1.0,30.0,766.2886422257747,0.9922071290451722,0.0390091515989198,-0.002932707424180829,0.04679579765694388,0.11284754247893466,0.11268177003931039,0.11301310653418235,0.0025539530658849454,90.54252704575816,ATM
2026-11-30,0.2005527864992707,804.0,call,3.56,3.59,3.575,3.575,0.0,0.008391608391608336,8.0,40.0,766.2886422257747,0.9922071290451722,0.0390091515989198,-0.002932707424180829,0.04804035288914866,0.11257991577105106,0.1124099995490956,0.11274959962627502,0.0025418536343460186,88.33934893513577,ATM
2026-11-30,0.2005527864992707,805.0,call,3.39,3.41,3.4000000000000004,3.4000000000000004,0.0,0.005882352941176475,3.0,251.0,766.2886422257747,0.9922071290451722,0.0390091515989198,-0.002932707424180829,0.04928336112874552,0.11240299313667396,0.112286907401285,0.1125189641411849,0.002533870717130947,86.18589032647762,ATM
2026-11-30,0.2005527864992707,806.0,call,3.21,3.24,3.225,3.225,0.0,0.009302325581395425,2.0,20635.0,766.2886422257747,0.9922071290451722,0.0390091515989198,-0.002932707424180829,0.050524826216810516,0.11214700938228009,0.11196821492071135,0.11232551599957037,0.0025223427117869847,83.96298322971637,call wing
2026-11-30,0.2005527864992707,807.0,call,3.04,3.07,3.0549999999999997,3.0549999999999997,0.0,0.009819967266775715,3.0,530.0,766.2886422257747,0.9922071290451722,0.0390091515989198,-0.002932707424180829,0.0517647519801311,0.11186854004208101,0.11168480866253207,0.11205195000464062,0.002509831935708345,81.71260042847844,call wing
2026-11-30,0.2005527864992707,808.0,call,2.88,2.9,2.8899999999999997,2.8899999999999997,0.0,0.006920415224913502,2.0,881.0,766.2886422257747,0.9922071290451722,0.0390091515989198,-0.002932707424180829,0.05300314223127755,0.11156756933562204,0.1114416026363192,0.11169337627011769,0.002496345217337013,79.43653497995712,call wing
2026-11-30,0.2005527864992707,809.0,call,2.73,2.76,2.745,2.745,0.0,0.010928961748633809,1.0,123.0,766.2886422257747,0.9922071290451722,0.0390091515989198,-0.002932707424180829,0.054240000768673934,0.1114383401874307,0.11124408090113998,0.11163220049373433,0.0024905655139123603,77.29601026158096,call wing
2026-11-30,0.2005527864992707,810.0,call,2.61,2.62,2.615,2.615,0.0,0.0038240917782027648,22.0,601.0,766.2886422257747,0.9922071290451722,0.0390091515989198,-0.002932707424180829,0.05547533137666656,0.11143112104208398,0.11136466163292845,0.11149753152676047,0.002490242839112425,75.26162410395283,call wing
2026-11-30,0.2005527864992707,811.0,call,2.46,2.49,2.475,2.475,0.0,0.012121212121212222,23.0,185.0,766.2886422257747,0.9922071290451722,0.0390091515989198,-0.002932707424180829,0.056709137825595106,0.11121662399290044,0.11101107164182071,0.11142168524431813,0.002480664982666938,73.06168941533775,call wing
2026-11-30,0.2005527864992707,812.0,call,2.33,2.35,2.34,2.34,0.0,0.008547008547008555,285.0,444.0,766.2886422257747,0.9922071290451722,0.0390091515989198,-0.002932707424180829,0.057941423871860215,0.11098965887555222,0.11084840891161901,0.11113066509613079,0.002470550488930574,70.85776311251976,call wing
2026-11-30,0.2005527864992707,813.0,call,2.21,2.24,2.225,2.225,0.0,0.013483146067415842,2.0,12.0,766.2886422257747,0.9922071290451722,0.0390091515989198,-0.002932707424180829,0.05917219325799272,0.11096949132612244,0.11075130700227541,0.11118706940368261,0.002469652740025876,68.84522233857231,call wing
2026-11-30,0.2005527864992707,814.0,call,2.09,2.11,2.0999999999999996,2.0999999999999996,0.0,0.009523809523809533,4.0,15.0,766.2886422257747,0.9922071290451722,0.0390091515989198,-0.002932707424180829,0.0604014497127225,0.11072819267601594,0.11057801007718526,0.1108780737801095,0.002458924098141292,66.65269394742444,call wing
2026-11-30,0.2005527864992707,815.0,call,1.98,2.0,1.99,1.99,0.0,0.010050251256281416,297.0,311.0,766.2886422257747,0.9922071290451722,0.0390091515989198,-0.002932707424180829,0.06162919695104499,0.11063358076239277,0.1104786309044048,0.11078819568908164,0.002454723828681204,64.60703056688196,call wing
2026-11-30,0.2005527864992707,816.0,call,1.88,1.89,1.8849999999999998,1.8849999999999998,0.0,0.005305039787798413,2.0,25.0,766.2886422257747,0.9922071290451722,0.0390091515989198,-0.002932707424180829,0.06285543867428915,0.11054278638056995,0.11046284811897705,0.11062263159462844,0.002450696413553867,62.58474908979071,call wing
2026-11-30,0.2005527864992707,817.0,call,1.78,1.8,1.79,1.79,0.0,0.011173184357541908,2.0,134.0,766.2886422257747,0.9922071290451722,0.0390091515989198,-0.002932707424180829,0.06408017857018511,0.11054110407039118,0.11037606173112224,0.11070573469445312,0.0024506218216192024,60.66642120817745,call wing
2026-11-30,0.2005527864992707,818.0,call,1.68,1.7,1.69,1.69,0.0,0.011834319526627229,15.0,17.0,766.2886422257747,0.9922071290451722,0.0390091515989198,-0.002932707424180829,0.06530342031292935,0.11038429229014612,0.1102134989869462,0.11055462582093224,0.0024436739301060286,58.62948358532162,call wing
2026-11-30,0.2005527864992707,819.0,call,1.59,1.61,1.6,1.6,0.0,0.012500000000000011,2.0,353.0,766.2886422257747,0.9922071290451722,0.0390091515989198,-0.002932707424180829,0.0665251675632516,0.11032330566045542,0.1101467033756913,0.11049939704909047,0.0024409744469730283,56.706722556593945,call wing
2026-11-30,0.2005527864992707,820.0,call,1.51,1.52,1.5150000000000001,1.5150000000000001,0.0,0.006600660066006606,3.0,1822.0,766.2886422257747,0.9922071290451722,0.0390091515989198,-0.002932707424180829,0.06774542396848103,0.1102796388258338,0.11018837313903063,0.1103707626575951,0.0024390425155040446,54.827791522543514,call wing
2026-11-30,0.2005527864992707,825.0,call,1.13,1.14,1.1349999999999998,1.1349999999999998,0.0,0.008810572687224679,3.0,236.0,766.2886422257747,0.9922071290451722,0.0390091515989198,-0.002932707424180829,0.07382447004486319,0.10984133422142084,0.10973177821846318,0.10995064472108523,0.0024196931754397917,45.69007973269681,call wing
2026-11-30,0.2005527864992707,830.0,call,0.87,0.89,0.88,0.88,0.0,0.02272727272727275,5.0,1837.0,766.2886422257747,0.9922071290451722,0.0390091515989198,-0.002932707424180829,0.07986678450082577,0.11048995265206146,0.11022883015383761,0.11074947756108641,0.002448354361377017,38.41447290327714,call wing
2026-11-30,0.2005527864992707,835.0,call,0.67,0.69,0.6799999999999999,0.6799999999999999,0.0,0.029411764705882217,8.0,1156.0,766.2886422257747,0.9922071290451722,0.0390091515989198,-0.002932707424180829,0.0858728085610376,0.11117595425002046,0.11086243239937545,0.1114868682588024,0.002478851053111982,32.03003071292375,call wing
2026-11-30,0.2005527864992707,840.0,call,0.52,0.53,0.525,0.525,0.0,0.019047619047619063,1.0,358.0,766.2886422257747,0.9922071290451722,0.0390091515989198,-0.002932707424180829,0.09184297554754159,0.11193484644024261,0.11174591369863218,0.11212271490995727,0.002512808058127722,26.539601313182974,call wing
2026-11-30,0.2005527864992707,845.0,call,0.4,0.41,0.405,0.405,0.0,0.024691358024691242,1.0,426.0,766.2886422257747,0.9922071290451722,0.0390091515989198,-0.002932707424180829,0.0977777110673561,0.11274756188702416,0.11251803729266444,0.11297534779711611,0.002549429571299126,21.867570857913982,call wing
2026-11-30,0.2005527864992707,850.0,call,0.33,0.34,0.335,0.335,0.0,0.02985074626865674,109.0,5179.0,766.2886422257747,0.9922071290451722,0.0390091515989198,-0.002932707424180829,0.10367743319454434,0.11484361493015563,0.11457565292839637,0.11510906035795483,0.0026451019100794163,18.748157273570918,call wing
2026-11-30,0.2005527864992707,855.0,call,0.27,0.28,0.275,0.275,0.0,0.03636363636363639,47.0,144.0,766.2886422257747,0.9922071290451722,0.0390091515989198,-0.002932707424180829,0.10954255264694239,0.11673705685147025,0.11642207466446344,0.11704835163894729,0.0027330412088434723,15.968366517690484,call wing
2026-11-30,0.2005527864992707,860.0,call,0.21,0.22,0.215,0.215,0.0,0.046511627906976785,6.0,659.0,766.2886422257747,0.9922071290451722,0.0390091515989198,-0.002932707424180829,0.11537347295773555,0.1177684578881554,0.11738511213633777,0.11814592426016347,0.002781548757091131,13.145224237847083,call wing
2026-11-30,0.2005527864992707,865.0,call,0.18,0.19,0.185,0.185,0.0,0.054054054054054106,8.0,809.0,766.2886422257747,0.9922071290451722,0.0390091515989198,-0.002932707424180829,0.1211705906420616,0.12032694925914622,0.11988863700290889,0.12075733476642114,0.0029037185042354295,11.513140886298965,call wing
2026-11-30,0.2005527864992707,870.0,call,0.16,0.17,0.165,0.165,0.0,0.060606060606060656,7.0,1179.0,766.2886422257747,0.9922071290451722,0.0390091515989198,-0.002932707424180829,0.12693429535881165,0.12336580742270284,0.12287670965138668,0.1238448792096856,0.0030522374136272433,10.33066613687459,call wing
2026-11-30,0.2005527864992707,875.0,call,0.13,0.15,0.14,0.14,0.0,0.14285714285714277,1.0,75.0,766.2886422257747,0.9922071290451722,0.0390091515989198,-0.002932707424180829,0.13266497006779665,0.1255223892602123,0.12437713071836215,0.1266122369078872,0.0031598836734523655,8.957434443800144,call wing
2026-11-30,0.2005527864992707,880.0,call,0.12,0.13,0.125,0.125,0.0,0.08000000000000007,8.0,1127.0,766.2886422257747,0.9922071290451722,0.0390091515989198,-0.002932707424180829,0.13836299118243434,0.1283958495113069,0.12776540760499316,0.1290088615864058,0.003306211792957971,8.044768402431774,call wing
2026-11-30,0.2005527864992707,885.0,call,0.09,0.11,0.1,0.1,0.0,0.20000000000000004,6.0,240.0,766.2886422257747,0.9922071290451722,0.0390091515989198,-0.002932707424180829,0.14402872871811165,0.12951460322694539,0.1279620462788403,0.130960191254563,0.0033640789484827727,6.684886499632277,call wing
2026-11-30,0.2005527864992707,890.0,call,0.08,0.1,0.09,0.09,0.0,0.22222222222222227,1.0,259.0,766.2886422257747,0.9922071290451722,0.0390091515989198,-0.002932707424180829,0.1496625464363678,0.13235016946517913,0.13062281854617697,0.13394466052714848,0.003512996393441098,6.03664515325836,call wing
2026-11-30,0.2005527864992707,895.0,call,0.07,0.08,0.07500000000000001,0.07500000000000001,0.0,0.13333333333333325,1.0,3261.0,766.2886422257747,0.9922071290451722,0.0390091515989198,-0.002932707424180829,0.15526480198503761,0.1339771034199687,0.13298305417155531,0.1349240833158936,0.0035998952907770575,5.156853605242667,deep call wing
2026-11-30,0.2005527864992707,900.0,call,0.07,0.08,0.07500000000000001,0.07500000000000001,0.0,0.13333333333333325,90.0,3990.0,766.2886422257747,0.9922071290451722,0.0390091515989198,-0.002932707424180829,0.16083584703449297,0.1382146347712044,0.1371954702856379,0.13918544721227952,0.0038312170911736594,5.0300215765800145,deep call wing
2026-11-30,0.2005527864992707,905.0,call,0.05,0.07,0.060000000000000005,0.060000000000000005,0.0,0.33333333333333337,1.0,141.0,766.2886422257747,0.9922071290451722,0.0390091515989198,-0.002932707424180829,0.1663760274101083,0.13910566950133996,0.136543092427743,0.14136982830473052,0.003880774090331347,4.169247732879318,deep call wing
2026-11-30,0.2005527864992707,910.0,call,0.05,0.06,0.055,0.055,0.0,0.18181818181818174,24.0,60.0,766.2886422257747,0.9922071290451722,0.0390091515989198,-0.002932707424180829,0.17188568322107786,0.14192235531952102,0.1405663319240114,0.1431897407112138,0.004039525188647516,3.8188349806304327,deep call wing
2026-11-30,0.2005527864992707,915.0,call,0.04,0.06,0.05,0.05,0.0,0.3999999999999999,24.0,85.0,766.2886422257747,0.9922071290451722,0.0390091515989198,-0.002932707424180829,0.1773651489857036,0.14455506404686347,0.14143494249433855,0.14723848370604076,0.004190784427069264,3.477571741542751,deep call wing
2026-12-31,0.2854842933485857,460.0,put,0.6471210969240515,0.6571210969240515,0.6521210969240515,0.655,0.0028789030759485135,0.015267175572519097,2.0,1873.0,767.6279424054935,0.9889075872640698,0.03907182485161849,0.0034908614995076553,-0.5120786762878741,0.4344810590063516,0.43402209187982227,0.4349376855697888,0.053891952222247,10.921999870456593,deep put wing
2026-12-31,0.2854842933485857,465.0,put,0.666976150227561,0.676976150227561,0.671976150227561,0.675,0.00302384977243908,0.014814814814814828,1.0,305.0,767.6279424054935,0.9889075872640698,0.03907182485161849,0.0034908614995076553,-0.5012677601836586,0.4279995980887873,0.4275569436869242,0.4284400696123305,0.05229605657593964,11.32353469197656,deep put wing
2026-12-31,0.2854842933485857,470.0,put,0.6967631535245987,0.7167631535245987,0.7067631535245987,0.71,0.003236846475401234,0.028169014084507067,1.0,63.0,767.6279424054935,0.9889075872640698,0.03907182485161849,0.0034908614995076553,-0.4905724710669105,0.42277131981894056,0.4219270327529947,0.4236077497895136,0.05102620328235409,11.90014076009301,deep put wing
2026-12-31,0.2854842933485857,475.0,put,0.7365424454684486,0.7465424454684486,0.7415424454684486,0.745,0.003457554531551388,0.01342281879194632,5.0,576.0,767.6279424054935,0.9889075872640698,0.03907182485161849,0.0034908614995076553,-0.47999036173637366,0.4174312274630628,0.4170298493533391,0.41783083078862543,0.049745304002679826,12.48479222554151,deep put wing
2026-12-31,0.2854842933485857,480.0,put,0.7663356167372679,0.7763356167372679,0.7713356167372679,0.775,0.003664383262732107,0.012903225806451623,200.0,16176.0,767.6279424054935,0.9889075872640698,0.03907182485161849,0.0034908614995076553,-0.46951906186907816,0.41160949088918497,0.4112247435232311,0.41199261035942975,0.048367426430506094,13.023195299356535,deep put wing
2026-12-31,0.2854842933485857,485.0,put,0.8060770847662265,0.8160770847662264,0.8110770847662264,0.815,0.003922915233773527,0.012269938650306624,2.0,365.0,767.6279424054935,0.9889075872640698,0.03907182485161849,0.0034908614995076553,-0.45915627483353166,0.4064605836039741,0.4060943689348268,0.4068253331672411,0.047164918920645456,13.680657969934392,deep put wing
2026-12-31,0.2854842933485857,490.0,put,0.8458091082354857,0.8558091082354857,0.8508091082354857,0.855,0.00419089176451426,0.01169590643274855,70.0,7302.0,767.6279424054935,0.9889075872640698,0.03907182485161849,0.0034908614995076553,-0.44889977466634245,0.40119654177743347,0.4008473826553794,0.401544376849031,0.045951170774160714,14.347414607374647,deep put wing
2026-12-31,0.2854842933485857,495.0,put,0.8755757730985169,0.8855757730985169,0.8805757730985169,0.885,0.0044242269014831415,0.011299435028248598,1.0,184.0,767.6279424054935,0.9889075872640698,0.03907182485161849,0.0034908614995076553,-0.4387474032023245,0.39516372720909243,0.3948279013885603,0.39549832831025294,0.04457962034438192,14.915958356092709,deep put wing
2026-12-31,0.2854842933485857,500.0,put,0.915286240147229,0.925286240147229,0.920286240147229,0.925,0.0047137598527710045,0.01081081081081082,5.0,1350.0,767.6279424054935,0.9889075872640698,0.03907182485161849,0.0034908614995076553,-0.428697067348823,0.3897312360873538,0.3894102462237135,0.3900511122061487,0.04336233389697404,15.603971627711092,deep put wing
2026-12-31,0.2854842933485857,505.0,put,0.95496180566146,0.9749618056614601,0.9649618056614601,0.97,0.005038194338539914,0.020618556701030948,2.0,377.0,767.6279424054935,0.9889075872640698,0.03907182485161849,0.0034908614995076553,-0.418746736495655,0.3845162715551319,0.38390288917998594,0.38512562602458794,0.04220964159057291,16.3570719046071,deep put wing
2026-12-31,0.2854842933485857,510.0,put,1.0046237000628113,1.0146237000628113,1.0096237000628114,1.0150000000000001,0.005376299937188689,0.00985221674876848,2.0,759.0,767.6279424054935,0.9889075872640698,0.03907182485161849,0.0034908614995076553,-0.4088944400526433,0.3791954686645382,0.378902984999133,0.37948703863557526,0.04104955913971189,17.12179172575538,deep put wing
2026-12-31,0.2854842933485857,515.0,put,1.0542452252753682,1.0642452252753682,1.0592452252753681,1.065,0.005754774724631817,0.009389671361502356,1.0,113.0,767.6279424054935,0.9889075872640698,0.03907182485161849,0.0034908614995076553,-0.3991382651072787,0.3740558880024602,0.3737769531266143,0.3743339978161317,0.03994433635800105,17.951953414481334,deep put wing
2026-12-31,0.2854842933485857,520.0,put,1.1038496178441755,1.1138496178441755,1.1088496178441756,1.1150000000000002,0.006150382155824641,0.008968609865470859,7.0,745.0,767.6279424054935,0.9889075872640698,0.03907182485161849,0.0034908614995076553,-0.3894763541955417,0.3688041379425909,0.3685377329244915,0.36906979517478616,0.03883057214907241,18.79486188563674,deep put wing
2026-12-31,0.2854842933485857,525.0,put,1.1434632365719888,1.1634632365719888,1.1534632365719888,1.16,0.0065367634280111275,0.017241379310344845,3.0,381.0,767.6279424054935,0.9889075872640698,0.03907182485161849,0.0034908614995076553,-0.3799069031793911,0.3631966862654389,0.36268508486439194,0.3637055472686025,0.037658756403825856,19.599220832913705,deep put wing
2026-12-31,0.2854842933485857,530.0,put,1.2029828268655451,1.2229828268655452,1.2129828268655451,1.22,0.007017173134454824,0.016393442622950834,1.0,804.0,767.6279424054935,0.9889075872640698,0.03907182485161849,0.0034908614995076553,-0.37042815922484723,0.3582446174755065,0.3577573504550494,0.35872942095388277,0.036638827519603456,20.57488658694208,deep put wing
2026-12-31,0.2854842933485857,535.0,put,1.2525346348678221,1.2725346348678221,1.2625346348678221,1.27,0.007465365132177881,0.015748031496063006,2.0,15104.0,767.6279424054935,0.9889075872640698,0.03907182485161849,0.0034908614995076553,-0.3610384188750083,0.3527008647763703,0.35223378987650295,0.3531656858043147,0.03551364657954465,21.461860174077444,deep put wing
2026-12-31,0.2854842933485857,540.0,put,1.3120131123581074,1.3320131123581074,1.3220131123581074,1.33,0.007986887641892704,0.015037593984962419,2.0,635.0,767.6279424054935,0.9889075872640698,0.03907182485161849,0.0034908614995076553,-0.3517360262126947,0.3475219648553451,0.34707586968131066,0.34796601957156825,0.034478370918147094,22.46834970392857,deep put wing
2026-12-31,0.2854842933485857,545.0,put,1.3814133158581392,1.4014133158581392,1.3914133158581392,1.4,0.008586684141860701,0.0142857142857143,2.0,1127.0,767.6279424054935,0.9889075872640698,0.03907182485161849,0.0034908614995076553,-0.34251937110777075,0.342655424094837,0.3422306543255423,0.34307836319984786,0.03351949301241694,23.593215273816273,deep put wing
2026-12-31,0.2854842933485857,550.0,put,1.44084090625698,1.46084090625698,1.45084090625698,1.46,0.00915909374301993,0.013698630136986314,13.0,2104.0,767.6279424054935,0.9889075872640698,0.03907182485161849,0.0034908614995076553,-0.3333868875444982,0.3372469583736973,0.33684017843281183,0.337652069622218,0.03246970196715095,24.63404277177611,deep put wing
2026-12-31,0.2854842933485857,555.0,put,1.52012602839623,1.54012602839623,1.53012602839623,1.54,0.009873971603770126,0.012987012987012998,1.0,633.0,767.6279424054935,0.9889075872640698,0.03907182485161849,0.0034908614995076553,-0.32433705202458035,0.3325165450501049,0.3321296060248585,0.3329019928193415,0.03156521401370619,25.893949167430517,deep put wing
2026-12-31,0.2854842933485857,560.0,put,1.5894349842144322,1.6094349842144322,1.5994349842144322,1.61,0.0105650157855679,0.012422360248447215,4.0,822.0,767.6279424054935,0.9889075872640698,0.03907182485161849,0.0034908614995076553,-0.31536838204181983,0.32726557780701593,0.32689552713721887,0.3276342755777478,0.03057615530246431,27.072992384483896,deep put wing
2026-12-31,0.2854842933485857,565.0,put,1.6785916924082558,1.6985916924082558,1.6885916924082558,1.7,0.01140830759174416,0.011764705882352951,4.0,419.0,767.6279424054935,0.9889075872640698,0.03907182485161849,0.0034908614995076553,-0.3064794346245739,0.32260633625226154,0.32225446337231106,0.32295700281238654,0.029711734490914098,28.468317905470542,deep put wing
2026-12-31,0.2854842933485857,570.0,put,1.7478263320776795,1.7678263320776795,1.7578263320776795,1.77,0.012173667922320552,0.011299435028248598,1.0,486.0,767.6279424054935,0.9889075872640698,0.03907182485161849,0.0034908614995076553,-0.29766880494241893,0.31711570764396985,0.3167783435302984,0.3174519702196432,0.02870897771773702,29.6901925965985,deep put wing
2026-12-31,0.2854842933485857,575.0,put,1.8269873678406363,1.8369873678406363,1.8319873678406364,1.8450000000000002,0.013012632159363768,0.00542005420054201,3.0,892.0,767.6279424054935,0.9889075872640698,0.03907182485161849,0.0034908614995076553,-0.2889351249736644,0.31169230752706184,0.311530812046603,0.3118535521167975,0.02773539706609235,30.984724292873032,deep put wing
2026-12-31,0.2854842933485857,580.0,put,1.9259396677379852,1.9359396677379852,1.930939667737985,1.9449999999999998,0.014060332262014752,0.005141388174807203,1.0,2211.0,767.6279424054935,0.9889075872640698,0.03907182485161849,0.0034908614995076553,-0.28027706223054977,0.3069343326973114,0.30678057220552185,0.3070878690529114,0.026895099747003142,32.54185924840102,deep put wing
2026-12-31,0.2854842933485857,585.0,put,2.014863123645068,2.034863123645068,2.0248631236450683,2.04,0.015136876354931772,0.00980392156862746,2.0,182.0,767.6279424054935,0.9889075872640698,0.03907182485161849,0.0034908614995076553,-0.27169331853915835,0.3018695207821844,0.30157564885759514,0.30216258501842874,0.02601481549143887,34.07538787114686,deep put wing
2026-12-31,0.2854842933485857,590.0,put,2.1136613963517616,2.143661396351762,2.1286613963517618,2.145,0.016338603648238248,0.013986013986014102,4.0,648.0,767.6279424054935,0.9889075872640698,0.03907182485161849,0.0034908614995076553,-0.26318262887124966,0.2969468831214217,0.2965262216862941,0.29736591494398834,0.02517327740093137,35.72760999575496,deep put wing
2026-12-31,0.2854842933485857,595.0,put,2.22239066751909,2.2423906675190897,2.23239066751909,2.25,0.017609332480910123,0.0088888888888887,2.0,627.0,767.6279424054935,0.9889075872640698,0.03907182485161849,0.0034908614995076553,-0.2547437602253851,0.2918722930149404,0.29160463514833956,0.2921392990161704,0.024320245774441203,37.40679564175476,deep put wing
2026-12-31,0.2854842933485857,600.0,put,2.3409121763611735,2.370912176361174,2.3559121763611737,2.375,0.01908782363882633,0.012631578947368527,1.0,3623.0,767.6279424054935,0.9889075872640698,0.03907182485161849,0.0034908614995076553,-0.2463755105548684,0.287162567574585,0.28678017683103313,0.287543652841372,0.023541702924443447,39.29420826073549,deep put wing
2026-12-31,0.2854842933485857,605.0,put,2.4693094222139376,2.4993094222139374,2.4843094222139372,2.505,0.020690577786062647,0.01197604790419154,2.0,2705.0,767.6279424054935,0.9889075872640698,0.03907182485161849,0.0034908614995076553,-0.23807670774017337,0.2823946805418835,0.28203048507802686,0.28275771303029823,0.022766446168838016,41.25276560905415,deep put wing
2026-12-31,0.2854842933485857,610.0,put,2.5976117763519477,2.6276117763519475,2.6126117763519474,2.635,0.022388223648052374,0.011385199240986644,1.0,535.0,767.6279424054935,0.9889075872640698,0.03907182485161849,0.0034908614995076553,-0.22984620860365784,0.27744943880717576,0.27710202249498544,0.27779581484591365,0.021976064487841965,43.24081449074315,deep put wing
2026-12-31,0.2854842933485857,615.0,put,2.745662826473468,2.775662826473468,2.7606628264734683,2.785,0.024337173526531863,0.010771992818671383,3.0,7130.0,767.6279424054935,0.9889075872640698,0.03907182485161849,0.0034908614995076553,-0.22168289796449697,0.2727761611636337,0.2724455232377662,0.27310587660546354,0.021241982453106614,45.430417122549734,deep put wing
2026-12-31,0.2854842933485857,620.0,put,2.8836602164313057,2.9136602164313055,2.8986602164313053,2.925,0.026339783568694486,0.01025641025641019,1.0,3128.0,767.6279424054935,0.9889075872640698,0.03907182485161849,0.0034908614995076553,-0.21358568773187753,0.267698618424608,0.2673828683992472,0.26801354207545425,0.020458532533792605,47.56836420196321,deep put wing
2026-12-31,0.2854842933485857,621.0,put,2.9330788638364815,2.963078863836482,2.9480788638364817,2.975,0.026921136163518433,0.010084033613445462,2.0,189.0,767.6279424054935,0.9889075872640698,0.03907182485161849,0.0034908614995076553,-0.21197408383753608,0.26711709576807996,0.26680536773897323,0.26742802522528286,0.020369744790312824,48.18075978618734,deep put wing
2026-12-31,0.2854842933485857,622.0,put,2.9527572197044663,2.9727572197044663,2.9627572197044665,2.99,0.02724278029553373,0.006688963210702346,263.0,320.0,767.6279424054935,0.9889075872640698,0.03907182485161849,0.0034908614995076553,-0.21036507303183533,0.2658053311569027,0.2655990028021663,0.2660113095213389,0.020170171633611667,48.50765581200224,deep put wing
2026-12-31,0.2854842933485857,623.0,put,2.992238450124149,3.012238450124149,3.0022384501241492,3.0300000000000002,0.027761549875851,0.006600660066006606,2.0,151.0,767.6279424054935,0.9889075872640698,0.03907182485161849,0.0034908614995076553,-0.2087586469835617,0.2649982655557314,0.2647941806854357,0.2652020101175473,0.020047872068267178,49.04018659366164,deep put wing
2026-12-31,0.2854842933485857,624.0,put,3.0317133077301808,3.051713307730181,3.041713307730181,3.0700000000000003,0.02828669226981928,0.0065146579804560316,2.0,154.0,767.6279424054935,0.9889075872640698,0.03907182485161849,0.0034908614995076553,-0.2071547974015871,0.2641800785077828,0.2639781916541566,0.264381634377957,0.019924266828150468,49.573407415010415,deep put wing
2026-12-31,0.2854842933485857,625.0,put,3.061259651121169,3.081259651121169,3.071259651121169,3.0999999999999996,0.0287403488788307,0.0064516129032258125,4.0,483.0,767.6279424054935,0.9889075872640698,0.03907182485161849,0.0034908614995076553,-0.20555351603461333,0.26315278344193627,0.2629527294623376,0.2633525136565103,0.019769612436200557,50.02706490736771,deep put wing
2026-12-31,0.2854842933485857,626.0,put,3.100722741950225,3.120722741950225,3.110722741950225,3.1399999999999997,0.02927725804977488,0.006369426751592363,1.0,109.0,767.6279424054935,0.9889075872640698,0.03907182485161849,0.0034908614995076553,-0.20395479467091623,0.2623150304674816,0.26211709691918594,0.2625126489831743,0.019643938760484866,50.5623172848545,deep put wing
2026-12-31,0.2854842933485857,627.0,put,3.1302172955149428,3.1602172955149426,3.1452172955149424,3.175,0.029782704485057376,0.009448818897637734,5.0,516.0,767.6279424054935,0.9889075872640698,0.03907182485161849,0.0034908614995076553,-0.20235862513809413,0.26136951570265377,0.26107538917915757,0.26166295050000193,0.019502580792824086,51.0586626400524,deep put wing
2026-12-31,0.2854842933485857,628.0,put,3.169703971041045,3.189703971041045,3.179703971041045,3.21,0.030296028958955112,0.006230529595015582,97.0,162.0,767.6279424054935,0.9889075872640698,0.03907182485161849,0.0034908614995076553,-0.20076499930281608,0.26041547656936254,0.26022136361533316,0.2606092894548754,0.01936046576898553,51.556316892120144,deep put wing
2026-12-31,0.2854842933485857,629.0,put,3.1992213477471294,3.2192213477471294,3.2092213477471296,3.24,0.030778652252870575,0.006172839506172844,1.0,283.0,767.6279424054935,0.9889075872640698,0.03907182485161849,0.0034908614995076553,-0.1991739090705743,0.2593576800610923,0.2591652841146503,0.25954978230755377,0.019203502442010648,52.01591915824321,deep put wing
2026-12-31,0.2854842933485857,630.0,put,3.228732777967376,3.248732777967376,3.2387327779673756,3.2699999999999996,0.031267222032624,0.0061162079510703425,4.0,1102.0,767.6279424054935,0.9889075872640698,0.03907182485161849,0.0034908614995076553,-0.1975853463854364,0.25829336535440717,0.25810266263945236,0.25848378057014576,0.01904621669181827,52.4772641992791,deep put wing
2026-12-31,0.2854842933485857,631.0,put,3.2681184968127903,3.2981184968127906,3.2831184968127904,3.315,0.0318815031872095,0.009049773755656184,11.0,234.0,767.6279424054935,0.9889075872640698,0.03907182485161849,0.0034908614995076553,-0.19599930322980166,0.25750336276941793,0.25722033601039235,0.2577857611007818,0.01892988733826623,53.05757852219399,deep put wing
2026-12-31,0.2854842933485857,632.0,put,3.307534710539861,3.3375347105398614,3.3225347105398613,3.355,0.03246528946013871,0.008941877794336885,3.0,35.0,767.6279424054935,0.9889075872640698,0.03907182485161849,0.0034908614995076553,-0.19441577162415735,0.2566089140272099,0.25632875483399664,0.2568884609963649,0.018798608219774027,53.59970244219421,deep put wing
2026-12-31,0.2854842933485857,633.0,put,3.356862626570539,3.386862626570539,3.371862626570539,3.4050000000000002,0.0331373734294611,0.008810572687224611,6.0,56.0,767.6279424054935,0.9889075872640698,0.03907182485161849,0.0034908614995076553,-0.19283474362683864,0.255887757783661,0.2556108093758291,0.2561641126026914,0.018693096029928514,54.219963819879446,deep put wing
2026-12-31,0.2854842933485857,634.0,put,3.3764239924763,3.4064239924763,3.3914239924763,3.425,0.033576007523699936,0.008759124087591184,1.0,130.0,767.6279424054935,0.9889075872640698,0.03907182485161849,0.0034908614995076553,-0.19125621133378884,0.25460927863701205,0.25433431392642497,0.25488365904224064,0.018506771903706355,54.610624397969865,deep put wing
2026-12-31,0.2854842933485857,635.0,put,3.4158179765584022,3.445817976558402,3.430817976558402,3.465,0.03418202344159793,0.008658008658008602,1.0,650.0,767.6279424054935,0.9889075872640698,0.03907182485161849,0.0034908614995076553,-0.18968016687832318,0.2536877003189983,0.25341546243566915,0.2539593686515187,0.01837304093317005,55.1567104189919,deep put wing
2026-12-31,0.2854842933485857,636.0,put,3.455202659985733,3.485202659985733,3.4702026599857327,3.505,0.03479734001426715,0.008559201141226764,1.0,172.0,767.6279424054935,0.9889075872640698,0.03907182485161849,0.0034908614995076553,-0.1881066024308926,0.25275668111657157,0.25248712257720424,0.2530256843810263,0.018238432392720362,55.70405358300989,deep put wing
2026-12-31,0.2854842933485857,637.0,put,3.4945792595706737,3.524579259570674,3.509579259570674,3.545,0.03542074042932608,0.00846262341325818,1.0,271.0,767.6279424054935,0.9889075872640698,0.03907182485161849,0.0034908614995076553,-0.18653551019885148,0.25181636946504915,0.2515494442809877,0.25208275319240975,0.018102982680100587,56.25271384676323,deep put wing
2026-12-31,0.2854842933485857,638.0,put,3.5339881545198795,3.5539881545198795,3.5439881545198797,3.58,0.036011845480120375,0.005586592178770954,166.0,196.0,767.6279424054935,0.9889075872640698,0.03907182485161849,0.0034908614995076553,-0.1849668824262249,0.2507795449602617,0.25060326276363837,0.25095559189979033,0.01795421574139223,56.76516429573642,deep put wing
2026-12-31,0.2854842933485857,639.0,put,3.583222234174811,3.6132222341748106,3.5982222341748105,3.635,0.036777765825189324,0.008253094910591419,1.0,560.0,767.6279424054935,0.9889075872640698,0.03907182485161849,0.0034908614995076553,-0.18340071139348002,0.25008109437443354,0.24981964429607764,0.25034203174093894,0.01785434579680612,57.42877183831387,deep put wing
2026-12-31,0.2854842933485857,640.0,put,3.6325275220167215,3.6525275220167215,3.6425275220167213,3.6799999999999997,0.03747247798327846,0.005434782608695657,51.0,857.0,767.6279424054935,0.9889075872640698,0.03907182485161849,0.0034908614995076553,-0.18183698941729723,0.24919736502035084,0.24902489446473924,0.24936961376131922,0.01772838240981799,58.01827797005373,deep put wing
2026-12-31,0.2854842933485857,641.0,put,3.671860005070523,3.691860005070523,3.6818600050705226,3.7199999999999998,0.03813999492947717,0.00537634408602151,24.0,219.0,767.6279424054935,0.9889075872640698,0.03907182485161849,0.0034908614995076553,-0.1802757088503448,0.24821842512140463,0.24804758673759053,0.2483890470459557,0.017589368641385075,58.57201840013288,deep put wing
2026-12-31,0.2854842933485857,642.0,put,3.70122369254564,3.73122369254564,3.71622369254564,3.755,0.038776307454360115,0.007989347536617791,2.0,121.0,767.6279424054935,0.9889075872640698,0.03907182485161849,0.0034908614995076553,-0.17871686208105358,0.24714687522216308,0.24689278931499878,0.24740048470288736,0.017437831112556267,59.09067710254729,deep put wing
2026-12-31,0.2854842933485857,643.0,put,3.760411139601768,3.780411139601768,3.7704111396017677,3.8099999999999996,0.03958886039823195,0.0052493438320210025,2.0,261.0,767.6279424054935,0.9889075872640698,0.03907182485161849,0.0034908614995076553,-0.17716044153339544,0.24640053551040705,0.24623308831675275,0.2465677773944417,0.017332671821953256,59.7570094960192,deep put wing
2026-12-31,0.2854842933485857,644.0,put,3.7897998746200168,3.809799874620017,3.7997998746200166,3.84,0.0402001253799833,0.005208333333333338,1.0,17.0,767.6279424054935,0.9889075872640698,0.03907182485161849,0.0034908614995076553,-0.17560643966666115,0.24522973781841853,0.24506364214836776,0.24539563214821125,0.01716834717994305,60.242832777697195,deep put wing
2026-12-31,0.2854842933485857,645.0,put,3.848924934430888,3.868924934430888,3.8589249344308882,3.9000000000000004,0.04107506556911211,0.0051282051282051325,4.0,1597.0,767.6279424054935,0.9889075872640698,0.03907182485161849,0.0034908614995076553,-0.17405484897524234,0.2445423060397716,0.24437813142249987,0.24470628577182574,0.017072228938537597,60.9469825444107,deep put wing
2026-12-31,0.2854842933485857,646.0,put,3.8782522307627794,3.9082522307627796,3.8932522307627795,3.935,0.04174776923722057,0.007623888182973379,5.0,66.0,767.6279424054935,0.9889075872640698,0.03907182485161849,0.0034908614995076553,-0.1725056619884129,0.2434371815588093,0.2431929552680644,0.2436809786687607,0.01691827351753491,61.47257984524182,deep put wing
2026-12-31,0.2854842933485857,647.0,put,3.9175275652735144,3.9475275652735147,3.9325275652735145,3.975,0.04247243472648554,0.007547169811320817,1.0,256.0,767.6279424054935,0.9889075872640698,0.03907182485161849,0.0034908614995076553,-0.17095887127011428,0.24240521163361908,0.2421632061311617,0.2426467979303421,0.016775138904709316,62.035907417130495,deep put wing
2026-12-31,0.2854842933485857,648.0,put,3.986577389943173,4.006577389943173,3.9965773899431727,4.04,0.04342261005682735,0.004950495049504845,40.0,57.0,767.6279424054935,0.9889075872640698,0.03907182485161849,0.0034908614995076553,-0.16941446941874008,0.24176045840034113,0.2416010753570679,0.24191966134841125,0.01668602002048193,62.77744953770891,deep put wing
2026-12-31,0.2854842933485857,649.0,put,4.025786353534872,4.055786353534871,4.040786353534871,4.085,0.0442136464651286,0.0073439412484698555,1.0,104.0,767.6279424054935,0.9889075872640698,0.03907182485161849,0.0034908614995076553,-0.16787244906692483,0.2407869309519878,0.2405500600806459,0.24102340671111905,0.01655190717081064,63.37861227443359,deep put wing
2026-12-31,0.2854842933485857,650.0,put,4.06502604604089,4.095026046040889,4.0800260460408895,4.125,0.044973953959110524,0.0072727272727271175,97.0,2102.0,767.6279424054935,0.9889075872640698,0.03907182485161849,0.0034908614995076553,-0.16633280288133198,0.2397265068723221,0.2394917426116905,0.2399608850168234,0.01640643921437326,63.94657785142555,deep put wing
2026-12-31,0.2854842933485857,651.0,put,4.114168264750494,4.144168264750494,4.129168264750494,4.175000000000001,0.045831735249506345,0.007185628742515028,20.0,103.0,767.6279424054935,0.9889075872640698,0.03907182485161849,0.0034908614995076553,-0.1647955235624456,0.23881179322651305,0.23857935541473688,0.23904385520780722,0.016281475455573076,64.58571202216548,deep put wing
2026-12-31,0.2854842933485857,652.0,put,4.1832085262568395,4.193208526256839,4.188208526256839,4.235,0.04679147374316095,0.0023612750885477654,1.0,49.0,767.6279424054935,0.9889075872640698,0.03907182485161849,0.0034908614995076553,-0.1632606038443618,0.2380382628143103,0.23796166651201328,0.2381148186255491,0.01617617228427089,65.29457250956817,deep put wing
2026-12-31,0.2854842933485857,653.0,put,4.232276158360543,4.252276158360543,4.242276158360543,4.29,0.0477238416394572,0.004662004662004562,1.0,141.0,767.6279424054935,0.9889075872640698,0.03907182485161849,0.0034908614995076553,-0.16172803649458378,0.23717590746479308,0.23702424385067553,0.23732741367442586,0.016059179826827006,65.9696720298554,deep put wing
2026-12-31,0.2854842933485857,654.0,put,4.271415051319636,4.301415051319635,4.2864150513196355,4.335,0.04858494868036445,0.006920415224913348,2.0,41.0,767.6279424054935,0.9889075872640698,0.03907182485161849,0.0034908614995076553,-0.16019781431381608,0.23615280853985024,0.23592733632295,0.2363779351368823,0.015920930603273424,66.57817247982423,deep put wing
2026-12-31,0.2854842933485857,655.0,put,4.32054064967229,4.340540649672289,4.330540649672289,4.38,0.04945935032771054,0.004566210045662003,1.0,384.0,767.6279424054935,0.9889075872640698,0.03907182485161849,0.0034908614995076553,-0.15866993013576292,0.23512083103892795,0.2349719210587411,0.2352695910959309,0.01578208708925486,67.18853314223449,deep put wing
2026-12-31,0.2854842933485857,656.0,put,4.369564134662957,4.399564134662957,4.384564134662957,4.4350000000000005,0.05043586533704314,0.006764374295377733,30.0,178.0,767.6279424054935,0.9889075872640698,0.03907182485161849,0.0034908614995076553,-0.15714437682692572,0.23422616779673175,0.23400498433159597,0.23444702324885813,0.015662210091149254,67.86742507568047,deep put wing
2026-12-31,0.2854842933485857,657.0,put,4.4384849258497505,4.45848492584975,4.44848492584975,4.5,0.051515074150249696,0.00444444444444435,8.0,150.0,767.6279424054935,0.9889075872640698,0.03907182485161849,0.0034908614995076553,-0.15562114728640433,0.2334645393833575,0.23331872440748916,0.2336102131090109,0.0155605187212865,68.61333638766926,deep put wing
2026-12-31,0.2854842933485857,658.0,put,4.477571155302575,4.507571155302575,4.492571155302575,4.545,0.052428844697424815,0.00660066006600646,3.0,107.0,767.6279424054935,0.9889075872640698,0.03907182485161849,0.0034908614995076553,-0.15410023444569756,0.232402556911373,0.2321857275100366,0.2326190759793407,0.015419277453888502,69.22844485122008,deep put wing
2026-12-31,0.2854842933485857,659.0,put,4.54646034540003,4.5664603454000305,4.55646034540003,4.609999999999999,0.053539654599969566,0.004338394793926348,3.0,204.0,767.6279424054935,0.9889075872640698,0.03907182485161849,0.0034908614995076553,-0.1525816312685076,0.23161551631152605,0.2314725424727349,0.23175835645033707,0.01531501828657653,69.97562468461041,deep put wing
2026-12-31,0.2854842933485857,660.0,put,4.595426398386174,4.625426398386173,4.610426398386173,4.665,0.05457360161382674,0.006430868167202435,3.0,2635.0,767.6279424054935,0.9889075872640698,0.03907182485161849,0.0034908614995076553,-0.15106533075054354,0.2306743612123612,0.23046192628215875,0.2308865033878241,0.015190807931566064,70.6586335376761,deep put wing
2026-12-31,0.2854842933485857,661.0,put,4.654330822800963,4.6843308228009635,4.669330822800963,4.725,0.055669177199036746,0.006349206349206402,1.0,588.0,767.6279424054935,0.9889075872640698,0.03907182485161849,0.0034908614995076553,-0.14955132591932854,0.22979168795431457,0.22958138753615698,0.23000170393677238,0.01507477539052654,71.37489020940308,put wing
2026-12-31,0.2854842933485857,662.0,put,4.713263687219016,4.733263687219017,4.723263687219016,4.779999999999999,0.056736312780983233,0.004184100418410139,1.0,137.0,767.6279424054935,0.9889075872640698,0.03907182485161849,0.0034908614995076553,-0.14803960983400655,0.22882808323357448,0.2286892490928983,0.2289667943062962,0.014948611837335793,72.06036953208161,put wing
2026-12-31,0.2854842933485857,663.0,put,4.752268875446369,4.782268875446369,4.767268875446368,4.824999999999999,0.05773112455363094,0.0062176165803109334,3.0,427.0,767.6279424054935,0.9889075872640698,0.03907182485161849,0.0034908614995076553,-0.14653017558515233,0.22771747402041081,0.22751096685872652,0.22792371061506203,0.014803858824340582,72.68440675677228,put wing
2026-12-31,0.2854842933485857,664.0,put,4.830979385387562,4.8509793853875625,4.840979385387563,4.9,0.05902061461243768,0.0040816326530613185,3.0,340.0,767.6279424054935,0.9889075872640698,0.03907182485161849,0.0034908614995076553,-0.14502301629458092,0.22700361888581294,0.2268675026192471,0.22713961886733505,0.014711189199014865,73.4980367778533,put wing
2026-12-31,0.2854842933485857,665.0,put,4.8898108037783015,4.909810803778301,4.899810803778301,4.96,0.060189196221698715,0.004032258064516043,1.0,5867.0,767.6279424054935,0.9889075872640698,0.03907182485161849,0.0034908614995076553,-0.14351812511516068,0.22607365834082357,0.22593886440601968,0.2262083392090251,0.014590902107301428,74.21847790623288,put wing
2026-12-31,0.2854842933485857,666.0,put,4.958521352195967,4.978521352195967,4.968521352195967,5.029999999999999,0.06147864780403278,0.003976143141153174,6.0,277.0,767.6279424054935,0.9889075872640698,0.03907182485161849,0.0034908614995076553,-0.14201549523062562,0.22526406776546484,0.225130681627847,0.22539734431911077,0.014486586497840388,75.00115329271947,put wing
2026-12-31,0.2854842933485857,667.0,put,5.007348908885827,5.037348908885827,5.022348908885827,5.085,0.06265109111417289,0.005899705014749137,1.0,537.0,767.6279424054935,0.9889075872640698,0.03907182485161849,0.0034908614995076553,-0.1405151198553911,0.22424406954197995,0.22404578061298486,0.22444211823532548,0.014355692662623825,75.69311902475685,put wing
2026-12-31,0.2854842933485857,668.0,put,5.085923507603698,5.115923507603697,5.100923507603698,5.165,0.06407649239630242,0.005808325266214784,10.0,53.0,767.6279424054935,0.9889075872640698,0.03907182485161849,0.0034908614995076553,-0.13901699223436903,0.22353780386999408,0.22334170374522097,0.22373367182919943,0.01426540740818346,76.5369194408918,put wing
2026-12-31,0.2854842933485857,669.0,put,5.144713291226652,5.1647132912266525,5.154713291226653,5.220000000000001,0.06528670877334797,0.0038314176245211606,1.0,526.0,767.6279424054935,0.9889075872640698,0.03907182485161849,0.0034908614995076553,-0.13752110564278638,0.22249464197099306,0.22236511068095607,0.22262407269251677,0.01413257611904371,77.23143806738966,put wing
2026-12-31,0.2854842933485857,670.0,put,5.203388121752241,5.233388121752241,5.218388121752241,5.285,0.06661187824775894,0.005676442762535525,1.0,1341.0,767.6279424054935,0.9889075872640698,0.03907182485161849,0.0034908614995076553,-0.13602745338600303,0.22156857001164282,0.2213761197185648,0.2217608004510196,0.014015175131609183,77.98682250291209,put wing
2026-12-31,0.2854842933485857,671.0,put,5.252136740058164,5.292136740058164,5.272136740058164,5.34,0.06786325994183606,0.007490636704119857,1.0,244.0,767.6279424054935,0.9889075872640698,0.03907182485161849,0.0034908614995076553,-0.13453602879933305,0.22050440813346414,0.22025003869468981,0.22075839653636192,0.013880872696943347,78.68485812121358,put wing
2026-12-31,0.2854842933485857,672.0,put,5.310817330091225,5.350817330091225,5.330817330091225,5.4,0.0691826699087752,0.007407407407407414,7.0,36.0,767.6279424054935,0.9889075872640698,0.03907182485161849,0.0034908614995076553,-0.13304682524786524,0.21949281423312347,0.21924078348084572,0.21974447407183562,0.013753804064398106,79.41395681145636,put wing
2026-12-31,0.2854842933485857,673.0,put,5.409135227790604,5.4391352277906035,5.424135227790604,5.495,0.07086477220939624,0.005459508644221903,1.0,212.0,767.6279424054935,0.9889075872640698,0.03907182485161849,0.0034908614995076553,-0.13155983612628702,0.2189022674132593,0.21871547219366336,0.2190888617222164,0.013679894230253294,80.34511710585343,put wing
2026-12-31,0.2854842933485857,674.0,put,5.487575789504781,5.5175757895047814,5.502575789504781,5.574999999999999,0.07242421049521841,0.005381165919282557,2.0,228.0,767.6279424054935,0.9889075872640698,0.03907182485161849,0.0034908614995076553,-0.13007505485870774,0.21810921251104412,0.2179243609748285,0.21829386960605457,0.013580952769227267,81.1889681644856,put wing
2026-12-31,0.2854842933485857,675.0,put,5.556087251479579,5.586087251479579,5.571087251479579,5.645,0.07391274852042073,0.005314437555358769,1.0,717.0,767.6279424054935,0.9889075872640698,0.03907182485161849,0.0034908614995076553,-0.12859247489848502,0.21718001474441337,0.21699694107490836,0.21736289961415073,0.013465483000529977,81.9765643292031,put wing
2026-12-31,0.2854842933485857,676.0,put,5.624566116330162,5.654566116330162,5.639566116330162,5.715,0.07543388366983805,0.005249343832021041,1.0,42.0,767.6279424054935,0.9889075872640698,0.03907182485161849,0.0034908614995076553,-0.1271120897280507,0.21623794436927746,0.21605661650417676,0.21641908888177913,0.013348916846096726,82.76499080822359,put wing
2026-12-31,0.2854842933485857,677.0,put,5.702970091116187,5.722970091116187,5.712970091116187,5.79,0.07702990888381311,0.0034542314335059715,23.0,346.0,767.6279424054935,0.9889075872640698,0.03907182485161849,0.0034908614995076553,-0.12563389285873983,0.21534245891232154,0.2152227759680281,0.2154620628227783,0.013238584596547337,83.5817187437827,put wing
2026-12-31,0.2854842933485857,678.0,put,5.751535850888253,5.781535850888253,5.766535850888253,5.845000000000001,0.07846414911174726,0.005132591958939306,7.0,714.0,767.6279424054935,0.9889075872640698,0.03907182485161849,0.0034908614995076553,-0.1241578778306192,0.21419841058260924,0.2140203677798295,0.21437627987178495,0.013098293185710055,84.29053797592911,put wing
2026-12-31,0.2854842933485857,679.0,put,5.839723585642707,5.869723585642707,5.854723585642708,5.9350000000000005,0.08027641435729294,0.005054759898904844,1.0,687.0,767.6279424054935,0.9889075872640698,0.03907182485161849,0.0034908614995076553,-0.1226840382123187,0.21345222652501966,0.2132760651241182,0.21362822032423145,0.013007193409780418,85.18977108082993,put wing
2026-12-31,0.2854842933485857,680.0,put,5.927922201394142,5.947922201394142,5.937922201394142,6.02,0.08207779860585784,0.0033222591362127014,1.0,5319.0,767.6279424054935,0.9889075872640698,0.03907182485161849,0.0034908614995076553,-0.12121236760086239,0.21263148042270913,0.21251524798254628,0.21274764078836847,0.012907357684833719,86.06120958316998,put wing
2026-12-31,0.2854842933485857,681.0,put,6.006090362140344,6.036090362140344,6.021090362140344,6.105,0.083909637859656,0.004914004914004955,5.0,42.0,767.6279424054935,0.9889075872640698,0.03907182485161849,0.0034908614995076553,-0.11974285962150247,0.21179519187000562,0.2116225648733445,0.211967661921435,0.012806026985480947,86.93212415775642,put wing
2026-12-31,0.2854842933485857,682.0,put,6.084280952424324,6.114280952424324,6.0992809524243246,6.1850000000000005,0.08571904757567594,0.004850444624090581,99.0,2225.0,767.6279424054935,0.9889075872640698,0.03907182485161849,0.0034908614995076553,-0.11827550792755266,0.21088719959912802,0.2107162355681759,0.21105801149574158,0.012696460299221612,87.77686305144775,put wing
2026-12-31,0.2854842933485857,683.0,put,6.142591306225568,6.182591306225567,6.1625913062255675,6.25,0.0874086937744325,0.006399999999999863,20.0,100.0,767.6279424054935,0.9889075872640698,0.03907182485161849,0.0034908614995076553,-0.11681030620022477,0.20979749090239766,0.20957148611706347,0.21002323238765092,0.012565587514382056,88.54537584467806,put wing
2026-12-31,0.2854842933485857,684.0,put,6.230664713275597,6.260664713275596,6.2456647132755965,6.335,0.0893352867244035,0.004735595895816789,40.0,637.0,767.6279424054935,0.9889075872640698,0.03907182485161849,0.0034908614995076553,-0.11534724814846431,0.20891835918934215,0.2087505339609817,0.20908604100839787,0.012460498923875627,89.4169522696533,put wing
2026-12-31,0.2854842933485857,685.0,put,6.3087499640657745,6.338749964065774,6.323749964065774,6.415,0.09125003593422587,0.0046765393608728546,3.0,837.0,767.6279424054935,0.9889075872640698,0.03907182485161849,0.0034908614995076553,-0.11388632750878953,0.207969420534069,0.2078031706953338,0.20813553129946025,0.01234756107218617,90.26345692431882,put wing
2026-12-31,0.2854842933485857,686.0,put,6.406601826695758,6.4366018266957585,6.421601826695759,6.515000000000001,0.09339817330424172,0.004604758250191902,230.0,624.0,767.6279424054935,0.9889075872640698,0.03907182485161849,0.0034908614995076553,-0.11242753804512955,0.20722395168476712,0.20705942691375231,0.20738834228459568,0.012259199765001314,91.20892200817775,put wing
2026-12-31,0.2854842933485857,687.0,put,6.504419016983694,6.534419016983694,6.5194190169836945,6.615,0.09558098301630569,0.004535147392290287,1.0,625.0,767.6279424054935,0.9889075872640698,0.03907182485161849,0.0034908614995076553,-0.11097087354866549,0.2064606298705,0.206297791240343,0.20662333902552021,0.01216905111490988,92.15241859272028,put wing
2026-12-31,0.2854842933485857,688.0,put,6.572446091723487,6.612446091723487,6.592446091723486,6.6899999999999995,0.09755390827651311,0.00597907324364724,3.0,467.0,767.6279424054935,0.9889075872640698,0.03907182485161849,0.0034908614995076553,-0.10951632783767111,0.20541360377788115,0.20519837945630476,0.20562860448262943,0.012045937991950128,92.97468492375175,put wing
2026-12-31,0.2854842933485857,689.0,put,6.650373426256825,6.690373426256825,6.670373426256824,6.77,0.0996265737431754,0.005908419497784348,1.0,633.0,767.6279424054935,0.9889075872640698,0.03907182485161849,0.0034908614995076553,-0.10806389475735625,0.20440679020192043,0.20419351177012485,0.20461985165313173,0.0119281435364825,93.82194048761954,put wing
2026-12-31,0.2854842933485857,690.0,put,6.7579482783293,6.7979482783293,6.7779482783293,6.880000000000001,0.10205172167070042,0.005813953488372097,7.0,1808.0,767.6279424054935,0.9889075872640698,0.03907182485161849,0.0034908614995076553,-0.1066135681797097,0.20370002804982779,0.20348897485845605,0.20391087227238205,0.011845800030447218,94.80985748188706,put wing
2026-12-31,0.2854842933485857,691.0,put,6.845685373474621,6.885685373474621,6.865685373474621,6.970000000000001,0.1043146265253796,0.0057388809182209516,5.0,436.0,767.6279424054935,0.9889075872640698,0.03907182485161849,0.0034908614995076553,-0.10516534200334493,0.20276727459362315,0.2025581938853897,0.20297615298914454,0.01173756329078684,95.70322114073706,put wing
2026-12-31,0.2854842933485857,692.0,put,6.943324523855145,6.973324523855145,6.958324523855144,7.0649999999999995,0.10667547614485517,0.004246284501061607,1.0,227.0,767.6279424054935,0.9889075872640698,0.03907182485161849,0.0034908614995076553,-0.1037192101533452,0.20187072714263904,0.20171542322675853,0.20202592100464256,0.011633996107043897,96.61909158145177,put wing
2026-12-31,0.2854842933485857,693.0,put,7.030910360843987,7.070910360843987,7.050910360843988,7.16,0.10908963915601255,0.005586592178770954,3.0,100.0,767.6279424054935,0.9889075872640698,0.03907182485161849,0.0034908614995076553,-0.10227516658111159,0.200958269465568,0.20075311862143028,0.2011632310730398,0.011529062241051647,97.53429848801854,put wing
2026-12-31,0.2854842933485857,694.0,put,7.128388392694724,7.168388392694724,7.148388392694724,7.26,0.1116116073052762,0.005509641873278242,1.0,33.0,767.6279424054935,0.9889075872640698,0.03907182485161849,0.0034908614995076553,-0.10083320526421026,0.20008027711469759,0.19987707980894776,0.2002832915848304,0.011428540715867333,98.4708753766673,put wing
2026-12-31,0.2854842933485857,695.0,put,7.225874075991508,7.255874075991509,7.240874075991509,7.355,0.11412592400849153,0.004078857919782494,1.0,1366.0,767.6279424054935,0.9889075872640698,0.03907182485161849,0.0034908614995076553,-0.0993933202062227,0.1991360334406046,0.19898505508980743,0.1992869122931949,0.01132092527725566,99.38478040786516,put wing
2026-12-31,0.2854842933485857,696.0,put,7.333099274162041,7.373099274162041,7.353099274162042,7.470000000000001,0.11690072583795885,0.005354752342704154,150.0,818.0,767.6279424054935,0.9889075872640698,0.03907182485161849,0.0034908614995076553,-0.09795550543659512,0.19837355561880912,0.19817423417952978,0.19857270671240845,0.011234397201698585,100.38339834292825,put wing
2026-12-31,0.2854842933485857,697.0,put,7.430425421213512,7.470425421213512,7.450425421213512,7.57,0.11957457878648814,0.0052840158520475605,1.0,21.0,767.6279424054935,0.9889075872640698,0.03907182485161849,0.0034908614995076553,-0.09651975501049094,0.1974455062882657,0.19724802234894584,0.1976428255765384,0.011129527511171699,101.31636023421586,put wing
2026-12-31,0.2854842933485857,698.0,put,7.537591828891575,7.577591828891575,7.557591828891574,7.68,0.12240817110842528,0.005208333333333338,5.0,40.0,767.6279424054935,0.9889075872640698,0.03907182485161849,0.0034908614995076553,-0.0950860630086423,0.1965980884240493,0.19640248573133176,0.1967935323181389,0.011034198715429254,102.28966668392725,put wing
2026-12-31,0.2854842933485857,699.0,put,7.634796351823552,7.674796351823552,7.654796351823552,7.779999999999999,0.12520364817644758,0.005141388174807203,3.0,118.0,767.6279424054935,0.9889075872640698,0.03907182485161849,0.0034908614995076553,-0.09365442353720457,0.19563692777553404,0.19544309086582667,0.1958306111630946,0.01092657089059499,103.22046204710212,put wing
2026-12-31,0.2854842933485857,700.0,put,7.761724496002446,7.781724496002447,7.771724496002447,7.9,0.1282755039975534,0.0025316455696203113,73.0,8202.0,767.6279424054935,0.9889075872640698,0.03907182485161849,0.0034908614995076553,-0.09222483072761009,0.19484973289681973,0.19475377289780585,0.1949456559534237,0.010838816130744734,104.23016679938569,put wing
2026-12-31,0.2854842933485857,701.0,put,7.858703933014602,7.898703933014601,7.878703933014601,8.01,0.13129606698539842,0.00499375780274646,4.0,185.0,767.6279424054935,0.9889075872640698,0.03907182485161849,0.0034908614995076553,-0.09079727873642474,0.19394925213907507,0.1937590624255634,0.19413929928305496,0.01073886636540857,105.19764583667063,put wing
2026-12-31,0.2854842933485857,702.0,put,7.9458868615508615,7.975886861550861,7.96088686155086,8.094999999999999,0.13411313844913852,0.0037059913526867653,5.0,208.0,767.6279424054935,0.9889075872640698,0.03907182485161849,0.0034908614995076553,-0.08937176174520364,0.19279830602217873,0.19265684751051007,0.19293968673109688,0.010611789997959888,106.06735885575311,put wing
2026-12-31,0.2854842933485857,703.0,put,8.072465990897872,8.11246599089787,8.092465990897871,8.23,0.13753400910212932,0.004860267314702205,20.0,217.0,767.6279424054935,0.9889075872640698,0.03907182485161849,0.0034908614995076553,-0.08794827396034992,0.19209620201580468,0.19190944214215044,0.1922828291455805,0.010534641871278522,107.12751183154377,put wing
2026-12-31,0.2854842933485857,704.0,put,8.208905651879698,8.2489056518797,8.2289056518797,8.370000000000001,0.1410943481203013,0.004778972520908115,4.0,486.0,767.6279424054935,0.9889075872640698,0.03907182485161849,0.0034908614995076553,-0.08652680961297236,0.1914181294877729,0.19123322428445452,0.19160290740524727,0.010460401528830205,108.20082778245053,put wing
2026-12-31,0.2854842933485857,705.0,put,8.285913137128558,8.325913137128559,8.305913137128558,8.45,0.14408686287144157,0.004733727810650997,2.0,871.0,767.6279424054935,0.9889075872640698,0.03907182485161849,0.0034908614995076553,-0.08510736295874617,0.19017408157298865,0.18999061935896427,0.19035742016428067,0.010324876712155344,109.05106680061839,put wing
2026-12-31,0.2854842933485857,706.0,put,8.432156970942044,8.462156970942043,8.447156970942043,8.594999999999999,0.147843029057956,0.0034904013961604844,2.0,129.0,767.6279424054935,0.9889075872640698,0.03907182485161849,0.0034908614995076553,-0.08368992827777269,0.18950209674734464,0.18936586745652326,0.18963825941601367,0.010252039211492632,110.13543773049253,put wing
2026-12-31,0.2854842933485857,707.0,put,8.548526551504521,8.588526551504522,8.56852655150452,8.719999999999999,0.15147344849547828,0.004587155963302859,1.0,157.0,767.6279424054935,0.9889075872640698,0.03907182485161849,0.0034908614995076553,-0.08227449987444208,0.18862935340575832,0.18844934934230778,0.18880924350919662,0.010157826052989599,111.14383386076629,put wing
2026-12-31,0.2854842933485857,708.0,put,8.674763708826918,8.714763708826917,8.694763708826917,8.85,0.15523629117308246,0.004519774011299339,79.0,314.0,767.6279424054935,0.9889075872640698,0.03907182485161849,0.0034908614995076553,-0.08086107207729501,0.18778157588441652,0.18760321399218943,0.1879598282323564,0.010066724382297325,112.16606701245551,put wing
2026-12-31,0.2854842933485857,709.0,put,8.791013797791797,8.831013797791798,8.811013797791796,8.969999999999999,0.1589862022082027,0.004459308807134997,1.0,121.0,767.6279424054935,0.9889075872640698,0.03907182485161849,0.0034908614995076553,-0.07944963923888733,0.18682646603546474,0.1866496583190299,0.187003168235746,0.009964580434448462,113.1510439032964,put wing
2026-12-31,0.2854842933485857,710.0,put,8.90723146602515,8.93723146602515,8.922231466025151,9.085,0.16276853397484992,0.003302146395156781,7.0,1887.0,767.6279424054935,0.9889075872640698,0.03907182485161849,0.0034908614995076553,-0.07804019573565366,0.1858098614900842,0.18567838914532006,0.1859412766089142,0.009856432194073552,114.11729616008826,put wing
2026-12-31,0.2854842933485857,711.0,put,9.062833483678302,9.102833483678301,9.082833483678302,9.25,0.1671665163216982,0.0043243243243242325,10.0,308.0,767.6279424054935,0.9889075872640698,0.03907182485161849,0.0034908614995076553,-0.07663273596777395,0.18520550690253204,0.18503191047823422,0.18537900619818778,0.009792419524091957,115.24202812903951,put wing
2026-12-31,0.2854842933485857,712.0,put,9.17881826961915,9.21881826961915,9.198818269619151,9.370000000000001,0.17118173038084983,0.004268943436499565,67.0,298.0,767.6279424054935,0.9889075872640698,0.03907182485161849,0.0034908614995076553,-0.075227254359039,0.1841932708317775,0.1840211329686704,0.18436531514125978,0.009685671589035175,116.21756539448019,put wing
2026-12-31,0.2854842933485857,713.0,put,9.324391686692303,9.364391686692302,9.344391686692303,9.52,0.17560831330769666,0.004201680672268818,93.0,469.0,767.6279424054935,0.9889075872640698,0.03907182485161849,0.0034908614995076553,-0.07382374535671889,0.1834163165309039,0.183245743422669,0.18358680005150776,0.00960413274994481,117.28261560928546,put wing
2026-12-31,0.2854842933485857,714.0,put,9.460014562229201,9.4900145622292,9.475014562229202,9.655000000000001,0.17998543777079945,0.003107198342827484,12.0,101.0,767.6279424054935,0.9889075872640698,0.03907182485161849,0.0034908614995076553,-0.07242220343143038,0.18249161352277823,0.18236478950901575,0.18261838914217293,0.009507537379674282,118.29672260338293,put wing
2026-12-31,0.2854842933485857,715.0,put,9.57568420709297,9.605684207092969,9.590684207092968,9.774999999999999,0.18431579290703048,0.003069053708439833,58.0,310.0,767.6279424054935,0.9889075872640698,0.03907182485161849,0.0034908614995076553,-0.07102262307700717,0.18142251653966796,0.1812967208919277,0.18154826558550927,0.009396467003657049,119.26312107980615,put wing
2026-12-31,0.2854842933485857,716.0,put,9.740664756913294,9.780664756913295,9.760664756913293,9.95,0.18933524308670613,0.004020100502512656,1.0,437.0,767.6279424054935,0.9889075872640698,0.03907182485161849,0.0034908614995076553,-0.06962499881036915,0.1807879600376176,0.1806217852228768,0.1809540558918775,0.009330850433503103,120.38381816557433,put wing
2026-12-31,0.2854842933485857,717.0,put,9.885887079495225,9.905887079495225,9.895887079495225,10.09,0.19411292050477513,0.0019821605550049133,11.0,385.0,767.6279424054935,0.9889075872640698,0.03907182485161849,0.0034908614995076553,-0.06822932517139446,0.179842595608711,0.1797602125479113,0.17992495973451011,0.009233521044383523,121.39813628509398,put wing
2026-12-31,0.2854842933485857,718.0,put,9.991156744692644,10.041156744692644,10.016156744692644,10.215,0.1988432553073558,0.004894762604013775,11.0,145.0,767.6279424054935,0.9889075872640698,0.03907182485161849,0.0034908614995076553,-0.06683559672279059,0.17875564156994317,0.1785512820348538,0.1789598872963208,0.009122245032991944,122.36754125001482,put wing
2026-12-31,0.2854842933485857,719.0,put,10.175670229349569,10.215670229349568,10.195670229349568,10.4,0.2043297706504319,0.003846153846153764,1.0,228.0,767.6279424054935,0.9889075872640698,0.03907182485161849,0.0034908614995076553,-0.06544380804996813,0.1781313326196719,0.17796934400181158,0.1782932519536161,0.009058636925005999,123.49190579005337,put wing
2026-12-31,0.2854842933485857,720.0,put,10.32033692399123,10.37033692399123,10.34533692399123,10.555,0.20966307600876988,0.004737091425864586,41.0,4797.0,767.6279424054935,0.9889075872640698,0.03907182485161849,0.0034908614995076553,-0.06405395376091377,0.1772419959052419,0.1770411874584147,0.1774427008338332,0.008968410599474648,124.52890037902527,put wing
2026-12-31,0.2854842933485857,721.0,put,10.484766501115692,10.524766501115693,10.504766501115691,10.719999999999999,0.21523349888430765,0.0037313432835821762,1.0,178.0,767.6279424054935,0.9889075872640698,0.03907182485161849,0.0034908614995076553,-0.06266602848606576,0.17640930563798599,0.1762500182060724,0.17656852984022614,0.008884340614715052,125.58413894298602,put wing
2026-12-31,0.2854842933485857,722.0,put,10.639054005265681,10.689054005265682,10.664054005265681,10.885,0.22094599473431842,0.004593477262287617,220.0,51.0,767.6279424054935,0.9889075872640698,0.03907182485161849,0.0034908614995076553,-0.06128002687818854,0.17555320129413368,0.17535573090712345,0.17575057740912647,0.008798319449223359,126.63153165695007,put wing
2026-12-31,0.2854842933485857,723.0,put,10.793255971025728,10.843255971025728,10.818255971025728,11.045,0.22674402897427193,0.004526935264825777,2.0,44.0,767.6279424054935,0.9889075872640698,0.03907182485161849,0.0034908614995076553,-0.05989594361225014,0.1746350975221667,0.1744392190899639,0.1748308859440832,0.008706533623015284,127.65955549144871,put wing
2026-12-31,0.2854842933485857,724.0,put,10.957156446069696,11.017156446069697,10.987156446069696,11.219999999999999,0.23284355393030332,0.005347593582887745,2.0,150.0,767.6279424054935,0.9889075872640698,0.03907182485161849,0.0034908614995076553,-0.0585137733852984,0.17380976622980876,0.1735766301255679,0.17404277892798345,0.008624433350578683,128.71432201726014,put wing
2026-12-31,0.2854842933485857,725.0,put,11.121035505311623,11.161035505311624,11.141035505311622,11.379999999999999,0.23896449468837666,0.0035149384885765312,1.0,2853.0,767.6279424054935,0.9889075872640698,0.03907182485161849,0.0034908614995076553,-0.05713351091634005,0.17284545942005386,0.1726912636025716,0.172999602901895,0.008529001091533667,129.72724438734508,put wing
2026-12-31,0.2854842933485857,730.0,put,11.976857668096107,12.016857668096106,11.996857668096107,12.27,0.2731423319038928,0.00325998370008143,22.0,2633.0,767.6279424054935,0.9889075872640698,0.03907182485161849,0.0034908614995076553,-0.050260631628577954,0.1683460432399554,0.16819771162009706,0.16849433432842284,0.008090736290752732,134.8514619083765,put wing
2026-12-31,0.2854842933485857,735.0,put,12.9558656643619,13.0458656643619,13.0008656643619,13.315,0.31413433563809967,0.006759294029290264,3.0,885.0,767.6279424054935,0.9889075872640698,0.03907182485161849,0.0034908614995076553,-0.043434666558178146,0.16432717581078884,0.16400558840663262,0.1646486104855664,0.007709052479374615,139.96416606052276,ATM
2026-12-31,0.2854842933485857,740.0,put,13.998048265235138,14.058048265235138,14.028048265235139,14.39,0.36195173476486175,0.004169562195969458,14.0,6101.0,767.6279424054935,0.9889075872640698,0.03907182485161849,0.0034908614995076553,-0.036654979572799326,0.15981553083144906,0.15960826232819617,0.1600227503033599,0.007291555448359807,144.75693878072738,ATM
2026-12-31,0.2854842933485857,745.0,put,15.190685418269775,15.250685418269775,15.220685418269776,15.64,0.41931458173022484,0.003836317135549904,7.0,1263.0,767.6279424054935,0.9889075872640698,0.03907182485161849,0.0034908614995076553,-0.02992094739145531,0.15574558534505595,0.15554463177797687,0.1559465058457276,0.006924903248369615,149.30051934442605,ATM
2026-12-31,0.2854842933485857,750.0,put,16.462364768965024,16.542364768965026,16.502364768965027,16.990000000000002,0.4876352310349752,0.004708652148322651,32.0,2677.0,767.6279424054935,0.9889075872640698,0.03907182485161849,0.0034908614995076553,-0.023231959240658642,0.1515127494906097,0.15125191423222695,0.15177354850897087,0.006553609771548539,153.3641746838908,ATM
2026-12-31,0.2854842933485857,755.0,put,17.9002082483048,17.9702082483048,17.9352082483048,18.505,0.5697917516951989,0.003782761415833574,15.0,4322.0,767.6279424054935,0.9889075872640698,0.03907182485161849,0.0034908614995076553,-0.016587416521990122,0.14745239448697234,0.14722922290235024,0.14767555162402773,0.006207059069411274,156.83508654773667,ATM
2026-12-31,0.2854842933485857,760.0,put,19.531686359807097,19.641686359807096,19.586686359807096,20.255,0.6683136401929026,0.005430757837570943,39.0,2772.0,767.6279424054935,0.9889075872640698,0.03907182485161849,0.0034908614995076553,-0.009986732490638004,0.14390089475336684,0.14355613541374138,0.14424564137912924,0.00591165672936512,159.53452334442312,ATM
2026-12-31,0.2854842933485857,765.0,put,21.282760698168985,21.372760698168985,21.327760698168987,22.115000000000002,0.7872393018310149,0.004069635993669448,15.0,4053.0,767.6279424054935,0.9889075872640698,0.03907182485161849,0.0034908614995076553,-0.0034293319444789853,0.13996242131406766,0.1396833532986721,0.14024148893731406,0.005592488677893564,161.2511264798774,ATM
2026-12-31,0.2854842933485857,770.0,call,21.01,21.11,21.060000000000002,21.060000000000002,0.0,0.004748338081671313,7.0,1620.0,767.6279424054935,0.9889075872640698,0.03907182485161849,0.0034908614995076553,0.0030853490767146553,0.13709754963647086,0.13678854207137753,0.13740655690027193,0.005365888014104004,161.80841605881625,ATM
2026-12-31,0.2854842933485857,775.0,call,18.24,18.33,18.284999999999997,18.284999999999997,0.0,0.004922067268252659,222.0,3037.0,767.6279424054935,0.9889075872640698,0.03907182485161849,0.0034908614995076553,0.009557863582332174,0.13371625600290857,0.13343680848441422,0.13399569381524226,0.0051044697620884925,161.03482892223116,ATM
2026-12-31,0.2854842933485857,780.0,call,15.7,15.79,15.745,15.745,0.0,0.005716100349317235,6.0,2416.0,767.6279424054935,0.9889075872640698,0.03907182485161849,0.0034908614995076553,0.015988753912622652,0.13064737307033877,0.13036396405292477,0.13093075058688,0.004872856061058619,158.7899608986572,ATM
2026-12-31,0.2854842933485857,785.0,call,13.4,13.49,13.445,13.445,0.0,0.006693938267013749,1.0,1598.0,767.6279424054935,0.9889075872640698,0.03907182485161849,0.0034908614995076553,0.02237855201139372,0.1278830908347184,0.1275927263722648,0.12817338536525788,0.004668834377160299,154.9963537903338,ATM
2026-12-31,0.2854842933485857,790.0,call,11.36,11.44,11.399999999999999,11.399999999999999,0.0,0.00701754385964913,26.0,2654.0,767.6279424054935,0.9889075872640698,0.03907182485161849,0.0034908614995076553,0.028727779690052302,0.12550973519784064,0.12524243935860208,0.1257769272510758,0.004497146609135185,149.67605159421078,ATM
2026-12-31,0.2854842933485857,795.0,call,9.56,9.63,9.595,9.595,0.0,0.007295466388744167,4.0,1315.0,767.6279424054935,0.9889075872640698,0.03907182485161849,0.0034908614995076553,0.03503694888331708,0.12345230667560202,0.12320735710453269,0.12369711972282608,0.0043509153859354645,142.92647814158408,ATM
2026-12-31,0.2854842933485857,800.0,call,7.95,8.03,7.99,7.99,0.0,0.010012515644555593,103.0,5945.0,767.6279424054935,0.9889075872640698,0.03907182485161849,0.0034908614995076553,0.04130656189691253,0.12147238867643996,0.12117557756307558,0.12176890708640957,0.004212475255529782,134.83253324372555,ATM
2026-12-31,0.2854842933485857,805.0,call,6.59,6.62,6.605,6.605,0.0,0.004542013626040915,45.0,1349.0,767.6279424054935,0.9889075872640698,0.03907182485161849,0.0034908614995076553,0.047537111647548654,0.1197749985344893,0.11965562279611326,0.11989430878322332,0.004095572024798164,125.68819641086642,ATM
2026-12-31,0.2854842933485857,810.0,call,5.42,5.45,5.4350000000000005,5.4350000000000005,0.0,0.005519779208831692,86.0,2732.0,767.6279424054935,0.9889075872640698,0.03907182485161849,0.0034908614995076553,0.05372908189546958,0.11844263222707992,0.11831311522315503,0.11857204736682601,0.0040049612670677096,115.86054434805406,call wing
2026-12-31,0.2854842933485857,815.0,call,4.44,4.47,4.455,4.455,0.0,0.006734006734006591,1.0,3894.0,767.6279424054935,0.9889075872640698,0.03907182485161849,0.0034908614995076553,0.05988294746984789,0.11742936312722665,0.11728734867629777,0.11757122147450479,0.003936730005825755,105.6812496804091,call wing
2026-12-31,0.2854842933485857,820.0,call,3.61,3.63,3.62,3.62,0.0,0.005524861878453044,266.0,1529.0,767.6279424054935,0.9889075872640698,0.03907182485161849,0.0034908614995076553,0.06599917448728403,0.11648161194006139,0.1163765888271246,0.11658652876621713,0.0038734411628931586,95.26541760804452,call wing
2026-12-31,0.2854842933485857,825.0,call,2.92,2.95,2.935,2.935,0.0,0.010221465076661072,58.0,2771.0,767.6279424054935,0.9889075872640698,0.03907182485161849,0.0034908614995076553,0.07207822056366626,0.11582204297066531,0.11564557524003452,0.11599814696862634,0.0038296991788865165,85.08932307949324,call wing
2026-12-31,0.2854842933485857,830.0,call,2.36,2.38,2.37,2.37,0.0,0.008438818565400852,16.0,2932.0,767.6279424054935,0.9889075872640698,0.03907182485161849,0.0034908614995076553,0.07812053501962873,0.11532960295423123,0.11519666970224511,0.11546229054616025,0.00379720298129747,75.29546187763069,call wing
2026-12-31,0.2854842933485857,835.0,call,1.89,1.91,1.9,1.9,0.0,0.010526315789473694,4.0,3120.0,767.6279424054935,0.9889075872640698,0.03907182485161849,0.0034908614995076553,0.08412655907984067,0.11487885744131938,0.11472702218163865,0.11503031684903134,0.0037675795806807106,65.94271459822616,call wing
2026-12-31,0.2854842933485857,840.0,call,1.51,1.53,1.52,1.52,0.0,0.013157894736842117,11.0,2232.0,767.6279424054935,0.9889075872640698,0.03907182485161849,0.0034908614995076553,0.09009672606634453,0.11460043517029822,0.11442566038310309,0.11477463502277815,0.0037493393765861143,57.31110603470623,call wing
2026-12-31,0.2854842933485857,845.0,call,1.22,1.24,1.23,1.23,0.0,0.016260162601626032,6.0,1474.0,767.6279424054935,0.9889075872640698,0.03907182485161849,0.0034908614995076553,0.09603146158615913,0.11479236832950229,0.11459118224958695,0.1149926940533063,0.003761908703455263,49.81222779561314,call wing
2026-12-31,0.2854842933485857,850.0,call,0.98,1.0,0.99,0.99,0.0,0.02020202020202022,21.0,12619.0,767.6279424054935,0.9889075872640698,0.03907182485161849,0.0034908614995076553,0.10193118371334726,0.11497255719781685,0.11473913824076241,0.11520467909710913,0.0037737280620679624,42.96147070474907,call wing
2026-12-31,0.2854842933485857,855.0,call,0.79,0.81,0.8,0.8,0.0,0.025000000000000022,20.0,1712.0,767.6279424054935,0.9889075872640698,0.03907182485161849,0.0034908614995076553,0.1077963031657454,0.11534297543695596,0.1150715143544722,0.11561249640599812,0.0037980836047250832,36.97074827957783,call wing
2026-12-31,0.2854842933485857,860.0,call,0.64,0.66,0.65,0.65,0.0,0.030769230769230795,20.0,3259.0,767.6279424054935,0.9889075872640698,0.03907182485161849,0.0034908614995076553,0.11362722347653866,0.11589833496498825,0.11558237447829328,0.11621142242247331,0.003834746087203799,31.795357495392512,call wing
2026-12-31,0.2854842933485857,865.0,call,0.53,0.55,0.54,0.54,0.0,0.03703703703703707,5.0,1445.0,767.6279424054935,0.9889075872640698,0.03907182485161849,0.0034908614995076553,0.1194243411608646,0.116933323433456,0.1165693027485344,0.11729325118957293,0.0039035415445237767,27.627937858552865,call wing
2026-12-31,0.2854842933485857,870.0,call,0.43,0.45,0.44,0.44,0.0,0.0454545454545455,4.0,1703.0,767.6279424054935,0.9889075872640698,0.03907182485161849,0.0034908614995076553,0.12518804587761453,0.11760386501600596,0.11717822328125044,0.11802347983137905,0.003948438785045835,23.66366577504479,call wing
2026-12-31,0.2854842933485857,875.0,call,0.37,0.38,0.375,0.375,0.0,0.02666666666666669,1.0,649.0,767.6279424054935,0.9889075872640698,0.03907182485161849,0.0034908614995076553,0.13091872058659962,0.11910391388399766,0.11886257085536969,0.11934320522594562,0.004049806616850563,20.806520984754968,call wing
2026-12-31,0.2854842933485857,880.0,call,0.31,0.33,0.32,0.32,0.0,0.06250000000000006,4.0,497.0,767.6279424054935,0.9889075872640698,0.03907182485161849,0.0034908614995076553,0.1366167417012374,0.12058644844064023,0.12003394377513799,0.12112780243397783,0.004151253244962891,18.287277222098513,call wing
2026-12-31,0.2854842933485857,885.0,call,0.27,0.28,0.275,0.275,0.0,0.03636363636363639,3.0,1259.0,767.6279424054935,0.9889075872640698,0.03907182485161849,0.0034908614995076553,0.1422824792369148,0.12215052683399658,0.1218386763903797,0.12245863951903917,0.004259640114224414,16.131020145316104,call wing
2026-12-31,0.2854842933485857,890.0,call,0.23,0.24,0.235,0.235,0.0,0.042553191489361625,2.0,652.0,767.6279424054935,0.9889075872640698,0.03907182485161849,0.0034908614995076553,0.14791629695517067,0.12357805197156589,0.12322245661190077,0.1239285862607996,0.0043597833575786575,14.162965448270665,call wing
2026-12-31,0.2854842933485857,895.0,call,0.2,0.22,0.21000000000000002,0.21000000000000002,0.0,0.09523809523809518,1.0,1007.0,767.6279424054935,0.9889075872640698,0.03907182485161849,0.0034908614995076553,0.15351855250384056,0.12569737489003555,0.12490362041597704,0.1264657745105555,0.004510603318064206,12.80862436031426,deep call wing
2026-12-31,0.2854842933485857,900.0,call,0.18,0.19,0.185,0.185,0.0,0.054054054054054106,76.0,8153.0,767.6279424054935,0.9889075872640698,0.03907182485161849,0.0034908614995076553,0.159089597553296,0.12752482406758364,0.12708474845782533,0.12795677465720898,0.004642711374428169,11.469238320111751,deep call wing
2026-12-31,0.2854842933485857,905.0,call,0.16,0.17,0.165,0.165,0.0,0.060606060606060656,2.0,490.0,767.6279424054935,0.9889075872640698,0.03907182485161849,0.0034908614995076553,0.1646297779289114,0.12949703108067073,0.12900900088667894,0.1299748674533628,0.0047874234498678035,10.3553424782869,deep call wing
2026-12-31,0.2854842933485857,910.0,call,0.15,0.16,0.155,0.155,0.0,0.06451612903225812,1.0,678.0,767.6279424054935,0.9889075872640698,0.03907182485161849,0.0034908614995076553,0.17013943373988086,0.13223820006415604,0.13171654039476668,0.132748195114812,0.0049922471530019896,9.695245706038385,deep call wing
2026-12-31,0.2854842933485857,915.0,call,0.13,0.14,0.135,0.135,0.0,0.07407407407407414,6.0,549.0,767.6279424054935,0.9889075872640698,0.03907182485161849,0.0034908614995076553,0.17561889950450651,0.13372114123028364,0.13313252527990935,0.1342945094840741,0.00510484274517493,8.608435971362178,deep call wing
2026-12-31,0.2854842933485857,920.0,call,0.12,0.13,0.125,0.125,0.0,0.08000000000000007,6.0,397.0,767.6279424054935,0.9889075872640698,0.03907182485161849,0.0034908614995076553,0.18106850427207122,0.13611678812363842,0.13548116989289524,0.13673452671497496,0.005289390183214675,7.981263487738751,deep call wing
2026-12-31,0.2854842933485857,925.0,call,0.1,0.12,0.11,0.11,0.0,0.18181818181818174,307.0,302.0,767.6279424054935,0.9889075872640698,0.03907182485161849,0.0034908614995076553,0.18648857174141048,0.13766822886278512,0.13621841559674963,0.13902605956321257,0.005410652842552077,7.1359982503482335,deep call wing
2026-12-31,0.2854842933485857,930.0,call,0.09,0.11,0.1,0.1,0.0,0.20000000000000004,2.0,281.0,767.6279424054935,0.9889075872640698,0.03907182485161849,0.0034908614995076553,0.19187942037628677,0.13967689697161098,0.13808662032991914,0.14115576603787466,0.005569694517800181,6.5305375607968355,deep call wing
2026-12-31,0.2854842933485857,935.0,call,0.09,0.1,0.095,0.095,0.0,0.10526315789473693,6.0,137.0,767.6279424054935,0.9889075872640698,0.03907182485161849,0.0034908614995076553,0.19724136351767219,0.14231141484367063,0.14148523012781697,0.14310653607883936,0.005781781726350385,6.171560880102847,deep call wing
2026-12-31,0.2854842933485857,940.0,call,0.08,0.09,0.08499999999999999,0.08499999999999999,0.0,0.11764705882352937,2.0,664.0,767.6279424054935,0.9889075872640698,0.03907182485161849,0.0034908614995076553,0.20257470949303483,0.1439793233378443,0.14306393632331146,0.14485605255953854,0.005918102404589876,5.584208353965078,deep call wing
2027-03-19,0.499182923485572,290.0,put,0.4078460179459317,0.41784601794593174,0.41284601794593173,0.415,0.0021539820540682486,0.024096385542168697,8.0,15.0,775.5655937220454,0.9805002294723741,0.03944926475485692,-0.0015080696758075565,-0.9837116385505311,0.5656971415860235,0.5648891117576788,0.5664982849471595,0.15974515268351666,6.214561406783107,deep put wing
2027-03-19,0.499182923485572,295.0,put,0.42770833545186965,0.43770833545186966,0.43270833545186965,0.435,0.0022916645481303455,0.022988505747126457,1.0,245.0,775.5655937220454,0.9805002294723741,0.03944926475485692,-0.0015080696758075565,-0.966617205191231,0.5595124607557969,0.5587427130668806,0.5602759690564428,0.1562713076410546,6.522248806482773,deep put wing
2027-03-19,0.499182923485572,300.0,put,0.44756693021320737,0.4575669302132074,0.4525669302132074,0.455,0.002433069786792641,0.021978021978021997,10.0,7009.0,775.5655937220454,0.9805002294723741,0.03944926475485692,-0.0015080696758075565,-0.9498100868748497,0.553295744138239,0.5525612329029538,0.5540245804908251,0.15281795355745573,6.833818796338427,deep put wing
2027-03-19,0.499182923485572,305.0,put,0.46742178982929855,0.47742178982929856,0.47242178982929856,0.475,0.0025782101707014227,0.02105263157894739,1.0,33.0,775.5655937220454,0.9805002294723741,0.03944926475485692,-0.0015080696758075565,-0.9332807849236391,0.5470557324370303,0.5463537703603708,0.5477525149161336,0.14939046072855852,7.14943306998802,deep put wing
2027-03-19,0.499182923485572,310.0,put,0.4872469021631149,0.507246902163115,0.4972469021631149,0.5,0.002753097836885099,0.040000000000000036,1.0,28.0,775.5655937220454,0.9805002294723741,0.03944926475485692,-0.0015080696758075565,-0.9170202640518588,0.5414634792926931,0.5401245790339414,0.5427837395814789,0.14635179700575168,7.521793894388002,deep put wing
2027-03-19,0.499182923485572,315.0,put,0.5170673794849796,0.5270673794849796,0.5220673794849796,0.525,0.002932620515020412,0.019047619047619063,3.0,127.0,775.5655937220454,0.9805002294723741,0.03944926475485692,-0.0015080696758075565,-0.9010199227054176,0.5358023957496257,0.5351672312635355,0.5364333497855986,0.1433075338820786,7.898302491457724,deep put wing
2027-03-19,0.499182923485572,320.0,put,0.5468564381007895,0.5568564381007896,0.5518564381007895,0.555,0.0031435618992105008,0.018018018018018032,1.0,101.0,775.5655937220454,0.9805002294723741,0.03944926475485692,-0.0015080696758075565,-0.8852715657372785,0.5306833880695867,0.5300813438274967,0.5312816723753303,0.14058232012885208,8.331191132934347,deep put wing
2027-03-19,0.499182923485572,325.0,put,0.5666935113744153,0.5766935113744153,0.5716935113744153,0.575,0.0033064886255846915,0.017391304347826105,1.0,1344.0,775.5655937220454,0.9805002294723741,0.03944926475485692,-0.0015080696758075565,-0.8697673792013132,0.5243202651311386,0.5237414602545587,0.5248955906925419,0.13723124628695016,8.664665968672665,deep put wing
2027-03-19,0.499182923485572,330.0,put,0.5864981248478729,0.6064981248478729,0.5964981248478729,0.6,0.0035018751521270763,0.03333333333333337,2.0,4995.0,775.5655937220454,0.9805002294723741,0.03944926475485692,-0.0015080696758075565,-0.8544999070705248,0.5185183334851607,0.5174075424617341,0.5196164052098511,0.1342109508571636,9.054945387228344,deep put wing
2027-03-19,0.499182923485572,335.0,put,0.6162972495253286,0.6262972495253286,0.6212972495253286,0.625,0.00370275047467139,0.016000000000000014,12.0,3531.0,775.5655937220454,0.9805002294723741,0.03944926475485692,-0.0015080696758075565,-0.8394620297059843,0.5126864679582154,0.5121559165756442,0.5132141046526053,0.1312089407645283,9.450238597357059,deep put wing
2027-03-19,0.499182923485572,340.0,put,0.6460626484613081,0.6560626484613081,0.6510626484613081,0.655,0.003937351538691902,0.015267175572519097,1.0,1570.0,775.5655937220454,0.9805002294723741,0.03944926475485692,-0.0015080696758075565,-0.8246469439208436,0.5073346807324698,0.5068284239108138,0.5078382938059738,0.12848393305627653,9.902382169092919,deep put wing
2027-03-19,0.499182923485572,345.0,put,0.6758214174416106,0.6858214174416105,0.6808214174416106,0.685,0.004178582558389432,0.014598540145985252,1.0,1822.0,775.5655937220454,0.9805002294723741,0.03944926475485692,-0.0015080696758075565,-0.8100481444996911,0.5019230545846514,0.501439207363869,0.5024044947877857,0.12575753292878689,10.359719631477516,deep put wing
2027-03-19,0.499182923485572,350.0,put,0.7055733257435993,0.7155733257435993,0.7105733257435993,0.715,0.004426674256400642,0.013986013986014,2.0,2562.0,775.5655937220454,0.9805002294723741,0.03944926475485692,-0.0015080696758075565,-0.7956594070475914,0.49646093245425316,0.49599782888083943,0.49692183701718956,0.12303534105315826,10.822521411590293,deep put wing
2027-03-19,0.499182923485572,355.0,put,0.7353168145931294,0.7453168145931294,0.7403168145931294,0.745,0.004683185406870627,0.01342281879194632,1.0,143.0,775.5655937220454,0.9805002294723741,0.03944926475485692,-0.0015080696758075565,-0.781474772055635,0.4909562894306028,0.49051244869054106,0.4913981148668245,0.12032209251300885,11.291037178084887,deep put wing
2027-03-19,0.499182923485572,360.0,put,0.7650522420666602,0.7750522420666602,0.7700522420666602,0.775,0.004947757933339791,0.012903225806451623,1.0,269.0,775.5655937220454,0.9805002294723741,0.03944926475485692,-0.0015080696758075565,-0.7674885300808951,0.4854162239961856,0.4849903241639995,0.4858402715430396,0.11762192841045242,11.7655313734612,deep put wing
2027-03-19,0.499182923485572,365.0,put,0.7947786057359414,0.8047786057359414,0.7997786057359414,0.805,0.005221394264058654,0.012422360248447215,1.0,477.0,775.5655937220454,0.9805002294723741,0.03944926475485692,-0.0015080696758075565,-0.7536952079485593,0.4798468121759939,0.47943766735870347,0.48025424999893845,0.11493834728916,12.246251263785451,deep put wing
2027-03-19,0.499182923485572,370.0,put,0.8344358700954305,0.8444358700954305,0.8394358700954305,0.845,0.005564129904569448,0.011834319526627229,10.0,373.0,775.5655937220454,0.9805002294723741,0.03944926475485692,-0.0015080696758075565,-0.7400895558927806,0.4750309688532163,0.4746406299603902,0.47541976325864965,0.11264283375673471,12.834862532185271,deep put wing
2027-03-19,0.499182923485572,375.0,put,0.8641452565141567,0.8741452565141568,0.8691452565141567,0.875,0.00585474348584325,0.011428571428571439,20.0,656.0,775.5655937220454,0.9805002294723741,0.03944926475485692,-0.0015080696758075565,-0.7266665355606399,0.469389533862401,0.46901368654119757,0.46976395003762195,0.10998324361293615,13.328735737501583,deep put wing
2027-03-19,0.499182923485572,380.0,put,0.9037833757634633,0.9137833757634634,0.9087833757634634,0.915,0.006216624236536683,0.010928961748633888,245.0,544.0,775.5655937220454,0.9805002294723741,0.03944926475485692,-0.0015080696758075565,-0.7134213088106193,0.4644506891999328,0.4640911088913745,0.46480896589406895,0.1076809661441946,13.930431930342783,deep put wing
2027-03-19,0.499182923485572,385.0,put,0.9334742065897805,0.9434742065897805,0.9384742065897805,0.945,0.006525793410219416,0.010582010582010592,10.0,5334.0,775.5655937220454,0.9805002294723741,0.03944926475485692,-0.0015080696758075565,-0.7003492272432665,0.45876064833631774,0.45841374612568164,0.4591063370050188,0.10505870321902941,14.438616735460661,deep put wing
2027-03-19,0.499182923485572,390.0,put,0.9730916870455092,0.9830916870455092,0.9780916870455092,0.985,0.006908312954490792,0.0101522842639594,2.0,1070.0,775.5655937220454,0.9805002294723741,0.03944926475485692,-0.0015080696758075565,-0.6874458224073586,0.4537273462629054,0.453394667369601,0.4540589134309707,0.10276604205310023,15.054736901288628,deep put wing
2027-03-19,0.499182923485572,395.0,put,1.002729464143157,1.022729464143157,1.012729464143157,1.02,0.007270535856843008,0.01960784313725492,25.0,96.0,775.5655937220454,0.9805002294723741,0.03944926475485692,-0.0015080696758075565,-0.6747067966299289,0.4483248811834723,0.4476829495071536,0.44896269216444296,0.10033337108739956,15.628430422838722,deep put wing
2027-03-19,0.499182923485572,400.0,put,1.0423214852684761,1.0623214852684761,1.0523214852684761,1.06,0.007678514731523922,0.018867924528301903,12.0,16440.0,775.5655937220454,0.9805002294723741,0.03944926475485692,-0.0015080696758075565,-0.6621280144230687,0.4432067619466372,0.4425898518411667,0.4438198772733215,0.09805561675266819,16.260102875431073,deep put wing
2027-03-19,0.499182923485572,405.0,put,1.0918679311987876,1.1018679311987876,1.0968679311987874,1.105,0.008132068801212533,0.009049773755656116,1.0,264.0,775.5655937220454,0.9805002294723741,0.03944926475485692,-0.0015080696758075565,-0.6497054944245116,0.4383418738672785,0.4380464471860798,0.43863643162188676,0.09591480317110011,16.949665616216897,deep put wing
2027-03-19,0.499182923485572,410.0,put,1.141364748293046,1.151364748293046,1.146364748293046,1.1549999999999998,0.008635251706953895,0.008658008658008667,4.0,412.0,775.5655937220454,0.9805002294723741,0.03944926475485692,-0.0015080696758075565,-0.6374354018326972,0.43370031051566577,0.43341737686251286,0.43398245197062324,0.0938942908798558,17.696825185827475,deep put wing
2027-03-19,0.499182923485572,415.0,put,1.170950631493826,1.190950631493826,1.180950631493826,1.19,0.009049368506173883,0.016806722689075647,10.0,173.0,775.5655937220454,0.9805002294723741,0.03944926475485692,-0.0015080696758075565,-0.6253140413003525,0.42817495948992396,0.42762716690816005,0.42871978981645753,0.09151710022814025,18.30482002306201,deep put wing
2027-03-19,0.499182923485572,420.0,put,1.2204529354558922,1.2304529354558922,1.225452935455892,1.2349999999999999,0.009547064544107808,0.008097165991902843,1.0,839.0,775.5655937220454,0.9805002294723741,0.03944926475485692,-0.0015080696758075565,-0.6133378502536366,0.42316663228544515,0.4229034182078891,0.42342916279284454,0.08938868544954266,19.020701231395517,deep put wing
2027-03-19,0.499182923485572,425.0,put,1.2699021006243592,1.2799021006243592,1.2749021006243593,1.2850000000000001,0.010097899375640873,0.007782101167315181,15.0,805.0,775.5655937220454,0.9805002294723741,0.03944926475485692,-0.0015080696758075565,-0.6015033926066339,0.4183688143014921,0.41811591118632574,0.418621089255956,0.08737321747378397,19.795055994972216,deep put wing
2027-03-19,0.499182923485572,430.0,put,1.309369931914985,1.329369931914985,1.319369931914985,1.33,0.010630068085015099,0.015037593984962419,1.0,604.0,775.5655937220454,0.9805002294723741,0.03944926475485692,-0.0015080696758075565,-0.5898073528434425,0.413275024583623,0.4127867710988574,0.41376094791297874,0.08525856937098329,20.530368878128947,deep put wing
2027-03-19,0.499182923485572,435.0,put,1.3687441750027662,1.3787441750027662,1.3737441750027661,1.3849999999999998,0.011255824997233654,0.007220216606498202,38.0,582.0,775.5655937220454,0.9805002294723741,0.03944926475485692,-0.0015080696758075565,-0.5782465304423666,0.40861538737417463,0.40838118213673835,0.40884905809364597,0.08334684296519376,21.373237587104693,deep put wing
2027-03-19,0.499182923485572,440.0,put,1.4181295341926405,1.4281295341926405,1.4231295341926407,1.435,0.011870465807359398,0.0069686411149825845,3.0,266.0,775.5655937220454,0.9805002294723741,0.03944926475485692,-0.0015080696758075565,-0.566817834618744,0.40367042654207663,0.403444730123922,0.4038956281921187,0.08134176416688207,22.178010796882134,deep put wing
2027-03-19,0.499182923485572,445.0,put,1.4774152853325782,1.4874152853325782,1.4824152853325783,1.495,0.012584714667421837,0.006688963210702346,1.0,541.0,775.5655937220454,0.9805002294723741,0.03944926475485692,-0.0015080696758075565,-0.5555182793648105,0.3991170051563202,0.3989002347483475,0.39933332193941423,0.07951703620258777,23.09008568259159,deep put wing
2027-03-19,0.499182923485572,450.0,put,1.526713826650586,1.546713826650586,1.536713826650586,1.55,0.013286173349414065,0.012903225806451623,12.0,1914.0,775.5655937220454,0.9805002294723741,0.03944926475485692,-0.0015080696758075565,-0.5443449787666854,0.3942900987658193,0.3938719858991938,0.3947065340948127,0.07760531445190699,23.965243336907996,deep put wing
2027-03-19,0.499182923485572,455.0,put,1.5859874957297007,1.5959874957297007,1.5909874957297006,1.605,0.01401250427029943,0.006230529595015582,1.0,1626.0,775.5655937220454,0.9805002294723741,0.03944926475485692,-0.0015080696758075565,-0.5332951425801002,0.3894181216830128,0.38921673868680456,0.38961911613419714,0.0756993299755742,24.852330864068342,deep put wing
2027-03-19,0.499182923485572,460.0,put,1.645194941097711,1.655194941097711,1.650194941097711,1.665,0.014805058902289003,0.006006006006006011,15.0,1379.0,775.5655937220454,0.9805002294723741,0.03944926475485692,-0.0015080696758075565,-0.5223660720479101,0.3846978187980359,0.3845038356941751,0.3848914430805394,0.07387528476999773,25.79934354498077,deep put wing
2027-03-19,0.499182923485572,465.0,put,1.7043759469939879,1.7143759469939879,1.709375946993988,1.725,0.015624053006012106,0.005797101449275368,2.0,595.0,775.5655937220454,0.9805002294723741,0.03944926475485692,-0.0015080696758075565,-0.5115551559436944,0.37992716238438673,0.37974014381752724,0.38011384885587063,0.0720543837362757,26.759111874386537,deep put wing
2027-03-19,0.499182923485572,470.0,put,1.7734446007143363,1.7834446007143363,1.7784446007143362,1.795,0.01655539928566374,0.005571030640668529,3.0,1769.0,775.5655937220454,0.9805002294723741,0.03944926475485692,-0.0015080696758075565,-0.5008598668269465,0.37546762937427924,0.37528778916100985,0.375647164556958,0.0703727822237187,27.82609440521539,deep put wing
2027-03-19,0.499182923485572,475.0,put,1.8424781336344234,1.8524781336344234,1.8474781336344235,1.8650000000000002,0.017521866365576733,0.005361930294906171,2.0,737.0,775.5655937220454,0.9805002294723741,0.03944926475485692,-0.0015080696758075565,-0.49027775749640945,0.37094051361507496,0.3707673994658673,0.37111334687448183,0.06868600515395071,28.90616420909097,deep put wing
2027-03-19,0.499182923485572,480.0,put,1.901520511995464,1.921520511995464,1.911520511995464,1.93,0.018479488004536027,0.010362694300518144,1.0,2453.0,775.5655937220454,0.9805002294723741,0.03944926475485692,-0.0015080696758075565,-0.47980645762911417,0.3661863538936166,0.3658519844751168,0.36651968160089055,0.06693665910074317,29.953841000871044,deep put wing
2027-03-19,0.499182923485572,485.0,put,1.9804410011791258,1.9904410011791256,1.9854410011791257,2.005,0.019558998820874196,0.0049875311720697195,15.0,930.0,775.5655937220454,0.9805002294723741,0.03944926475485692,-0.0015080696758075565,-0.46944367059356745,0.36170638670972394,0.36154554048699256,0.3618669931008982,0.06530885573898156,31.10881766314577,deep put wing
2027-03-19,0.499182923485572,490.0,put,2.0592292884686874,2.0792292884686874,2.069229288468687,2.09,0.020770711531312713,0.00956937799043063,19.0,1100.0,775.5655937220454,0.9805002294723741,0.03944926475485692,-0.0015080696758075565,-0.45918717042637847,0.35746924142358194,0.3571598734291479,0.357777731162227,0.06378771976538937,32.37003849296437,deep put wing
2027-03-19,0.499182923485572,495.0,put,2.12810796568362,2.14810796568362,2.1381079656836204,2.16,0.02189203431637976,0.009259259259259267,1.0,2200.0,775.5655937220454,0.9805002294723741,0.03944926475485692,-0.0015080696758075565,-0.44903479896236037,0.3527082272789663,0.3524093986131791,0.3530062400569505,0.06209989994904067,33.509859810213214,deep put wing
2027-03-19,0.499182923485572,500.0,put,2.2167607563410656,2.236760756341065,2.2267607563410654,2.25,0.023239243658934594,0.0088888888888887,46.0,8351.0,775.5655937220454,0.9805002294723741,0.03944926475485692,-0.0015080696758075565,-0.43898446310885897,0.3484739885710117,0.3481866470277462,0.34876058242904534,0.060617839387211964,34.84724378867882,deep put wing
2027-03-19,0.499182923485572,505.0,put,2.2954506098637015,2.3154506098637015,2.3054506098637018,2.33,0.02454939013629831,0.00858369098712447,61.0,1038.0,775.5655937220454,0.9805002294723741,0.03944926475485692,-0.0015080696758075565,-0.429034132255691,0.34388524122320546,0.3436079709888099,0.34416181939510915,0.05903190449988973,36.11107599308002,deep put wing
2027-03-19,0.499182923485572,510.0,put,2.38404196132981,2.3940419613298096,2.3890419613298097,2.415,0.02595803867019031,0.0041407867494823135,10.0,2765.0,775.5655937220454,0.9805002294723741,0.03944926475485692,-0.0015080696758075565,-0.41918183581267926,0.33937413868344124,0.339240502585236,0.3395076149033042,0.05749329637452158,37.43746158611219,deep put wing
2027-03-19,0.499182923485572,515.0,put,2.4724768345886594,2.4924768345886594,2.482476834588659,2.51,0.02752316541134059,0.00796812749003985,1.0,1669.0,775.5655937220454,0.9805002294723741,0.03944926475485692,-0.0015080696758075565,-0.40942566086731463,0.33505803720833105,0.33480047799384777,0.33531500831925604,0.0560402159624031,38.87050288922074,deep put wing
2027-03-19,0.499182923485572,520.0,put,2.5707907936379546,2.5907907936379546,2.580790793637955,2.6100000000000003,0.029209206362045492,0.007662835249042151,142.0,1551.0,775.5655937220454,0.9805002294723741,0.03944926475485692,-0.0015080696758075565,-0.3997637499555777,0.330790678514528,0.3305426711863359,0.33103814553846833,0.054621829963218425,40.36545597214307,deep put wing
2027-03-19,0.499182923485572,525.0,put,2.6690312428063376,2.6890312428063377,2.6790312428063374,2.71,0.030968757193662544,0.007380073800738014,30.0,1940.0,775.5655937220454,0.9805002294723741,0.03944926475485692,-0.0015080696758075565,-0.39019429893942703,0.32644582984730236,0.32620679865203595,0.32668436347610025,0.05319636661762632,41.87922408896217,deep put wing
2027-03-19,0.499182923485572,530.0,put,2.7671953685234505,2.7871953685234505,2.7771953685234503,2.8099999999999996,0.03280463147654933,0.007117437722419936,79.0,3053.0,775.5655937220454,0.9805002294723741,0.03944926475485692,-0.0015080696758075565,-0.3807155549848832,0.3220288733469718,0.32179829810956107,0.3222589893805897,0.05176656467948036,43.41311003811978,deep put wing
2027-03-19,0.499182923485572,535.0,put,2.8851136235524213,2.8951136235524215,2.890113623552421,2.925,0.03488637644757864,0.003418803418803498,45.0,8154.0,775.5655937220454,0.9805002294723741,0.03944926475485692,-0.0015080696758075565,-0.3713258146350442,0.3178739905245484,0.31776306230825035,0.31798481350839775,0.05043937634974905,45.095605622413515,deep put wing
2027-03-19,0.499182923485572,540.0,put,3.0028308542872804,3.0228308542872804,3.01283085428728,3.05,0.037169145712719676,0.006557377049180334,41.0,2163.0,775.5655937220454,0.9805002294723741,0.03944926475485692,-0.0015080696758075565,-0.36202342197273063,0.3138438432648903,0.313630350185174,0.31405695170802705,0.04916849860947414,46.88223772847339,deep put wing
2027-03-19,0.499182923485572,545.0,put,3.120503268229837,3.140503268229837,3.1305032682298366,3.17,0.03949673177016333,0.006309148264984233,1.0,1590.0,775.5655937220454,0.9805002294723741,0.03944926475485692,-0.0015080696758075565,-0.3528067668678067,0.30961595613799875,0.3094102195155939,0.3098213393987547,0.04785269352587319,48.64768648424197,deep put wing
2027-03-19,0.499182923485572,550.0,put,3.2380156961617597,3.26801569616176,3.25301569616176,3.295,0.041984303838240145,0.009104704097116919,4.0,3089.0,775.5655937220454,0.9805002294723741,0.03944926475485692,-0.0015080696758075565,-0.3436742833045341,0.30540362609580674,0.3051060938804538,0.30570042815324816,0.046559477566389645,50.476807122281585,deep put wing
2027-03-19,0.499182923485572,555.0,put,3.3752394095731715,3.4052394095731717,3.3902394095731716,3.435,0.04476059042682845,0.008733624454148544,1.0,4308.0,775.5655937220454,0.9805002294723741,0.03944926475485692,-0.0015080696758075565,-0.33462444778461625,0.301389927024018,0.3011036090719535,0.3016755779286783,0.045343724184928304,52.450561693703975,deep put wing
2027-03-19,0.499182923485572,560.0,put,3.5222849348894503,3.5422849348894503,3.5322849348894505,3.58,0.04771506511054957,0.005586592178770954,1.0,4507.0,775.5655937220454,0.9805002294723741,0.03944926475485692,-0.0015080696758075565,-0.32565577780185573,0.2973674670879927,0.2971837998823266,0.2975508633987439,0.04414145328082743,54.48654741041175,deep put wing
2027-03-19,0.499182923485572,565.0,put,3.6591877910033186,3.689187791003319,3.6741877910033187,3.725,0.050812208996681374,0.008053691275167852,34.0,2101.0,775.5655937220454,0.9805002294723741,0.03944926475485692,-0.0015080696758075565,-0.3167668303846098,0.29324485730708205,0.29297930597297456,0.2935098502815194,0.0429260106784976,56.54583897670886,deep put wing
2027-03-19,0.499182923485572,570.0,put,3.8058737814264076,3.835873781426408,3.8208737814264078,3.875,0.05412621857359223,0.007741935483871032,2.0,1952.0,775.5655937220454,0.9805002294723741,0.03944926475485692,-0.0015080696758075565,-0.307956200702455,0.2891122566593907,0.2888563292914813,0.2893676724790962,0.0417246524020069,58.669143273142055,deep put wing
2027-03-19,0.499182923485572,575.0,put,3.9722171888740982,3.992217188874098,3.982217188874098,4.04,0.057782811125902,0.004950495049504845,71.0,2914.0,775.5655937220454,0.9805002294723741,0.03944926475485692,-0.0015080696758075565,-0.29922252073370026,0.2851283530425224,0.28496413503466694,0.28529236360733573,0.040582662022699036,60.93320215615479,deep put wing
2027-03-19,0.499182923485572,580.0,put,4.148131988937863,4.178131988937864,4.163131988937863,4.225,0.061868011062136574,0.007100591715976391,4.0,3501.0,775.5655937220454,0.9805002294723741,0.03944926475485692,-0.0015080696758075565,-0.2905644579905858,0.2813495598307409,0.28111265080071657,0.2815860453533028,0.03951410961315382,63.37220098692789,deep put wing
2027-03-19,0.499182923485572,585.0,put,4.333826616397388,4.353826616397388,4.343826616397388,4.41,0.06617338360261193,0.004535147392290152,301.0,7251.0,775.5655937220454,0.9805002294723741,0.03944926475485692,-0.0015080696758075565,-0.2819807142991942,0.2774467074964698,0.2772947243502271,0.2775985193570433,0.03842544191660553,65.8339151087912,deep put wing
2027-03-19,0.499182923485572,590.0,put,4.519152204374473,4.549152204374473,4.5341522043744735,4.605,0.0708477956255269,0.006514657980456079,11.0,1974.0,775.5655937220454,0.9805002294723741,0.03944926475485692,-0.0015080696758075565,-0.27347002463128567,0.27357144115377324,0.27335194508797234,0.2737905868898683,0.03735951561163438,68.39303667374575,deep put wing
2027-03-19,0.499182923485572,595.0,put,4.733981665996574,4.753981665996575,4.743981665996575,4.82,0.07601833400342528,0.004149377593361091,222.0,2405.0,775.5655937220454,0.9805002294723741,0.03944926475485692,-0.0015080696758075565,-0.26503115598542093,0.2698534850601995,0.26971280490684924,0.2699940243062445,0.0363509514496408,71.11889148668841,deep put wing
2027-03-19,0.499182923485572,600.0,put,4.948456513296617,4.9684565132966165,4.958456513296617,5.04,0.0815434867033833,0.003968253968253884,2.0,5378.0,775.5655937220454,0.9805002294723741,0.03944926475485692,-0.0015080696758075565,-0.2566629063149044,0.2660675636320761,0.2659321857744673,0.26620281381246835,0.03533813177009222,73.90221246953197,deep put wing
2027-03-19,0.499182923485572,605.0,put,5.172493950832149,5.19249395083215,5.182493950832149,5.27,0.08750604916785054,0.003795066413662327,15.0,4143.0,775.5655937220454,0.9805002294723741,0.03944926475485692,-0.0015080696758075565,-0.24836410350020924,0.2622781576378496,0.26214785374056976,0.26240834590243445,0.03433870943081502,76.77777921779433,deep put wing
2027-03-19,0.499182923485572,610.0,put,5.396097252585387,5.426097252585387,5.411097252585387,5.505,0.0939027474146128,0.0054495912806538345,122.0,2407.0,775.5655937220454,0.9805002294723741,0.03944926475485692,-0.0015080696758075565,-0.24013360436369383,0.25841575606943845,0.25822745899485977,0.2586038172400893,0.0333347881825968,79.71136509381198,deep put wing
2027-03-19,0.499182923485572,615.0,put,5.658915900941827,5.678915900941828,5.668915900941827,5.77,0.1010840990581725,0.0034662045060659384,15.0,3199.0,775.5655937220454,0.9805002294723741,0.03944926475485692,-0.0015080696758075565,-0.23197029372453282,0.25477864197046396,0.2546579159151465,0.25489927356433545,0.03240304000365809,82.86461142731564,deep put wing
2027-03-19,0.499182923485572,620.0,put,5.921167110336644,5.951167110336644,5.936167110336644,6.045,0.10883288966335591,0.004962779156327438,5.0,4916.0,775.5655937220454,0.9805002294723741,0.03944926475485692,-0.0015080696758075565,-0.2238730834919135,0.2511041938841664,0.25092988534236416,0.25127831091611713,0.031475138709295955,86.10166950778238,deep put wing
2027-03-19,0.499182923485572,625.0,put,6.212620552494433,6.232620552494432,6.2226205524944325,6.34,0.11737944750556739,0.0031545741324920462,2.0,5404.0,775.5655937220454,0.9805002294723741,0.03944926475485692,-0.0015080696758075565,-0.21584091179464918,0.2474971951071923,0.24738540213472793,0.24760891158265402,0.03057738088416741,89.4817038863884,deep put wing
2027-03-19,0.499182923485572,630.0,put,6.483669203787405,6.513669203787404,6.498669203787404,6.625,0.1263307962125957,0.004528301886792356,3.0,3185.0,775.5655937220454,0.9805002294723741,0.03944926475485692,-0.0015080696758075565,-0.20787274214547236,0.24362259112984785,0.24346091479702858,0.24378411192096958,0.02962748835616421,92.82266667625997,deep put wing
2027-03-19,0.499182923485572,635.0,put,6.813425247151113,6.833425247151113,6.823425247151113,6.96,0.13657475284888676,0.0028735632183907434,2.0,6950.0,775.5655937220454,0.9805002294723741,0.03944926475485692,-0.0015080696758075565,-0.19996756263835916,0.240113572272736,0.24000988827423075,0.2402171944241987,0.028780155634343326,96.47569534334849,deep put wing
2027-03-19,0.499182923485572,640.0,put,7.152208825910655,7.182208825910656,7.167208825910655,7.3149999999999995,0.1477911740893445,0.004101161995898872,4.0,7539.0,775.5655937220454,0.9805002294723741,0.03944926475485692,-0.0015080696758075565,-0.19212438517733318,0.23662437176216314,0.23647468727262622,0.23677393196743746,0.027949797648556946,100.25245344155884,deep put wing
2027-03-19,0.499182923485572,645.0,put,7.4903270600663,7.5203270600662995,7.5053270600663,7.665,0.15967293993370024,0.0039138943248531455,104.0,5165.0,775.5655937220454,0.9805002294723741,0.03944926475485692,-0.0015080696758075565,-0.1843422447352783,0.2329050726319813,0.2327608063019157,0.23304922750722964,0.027078064298921727,104.0145892550768,deep put wing
2027-03-19,0.499182923485572,650.0,put,7.857049770668982,7.897049770668983,7.877049770668983,8.05,0.17295022933101745,0.004968944099378997,2.0,7367.0,775.5655937220454,0.9805002294723741,0.03944926475485692,-0.0015080696758075565,-0.1766201986413679,0.22933359479637536,0.2291482752596492,0.22951873754997631,0.026253975612499324,107.97327749848267,deep put wing
2027-03-19,0.499182923485572,655.0,put,8.282138232197719,8.302138232197718,8.292138232197718,8.48,0.18786176780228203,0.0023584905660376855,1.0,2447.0,775.5655937220454,0.9805002294723741,0.03944926475485692,-0.0015080696758075565,-0.16895732589579884,0.225970228430997,0.22588105161997463,0.2260593660700261,0.025489550062997073,112.16142622100807,deep put wing
2027-03-19,0.499182923485572,660.0,put,8.686172813366804,8.726172813366803,8.706172813366804,8.91,0.20382718663319643,0.00448933782267106,62.0,4452.0,775.5655937220454,0.9805002294723741,0.03944926475485692,-0.0015080696758075565,-0.16135272651057947,0.2223989558592122,0.22222698720809347,0.22257078522926058,0.024690234120652715,116.3474450529745,deep put wing
2027-03-19,0.499182923485572,665.0,put,9.138386511148788,9.178386511148789,9.158386511148787,9.379999999999999,0.22161348885121157,0.004264392324093915,118.0,4814.0,775.5655937220454,0.9805002294723741,0.03944926475485692,-0.0015080696758075565,-0.1538055208751966,0.2189546089158924,0.21878886685270643,0.21912022780243284,0.023931388818902843,120.71434109990054,deep put wing
2027-03-19,0.499182923485572,670.0,put,9.608856005127672,9.648856005127673,9.628856005127673,9.870000000000001,0.24114399487232774,0.004052684903748827,1.0,3286.0,775.5655937220454,0.9805002294723741,0.03944926475485692,-0.0015080696758075565,-0.14631484914603896,0.2154518754786668,0.21529202274017611,0.21561161940450285,0.02317182703167634,125.15780304676586,put wing
2027-03-19,0.499182923485572,675.0,put,10.127057461575161,10.15705746157516,10.142057461575162,10.405000000000001,0.2629425384248396,0.0028832292167226678,33.0,2516.0,775.5655937220454,0.9805002294723741,0.03944926475485692,-0.0015080696758075565,-0.13887987065852092,0.21207211997119674,0.21195650422775034,0.2121876819429487,0.02245054435814982,129.77031966485862,put wing
2027-03-19,0.499182923485572,680.0,put,10.643375596982818,10.683375596982819,10.663375596982817,10.95,0.28662440301718206,0.003652968036529765,10.0,3376.0,775.5655937220454,0.9805002294723741,0.03944926475485692,-0.0015080696758075565,-0.1314997633608983,0.20853110677187828,0.20838225207477118,0.2086798774477114,0.021707080491729768,134.3971852514934,put wing
2027-03-19,0.499182923485572,685.0,put,11.216928743550847,11.236928743550848,11.226928743550847,11.54,0.31307125644915246,0.0017331022530330462,16.0,3999.0,775.5655937220454,0.9805002294723741,0.03944926475485692,-0.0015080696758075565,-0.12417372326882545,0.20507575677899384,0.20500388803798986,0.2051476071583634,0.020993669985405587,139.16033779822303,put wing
2027-03-19,0.499182923485572,690.0,put,11.787952883397617,11.817952883397616,11.802952883397616,12.145,0.34204711660238374,0.0024701523260600546,6.0,24072.0,775.5655937220454,0.9805002294723741,0.03944926475485692,-0.0015080696758075565,-0.11690096393974574,0.20147559389490102,0.2013713636177358,0.2015797880915847,0.02026304035874399,143.93704999233884,put wing
2027-03-19,0.499182923485572,695.0,put,12.454521082529487,12.504521082529488,12.479521082529487,12.855,0.3754789174705131,0.003889537145079791,1.0,2099.0,775.5655937220454,0.9805002294723741,0.03944926475485692,-0.0015080696758075565,-0.1096807159662586,0.1983204537534078,0.19815261975400988,0.19848820146640989,0.019633364750147656,148.9950541135464,put wing
2027-03-19,0.499182923485572,700.0,put,13.118281515442659,13.16828151544266,13.14328151544266,13.555,0.4117184845573405,0.0036886757654002737,60.0,64858.0,775.5655937220454,0.9805002294723741,0.03944926475485692,-0.0015080696758075565,-0.10251222648764612,0.19481408781472467,0.19465165574353316,0.19497644543822645,0.01894525428558694,153.94581165076087,put wing
2027-03-19,0.499182923485572,705.0,put,13.837672203097975,13.877672203097976,13.857672203097975,14.309999999999999,0.45232779690202385,0.002795248078267011,6.0,3670.0,775.5655937220454,0.9805002294723741,0.03944926475485692,-0.0015080696758075565,-0.09539475871878207,0.1913711535730129,0.1912453210976761,0.19149694525410588,0.01828153548340216,158.96727200342642,put wing
2027-03-19,0.499182923485572,710.0,put,14.62169521447307,14.67169521447307,14.64669521447307,15.145,0.4983047855269298,0.003301419610432533,3.0,9695.0,775.5655937220454,0.9805002294723741,0.03944926475485692,-0.0015080696758075565,-0.08832759149568967,0.18811381014664308,0.18796142033963012,0.18826614599450142,0.01766448905619349,164.082047437536,put wing
2027-03-19,0.499182923485572,715.0,put,15.410633733667307,15.500633733667307,15.455633733667309,16.005000000000003,0.5493662663326937,0.005623242736644789,2.0,8574.0,775.5655937220454,0.9805002294723741,0.03944926475485692,-0.0015080696758075565,-0.08131001883704306,0.18468264157512235,0.18441649110782884,0.18494864481840123,0.017025970466846056,169.12415303991432,put wing
2027-03-19,0.499182923485572,720.0,put,16.282961416075388,16.392961416075387,16.337961416075387,16.945,0.6070385839246129,0.006491590439657683,3.0,4781.0,775.5655937220454,0.9805002294723741,0.03944926475485692,-0.0015080696758075565,-0.07434134952094977,0.18137969709913213,0.18106383788022962,0.18169537357463358,0.016422416590946662,174.17870372387415,put wing
2027-03-19,0.499182923485572,725.0,put,17.208581006091737,17.28858100609174,17.24858100609174,17.92,0.6714189939082615,0.004464285714285817,20.0,4753.0,775.5655937220454,0.9805002294723741,0.03944926475485692,-0.0015080696758075565,-0.06742090667637593,0.17792145203767526,0.1776980984171562,0.17814472613918544,0.015802156138244584,179.12014334234584,put wing
2027-03-19,0.499182923485572,730.0,put,18.215143061217482,18.32514306121748,18.27014306121748,19.015,0.7448569387825188,0.005784906652642621,8.0,5504.0,775.5655937220454,0.9805002294723741,0.03944926475485692,-0.0015080696758075565,-0.060548027388613944,0.1747474609283155,0.17444854829201553,0.1750462525925025,0.015243386750392919,184.0375664196089,put wing
2027-03-19,0.499182923485572,735.0,put,19.32211065499082,19.41211065499082,19.36711065499082,20.195,0.8278893450091793,0.004456548650656096,19.0,3892.0,775.5655937220454,0.9805002294723741,0.03944926475485692,-0.0015080696758075565,-0.05372206231821402,0.17162473799300582,0.17138636834785975,0.17186304388782303,0.014703458315432908,188.80771455985715,put wing
2027-03-19,0.499182923485572,740.0,put,20.438931530076335,20.468931530076336,20.453931530076336,21.375,0.9210684699236644,0.0014035087719298778,109.0,6798.0,775.5655937220454,0.9805002294723741,0.03944926475485692,-0.0015080696758075565,-0.04694237533283531,0.16808354120378133,0.16800593638552871,0.16816114055024006,0.014102954303345247,193.29378569729718,ATM
2027-03-19,0.499182923485572,745.0,put,21.701756241224913,21.811756241224913,21.756756241224913,22.785,1.028243758775087,0.004827737546631531,101.0,3719.0,775.5655937220454,0.9805002294723741,0.03944926475485692,-0.0015080696758075565,-0.04020834315149117,0.16527115068847414,0.16499284799441943,0.16554939942337027,0.013634958544983585,197.6457418347206,ATM
2027-03-19,0.499182923485572,750.0,put,22.98084217265202,23.09084217265202,23.03584217265202,24.185,1.1491578273479774,0.004548273723382238,36.0,11788.0,775.5655937220454,0.9805002294723741,0.03944926475485692,-0.0015080696758075565,-0.03351935500069461,0.1619279552682339,0.16165511037705665,0.16220076220524338,0.013088907060992834,201.5937794011583,ATM
2027-03-19,0.499182923485572,755.0,put,24.41260101466616,24.51260101466616,24.46260101466616,25.75,1.2873989853338408,0.0038834951456311233,1.0,3708.0,775.5655937220454,0.9805002294723741,0.03944926475485692,-0.0015080696758075565,-0.026874812282026088,0.15889258406885265,0.15864888919707149,0.15913625870017467,0.012602798025166879,205.1831443216883,ATM
2027-03-19,0.499182923485572,760.0,put,25.954799655911636,26.074799655911637,26.014799655911638,27.46,1.445200344088363,0.004369992716678842,41.0,2366.0,775.5655937220454,0.9805002294723741,0.03944926475485692,-0.0015080696758075565,-0.020274128250673967,0.15601580754735714,0.15572775919647558,0.15630383952381177,0.012150577698283285,208.3042963985182,ATM
2027-03-19,0.499182923485572,765.0,put,27.53369975580328,27.65369975580328,27.59369975580328,29.22,1.6263002441967203,0.004106776180698186,6.0,2755.0,775.5655937220454,0.9805002294723741,0.03944926475485692,-0.0015080696758075565,-0.013716727704514943,0.1527960541959774,0.15251149845788783,0.15308060292282133,0.011654241102452358,210.85760344524687,ATM
2027-03-19,0.499182923485572,770.0,put,29.296829602395942,29.40682960239594,29.35182960239594,31.185,1.8331703976040572,0.003527336860670176,525.0,5559.0,775.5655937220454,0.9805002294723741,0.03944926475485692,-0.0015080696758075565,-0.007202046683321187,0.14993256794033857,0.14967408372771351,0.1501910513432806,0.011221519768447857,212.77928751496222,ATM
2027-03-19,0.499182923485572,775.0,put,31.10790589199872,31.24790589199872,31.17790589199872,33.25,2.0720941080012807,0.004210526315789491,954.0,2090.0,775.5655937220454,0.9805002294723741,0.03944926475485692,-0.0015080696758075565,-0.000729532177703776,0.14686848102606256,0.14654133301217526,0.14719563096557098,0.01076755073247106,213.96979709900185,ATM
2027-03-19,0.499182923485572,780.0,call,28.89,28.97,28.93,28.93,0.0,0.002765295540960881,16.0,8451.0,775.5655937220454,0.9805002294723741,0.03944926475485692,-0.0015080696758075565,0.00570135815258671,0.1445383098211467,0.1443516895072777,0.14472493001217343,0.010428591693593404,214.33900987817856,ATM
2027-03-19,0.499182923485572,785.0,call,26.11,26.22,26.165,26.165,0.0,0.004204089432447905,133.0,4512.0,775.5655937220454,0.9805002294723741,0.03944926475485692,-0.0015080696758075565,0.01209115625135767,0.14181113370052278,0.1415538910074656,0.1420683707691355,0.010038767087105157,213.80822143024594,ATM
2027-03-19,0.499182923485572,790.0,call,23.56,23.66,23.61,23.61,0.0,0.004235493434985236,141.0,8937.0,775.5655937220454,0.9805002294723741,0.03944926475485692,-0.0015080696758075565,0.018440383930016367,0.13947073331501253,0.13923522668870034,0.13970622698101035,0.009710148883534666,212.31410434627472,ATM
2027-03-19,0.499182923485572,795.0,call,21.18,21.28,21.23,21.23,0.0,0.004710315591144674,66.0,6698.0,775.5655937220454,0.9805002294723741,0.03944926475485692,-0.0015080696758075565,0.024749553123281254,0.13733910475577715,0.13710078992782623,0.1375773936572589,0.00941560312608084,209.8179349640062,ATM
2027-03-19,0.499182923485572,800.0,call,18.95,19.03,18.990000000000002,18.990000000000002,0.0,0.004212743549236537,2.0,18551.0,775.5655937220454,0.9805002294723741,0.03944926475485692,-0.0015080696758075565,0.0310191661368766,0.13523934295029422,0.1350454193013456,0.13543323793235565,0.009129895872925965,206.28201668288057,ATM
2027-03-19,0.499182923485572,805.0,call,16.84,16.94,16.89,16.89,0.0,0.005920663114268882,137.0,7026.0,775.5655937220454,0.9805002294723741,0.03944926475485692,-0.0015080696758075565,0.03724971588751263,0.13316093943044974,0.13291299287551134,0.13340881465505483,0.008851429628418249,201.6854325084567,ATM
2027-03-19,0.499182923485572,810.0,call,14.95,15.06,15.004999999999999,15.004999999999999,0.0,0.00733088970343227,22.0,6511.0,775.5655937220454,0.9805002294723741,0.03944926475485692,-0.0015080696758075565,0.04344168613543366,0.1314786976827828,0.1311982307221872,0.13175903515006798,0.008629199458131778,196.14692259942987,ATM
2027-03-19,0.499182923485572,815.0,call,13.22,13.3,13.260000000000002,13.260000000000002,0.0,0.006033182503770744,12.0,3680.0,775.5655937220454,0.9805002294723741,0.03944926475485692,-0.0015080696758075565,0.049595551709811864,0.129832290912719,0.12962132106273375,0.1300431613187402,0.008414438893847928,189.64533546168394,ATM
2027-03-19,0.499182923485572,820.0,call,11.61,11.69,11.649999999999999,11.649999999999999,0.0,0.006866952789699577,210.0,25398.0,775.5655937220454,0.9805002294723741,0.03944926475485692,-0.0015080696758075565,0.05571177872724812,0.1282029563774789,0.12798337833841658,0.12842239300698846,0.008204569543986342,182.22638384367139,call wing
2027-03-19,0.499182923485572,825.0,call,10.22,10.29,10.254999999999999,10.254999999999999,0.0,0.006825938566552756,1.0,3820.0,775.5655937220454,0.9805002294723741,0.03944926475485692,-0.0015080696758075565,0.06179082480363026,0.1270618110540506,0.12686089273282564,0.12726257961074003,0.0080591604558371,174.2652257542989,call wing
2027-03-19,0.499182923485572,830.0,call,8.94,8.98,8.96,8.96,0.0,0.004464285714285817,11.0,5051.0,775.5655937220454,0.9805002294723741,0.03944926475485692,-0.0015080696758075565,0.06783313925959283,0.1258059892833205,0.12568514928325564,0.1259267619508845,0.007900641479722767,165.55429515108486,call wing
2027-03-19,0.499182923485572,835.0,call,7.81,7.85,7.83,7.83,0.0,0.005108556832694768,9.0,4656.0,775.5655937220454,0.9805002294723741,0.03944926475485692,-0.0015080696758075565,0.07383916331980465,0.12485659234411473,0.12472876952042732,0.12498432380302743,0.0077818467823073945,156.52260294549816,call wing
2027-03-19,0.499182923485572,840.0,call,6.78,6.81,6.795,6.795,0.0,0.0044150110375275,1.0,7592.0,775.5655937220454,0.9805002294723741,0.03944926475485692,-0.0015080696758075565,0.07980933030630863,0.12382693017001188,0.12372485394151085,0.12392893658248755,0.0076540259947054,146.99933821407006,call wing
2027-03-19,0.499182923485572,845.0,call,5.9,5.92,5.91,5.91,0.0,0.003384094754653058,6.0,2835.0,775.5655937220454,0.9805002294723741,0.03944926475485692,-0.0015080696758075565,0.08574406582612314,0.12313828874595371,0.12306555608837196,0.12321097978059446,0.007569129715276879,137.52921045971863,call wing
2027-03-19,0.499182923485572,850.0,call,5.11,5.13,5.12,5.12,0.0,0.0039062499999999167,2.0,5421.0,775.5655937220454,0.9805002294723741,0.03944926475485692,-0.0015080696758075565,0.09164378795331138,0.12248110663040869,0.12240292746088735,0.12255922996761258,0.007488553268113974,127.95705193831888,call wing
2027-03-19,0.499182923485572,855.0,call,4.41,4.44,4.425000000000001,4.425000000000001,0.0,0.006779661016949208,15.0,1674.0,775.5655937220454,0.9805002294723741,0.03944926475485692,-0.0015080696758075565,0.09750890740570942,0.12191235773308144,0.12178565475973693,0.12203889241808234,0.007419167583849429,118.46594462671612,call wing
2027-03-19,0.499182923485572,860.0,call,3.79,3.82,3.8049999999999997,3.8049999999999997,0.0,0.00788436268068326,154.0,11461.0,775.5655937220454,0.9805002294723741,0.03944926475485692,-0.0015080696758075565,0.10333982771650277,0.12132581759765175,0.1211881307796492,0.12146327798356549,0.007347949679149612,109.03274575561338,call wing
2027-03-19,0.499182923485572,865.0,call,3.27,3.29,3.2800000000000002,3.2800000000000002,0.0,0.006097560975609761,1.0,4515.0,775.5655937220454,0.9805002294723741,0.03944926475485692,-0.0015080696758075565,0.10913694540082862,0.12097549547476731,0.12087551462726345,0.12107534193594721,0.007305577280285791,100.08653630684431,call wing
2027-03-19,0.499182923485572,870.0,call,2.8,2.83,2.815,2.815,0.0,0.010657193605683925,1.0,4152.0,775.5655937220454,0.9805002294723741,0.03944926475485692,-0.0015080696758075565,0.11490065011757866,0.12060973556299884,0.1204453873827629,0.12077367798935255,0.007261468382563813,91.38279022280467,call wing
2027-03-19,0.499182923485572,875.0,call,2.41,2.43,2.42,2.42,0.0,0.008264462809917363,16.0,6660.0,775.5655937220454,0.9805002294723741,0.03944926475485692,-0.0015080696758075565,0.12063132482656364,0.12040972766494472,0.12028946357210292,0.1205297509406178,0.0072374048722725955,83.23386673170201,call wing
2027-03-19,0.499182923485572,880.0,call,2.06,2.09,2.075,2.075,0.0,0.01445783132530111,301.0,5144.0,775.5655937220454,0.9805002294723741,0.03944926475485692,-0.0015080696758075565,0.12632934594120132,0.12023128828500333,0.12003222502253459,0.12042962587329935,0.007215970040564937,75.49109156352256,call wing
2027-03-19,0.499182923485572,885.0,call,1.77,1.79,1.78,1.78,0.0,0.011235955056179785,1.0,2715.0,775.5655937220454,0.9805002294723741,0.03944926475485692,-0.0015080696758075565,0.13199508347687883,0.12015136435553318,0.12000472330082727,0.12029757430771716,0.0072063795754176985,68.29443380108583,call wing
2027-03-19,0.499182923485572,890.0,call,1.51,1.53,1.52,1.52,0.0,0.013157894736842117,5.0,2336.0,775.5655937220454,0.9805002294723741,0.03944926475485692,-0.0015080696758075565,0.1376289011951348,0.12003113040019417,0.11986816959186423,0.12019351097692485,0.007191964125354083,61.47429783411906,call wing
2027-03-19,0.499182923485572,895.0,call,1.3,1.33,1.315,1.315,0.0,0.022813688212927778,39.0,1582.0,775.5655937220454,0.9805002294723741,0.03944926475485692,-0.0015080696758075565,0.1432311567438046,0.12029075324653879,0.12002010303471482,0.1205596859351868,0.007223109671192695,55.59964853568671,call wing
2027-03-19,0.499182923485572,900.0,call,1.11,1.13,1.12,1.12,0.0,0.017857142857142672,18.0,8884.0,775.5655937220454,0.9805002294723741,0.03944926475485692,-0.0015080696758075565,0.14880220179325993,0.12023212928383306,0.12003057361138837,0.12043265407174533,0.0072160709900543855,49.741937433689586,call wing
2027-03-19,0.499182923485572,905.0,call,0.97,0.99,0.98,0.98,0.0,0.02040816326530614,1.0,2306.0,775.5655937220454,0.9805002294723741,0.03944926475485692,-0.0015080696758075565,0.15434238216887544,0.12081614584936398,0.12059380919421743,0.12103715352441828,0.007286344058024422,45.11245175069599,deep call wing
2027-03-19,0.499182923485572,910.0,call,0.83,0.85,0.84,0.84,0.0,0.023809523809523832,7.0,2570.0,775.5655937220454,0.9805002294723741,0.03944926475485692,-0.0015080696758075565,0.159852037979845,0.12097536743809491,0.12072667760749509,0.12122228277888053,0.007305561816305978,40.35568997583035,deep call wing
2027-03-19,0.499182923485572,915.0,call,0.72,0.74,0.73,0.73,0.0,0.02739726027397263,1.0,588.0,775.5655937220454,0.9805002294723741,0.03944926475485692,-0.0015080696758075565,0.16533150374447056,0.12144656888254932,0.12117024740412669,0.12172057686233974,0.007362583265290748,36.34306976517039,deep call wing
2027-03-19,0.499182923485572,920.0,call,0.63,0.65,0.64,0.64,0.0,0.03125000000000003,2.0,1007.0,775.5655937220454,0.9805002294723741,0.03944926475485692,-0.0015080696758075565,0.1707811085120352,0.1220991521976066,0.12179338917183043,0.12240194478830449,0.0074419203411701836,32.86614773810337,deep call wing
2027-03-19,0.499182923485572,925.0,call,0.54,0.56,0.55,0.55,0.0,0.03636363636363639,1.0,565.0,775.5655937220454,0.9805002294723741,0.03944926475485692,-0.0015080696758075565,0.17620117598137455,0.12237356337206656,0.12203045944429743,0.12271271960271744,0.007475408549239811,29.316112605418915,deep call wing
2027-03-19,0.499182923485572,930.0,call,0.49,0.5,0.495,0.495,0.0,0.02020202020202022,2.0,432.0,775.5655937220454,0.9805002294723741,0.03944926475485692,-0.0015080696758075565,0.18159202461625093,0.12351194529550848,0.12332549054169022,0.12369718961833233,0.007615135649182123,26.903995871065618,deep call wing
2027-03-19,0.499182923485572,935.0,call,0.42,0.44,0.43,0.43,0.0,0.046511627906976785,12.0,3476.0,775.5655937220454,0.9805002294723741,0.03944926475485692,-0.0015080696758075565,0.18695396775763626,0.12398844719600381,0.12357055451063598,0.12440002408139103,0.007674006491445371,24.114273307840065,deep call wing
2027-03-19,0.499182923485572,940.0,call,0.38,0.39,0.385,0.385,0.0,0.025974025974025997,10.0,1749.0,775.5655937220454,0.9805002294723741,0.03944926475485692,-0.0015080696758075565,0.1922873137329988,0.12499586756072663,0.1247679070343983,0.12522187479527802,0.007799217477207235,22.028711923947903,deep call wing
2027-03-19,0.499182923485572,945.0,call,0.34,0.35,0.345,0.345,0.0,0.02898550724637668,4.0,149.0,775.5655937220454,0.9805002294723741,0.03944926475485692,-0.0015080696758075565,0.19759236596269192,0.12599627289657156,0.12574661194853082,0.12624352100874806,0.007924559252582085,20.125232122424002,deep call wing
2027-03-19,0.499182923485572,950.0,call,0.31,0.32,0.315,0.315,0.0,0.03174603174603177,21.0,6158.0,775.5655937220454,0.9805002294723741,0.03944926475485692,-0.0015080696758075565,0.20286942306353584,0.12729145549556603,0.12702136280395773,0.12755866428745274,0.008088318136655125,18.61245088114213,deep call wing
2027-03-19,0.499182923485572,955.0,call,0.28,0.29,0.28500000000000003,0.28500000000000003,0.0,0.035087719298245446,1.0,123.0,775.5655937220454,0.9805002294723741,0.03944926475485692,-0.0015080696758075565,0.20811877894967953,0.12840441825009222,0.12811031234879805,0.12869502248242853,0.008230375605016224,17.103542539220065,deep call wing
2027-03-19,0.499182923485572,960.0,call,0.25,0.27,0.26,0.26,0.0,0.07692307692307698,1.0,537.0,775.5655937220454,0.9805002294723741,0.03944926475485692,-0.0015080696758075565,0.21334072293083114,0.12962862188068677,0.12898722910319765,0.13025324827019372,0.008388059995084822,15.802266369646429,deep call wing
2027-03-19,0.499182923485572,965.0,call,0.23,0.24,0.235,0.235,0.0,0.042553191489361625,449.0,249.0,775.5655937220454,0.9805002294723741,0.03944926475485692,-0.0015080696758075565,0.2185355398079351,0.13067462001255556,0.13032729754641595,0.13101684779472575,0.008523975876553812,14.50354482450505,deep call wing
2027-03-19,0.499182923485572,970.0,call,0.21,0.23,0.22,0.22,0.0,0.090909090909091,1.0,822.0,775.5655937220454,0.9805002294723741,0.03944926475485692,-0.0015080696758075565,0.22370350996637783,0.13226210310453843,0.13151694752331833,0.1329839554219726,0.008732338623709986,13.638981568675257,deep call wing
2027-03-19,0.499182923485572,975.0,call,0.19,0.2,0.195,0.195,0.0,0.05128205128205133,11.0,159.0,775.5655937220454,0.9805002294723741,0.03944926475485692,-0.0015080696758075565,0.22884490946679648,0.132946492896264,0.13253767477747064,0.13334798493572506,0.008822943347264993,12.34263886618327,deep call wing
2027-03-19,0.499182923485572,980.0,call,0.18,0.2,0.19,0.19,0.0,0.10526315789473693,9.0,767.0,775.5655937220454,0.9805002294723741,0.03944926475485692,-0.0015080696758075565,0.23396001013356685,0.13510688219560393,0.13425322036779927,0.13592932909517944,0.009112020000147231,11.939299662701641,deep call wing
2027-03-19,0.499182923485572,985.0,call,0.16,0.18,0.16999999999999998,0.16999999999999998,0.0,0.11764705882352937,70.0,1044.0,775.5655937220454,0.9805002294723741,0.03944926475485692,-0.0015080696758075565,0.23904907964103808,0.1358892546169552,0.13494955841214926,0.13679032138748073,0.009217856715530737,10.872988255883245,deep call wing
2027-03-19,0.499182923485572,990.0,call,0.15,0.17,0.16,0.16,0.0,0.1250000000000001,2.0,737.0,775.5655937220454,0.9805002294723741,0.03944926475485692,-0.0015080696758075565,0.24411238159758494,0.13744115366248577,0.13644424697660837,0.13839436362657637,0.009429600726896257,10.264297796211089,deep call wing
2027-03-19,0.499182923485572,995.0,call,0.14,0.16,0.15000000000000002,0.15000000000000002,0.0,0.13333333333333325,1.0,455.0,775.5655937220454,0.9805002294723741,0.03944926475485692,-0.0015080696758075565,0.24915017562754208,0.13890337396368693,0.13784266825465494,0.1399143165269008,0.009631308854624416,9.663311268313947,deep call wing
2027-03-19,0.499182923485572,1000.0,call,0.13,0.15,0.14,0.14,0.0,0.14285714285714277,1.0,2964.0,775.5655937220454,0.9805002294723741,0.03944926475485692,-0.0015080696758075565,0.2541627174510863,0.14026922405200185,0.13913677452772175,0.1413445606571334,0.00982165125570755,9.068783060418971,deep call wing
2027-03-19,0.499182923485572,1010.0,call,0.12,0.13,0.125,0.125,0.0,0.08000000000000007,2.0,957.0,775.5655937220454,0.9805002294723741,0.03944926475485692,-0.0015080696758075565,0.2641130483042543,0.14330131648448677,0.14267733627104912,0.1439073432380995,0.010250854768460134,8.132854853851736,deep call wing
2027-03-19,0.499182923485572,1020.0,call,0.1,0.11,0.10500000000000001,0.10500000000000001,0.0,0.09523809523809518,1.0,28.0,775.5655937220454,0.9805002294723741,0.03944926475485692,-0.0015080696758075565,0.273965344747266,0.1453035458658066,0.1445738099072893,0.14600808617545183,0.010539309185729507,6.975632059601913,deep call wing
2027-03-19,0.499182923485572,1030.0,call,0.09,0.1,0.095,0.095,0.0,0.10526315789473693,4.0,41.0,775.5655937220454,0.9805002294723741,0.03944926475485692,-0.0015080696758075565,0.28372151969263065,0.14833682646689425,0.14752971910436985,0.14911298580063484,0.01098392824341702,6.319933640751068,deep call wing
2027-03-19,0.499182923485572,1040.0,call,0.08,0.09,0.08499999999999999,0.08499999999999999,0.0,0.11764705882352937,1.0,538.0,775.5655937220454,0.9805002294723741,0.03944926475485692,-0.0015080696758075565,0.2933834306043676,0.15110894698580749,0.15020874322482028,0.15197039677885707,0.011398299874832998,5.680878166799734,deep call wing
2027-03-19,0.499182923485572,1050.0,call,0.07,0.08,0.07500000000000001,0.07500000000000001,0.0,0.13333333333333325,25.0,1001.0,775.5655937220454,0.9805002294723741,0.03944926475485692,-0.0015080696758075565,0.30295288162051826,0.1535854229314956,0.1525703718806621,0.15455074044513084,0.011774967473758004,5.054632448638893,deep call wing
2027-03-19,0.499182923485572,1060.0,call,0.06,0.07,0.065,0.065,0.0,0.15384615384615397,1.0,79.0,775.5655937220454,0.9805002294723741,0.03944926475485692,-0.0015080696758075565,0.31243162557506216,0.15571726119126322,0.1545559607659411,0.15681266259379173,0.012104120355083807,4.437226930046247,deep call wing
2027-03-19,0.499182923485572,1070.0,call,0.05,0.07,0.060000000000000005,0.060000000000000005,0.0,0.33333333333333337,4.0,51.0,775.5655937220454,0.9805002294723741,0.03944926475485692,-0.0015080696758075565,0.32182136592490107,0.15869638206846784,0.1560765306397389,0.16100183797902556,0.012571693143275876,4.0868518258739925,deep call wing
2027-03-19,0.499182923485572,1080.0,call,0.05,0.06,0.055,0.055,0.0,0.18181818181818174,6.0,1249.0,775.5655937220454,0.9805002294723741,0.03944926475485692,-0.0015080696758075565,0.3311237585872147,0.1614952474019627,0.16011127028065816,0.16278601817171204,0.013019047527058979,3.745811347788214,deep call wing
2027-03-19,0.499182923485572,1090.0,call,0.04,0.06,0.05,0.05,0.0,0.3999999999999999,1.0,572.0,775.5655937220454,0.9805002294723741,0.03944926475485692,-0.0015080696758075565,0.34034041369213863,0.16409752626512145,0.16091023702385954,0.16682625721161123,0.013441996828316526,3.4126502392436673,deep call wing
2027-03-19,0.499182923485572,1130.0,call,0.05,0.06,0.055,0.055,0.0,0.18181818181818174,2.0,7502.0,775.5655937220454,0.9805002294723741,0.03944926475485692,-0.0015080696758075565,0.3763803501753355,0.18110208103498546,0.1795825602652683,0.18251871181717663,0.016372183431695785,3.4123712185626265,deep call wing
2027-06-17,0.7457582659513255,290.0,put,0.773647967937979,0.783647967937979,0.778647967937979,0.785,0.006352032062021062,0.012738853503184724,2.0,48.0,783.9225531625412,0.970693612435626,0.039884772335516856,-0.0019020546706089853,-0.9944293082589521,0.505922167479915,0.5054930162497405,0.5063494582697156,0.19088222712268774,11.67630884458817,deep put wing
2027-06-17,0.7457582659513255,295.0,put,0.8132283594609289,0.8232283594609289,0.8182283594609289,0.825,0.006771640539071089,0.012121212121212133,22.0,268.0,783.9225531625412,0.970693612435626,0.039884772335516856,-0.0019020546706089853,-0.977334874899652,0.5010428594417784,0.500634001708391,0.501450037519788,0.18721809859050195,12.254454176736912,deep put wing
2027-06-17,0.7457582659513255,300.0,put,0.842837020910445,0.862837020910445,0.852837020910445,0.86,0.007162979089554988,0.023255813953488393,1.0,4769.0,783.9225531625412,0.970693612435626,0.039884772335516856,-0.0019020546706089853,-0.9605277565832707,0.4957155395336594,0.49493047402909573,0.49649445106786344,0.18325808426721038,12.788255869974341,deep put wing
2027-06-17,0.7457582659513255,305.0,put,0.8824347431342572,0.8924347431342572,0.8874347431342572,0.895,0.007565256865742831,0.011173184357541908,2.0,84.0,783.9225531625412,0.970693612435626,0.039884772335516856,-0.0019020546706089853,-0.9439984546320601,0.49037065132818325,0.4899947983845905,0.49074509096419383,0.17932755007492188,13.328216441619137,deep put wing
2027-06-17,0.7457582659513255,310.0,put,0.9219812436326826,0.9319812436326825,0.9269812436326826,0.935,0.008018756367317414,0.010695187165775291,1.0,38.0,783.9225531625412,0.970693612435626,0.039884772335516856,-0.0019020546706089853,-0.9277379337602798,0.48537061073772597,0.48501087759014405,0.4857290540822113,0.1756891849805039,13.924232501480647,deep put wing
2027-06-17,0.7457582659513255,315.0,put,0.9614749454527289,0.981474945452729,0.9714749454527289,0.98,0.008525054547271038,0.02040816326530614,1.0,25.0,783.9225531625412,0.970693612435626,0.039884772335516856,-0.0019020546706089853,-0.9117375924138388,0.48067565974242066,0.47998724531466785,0.4813593921645527,0.17230676861019675,14.575997503075616,deep put wing
2027-06-17,0.7457582659513255,320.0,put,1.0009946156076728,1.0209946156076728,1.0109946156076728,1.02,0.009005384392327231,0.01960784313725492,2.0,271.0,783.9225531625412,0.970693612435626,0.039884772335516856,-0.0019020546706089853,-0.8959892354456996,0.4755973039360107,0.4749365900236801,0.4762537163527911,0.16868514695111686,15.18485774617818,deep put wing
2027-06-17,0.7457582659513255,325.0,put,1.0405390715306895,1.0505390715306895,1.0455390715306896,1.0550000000000002,0.00946092846931057,0.009478672985781998,75.0,301.0,783.9225531625412,0.970693612435626,0.039884772335516856,-0.0019020546706089853,-0.8804850489097343,0.4701826134449286,0.46986468279630067,0.47049954519319503,0.16486604017481618,15.751513721849436,deep put wing
2027-06-17,0.7457582659513255,330.0,put,1.0799854957366473,1.0999854957366473,1.0899854957366473,1.1,0.01001450426335282,0.018181818181818195,17.0,188.0,783.9225531625412,0.970693612435626,0.039884772335516856,-0.0019020546706089853,-0.8652175767789458,0.46537980124774103,0.4647690802797155,0.46598686197638095,0.16151510175572736,16.423567981393763,deep put wing
2027-06-17,0.7457582659513255,335.0,put,1.1293729627423894,1.1493729627423894,1.1393729627423894,1.15,0.010627037257610494,0.017391304347826105,6.0,79.0,783.9225531625412,0.970693612435626,0.039884772335516856,-0.0019020546706089853,-0.8501796994144053,0.46083016448840247,0.46024544761721986,0.4614115438220477,0.1583725368987993,17.151493709655952,deep put wing
2027-06-17,0.7457582659513255,340.0,put,1.1688262326824297,1.1888262326824297,1.1788262326824297,1.19,0.011173767317570249,0.016806722689075647,10.0,2905.0,783.9225531625412,0.970693612435626,0.039884772335516856,-0.0019020546706089853,-0.8353646136292648,0.4556714098055926,0.45510772143455347,0.45623199975558465,0.15484658675503132,17.789430736207237,deep put wing
2027-06-17,0.7457582659513255,345.0,put,1.2181746416933465,1.2381746416933466,1.2281746416933466,1.24,0.011825358306653433,0.01612903225806453,1.0,39.0,783.9225531625412,0.970693612435626,0.039884772335516856,-0.0019020546706089853,-0.8207658142081121,0.4510451591918154,0.4505041322965917,0.4515833441877927,0.15171835598583283,18.53227230977456,deep put wing
2027-06-17,0.7457582659513255,350.0,put,1.2675054585061947,1.2875054585061947,1.2775054585061947,1.29,0.012494541493805356,0.015503875968992262,92.0,584.0,783.9225531625412,0.970693612435626,0.039884772335516856,-0.0019020546706089853,-0.8063770767560124,0.44637874831684443,0.4458588407582022,0.4468960417186482,0.14859530779090924,19.282886724469602,deep put wing
2027-06-17,0.7457582659513255,355.0,put,1.3168167874987655,1.3368167874987655,1.3268167874987655,1.34,0.013183212501234554,0.01492537313432837,6.0,365.0,783.9225531625412,0.970693612435626,0.039884772335516856,-0.0019020546706089853,-0.792192441764056,0.4416781432677705,0.4411779708374503,0.44217590461329676,0.14548221097415834,20.041621356128157,deep put wing
2027-06-17,0.7457582659513255,360.0,put,1.3760615689330016,1.3860615689330016,1.3810615689330017,1.395,0.013938431066998325,0.007168458781362013,1.0,173.0,783.9225531625412,0.970693612435626,0.039884772335516856,-0.0019020546706089853,-0.778206199789316,0.43718641388065266,0.436946404163003,0.43742586975291897,0.14253823941680333,20.856604534320912,deep put wing
2027-06-17,0.7457582659513255,365.0,put,1.4252854171883513,1.4452854171883514,1.4352854171883513,1.45,0.014714582811648613,0.013793103448275874,325.0,146.0,783.9225531625412,0.970693612435626,0.039884772335516856,-0.0019020546706089853,-0.7644128776569804,0.43265284113609115,0.43219056299282815,0.4331130780552997,0.13959735695421266,21.68005605601495,deep put wing
2027-06-17,0.7457582659513255,370.0,put,1.4844392147447487,1.5044392147447487,1.4944392147447487,1.51,0.015560785255251286,0.013245033112582794,2.0,177.0,783.9225531625412,0.970693612435626,0.039884772335516856,-0.0019020546706089853,-0.7508072256012017,0.4283028485695538,0.4278586384418458,0.4287451840095002,0.13680437975033877,22.559656524941108,deep put wing
2027-06-17,0.7457582659513255,375.0,put,1.5336640293659425,1.5536640293659425,1.5436640293659425,1.56,0.01633597063405756,0.012820512820512832,2.0,213.0,783.9225531625412,0.970693612435626,0.039884772335516856,-0.0019020546706089853,-0.737384205269061,0.42348215323672284,0.4230530836394888,0.4239094770718565,0.13374215015456228,23.353930258981585,deep put wing
2027-06-17,0.7457582659513255,380.0,put,1.5927680320015283,1.612768032001528,1.6027680320015283,1.62,0.01723196799847182,0.012345679012345552,1.0,225.0,783.9225531625412,0.970693612435626,0.039884772335516856,-0.0019020546706089853,-0.7241389785190403,0.41905883252993975,0.4186456883647199,0.419470365443386,0.1309628366304857,24.252087495998722,deep put wing
2027-06-17,0.7457582659513255,385.0,put,1.651846003690854,1.671846003690854,1.661846003690854,1.68,0.018153996309145937,0.011904761904761916,1.0,238.0,783.9225531625412,0.970693612435626,0.039884772335516856,-0.0019020546706089853,-0.7110668969516876,0.41459826929615956,0.41420006397416254,0.41499498393719353,0.12818967469532014,25.159929369035282,deep put wing
2027-06-17,0.7457582659513255,390.0,put,1.7108954671129815,1.7308954671129815,1.7208954671129815,1.74,0.01910453288701852,0.011494252873563229,1.0,468.0,783.9225531625412,0.970693612435626,0.039884772335516856,-0.0019020546706089853,-0.6981634921157798,0.4101051175172304,0.4097209573230758,0.4104878955030474,0.12542625439786137,26.07787851402802,deep put wing
2027-06-17,0.7457582659513255,395.0,put,1.7798658832611278,1.7898658832611278,1.784865883261128,1.8050000000000002,0.02013411673887222,0.005540166204986154,1.0,118.0,783.9225531625412,0.970693612435626,0.039884772335516856,-0.0019020546706089853,-0.6854244663383499,0.4057667060599174,0.4055817216400205,0.4059513709484032,0.12278657763705776,27.052705675303685,deep put wing
2027-06-17,0.7457582659513255,400.0,put,1.84875201875043,1.8587520187504298,1.85375201875043,1.875,0.021247981249570058,0.0053333333333332195,69.0,4360.0,783.9225531625412,0.970693612435626,0.039884772335516856,-0.0019020546706089853,-0.6728456841314898,0.4015672651274752,0.401389081341731,0.4017451541363451,0.12025819511214236,28.08418109708778,deep put wing
2027-06-17,0.7457582659513255,405.0,put,1.9176023690677406,1.9276023690677406,1.9226023690677405,1.9449999999999998,0.022397630932259327,0.005141388174807203,1.0,66.0,783.9225531625412,0.970693612435626,0.039884772335516856,-0.0019020546706089853,-0.6604231641329328,0.39732237847664953,0.39715057572764595,0.39749390862655976,0.11772918267589828,29.126285025698,deep put wing
2027-06-17,0.7457582659513255,410.0,put,1.9864194021913941,1.9964194021913944,1.991419402191394,2.0149999999999997,0.023580597808605663,0.004962779156327659,1.0,442.0,783.9225531625412,0.970693612435626,0.039884772335516856,-0.0019020546706089853,-0.6481530715411182,0.39303711581435996,0.39287131440388007,0.3932026645702135,0.11520337547359087,30.179586480954033,deep put wing
2027-06-17,0.7457582659513255,415.0,put,2.055197792072605,2.065197792072605,2.060197792072605,2.085,0.02480220792739507,0.004796163069544263,28.0,544.0,783.9225531625412,0.970693612435626,0.039884772335516856,-0.0019020546706089853,-0.6360317110087735,0.3887157300984624,0.3885555848353479,0.3888756407046117,0.11268401344904938,31.244576875485762,deep put wing
2027-06-17,0.7457582659513255,420.0,put,2.1338171995037722,2.143817199503772,2.138817199503772,2.165,0.026182800496227898,0.004618937644341702,39.0,363.0,783.9225531625412,0.970693612435626,0.039884772335516856,-0.0019020546706089853,-0.6240555199620578,0.3846674171139648,0.384513044025158,0.38482157357323343,0.11034912110397473,32.41183697860815,deep put wing
2027-06-17,0.7457582659513255,425.0,put,2.2024502876439906,2.2224502876439907,2.212450287643991,2.24,0.027549712356009337,0.008928571428571435,1.0,1043.0,783.9225531625412,0.970693612435626,0.039884772335516856,-0.0019020546706089853,-0.612221062315055,0.3804223995337337,0.3801238994758975,0.38072009467613604,0.10792703269988008,33.54617744954089,deep put wing
2027-06-17,0.7457582659513255,430.0,put,2.2810415728679185,2.2910415728679183,2.2860415728679184,2.315,0.02895842713208152,0.004319654427645697,1.0,606.0,783.9225531625412,0.970693612435626,0.039884772335516856,-0.0019020546706089853,-0.6005250225518638,0.37614276401068414,0.375998550894789,0.3762867898485913,0.10551239932252163,34.693465303180346,deep put wing
2027-06-17,0.7457582659513255,435.0,put,2.3792941458876107,2.3892941458876105,2.3842941458876106,2.415,0.030705854112389463,0.0041407867494823135,70.0,245.0,783.9225531625412,0.970693612435626,0.039884772335516856,-0.0019020546706089853,-0.5889642001507877,0.37251890540753974,0.3723802211895987,0.3726574181166664,0.10348912431009162,36.07546279593261,deep put wing
2027-06-17,0.7457582659513255,440.0,put,2.447828280847073,2.4578282808470733,2.4528282808470734,2.4850000000000003,0.032171719152926936,0.004024144869215384,11.0,874.0,783.9225531625412,0.970693612435626,0.039884772335516856,-0.0019020546706089853,-0.577535504327165,0.36802492351516436,0.36789045355387107,0.368159232662054,0.10100724784268711,37.2052986096212,deep put wing
2027-06-17,0.7457582659513255,445.0,put,2.5360170545678846,2.5560170545678846,2.546017054567885,2.58,0.03398294543211522,0.007751937984496131,61.0,1421.0,783.9225531625412,0.970693612435626,0.039884772335516856,-0.0019020546706089853,-0.5662359490732315,0.36415717689321353,0.3638976034511042,0.3644161564095423,0.09889533885334505,38.568966068143425,deep put wing
2027-06-17,0.7457582659513255,450.0,put,2.624208132087703,2.644208132087703,2.6342081320877027,2.67,0.03579186791229727,0.007490636704119857,1.0,4906.0,783.9225531625412,0.970693612435626,0.039884772335516856,-0.0019020546706089853,-0.5550626484751063,0.36011025356356874,0.35985936751523284,0.36036058820864975,0.09670948053721115,39.902677611837426,deep put wing
2027-06-17,0.7457582659513255,455.0,put,2.722273340272577,2.7322733402725774,2.727273340272577,2.7649999999999997,0.03772665972742262,0.003616636528029017,5.0,422.0,783.9225531625412,0.970693612435626,0.039884772335516856,-0.0019020546706089853,-0.5440128122885215,0.3561404465535225,0.35601930008673416,0.3562614651927,0.09458900859875201,41.29416369857789,deep put wing
2027-06-17,0.7457582659513255,460.0,put,2.8201436310874035,2.8401436310874035,2.8301436310874037,2.87,0.03985636891259636,0.0069686411149825845,18.0,411.0,783.9225531625412,0.970693612435626,0.039884772335516856,-0.0019020546706089853,-0.5330837417563311,0.3523549178156903,0.35212095978777275,0.35258840360307775,0.09258886288303614,42.785977908207535,deep put wing
2027-06-17,0.7457582659513255,465.0,put,2.918009271639755,2.9380092716397552,2.928009271639755,2.9699999999999998,0.041990728360244756,0.006734006734006741,3.0,955.0,783.9225531625412,0.970693612435626,0.039884772335516856,-0.0019020546706089853,-0.5222728256521155,0.34839979738275634,0.34817358864115333,0.3486255677287862,0.0905219421734555,44.249918514435855,deep put wing
2027-06-17,0.7457582659513255,470.0,put,3.0058660421201115,3.035866042120112,3.0208660421201117,3.065,0.044133957879888275,0.009787928221859787,19.0,758.0,783.9225531625412,0.970693612435626,0.039884772335516856,-0.0019020546706089853,-0.5115775365353674,0.34429057799386914,0.343961800824328,0.34461843517298923,0.08839920337543276,45.68770894356571,deep put wing
2027-06-17,0.7457582659513255,475.0,put,3.1135118666361126,3.1335118666361126,3.1235118666361124,3.17,0.046488133363887574,0.006309148264984233,4.0,2341.0,783.9225531625412,0.970693612435626,0.039884772335516856,-0.0019020546706089853,-0.5009954272048306,0.340354696805881,0.340142760723555,0.3405662529918895,0.08638962165861624,47.226441254358924,deep put wing
2027-06-17,0.7457582659513255,480.0,put,3.240739436558098,3.260739436558098,3.250739436558098,3.3,0.04926056344190188,0.006060606060606067,100.0,368.0,783.9225531625412,0.970693612435626,0.039884772335516856,-0.0019020546706089853,-0.49052412733753525,0.33687728360080493,0.3366729824815411,0.3370812356900309,0.08463334943408296,48.98927807419443,deep put wing
2027-06-17,0.7457582659513255,485.0,put,3.3481383774527176,3.3681383774527176,3.358138377452718,3.41,0.05186162254728233,0.005865102639296193,25.0,485.0,783.9225531625412,0.970693612435626,0.039884772335516856,-0.0019020546706089853,-0.4801613403019886,0.33293428470705955,0.33273650362162516,0.33313174105888055,0.08266375243017551,50.6025643499213,deep put wing
2027-06-17,0.7457582659513255,490.0,put,3.465241888635544,3.495241888635544,3.480241888635544,3.535,0.054758111364455964,0.008486562942008431,15.0,774.0,783.9225531625412,0.970693612435626,0.039884772335516856,-0.0019020546706089853,-0.46990484013479955,0.329229408229133,0.3289425703869444,0.3295155700654966,0.08083423238141936,52.356201761580444,deep put wing
2027-06-17,0.7457582659513255,495.0,put,3.5922224270282377,3.6122224270282377,3.602222427028238,3.66,0.057777572971762226,0.005464480874316944,1.0,900.0,783.9225531625412,0.970693612435626,0.039884772335516856,-0.0019020546706089853,-0.45975246867078146,0.32546443359766386,0.32527954331044906,0.3256490453394348,0.07899600857648596,54.126966101256485,deep put wing
2027-06-17,0.7457582659513255,500.0,put,3.719014033107331,3.739014033107331,3.7290140331073314,3.79,0.060985966892668664,0.0052770448548812715,78.0,8741.0,783.9225531625412,0.970693612435626,0.039884772335516856,-0.0019020546706089853,-0.44970213281728005,0.3217318963838096,0.32155305493083175,0.32191047968930114,0.07719449197745397,55.95589432308463,deep put wing
2027-06-17,0.7457582659513255,505.0,put,3.855536327558903,3.875536327558903,3.8655363275589028,3.9299999999999997,0.06446367244109696,0.005089058524173033,3.0,1704.0,783.9225531625412,0.970693612435626,0.039884772335516856,-0.0019020546706089853,-0.43975180196411207,0.31811223657348714,0.3179393529298078,0.3182848815597533,0.07546730234055402,57.882382428093294,deep put wing
2027-06-17,0.7457582659513255,510.0,put,3.9918626634774483,4.021862663477449,4.006862663477448,4.074999999999999,0.06813733652255127,0.0073619631901841115,82.0,613.0,783.9225531625412,0.970693612435626,0.039884772335516856,-0.0019020546706089853,-0.42989950552110034,0.31451047257604675,0.31425966527062216,0.3147607834690468,0.07376804910298905,59.86624164963737,deep put wing
2027-06-17,0.7457582659513255,515.0,put,4.137970362583374,4.167970362583374,4.152970362583374,4.225,0.07202963741662582,0.007100591715976391,1.0,1241.0,783.9225531625412,0.970693612435626,0.039884772335516856,-0.0019020546706089853,-0.4201433305757357,0.31092260167228297,0.31068007419780364,0.3111646702326226,0.07209458759320578,61.90735391061414,deep put wing
2027-06-17,0.7457582659513255,520.0,put,4.283904028831592,4.313904028831591,4.298904028831592,4.375,0.07609597116840838,0.006857142857142711,8.0,2057.0,783.9225531625412,0.970693612435626,0.039884772335516856,-0.0019020546706089853,-0.4104814196639987,0.3072678459479816,0.30703313896318735,0.30750212782717534,0.07040966978386845,63.96751847601464,deep put wing
2027-06-17,0.7457582659513255,525.0,put,4.45929617938253,4.47929617938253,4.46929617938253,4.55,0.08070382061746972,0.004395604395604302,2.0,1551.0,783.9225531625412,0.970693612435626,0.039884772335516856,-0.0019020546706089853,-0.40091196864784806,0.3039229746585309,0.30377191291533545,0.30407386270093895,0.06888507542133564,66.23622718180704,deep put wing
2027-06-17,0.7457582659513255,530.0,put,4.624505303026373,4.654505303026373,4.639505303026373,4.725,0.085494696973627,0.006349206349206402,1.0,2162.0,783.9225531625412,0.970693612435626,0.039884772335516856,-0.0019020546706089853,-0.3914332246933044,0.30049542107685123,0.30027633370104784,0.3007141482894595,0.06734010559396496,68.52226038282501,deep put wing
2027-06-17,0.7457582659513255,535.0,put,4.799527376088379,4.81952737608838,4.80952737608838,4.9,0.09047262391162025,0.0040816326530613185,31.0,2830.0,783.9225531625412,0.970693612435626,0.039884772335516856,-0.0019020546706089853,-0.38204348434346524,0.2969905553329949,0.2968492928793312,0.29713166995477985,0.06577840714536141,70.82732301910005,deep put wing
2027-06-17,0.7457582659513255,540.0,put,4.974150339233948,5.004150339233948,4.989150339233948,5.085,0.09584966076605195,0.005899705014749137,10.0,2963.0,783.9225531625412,0.970693612435626,0.039884772335516856,-0.0019020546706089853,-0.37274109168115177,0.2935469612505778,0.2933419587750324,0.2937516569560434,0.06426185439165862,73.22472895645186,deep put wing
2027-06-17,0.7457582659513255,545.0,put,5.158458359489194,5.188458359489195,5.173458359489195,5.275,0.10154164051080539,0.005687203791469241,1.0,4144.0,783.9225531625412,0.970693612435626,0.039884772335516856,-0.0019020546706089853,-0.3635244365762277,0.29009119694769825,0.289892846473354,0.2902892643712325,0.06275772267788471,75.6778019764077,deep put wing
2027-06-17,0.7457582659513255,550.0,put,5.362178993482166,5.392178993482166,5.377178993482166,5.484999999999999,0.10782100651783377,0.0054694621695533735,202.0,4184.0,783.9225531625412,0.970693612435626,0.039884772335516856,-0.0019020546706089853,-0.35439195301295523,0.286809919358168,0.2866181969814804,0.2870013816720716,0.06134602263642574,78.29131199476033,deep put wing
2027-06-17,0.7457582659513255,555.0,put,5.565532747530135,5.605532747530135,5.585532747530134,5.699999999999999,0.11446725246986489,0.00701754385964913,194.0,1903.0,783.9225531625412,0.970693612435626,0.039884772335516856,-0.0019020546706089853,-0.3453421174930374,0.2835005746247595,0.2832533184460959,0.28374740569075907,0.05993851276802279,80.9575033717613,deep put wing
2027-06-17,0.7457582659513255,560.0,put,5.778517852076171,5.818517852076171,5.798517852076171,5.92,0.12148214792382905,0.006756756756756763,200.0,2178.0,783.9225531625412,0.970693612435626,0.039884772335516856,-0.0019020546706089853,-0.33637344751027687,0.2801625801395556,0.2799233693163365,0.2804013997920778,0.058535365233145197,83.67680713045648,deep put wing
2027-06-17,0.7457582659513255,565.0,put,6.0109041917852135,6.040904191785214,6.025904191785213,6.154999999999999,0.12909580821478617,0.004874086108854631,573.0,3703.0,783.9225531625412,0.970693612435626,0.039884772335516856,-0.0019020546706089853,-0.32748450009303093,0.2769083447910124,0.27673486412018855,0.2770816234165422,0.05718342489618894,86.51541559889579,deep put wing
2027-06-17,0.7457582659513255,570.0,put,6.2427605336333425,6.2827605336333425,6.262760533633343,6.4,0.1372394663666574,0.0062500000000000056,241.0,2715.0,783.9225531625412,0.970693612435626,0.039884772335516856,-0.0019020546706089853,-0.3186738704108759,0.27367121195408145,0.27344742746875944,0.27389466676919594,0.05585426056336954,89.43769761489035,deep put wing
2027-06-17,0.7457582659513255,575.0,put,6.494081162129867,6.5240811621298676,6.509081162129867,6.654999999999999,0.14591883787013238,0.0045078888054095045,10.0,3320.0,783.9225531625412,0.970693612435626,0.039884772335516856,-0.0019020546706089853,-0.3099401904421214,0.27044580145846897,0.2702834530137191,0.2706079797725785,0.05454545426527743,92.44236324564706,deep put wing
2027-06-17,0.7457582659513255,580.0,put,6.754624615972355,6.794624615972355,6.774624615972354,6.93,0.1553753840276455,0.005772005772005777,186.0,2736.0,783.9225531625412,0.970693612435626,0.039884772335516856,-0.0019020546706089853,-0.30128212769900686,0.2673293007417885,0.26711993503898523,0.26753838972782196,0.05329558094326086,95.58990568915019,deep put wing
2027-06-17,0.7457582659513255,585.0,put,7.014913017023153,7.044913017023153,7.029913017023153,7.195,0.1650869829768471,0.004169562195969458,23.0,2499.0,783.9225531625412,0.970693612435626,0.039884772335516856,-0.0019020546706089853,-0.2926983840076153,0.2640087105583115,0.2638566520194446,0.26416062602234713,0.05197979803294218,98.69270658014884,deep put wing
2027-06-17,0.7457582659513255,590.0,put,7.2941454661146,7.3341454661146,7.3141454661146,7.49,0.17585453388540007,0.005340453938584784,10.0,2303.0,783.9225531625412,0.970693612435626,0.039884772335516856,-0.0019020546706089853,-0.2841876943397067,0.26088363401945525,0.2606874293078304,0.2610796060833053,0.05075650930765936,101.99491478416903,deep put wing
2027-06-17,0.7457582659513255,595.0,put,7.602341071484317,7.642341071484317,7.622341071484318,7.8100000000000005,0.1876589285156829,0.00512163892445583,4.0,1899.0,783.9225531625412,0.970693612435626,0.039884772335516856,-0.0019020546706089853,-0.275748825693842,0.2578840849892596,0.2576943291783248,0.25807362870340617,0.04959605783306588,105.45764141286912,deep put wing
2027-06-17,0.7457582659513255,600.0,put,7.919900641890637,7.949900641890638,7.934900641890637,8.135,0.2000993581093624,0.0036877688998157515,10.0,7203.0,783.9225531625412,0.970693612435626,0.039884772335516856,-0.0019020546706089853,-0.26738057602332543,0.25481352065047214,0.25467580162897013,0.25495113076309256,0.0484220322335582,108.96054584289205,deep put wing
2027-06-17,0.7457582659513255,605.0,put,8.236583941874915,8.276583941874916,8.256583941874915,8.469999999999999,0.2134160581250839,0.0047225501770957416,21.0,2109.0,783.9225531625412,0.970693612435626,0.039884772335516856,-0.0019020546706089853,-0.2590817732086304,0.25171610065386407,0.2515382840471406,0.2518937404821941,0.04725198600504735,112.53144815945123,deep put wing
2027-06-17,0.7457582659513255,610.0,put,8.59201711958352,8.62201711958352,8.60701711958352,8.835,0.22798288041648007,0.0033955857385398252,1.0,2339.0,783.9225531625412,0.970693612435626,0.039884772335516856,-0.0019020546706089853,-0.2508512740721148,0.24875831533711515,0.24862926687023,0.2488872733530689,0.046148043117209575,116.27618849822889,deep put wing
2027-06-17,0.7457582659513255,615.0,put,8.946562154917316,8.976562154917318,8.961562154917317,9.205,0.24343784508268307,0.00325909831613266,2.0,2510.0,783.9225531625412,0.970693612435626,0.039884772335516856,-0.0019020546706089853,-0.24268796343295398,0.2457167117564537,0.2455917273053077,0.24584161381909095,0.04502642491283193,120.05453588402851,deep put wing
2027-06-17,0.7457582659513255,620.0,put,9.329517283446712,9.369517283446713,9.349517283446712,9.61,0.2604827165532875,0.004162330905307069,1.0,3042.0,783.9225531625412,0.970693612435626,0.039884772335516856,-0.0019020546706089853,-0.2345907532003345,0.24283008021176425,0.24266874661949073,0.24299128094946648,0.04397471590214019,124.01786849610416,deep put wing
2027-06-17,0.7457582659513255,625.0,put,9.731245624041055,9.771245624041056,9.751245624041056,10.030000000000001,0.27875437595894503,0.0039880358923231225,13.0,3511.0,783.9225531625412,0.970693612435626,0.039884772335516856,-0.0019020546706089853,-0.22655858150307032,0.23992503214407396,0.23976879042671645,0.24008115339116087,0.042928844518937616,128.05621232277076,deep put wing
2027-06-17,0.7457582659513255,630.0,put,10.13195142329777,10.17195142329777,10.151951423297769,10.45,0.2980485767022305,0.0038277511961723374,2.0,2649.0,783.9225531625412,0.970693612435626,0.039884772335516856,-0.0019020546706089853,-0.2185904118538935,0.23688543246572566,0.2367339724286719,0.2370367830230227,0.04184800741781481,132.0958284648591,deep put wing
2027-06-17,0.7457582659513255,635.0,put,10.570594037432771,10.62059403743277,10.59559403743277,10.915,0.3194059625672292,0.00458085203847906,50.0,2834.0,783.9225531625412,0.970693612435626,0.039884772335516856,-0.0019020546706089853,-0.21068523234678013,0.2340401507171054,0.2338567128207384,0.2342234339774608,0.040848754009902156,136.34345241438592,deep put wing
2027-06-17,0.7457582659513255,640.0,put,11.018045998338708,11.05804599833871,11.038045998338708,11.379999999999999,0.341954001661291,0.0035149384885765312,1.0,1212.0,783.9225531625412,0.970693612435626,0.039884772335516856,-0.0019020546706089853,-0.2028420548857543,0.23105165369464628,0.23090934660575443,0.23119387112997558,0.03981220559961364,140.58546716099193,deep put wing
2027-06-17,0.7457582659513255,645.0,put,11.503086587220546,11.543086587220547,11.523086587220547,11.89,0.36691341277945355,0.0033641715727502877,12.0,2477.0,783.9225531625412,0.970693612435626,0.039884772335516856,-0.0019020546706089853,-0.19505991444369927,0.22822839199188552,0.22809043258644132,0.22836627057153264,0.03884520489654555,145.0127028132176,deep put wing
2027-06-17,0.7457582659513255,650.0,put,12.015940829240604,12.055940829240603,12.035940829240603,12.43,0.39405917075939634,0.0032180209171358927,1.0,3197.0,783.9225531625412,0.970693612435626,0.039884772335516856,-0.0019020546706089853,-0.18733786834978902,0.22545024152232063,0.22531646736028502,0.22558394298313378,0.03790526049360905,149.54637754429007,deep put wing
2027-06-17,0.7457582659513255,655.0,put,12.526952306697659,12.57695230669766,12.55195230669766,12.975,0.4230476933023404,0.0038535645472062207,6.0,1810.0,783.9225531625412,0.970693612435626,0.039884772335516856,-0.0019020546706089853,-0.17967499560421996,0.2225463104524177,0.22238400569552996,0.22270851290529958,0.0369350654523465,154.07983791010886,deep put wing
2027-06-17,0.7457582659513255,660.0,put,13.0949906329275,13.144990632927499,13.119990632927498,13.575,0.45500936707250084,0.0036832412523019474,3.0,4081.0,783.9225531625412,0.970693612435626,0.039884772335516856,-0.0019020546706089853,-0.17207039621900055,0.21982833987787334,0.21967085977475806,0.21998572836456523,0.036038394587245816,158.7964561592723,deep put wing
2027-06-17,0.7457582659513255,665.0,put,13.660924277360635,13.710924277360634,13.685924277360636,14.175,0.48907572263936494,0.0035273368606701188,6.0,2935.0,783.9225531625412,0.970693612435626,0.039884772335516856,-0.0019020546706089853,-0.1645231905836177,0.21694192759165776,0.2167889639201377,0.21709480907684223,0.03509821783769208,163.48146548752484,deep put wing
2027-06-17,0.7457582659513255,670.0,put,14.292945883187954,14.352945883187955,14.322945883187955,14.850000000000001,0.527054116812046,0.004040404040404073,1.0,4449.0,783.9225531625412,0.970693612435626,0.039884772335516856,-0.0019020546706089853,-0.15703251885446,0.21432870548743627,0.21415048815237633,0.21450681748441142,0.03425774383376071,168.383617564346,deep put wing
2027-06-17,0.7457582659513255,675.0,put,14.94215653510161,14.99215653510161,14.96715653510161,15.535,0.5678434648983899,0.0032185387833923856,1.0,3529.0,783.9225531625412,0.970693612435626,0.039884772335516856,-0.0019020546706089853,-0.14959754036694198,0.2115890315289967,0.2114447126659746,0.2117332852622108,0.03338753661087992,173.26666450189813,put wing
2027-06-17,0.7457582659513255,680.0,put,15.598058627393641,15.65805862739364,15.628058627393642,16.240000000000002,0.6119413726063598,0.0036945812807880982,62.0,7346.0,783.9225531625412,0.970693612435626,0.039884772335516856,-0.0019020546706089853,-0.14221743306931947,0.20877859871209245,0.20861016770616517,0.20894694631737512,0.03250648662164438,178.15863330675478,put wing
2027-06-17,0.7457582659513255,685.0,put,16.3096778205558,16.369677820555804,16.339677820555803,17.0,0.6603221794441971,0.003529411764706016,38.0,16306.0,783.9225531625412,0.970693612435626,0.039884772335516856,-0.0019020546706089853,-0.1348913929772465,0.20608067110449807,0.20591683178517803,0.206244436655043,0.031671789018093484,183.14750638331392,put wing
2027-06-17,0.7457582659513255,690.0,put,17.056988704636137,17.106988704636137,17.08198870463614,17.795,0.713011295363863,0.0028097780275358644,6.0,2762.0,783.9225531625412,0.970693612435626,0.039884772335516856,-0.0019020546706089853,-0.12761863364816678,0.2033713435260629,0.20323845298316323,0.20350418890287406,0.0308444898153327,188.15675217002786,put wing
2027-06-17,0.7457582659513255,695.0,put,17.829604633019674,17.889604633019673,17.859604633019675,18.630000000000003,0.7703953669803276,0.003220611916264021,2.0,2092.0,783.9225531625412,0.970693612435626,0.039884772335516856,-0.0019020546706089853,-0.12039838567467963,0.20066657968404542,0.20051125805501419,0.20082184420266805,0.030029504923403023,193.18315345390982,put wing
2027-06-17,0.7457582659513255,700.0,put,18.646887314325546,18.706887314325545,18.676887314325544,19.509999999999998,0.833112685674454,0.003075345976422282,4.0,9137.0,783.9225531625412,0.970693612435626,0.039884772335516856,-0.0019020546706089853,-0.11322989619606715,0.19797896700667258,0.19782759433669722,0.1981302897741232,0.029230495918931267,198.2190759699327,put wing
2027-06-17,0.7457582659513255,705.0,put,19.488411122236254,19.558411122236254,19.523411122236254,20.425,0.9015888777637464,0.003427172582619353,213.0,2698.0,783.9225531625412,0.970693612435626,0.039884772335516856,-0.0019020546706089853,-0.10611242842720321,0.19524658788692428,0.19507433433953067,0.1954187823451615,0.028429222441500843,203.2237448111504,put wing
2027-06-17,0.7457582659513255,710.0,put,20.343696318109327,20.453696318109326,20.398696318109327,21.375,0.9763036818906734,0.00514619883040933,5.0,14322.0,783.9225531625412,0.970693612435626,0.039884772335516856,-0.0019020546706089853,-0.09904526120411068,0.19246071637425144,0.19219646069294766,0.19272484576916654,0.027623726899397256,208.1815902308721,put wing
2027-06-17,0.7457582659513255,715.0,put,21.290985990207602,21.4209859902076,21.3559859902076,22.415,1.0590140097923992,0.005799687709123311,2.0,2230.0,783.9225531625412,0.970693612435626,0.039884772335516856,-0.0019020546706089853,-0.09202768854546418,0.18986492054093104,0.189559915413346,0.19016977468143517,0.02688360709149027,213.16403737587908,put wing
2027-06-17,0.7457582659513255,720.0,put,22.24135498620978,22.361354986209783,22.301354986209784,23.450000000000003,1.1486450137902189,0.005117270788912622,5.0,3558.0,783.9225531625412,0.970693612435626,0.039884772335516856,-0.0019020546706089853,-0.08505901922937077,0.1870053018996995,0.18673000567990078,0.187280488375541,0.02607989959490205,217.99058108511656,put wing
2027-06-17,0.7457582659513255,725.0,put,23.31151232443231,23.421512324432314,23.366512324432314,24.615000000000002,1.248487675567688,0.004468819825309891,19.0,1325.0,783.9225531625412,0.970693612435626,0.039884772335516856,-0.0019020546706089853,-0.07813857638479704,0.18447954600678476,0.18423268624715478,0.18472632841909561,0.02538016949651447,222.83352952049606,put wing
2027-06-17,0.7457582659513255,730.0,put,24.39205770424079,24.532057704240792,24.46205770424079,25.82,1.3579422957592087,0.005422153369481045,5.0,4321.0,783.9225531625412,0.970693612435626,0.039884772335516856,-0.0019020546706089853,-0.07126569709703505,0.18186290055170964,0.1815551960977929,0.1821705010498862,0.024665294349794576,227.52953070202187,put wing
2027-06-17,0.7457582659513255,735.0,put,25.531742459026834,25.65174245902683,25.591742459026833,27.07,1.4782575409731677,0.004432951606944863,7.0,2263.0,783.9225531625412,0.970693612435626,0.039884772335516856,-0.0019020546706089853,-0.06443973202663511,0.17916592341812995,0.17890734149383222,0.17942444285585196,0.02393915960679407,232.06286634104353,put wing
2027-06-17,0.7457582659513255,740.0,put,26.728700971575826,26.848700971575827,26.788700971575825,28.4,1.611299028424174,0.0042253521126760915,8.0,3022.0,783.9225531625412,0.970693612435626,0.039884772335516856,-0.0019020546706089853,-0.0576600450412564,0.1765217696088873,0.1762679765748478,0.17677551256697027,0.023237779201527163,236.43647229258755,put wing
2027-06-17,0.7457582659513255,745.0,put,27.981730009638753,28.091730009638756,28.036730009638756,29.795,1.7582699903612458,0.0036918946131902323,6.0,1794.0,783.9225531625412,0.970693612435626,0.039884772335516856,-0.0019020546706089853,-0.05092601285991225,0.17384837522539434,0.1736197640620324,0.17407695349629748,0.022539244155691925,240.60051180487395,put wing
2027-06-17,0.7457582659513255,750.0,put,29.25911479043909,29.39911479043909,29.32911479043909,31.25,1.920885209560911,0.004480000000000018,8.0,7742.0,783.9225531625412,0.970693612435626,0.039884772335516856,-0.0019020546706089853,-0.04423702470911569,0.1711074866092822,0.1708211890733215,0.17139374383155892,0.021834140458058905,244.51813006382915,ATM
2027-06-17,0.7457582659513255,755.0,put,30.70859257121331,30.858592571213308,30.783592571213312,32.885000000000005,2.1014074287866933,0.004561350159647212,3.0,2022.0,783.9225531625412,0.970693612435626,0.039884772335516856,-0.0019020546706089853,-0.03759248199044715,0.16876382605438875,0.16846163293598976,0.1690659860469426,0.021240111939655273,248.19929658043282,ATM
2027-06-17,0.7457582659513255,760.0,put,32.198530416457686,32.31853041645768,32.25853041645769,34.56,2.301469583542314,0.003472222222222148,2.0,4555.0,783.9225531625412,0.970693612435626,0.039884772335516856,-0.0019020546706089853,-0.030991797959095027,0.16622519154729154,0.16598664675962863,0.1664637221424987,0.020605908162870484,251.53258881472792,ATM
2027-06-17,0.7457582659513255,765.0,put,33.6856706953015,33.815670695301506,33.75067069530151,36.275000000000006,2.5243293046984974,0.003583735354927706,135.0,2208.0,783.9225531625412,0.970693612435626,0.039884772335516856,-0.0019020546706089853,-0.024434397412935998,0.16347359798497743,0.16321818061433846,0.16372900538892277,0.019929358451472694,254.49040757432041,ATM
2027-06-17,0.7457582659513255,770.0,put,35.29753437186401,35.43753437186401,35.36753437186401,38.14,2.77246562813599,0.0036706869428421753,2.0,2263.0,783.9225531625412,0.970693612435626,0.039884772335516856,-0.0019020546706089853,-0.017919716391742235,0.16092057556005737,0.1606482500817293,0.1611928956003253,0.019311732194848615,257.04793098378184,ATM
2027-06-17,0.7457582659513255,775.0,put,37.01176517442896,37.171765174428955,37.09176517442896,40.14,3.0482348255710434,0.003986048829098071,6.0,1864.0,783.9225531625412,0.970693612435626,0.039884772335516856,-0.0019020546706089853,-0.011447201886124818,0.1584798092397812,0.15817110097988973,0.15878851610848008,0.018730352696670276,259.1449337558294,ATM
2027-06-17,0.7457582659513255,780.0,put,38.78275575275297,38.93275575275297,38.85775575275297,42.215,3.3572442472470314,0.0035532393698921843,9.0,2012.0,783.9225531625412,0.970693612435626,0.039884772335516856,-0.0019020546706089853,-0.0050163115558344365,0.15588384514915485,0.15559619132811617,0.15617150063793478,0.018121756708598016,260.7293123576743,ATM
2027-06-17,0.7457582659513255,785.0,call,39.75,39.89,39.82,39.82,0.0,0.0035158211953792208,1.0,3463.0,783.9225531625412,0.970693612435626,0.039884772335516856,-0.0019020546706089853,0.0013734865429365305,0.1538866797726561,0.1536192463680924,0.15415411517955635,0.017660383687094678,261.74642704087927,ATM
2027-06-17,0.7457582659513255,790.0,call,36.99,37.09,37.040000000000006,37.040000000000006,0.0,0.0026997840172786557,84.0,2359.0,783.9225531625412,0.970693612435626,0.039884772335516856,-0.0019020546706089853,0.007722714221595453,0.15179670303243525,0.15160597483928037,0.15198743142336393,0.017183940238695485,262.15303276864745,ATM
2027-06-17,0.7457582659513255,795.0,call,34.23,34.38,34.305,34.305,0.0,0.004372540445999292,62.0,3677.0,783.9225531625412,0.970693612435626,0.039884772335516856,-0.0019020546706089853,0.01403188341486013,0.14952573991739868,0.14923937328291662,0.14981210236168002,0.01667362370876912,261.90394237572593,ATM
2027-06-17,0.7457582659513255,800.0,call,31.68,31.79,31.735,31.735,0.0,0.00346620450606584,10.0,16892.0,783.9225531625412,0.970693612435626,0.039884772335516856,-0.0019020546706089853,0.020301496428455485,0.14752101713892657,0.14731025528915404,0.14773177256380077,0.0162295273460189,260.96202849327227,ATM
2027-06-17,0.7457582659513255,805.0,call,29.23,29.34,29.285,29.285,0.0,0.0037561891753457206,43.0,2374.0,783.9225531625412,0.970693612435626,0.039884772335516856,-0.0019020546706089853,0.026532046179091516,0.14560226153210182,0.14539014399160374,0.14581436653554516,0.01581008908187461,259.2978780830695,ATM
2027-06-17,0.7457582659513255,810.0,call,26.87,27.01,26.94,26.94,0.0,0.005196733481811454,11.0,3238.0,783.9225531625412,0.970693612435626,0.039884772335516856,-0.0019020546706089853,0.03272401642701255,0.14370429928576872,0.1434317846145406,0.14397678001678457,0.015400598490515293,256.8829351077413,ATM
2027-06-17,0.7457582659513255,815.0,call,24.68,24.8,24.740000000000002,24.740000000000002,0.0,0.004850444624090581,1.0,2686.0,783.9225531625412,0.970693612435626,0.039884772335516856,-0.0019020546706089853,0.03887788200139098,0.1419777131948887,0.14174121429393385,0.14221417397239916,0.015032749803428027,253.72145543400967,ATM
2027-06-17,0.7457582659513255,820.0,call,22.57,22.7,22.634999999999998,22.634999999999998,0.0,0.005743317870554408,4.0,2986.0,783.9225531625412,0.970693612435626,0.039884772335516856,-0.0019020546706089853,0.04499410901882703,0.14022350509795642,0.13996324446085828,0.14048370083073608,0.014663569883448076,249.78084888527152,ATM
2027-06-17,0.7457582659513255,825.0,call,20.58,20.66,20.619999999999997,20.619999999999997,0.0,0.0038797284190107595,21.0,3422.0,783.9225531625412,0.970693612435626,0.039884772335516856,-0.0019020546706089853,0.05107315509520917,0.13841524142524847,0.13825198496929988,0.13857846342209326,0.01428781784864258,245.03917709399138,call wing
2027-06-17,0.7457582659513255,830.0,call,18.78,18.89,18.835,18.835,0.0,0.005840191133527976,7.0,2675.0,783.9225531625412,0.970693612435626,0.039884772335516856,-0.0019020546706089853,0.057115469551171756,0.13712983944101262,0.1369003550788181,0.13735923584843882,0.014023680567010994,239.71377461695965,call wing
2027-06-17,0.7457582659513255,835.0,call,17.07,17.17,17.12,17.12,0.0,0.005841121495327186,2.0,2260.0,783.9225531625412,0.970693612435626,0.039884772335516856,-0.0019020546706089853,0.06312149361138358,0.13572047934121179,0.13550642429421314,0.1359344376710705,0.013736903437502055,233.63765810924653,call wing
2027-06-17,0.7457582659513255,840.0,call,15.5,15.61,15.555,15.555,0.0,0.007071681131468945,36.0,4896.0,783.9225531625412,0.970693612435626,0.039884772335516856,-0.0019020546706089853,0.06909166059788757,0.13453200984566546,0.13428964796232873,0.13477421887763633,0.013497375697034573,227.00511815807218,call wing
2027-06-17,0.7457582659513255,845.0,call,14.04,14.11,14.075,14.075,0.0,0.004973357015985811,11.0,3976.0,783.9225531625412,0.970693612435626,0.039884772335516856,-0.0019020546706089853,0.07502639611770208,0.13329433707386099,0.13313501001522976,0.1334535838988555,0.013250170720012932,219.72933377860454,call wing
2027-06-17,0.7457582659513255,850.0,call,12.67,12.76,12.715,12.715,0.0,0.007078254030672423,12.0,4683.0,783.9225531625412,0.970693612435626,0.039884772335516856,-0.0019020546706089853,0.08092611824489032,0.1321744069969186,0.13196202837073007,0.13238661533322638,0.01302845199159434,211.97089343992167,call wing
2027-06-17,0.7457582659513255,855.0,call,11.47,11.52,11.495000000000001,11.495000000000001,0.0,0.004349717268377462,1.0,4145.0,783.9225531625412,0.970693612435626,0.039884772335516856,-0.0019020546706089853,0.08679123769728836,0.1312931998897712,0.13117057313672437,0.13141575993554963,0.012855309647216262,203.92622264334517,call wing
2027-06-17,0.7457582659513255,860.0,call,10.34,10.39,10.365,10.365,0.0,0.004823926676314589,8.0,5892.0,783.9225531625412,0.970693612435626,0.039884772335516856,-0.0019020546706089853,0.09262215800808152,0.130437305593298,0.13030939273238634,0.13056513409616124,0.012688249618387496,195.51011531948157,call wing
2027-06-17,0.7457582659513255,865.0,call,9.32,9.37,9.344999999999999,9.344999999999999,0.0,0.005350454788656922,1.0,12707.0,783.9225531625412,0.970693612435626,0.039884772335516856,-0.0019020546706089853,0.09841927569240759,0.12973184150137648,0.1295980470088806,0.12986553002307666,0.012551373152891187,186.92787333163852,call wing
2027-06-17,0.7457582659513255,870.0,call,8.4,8.44,8.42,8.42,0.0,0.004750593824227927,2.0,3174.0,783.9225531625412,0.970693612435626,0.039884772335516856,-0.0019020546706089853,0.10418298040915763,0.1291313969517691,0.12901913942796917,0.12924356966430445,0.012435457692959869,178.22919704437115,call wing
2027-06-17,0.7457582659513255,875.0,call,7.52,7.56,7.539999999999999,7.539999999999999,0.0,0.005305039787798413,2.0,1901.0,783.9225531625412,0.970693612435626,0.039884772335516856,-0.0019020546706089853,0.10991365511814262,0.1283758938385897,0.12825761425872273,0.12849406672852892,0.012290372242074724,169.1673069938086,call wing
2027-06-17,0.7457582659513255,880.0,call,6.75,6.79,6.77,6.77,0.0,0.005908419497784348,23.0,5979.0,783.9225531625412,0.970693612435626,0.039884772335516856,-0.0019020546706089853,0.1156116762327803,0.12786542418076438,0.12774060062704745,0.12799011466841764,0.012192824511938708,160.3117637778871,call wing
2027-06-17,0.7457582659513255,885.0,call,6.04,6.08,6.0600000000000005,6.0600000000000005,0.0,0.006600660066006606,4.0,9640.0,783.9225531625412,0.970693612435626,0.039884772335516856,-0.0019020546706089853,0.12127741376845763,0.12733525777308496,0.1272030699872492,0.12746727926667187,0.012091924291995921,151.3953159419021,call wing
2027-06-17,0.7457582659513255,890.0,call,5.41,5.44,5.425000000000001,5.425000000000001,0.0,0.005529953917050736,8.0,10883.0,783.9225531625412,0.970693612435626,0.039884772335516856,-0.0019020546706089853,0.1269112314867138,0.12691073983386694,0.1268055339130088,0.12701582919920124,0.012011433120561042,142.65667408944046,call wing
2027-06-17,0.7457582659513255,895.0,call,4.82,4.85,4.835,4.835,0.0,0.006204756980351471,30.0,15154.0,783.9225531625412,0.970693612435626,0.039884772335516856,-0.0019020546706089853,0.1325134870353836,0.12641383108675222,0.12630172324154207,0.1265257929275218,0.011917557670266974,133.88707277621359,call wing
2027-06-17,0.7457582659513255,900.0,call,4.31,4.34,4.324999999999999,4.324999999999999,0.0,0.006936416184971157,4.0,10622.0,783.9225531625412,0.970693612435626,0.039884772335516856,-0.0019020546706089853,0.13808453208483895,0.1261353514441693,0.12601582218863105,0.12625469928571312,0.011865108636035718,125.58778198009466,call wing
2027-06-17,0.7457582659513255,905.0,call,3.84,3.87,3.855,3.855,0.0,0.007782101167315239,1.0,7067.0,783.9225531625412,0.970693612435626,0.039884772335516856,-0.0019020546706089853,0.14362471246045427,0.12580861712206978,0.125680723274234,0.1259362845440392,0.011803718753913145,117.38890826336957,call wing
2027-06-17,0.7457582659513255,910.0,call,3.42,3.45,3.435,3.435,0.0,0.008733624454148544,1.0,3036.0,783.9225531625412,0.970693612435626,0.039884772335516856,-0.0019020546706089853,0.14913436827142384,0.1255429337712779,0.12540580745062216,0.12567977769928207,0.011753917074882136,109.50121940058584,call wing
2027-06-17,0.7457582659513255,915.0,call,3.04,3.06,3.05,3.05,0.0,0.006557377049180334,2.0,5341.0,783.9225531625412,0.970693612435626,0.039884772335516856,-0.0019020546706089853,0.15461383403604959,0.1252347112215664,0.1251363868252062,0.1253328783172123,0.011696273447231875,101.78572858412117,deep call wing
2027-06-17,0.7457582659513255,920.0,call,2.69,2.72,2.705,2.705,0.0,0.011090573012939094,50.0,4935.0,783.9225531625412,0.970693612435626,0.039884772335516856,-0.0019020546706089853,0.1600634388036142,0.12495752104077167,0.12479838210323041,0.1251162158939897,0.011644554492438512,94.38937068362374,deep call wing
2027-06-17,0.7457582659513255,925.0,call,2.4,2.43,2.415,2.415,0.0,0.012422360248447308,4.0,3646.0,783.9225531625412,0.970693612435626,0.039884772335516856,-0.0019020546706089853,0.16548350627295338,0.1249224083361047,0.12475105884568782,0.12509320724261946,0.011638011239122266,87.68174882636342,deep call wing
2027-06-17,0.7457582659513255,930.0,call,2.13,2.15,2.1399999999999997,2.1399999999999997,0.0,0.009345794392523374,5.0,2990.0,783.9225531625412,0.970693612435626,0.039884772335516856,-0.0019020546706089853,0.17087435490782976,0.12472745095830826,0.1246038572172187,0.12485073759735597,0.011601714377456229,81.01115978389205,deep call wing
2027-06-17,0.7457582659513255,935.0,call,1.89,1.92,1.9049999999999998,1.9049999999999998,0.0,0.01574803149606301,3.0,1276.0,783.9225531625412,0.970693612435626,0.039884772335516856,-0.0019020546706089853,0.17623629804921512,0.12469744230805949,0.12449679509303647,0.12489722941245084,0.011596132448140985,74.91937305577426,deep call wing
2027-06-17,0.7457582659513255,940.0,call,1.68,1.7,1.69,1.69,0.0,0.011834319526627229,1.0,1553.0,783.9225531625412,0.970693612435626,0.039884772335516856,-0.0019020546706089853,0.18156964402457784,0.12461815884044553,0.12447311923465336,0.12476271998925878,0.011581391338782106,69.06097761234952,deep call wing
2027-06-17,0.7457582659513255,945.0,call,1.49,1.52,1.505,1.505,0.0,0.019933554817275767,1.0,3283.0,783.9225531625412,0.970693612435626,0.039884772335516856,-0.0019020546706089853,0.18687469625427097,0.12466572525663,0.12442962548626685,0.12490048666876678,0.011590234197981086,63.714074381338605,deep call wing
2027-06-17,0.7457582659513255,950.0,call,1.32,1.34,1.33,1.33,0.0,0.015037593984962419,8.0,2123.0,783.9225531625412,0.970693612435626,0.039884772335516856,-0.0019020546706089853,0.1921517533551147,0.12456475665476442,0.12439329506423243,0.1247354691333121,0.01157146759892381,58.45033224383209,deep call wing
2027-06-17,0.7457582659513255,955.0,call,1.17,1.2,1.185,1.185,0.0,0.025316455696202552,3.0,1447.0,783.9225531625412,0.970693612435626,0.039884772335516856,-0.0019020546706089853,0.1974011092412584,0.12467893205543239,0.12439913687930124,0.12495663419695956,0.011592690013302345,53.81338163313018,deep call wing
2027-06-17,0.7457582659513255,960.0,call,1.04,1.06,1.05,1.05,0.0,0.019047619047619063,17.0,867.0,783.9225531625412,0.970693612435626,0.039884772335516856,-0.0019020546706089853,0.20262305322241003,0.12469532873487091,0.12449202013265827,0.12489747135362904,0.01159573935159516,49.32853352309508,deep call wing
2027-06-17,0.7457582659513255,965.0,call,0.94,0.95,0.945,0.945,0.0,0.010582010582010592,9.0,398.0,783.9225531625412,0.970693612435626,0.039884772335516856,-0.0019020546706089853,0.2078178700995142,0.12505874131457276,0.12494891972202314,0.1251682072334438,0.011663427183983577,45.60245700673506,deep call wing
2027-06-17,0.7457582659513255,970.0,call,0.83,0.85,0.84,0.84,0.0,0.023809523809523832,10.0,3747.0,783.9225531625412,0.970693612435626,0.039884772335516856,-0.0019020546706089853,0.21298584025795672,0.12517576978700282,0.12493565532164784,0.12541411071320127,0.011685266388594993,41.802242374208696,deep call wing
2027-06-17,0.7457582659513255,975.0,call,0.74,0.76,0.75,0.75,0.0,0.02666666666666669,1.0,1265.0,783.9225531625412,0.970693612435626,0.039884772335516856,-0.0019020546706089853,0.21812723975837536,0.1253963823068842,0.12513480101537647,0.12565576969004874,0.01172649142369158,38.39126808233086,deep call wing
2027-06-17,0.7457582659513255,980.0,call,0.68,0.69,0.685,0.685,0.0,0.014598540145985252,1.0,1547.0,783.9225531625412,0.970693612435626,0.039884772335516856,-0.0019020546706089853,0.22324234042514576,0.12605971179906875,0.12591950505568178,0.12619926626001263,0.011850882592311603,35.74512199870764,deep call wing
2027-06-17,0.7457582659513255,985.0,call,0.6,0.62,0.61,0.61,0.0,0.03278688524590167,2.0,535.0,783.9225531625412,0.970693612435626,0.039884772335516856,-0.0019020546706089853,0.228331409932617,0.12623854185810887,0.12593135406018796,0.12654248717458053,0.011884530095282661,32.72774345293185,deep call wing
2027-06-17,0.7457582659513255,990.0,call,0.55,0.57,0.56,0.56,0.0,0.035714285714285546,19.0,3343.0,783.9225531625412,0.970693612435626,0.039884772335516856,-0.0019020546706089853,0.23339471188916386,0.1269832847797517,0.1266539624720644,0.12730878547491314,0.012025169039421225,30.544451584384525,deep call wing
2027-06-17,0.7457582659513255,995.0,call,0.5,0.52,0.51,0.51,0.0,0.03921568627450984,4.0,594.0,783.9225531625412,0.970693612435626,0.039884772335516856,-0.0019020546706089853,0.238432505919121,0.12757008623930158,0.1272150162356024,0.12792058923595448,0.012136564659129791,28.34784721599239,deep call wing
2027-06-17,0.7457582659513255,1000.0,call,0.46,0.47,0.46499999999999997,0.46499999999999997,0.0,0.021505376344085923,6.0,4385.0,783.9225531625412,0.970693612435626,0.039884772335516856,-0.0019020546706089853,0.24344504774266523,0.12816883435405874,0.12797817262282618,0.12835813463265502,0.012250757548684717,26.31901107160998,deep call wing
2027-06-17,0.7457582659513255,1005.0,call,0.41,0.42,0.415,0.415,0.0,0.024096385542168697,130.0,773.0,783.9225531625412,0.970693612435626,0.039884772335516856,-0.0019020546706089853,0.2484325892537043,0.12838868308581983,0.12818017059803494,0.12859551010737202,0.01229282118220031,24.077375357409075,deep call wing
2027-06-17,0.7457582659513255,1010.0,call,0.38,0.39,0.385,0.385,0.0,0.025974025974025997,3.0,1326.0,783.9225531625412,0.970693612435626,0.039884772335516856,-0.0019020546706089853,0.2533953785958333,0.12927049727798656,0.12904827479695344,0.1294907699326963,0.012462263069808322,22.599874133981448,deep call wing
2027-06-17,0.7457582659513255,1015.0,call,0.35,0.36,0.355,0.355,0.0,0.028169014084507067,1.0,487.0,783.9225531625412,0.970693612435626,0.039884772335516856,-0.0019020546706089853,0.25833366023641596,0.1300326321273661,0.12979475958805256,0.1302682250326809,0.012609642765169269,21.121703692699974,deep call wing
2027-06-17,0.7457582659513255,1020.0,call,0.32,0.34,0.33,0.33,0.0,0.060606060606060656,1.0,810.0,783.9225531625412,0.970693612435626,0.039884772335516856,-0.0019020546706089853,0.263247675038845,0.13091514375679456,0.13040592735734466,0.13141384782627247,0.012781383023749787,19.846511114600027,deep call wing
2027-06-17,0.7457582659513255,1025.0,call,0.3,0.31,0.305,0.305,0.0,0.03278688524590167,5.0,82.0,783.9225531625412,0.970693612435626,0.039884772335516856,-0.0019020546706089853,0.26813766033303676,0.13168616793426424,0.1314153982039706,0.1319538790481531,0.012932378161803468,18.57177748518043,deep call wing
2027-06-17,0.7457582659513255,1030.0,call,0.28,0.29,0.28500000000000003,0.28500000000000003,0.0,0.035087719298245446,1.0,498.0,783.9225531625412,0.970693612435626,0.039884772335516856,-0.0019020546706089853,0.2730038499842096,0.13262105831623813,0.13233372987333059,0.13290489444262055,0.013116653749380938,17.509192275547775,deep call wing
2027-06-17,0.7457582659513255,1035.0,call,0.26,0.28,0.27,0.27,0.0,0.07407407407407414,2.0,107.0,783.9225531625412,0.970693612435626,0.039884772335516856,-0.0019020546706089853,0.27784647445999755,0.13376085968139206,0.13315288013369142,0.13435326686920293,0.013343082718935452,16.666007085937856,deep call wing
2027-06-17,0.7457582659513255,1040.0,call,0.24,0.26,0.25,0.25,0.0,0.08000000000000007,4.0,216.0,783.9225531625412,0.970693612435626,0.039884772335516856,-0.0019020546706089853,0.2826657608959466,0.13451283100324565,0.1338629753386115,0.13514461987772478,0.013493527607794226,15.610135144501314,deep call wing
2027-06-17,0.7457582659513255,1050.0,call,0.21,0.22,0.215,0.215,0.0,0.046511627906976785,1.0,163.0,783.9225531625412,0.970693612435626,0.039884772335516856,-0.0019020546706089853,0.2922352119120972,0.13602528810807435,0.13565777144775396,0.13638676321151275,0.013798674961789954,13.719137285907488,deep call wing
2027-06-17,0.7457582659513255,1060.0,call,0.18,0.2,0.19,0.19,0.0,0.10526315789473693,4.0,431.0,783.9225531625412,0.970693612435626,0.039884772335516856,-0.0019020546706089853,0.30171395586664096,0.1379038867949167,0.1370742807735901,0.13870265690355593,0.01418244439396852,12.289423850993925,deep call wing
2027-06-17,0.7457582659513255,1070.0,call,0.16,0.18,0.16999999999999998,0.16999999999999998,0.0,0.11764705882352937,4.0,796.0,783.9225531625412,0.970693612435626,0.039884772335516856,-0.0019020546706089853,0.3111036962164801,0.1399076189109325,0.13898737203610223,0.1407894158601124,0.014597578068124001,11.106776077771753,deep call wing
2027-06-17,0.7457582659513255,1080.0,call,0.14,0.16,0.15000000000000002,0.15000000000000002,0.0,0.13333333333333325,13.0,98.0,783.9225531625412,0.970693612435626,0.039884772335516856,-0.0019020546706089853,0.3204060888787935,0.14163541091984352,0.14060347674000284,0.14261821030415747,0.014960350533769772,9.936471832340468,deep call wing
2027-06-17,0.7457582659513255,1090.0,call,0.13,0.14,0.135,0.135,0.0,0.07407407407407414,1.0,1392.0,783.9225531625412,0.970693612435626,0.039884772335516856,-0.0019020546706089853,0.32962274398371766,0.1436019419503476,0.14303981676664895,0.14414894512374044,0.015378667305034458,9.0187992458475,deep call wing
2027-06-17,0.7457582659513255,1100.0,call,0.11,0.13,0.12,0.12,0.0,0.1666666666666667,1.0,4995.0,783.9225531625412,0.970693612435626,0.039884772335516856,-0.0019020546706089853,0.3387552275469901,0.14532389451943098,0.1440509700084971,0.14652043554050828,0.015749694411777992,8.111391649464405,deep call wing
2027-06-17,0.7457582659513255,1110.0,call,0.1,0.12,0.11,0.11,0.0,0.18181818181818174,3.0,128.0,783.9225531625412,0.970693612435626,0.039884772335516856,-0.0019020546706089853,0.34780506306690795,0.14744359134330193,0.14605583280616777,0.1487402527693158,0.01621249581606789,7.464158064712139,deep call wing
2027-06-17,0.7457582659513255,1120.0,call,0.09,0.11,0.1,0.1,0.0,0.20000000000000004,6.0,3802.0,783.9225531625412,0.970693612435626,0.039884772335516856,-0.0019020546706089853,0.3567737330496684,0.14938316367039392,0.147860042109391,0.15079603719987886,0.016641841497810214,6.827344419936843,deep call wing
2027-06-17,0.7457582659513255,1130.0,call,0.08,0.1,0.09,0.09,0.0,0.22222222222222227,8.0,1445.0,783.9225531625412,0.970693612435626,0.039884772335516856,-0.0019020546706089853,0.3656626804669144,0.15112185878665452,0.14943610690236372,0.15267176590206294,0.01703149020976396,6.198458271875801,deep call wing
2027-06-17,0.7457582659513255,1140.0,call,0.07,0.09,0.08,0.08,0.0,0.24999999999999986,5.0,147.0,783.9225531625412,0.970693612435626,0.039884772335516856,-0.0019020546706089853,0.37447331014906937,0.15263175287998468,0.15074596448300012,0.15434634936365688,0.017373521636805046,5.574869051051118,deep call wing
2027-06-17,0.7457582659513255,1150.0,call,0.07,0.08,0.07500000000000001,0.07500000000000001,0.0,0.13333333333333325,337.0,446.0,783.9225531625412,0.970693612435626,0.039884772335516856,-0.0019020546706089853,0.38320699011782394,0.15485717313891353,0.1538742142503178,0.155791440091286,0.01788383811578639,5.221179326106715,deep call wing
2027-06-17,0.7457582659513255,1160.0,call,0.06,0.08,0.07,0.07,0.0,0.28571428571428575,1.0,75.0,783.9225531625412,0.970693612435626,0.039884772335516856,-0.0019020546706089853,0.3918650528609385,0.15696784767090066,0.1547937710031099,0.1589160385799375,0.018374667218707074,4.874684939594781,deep call wing
2027-06-17,0.7457582659513255,1170.0,call,0.08,0.09,0.08499999999999999,0.08499999999999999,0.0,0.11764705882352937,1.0,1088.0,783.9225531625412,0.970693612435626,0.039884772335516856,-0.0019020546706089853,0.40044879655233,0.16292573392821527,0.16200638199289089,0.16380490825526417,0.019796000122219062,5.564495762539242,deep call wing
2027-06-17,0.7457582659513255,1180.0,call,0.05,0.06,0.055,0.055,0.0,0.18181818181818174,1.0,138.0,783.9225531625412,0.970693612435626,0.039884772335516856,-0.0019020546706089853,0.4089594862202386,0.1595815147942683,0.15826094138901936,0.16081235853203163,0.018991673796467292,3.9269659969909902,deep call wing
2027-06-17,0.7457582659513255,1190.0,call,0.07,0.09,0.08,0.08,0.0,0.24999999999999986,2.0,40.0,783.9225531625412,0.970693612435626,0.039884772335516856,-0.0019020546706089853,0.4173983548661033,0.16808747024839144,0.16604907552141554,0.16993991211164242,0.02107020484205606,5.158825372530166,deep call wing
2027-06-17,0.7457582659513255,1200.0,call,0.04,0.06,0.05,0.05,0.0,0.3999999999999999,1.0,255.0,783.9225531625412,0.970693612435626,0.039884772335516856,-0.0019020546706089853,0.42576660453661985,0.16407652776298476,0.16100319182385717,0.16670381308314372,0.020076638046036197,3.5420077249781974,deep call wing
2027-06-17,0.7457582659513255,1210.0,call,0.06,0.08,0.07,0.07,0.0,0.28571428571428575,86.0,766.0,783.9225531625412,0.970693612435626,0.039884772335516856,-0.0019020546706089853,0.4340654073513149,0.1719443125480566,0.16960362764184317,0.17404073119788338,0.022048228746676016,4.5289280272229915,deep call wing
2027-06-17,0.7457582659513255,1220.0,call,0.05,0.07,0.060000000000000005,0.060000000000000005,0.0,0.33333333333333337,95.0,142.0,783.9225531625412,0.970693612435626,0.039884772335516856,-0.0019020546706089853,0.44229590648783046,0.1724737210795211,0.1697726356958194,0.1748463519350824,0.022184208702073358,3.967775114923548,deep call wing
2027-06-17,0.7457582659513255,1240.0,call,0.04,0.06,0.05,0.05,0.0,0.3999999999999999,2.0,18.0,783.9225531625412,0.970693612435626,0.039884772335516856,-0.0019020546706089853,0.4585564273596108,0.17535433354679883,0.17210906595155304,0.17812726342444202,0.022931427036397008,3.3552253802641165,deep call wing
2027-12-17,1.247128128965024,295.0,put,1.5467195859828935,1.5667195859828935,1.5567195859828935,1.58,0.023280414017106565,0.012658227848101276,1.0,448.0,801.004800153598,0.9504252210137702,0.04077030441619187,-0.001502481302706124,-0.9988915834117044,0.4332274769545996,0.43280506333428903,0.4336481660237256,0.23406854836411928,23.722083169950974,deep put wing
2027-12-17,1.247128128965024,300.0,put,1.6054627042940661,1.6254627042940661,1.6154627042940661,1.64,0.02453729570593377,0.012195121951219523,1.0,906.0,801.004800153598,0.9504252210137702,0.04077030441619187,-0.001502481302706124,-0.9820844650953231,0.4288537730298487,0.4284470927665875,0.429258859986143,0.229366266536676,24.637778032900023,deep put wing
2027-12-17,1.247128128965024,305.0,put,1.6839581334453904,1.6939581334453904,1.6889581334453903,1.7149999999999999,0.026041866554609605,0.0058309037900874695,1.0,593.0,801.004800153598,0.9504252210137702,0.04077030441619187,-0.001502481302706124,-0.9655551631441126,0.4250485820172614,0.4248538841532634,0.42524291656376106,0.22531402103804002,25.704840295009333,deep put wing
2027-12-17,1.247128128965024,310.0,put,1.7425554286319251,1.7625554286319252,1.7525554286319251,1.78,0.027444571368074877,0.011235955056179785,123.0,184.0,801.004800153598,0.9504252210137702,0.04077030441619187,-0.001502481302706124,-0.9492946422723323,0.42082612141340237,0.42045071592592215,0.421200183788624,0.22085968765736191,26.68575817275836,deep put wing
2027-12-17,1.247128128965024,315.0,put,1.8110415712410652,1.8310415712410653,1.8210415712410652,1.85,0.02895842875893484,0.01081081081081082,124.0,1637.0,801.004800153598,0.9504252210137702,0.04077030441619187,-0.001502481302706124,-0.933294300925891,0.416767951500965,0.4164066194364519,0.41712804511666246,0.21662057559959208,27.723034251125515,deep put wing
2027-12-17,1.247128128965024,320.0,put,1.8894138051893428,1.8994138051893428,1.8944138051893427,1.9249999999999998,0.030586194810657164,0.0051948051948052,16.0,247.0,801.004800153598,0.9504252210137702,0.04077030441619187,-0.001502481302706124,-0.917545943957752,0.4128582577031905,0.4126846024574897,0.4130316280192909,0.21257541020006218,28.816357071681253,deep put wing
2027-12-17,1.247128128965024,325.0,put,1.947894655950729,1.967894655950729,1.957894655950729,1.99,0.0321053440492709,0.010050251256281416,249.0,1298.0,801.004800153598,0.9504252210137702,0.04077030441619187,-0.001502481302706124,-0.9020417574217866,0.4085881940298784,0.4082523859882449,0.40892294117583977,0.20820094784079687,29.826170372350525,deep put wing
2027-12-17,1.247128128965024,330.0,put,2.026100417636166,2.046100417636166,2.0361004176361663,2.0700000000000003,0.03389958236383395,0.009661835748792277,44.0,144.0,801.004800153598,0.9504252210137702,0.04077030441619187,-0.001502481302706124,-0.8867742852909982,0.4047928345466028,0.40446960985581215,0.4051150822070332,0.20435097176707284,30.985193435592155,deep put wing
2027-12-17,1.247128128965024,335.0,put,2.1041777658398306,2.1341777658398304,2.1191777658398308,2.1550000000000002,0.0358222341601695,0.013921113689095035,250.0,594.0,801.004800153598,0.9504252210137702,0.04077030441619187,-0.001502481302706124,-0.8717364079264577,0.4011168164847239,0.4006499585714724,0.4015816525745901,0.20065630675359775,32.19969777510774,deep put wing
2027-12-17,1.247128128965024,340.0,put,2.182361383757458,2.202361383757458,2.1923613837574583,2.2300000000000004,0.03763861624254217,0.008968609865470859,44.0,3604.0,801.004800153598,0.9504252210137702,0.04077030441619187,-0.001502481302706124,-0.8569213221413171,0.39710622183422445,0.39680579576163155,0.39740581276227116,0.19666381430596555,33.33251064871213,deep put wing
2027-12-17,1.247128128965024,345.0,put,2.240729952880544,2.2607299528805442,2.2507299528805444,2.29,0.03927004711945559,0.00873362445414848,1.0,4264.0,801.004800153598,0.9504252210137702,0.04077030441619187,-0.001502481302706124,-0.8423225227201645,0.392652519203758,0.39236091537772744,0.3929433364541653,0.19227722745522954,34.33953514030492,deep put wing
2027-12-17,1.247128128965024,350.0,put,2.3580907508270834,2.3780907508270834,2.3680907508270836,2.41,0.041909249172916496,0.008298755186721999,5.0,7440.0,801.004800153598,0.9504252210137702,0.04077030441619187,-0.001502481302706124,-0.8279337852680648,0.3898711562365995,0.3895922669373482,0.3901493353941376,0.18956287506716807,35.90234131529536,deep put wing
2027-12-17,1.247128128965024,355.0,put,2.4360138875492297,2.4560138875492297,2.44601388754923,2.49,0.04398611245077033,0.008032128514056231,36.0,242.0,801.004800153598,0.9504252210137702,0.04077030441619187,-0.001502481302706124,-0.8137491502761084,0.385932911850027,0.38566313203639085,0.3862020297625463,0.18575251699174114,37.112900482792014,deep put wing
2027-12-17,1.247128128965024,360.0,put,2.523632712938428,2.553632712938428,2.538632712938428,2.585,0.046367287061571894,0.011605415860735106,10.0,6007.0,801.004800153598,0.9504252210137702,0.04077030441619187,-0.001502481302706124,-0.7997629083013684,0.38236563732259377,0.3819750230226085,0.3827548748587058,0.18233447321522914,38.46907609505637,deep put wing
2027-12-17,1.247128128965024,365.0,put,2.6113576757410524,2.6313576757410524,2.621357675741052,2.67,0.04864232425894777,0.007490636704119857,85.0,326.0,801.004800153598,0.9504252210137702,0.04077030441619187,-0.001502481302706124,-0.7859695861690327,0.3785153774731534,0.3782635039317461,0.3787666803475467,0.1786808995919705,39.747589535899714,deep put wing
2027-12-17,1.247128128965024,370.0,put,2.7086816661814166,2.738681666181417,2.7236816661814167,2.775,0.051318333818583195,0.010810810810810902,1.0,3674.0,801.004800153598,0.9504252210137702,0.04077030441619187,-0.001502481302706124,-0.7723639341132541,0.3751276990163268,0.37476315636700674,0.37549105688430795,0.17549685624915,41.21463505045942,deep put wing
2027-12-17,1.247128128965024,375.0,put,2.806008812903942,2.8360088129039425,2.8210088129039423,2.875,0.05399118709605766,0.010434782608695738,31.0,419.0,801.004800153598,0.9504252210137702,0.04077030441619187,-0.001502481302706124,-0.7589409137811134,0.37158019717344615,0.3712279349148191,0.37193136017716943,0.17219327913786078,42.64865712903964,deep put wing
2027-12-17,1.247128128965024,380.0,put,2.903245089137663,2.9332450891376634,2.9182450891376632,2.975,0.05675491086233686,0.010084033613445462,3.0,4003.0,801.004800153598,0.9504252210137702,0.04077030441619187,-0.001502481302706124,-0.7456956870310928,0.3680004477069465,0.3676597563425816,0.36834011700127084,0.1688914906812833,44.09445529953684,deep put wing
2027-12-17,1.247128128965024,385.0,put,3.0004042364079098,3.0304042364079096,3.01540423640791,3.075,0.05959576359209029,0.009756097560975546,47.0,798.0,801.004800153598,0.9504252210137702,0.04077030441619187,-0.001502481302706124,-0.73262360546374,0.3643925033096738,0.36406273711776127,0.36472131732470403,0.16559603810292683,45.55272565085282,deep put wing
2027-12-17,1.247128128965024,390.0,put,3.117222036627153,3.137222036627153,3.127222036627153,3.1900000000000004,0.06277796337284736,0.006269592476489033,1.0,252.0,801.004800153598,0.9504252210137702,0.04077030441619187,-0.001502481302706124,-0.719720200627832,0.36107261880300723,0.36086034498864306,0.3612845008330454,0.16259237936685705,47.152559732731795,deep put wing
2027-12-17,1.247128128965024,395.0,put,3.214122860525182,3.244122860525182,3.229122860525182,3.295,0.06587713947481788,0.009104704097116919,1.0,183.0,801.004800153598,0.9504252210137702,0.04077030441619187,-0.001502481302706124,-0.7069811748504023,0.3575089304917952,0.35720037856317194,0.3578166601997724,0.15939873282127834,48.67921500202153,deep put wing
2027-12-17,1.247128128965024,400.0,put,3.330745775644079,3.350745775644079,3.3407457756440793,3.41,0.06925422435592088,0.005865102639296193,70.0,10009.0,801.004800153598,0.9504252210137702,0.04077030441619187,-0.001502481302706124,-0.6944023926435422,0.35411532428714726,0.35391636247373054,0.3543139463713073,0.15638695270281752,50.303921638753216,deep put wing
2027-12-17,1.247128128965024,405.0,put,3.447160231218632,3.467160231218632,3.4571602312186323,3.5300000000000002,0.072839768781368,0.005665722379603404,50.0,517.0,801.004800153598,0.9504252210137702,0.04077030441619187,-0.001502481302706124,-0.681979872644985,0.350781318160079,0.3505887912375297,0.35097352939246634,0.1534560398162167,51.98347720604012,deep put wing
2027-12-17,1.247128128965024,410.0,put,3.563369621775222,3.593369621775222,3.5783696217752223,3.6550000000000002,0.07663037822477792,0.008207934336525254,68.0,9773.0,801.004800153598,0.9504252210137702,0.04077030441619187,-0.001502481302706124,-0.6697097800531706,0.347501532604383,0.3472219641680173,0.3477804412322796,0.15059984451731748,53.71766670310697,deep put wing
2027-12-17,1.247128128965024,415.0,put,3.689465076401468,3.709465076401468,3.6994650764014683,3.7800000000000002,0.08053492359853198,0.005291005291005295,1.0,1031.0,801.004800153598,0.9504252210137702,0.04077030441619187,-0.001502481302706124,-0.6575884195208258,0.344182448653041,0.3440020182125345,0.3443626061463385,0.14773674113393823,55.46503770594142,deep put wing
2027-12-17,1.247128128965024,420.0,put,3.8053434855849333,3.8453434855849333,3.8253434855849333,3.91,0.08465651441506683,0.010230179028133002,1.0,951.0,801.004800153598,0.9504252210137702,0.04077030441619187,-0.001502481302706124,-0.6456122284741103,0.34091328333718035,0.3405635334490121,0.3412620173343864,0.1449435592319041,57.267138539143346,deep put wing
2027-12-17,1.247128128965024,425.0,put,3.9408851654801658,3.980885165480166,3.9608851654801662,4.050000000000001,0.08911483451983448,0.00987654320987655,10.0,1665.0,801.004800153598,0.9504252210137702,0.04077030441619187,-0.001502481302706124,-0.6337777708271073,0.3377719600165064,0.3374334439963075,0.33810953298900503,0.1422847197462392,59.164046432541056,deep put wing
2027-12-17,1.247128128965024,430.0,put,4.076371664719965,4.1063716647199655,4.091371664719966,4.1850000000000005,0.09362833528003467,0.007168458781362066,88.0,908.0,801.004800153598,0.9504252210137702,0.04077030441619187,-0.001502481302706124,-0.622081731063916,0.33450539981427013,0.3342593876002548,0.3347509175846106,0.13954598338841145,61.03404467507935,deep put wing
2027-12-17,1.247128128965024,435.0,put,4.221403061078311,4.25140306107831,4.2364030610783106,4.335,0.09859693892168941,0.006920415224913348,1.0,126.0,801.004800153598,0.9504252210137702,0.04077030441619187,-0.001502481302706124,-0.6105209086628401,0.33143601195394434,0.3311978303826713,0.33167373457163274,0.13699681297988764,63.03802114262251,deep put wing
2027-12-17,1.247128128965024,440.0,put,4.356482697826648,4.386482697826648,4.3714826978266474,4.475,0.1035173021733522,0.006703910614525196,7.0,1962.0,801.004800153598,0.9504252210137702,0.04077030441619187,-0.001502481302706124,-0.5990922128392173,0.3281687343791527,0.3279376679794882,0.3283993722683868,0.13430911243813118,64.9767721361008,deep put wing
2027-12-17,1.247128128965024,445.0,put,4.511001760302247,4.5410017603022474,4.526001760302247,4.635,0.10899823969775291,0.006472491909385167,20.0,728.0,801.004800153598,0.9504252210137702,0.04077030441619187,-0.001502481302706124,-0.5877926575852839,0.3251595175073998,0.32493572927577674,0.325382907950668,0.1318572505569989,67.08739034020985,deep put wing
2027-12-17,1.247128128965024,450.0,put,4.665251712799621,4.705251712799621,4.685251712799621,4.800000000000001,0.11474828720037955,0.00833333333333334,4.0,10488.0,801.004800153598,0.9504252210137702,0.04077030441619187,-0.001502481302706124,-0.5766193569871588,0.3221720005740435,0.32188286416822676,0.32246048035559155,0.12944541216852692,69.25032790342625,deep put wing
2027-12-17,1.247128128965024,455.0,put,4.829307091311058,4.8593070913110585,4.844307091311058,4.965,0.12069290868894189,0.006042296072507603,10.0,7351.0,801.004800153598,0.9504252210137702,0.04077030441619187,-0.001502481302706124,-0.5655695208005738,0.3191346461890176,0.3189244695617889,0.3193444791894664,0.1270161617713,71.42703696158513,deep put wing
2027-12-17,1.247128128965024,460.0,put,4.993044788935652,5.023044788935652,5.008044788935652,5.135,0.12695521106434793,0.005842259006816017,36.0,10426.0,801.004800153598,0.9504252210137702,0.04077030441619187,-0.001502481302706124,-0.5546404502683835,0.31611753864592634,0.315913729565872,0.3163210279724276,0.12462588587041772,73.6561685512357,deep put wing
2027-12-17,1.247128128965024,465.0,put,5.166353846720488,5.196353846720489,5.181353846720488,5.3149999999999995,0.13364615327951146,0.00564440263405461,14.0,1010.0,801.004800153598,0.9504252210137702,0.04077030441619187,-0.001502481302706124,-0.5438295341641678,0.31318264092965764,0.3129850584274937,0.31337992630808437,0.12232252544510049,75.97487310729082,deep put wing
2027-12-17,1.247128128965024,470.0,put,5.339319357393925,5.379319357393924,5.359319357393924,5.5,0.1406806426060756,0.0072727272727271175,33.0,758.0,801.004800153598,0.9504252210137702,0.04077030441619187,-0.001502481302706124,-0.5331342450474199,0.31025915702649237,0.3100036289776407,0.31051419406495784,0.12004948220449832,78.34472531194265,deep put wing
2027-12-17,1.247128128965024,475.0,put,5.53173351444912,5.57173351444912,5.551733514449119,5.699999999999999,0.14826648555087996,0.00701754385964913,4.0,950.0,801.004800153598,0.9504252210137702,0.04077030441619187,-0.001502481302706124,-0.522552135716883,0.30746644905146225,0.30721881408691937,0.30771362879907616,0.11789802751431892,80.838492219313,deep put wing
2027-12-17,1.247128128965024,480.0,put,5.704352047926214,5.744352047926214,5.724352047926215,5.880000000000001,0.15564795207378612,0.006802721088435379,16.0,4834.0,801.004800153598,0.9504252210137702,0.04077030441619187,-0.001502481302706124,-0.5120808358495875,0.304380766408414,0.304140173510324,0.304620933953772,0.11554349159396807,83.20166669858233,deep put wing
2027-12-17,1.247128128965024,485.0,put,5.906028314404924,5.946028314404924,5.926028314404924,6.09,0.1639716855950759,0.006568144499178988,8.0,478.0,801.004800153598,0.9504252210137702,0.04077030441619187,-0.001502481302706124,-0.501718048814041,0.3015963863699702,0.3013630766183366,0.3018293014145033,0.11343924885784855,85.79566162320734,deep put wing
2027-12-17,1.247128128965024,490.0,put,6.107276973434644,6.1572769734346435,6.132276973434643,6.305,0.17272302656535654,0.007930214115781098,3.0,535.0,801.004800153598,0.9504252210137702,0.04077030441619187,-0.001502481302706124,-0.49146154864685193,0.2988091234401309,0.2985261528119824,0.29909152142940676,0.11135219487416538,88.4380837421865,deep put wing
2027-12-17,1.247128128965024,495.0,put,6.327844748868099,6.377844748868099,6.352844748868099,6.535,0.1821552511319009,0.007651109410864548,25.0,1508.0,801.004800153598,0.9504252210137702,0.04077030441619187,-0.001502481302706124,-0.48130917718283384,0.2961250032706814,0.2958506079147615,0.2963988680059259,0.10936068753108334,91.19778884103548,deep put wing
2027-12-17,1.247128128965024,500.0,put,6.548082241781396,6.598082241781396,6.573082241781396,6.765000000000001,0.19191775821860446,0.007390983000739071,2009.0,17159.0,801.004800153598,0.9504252210137702,0.04077030441619187,-0.001502481302706124,-0.4712588413293324,0.29337780136388864,0.2931115117326542,0.2936435983187993,0.10734098444187046,93.96985599230364,deep put wing
2027-12-17,1.247128128965024,505.0,put,6.777737973524887,6.827737973524886,6.802737973524887,7.005000000000001,0.20226202647511382,0.007137758743754435,1.0,803.0,801.004800153598,0.9504252210137702,0.04077030441619187,-0.001502481302706124,-0.4613085104761644,0.2906724023022519,0.29041396928610225,0.29093037813918937,0.10537041116215345,96.82268606712267,deep put wing
2027-12-17,1.247128128965024,510.0,put,7.016789664359385,7.066789664359384,7.041789664359385,7.255000000000001,0.21321033564061587,0.006891798759476198,1.0,2217.0,801.004800153598,0.9504252210137702,0.04077030441619187,-0.001502481302706124,-0.4514562140331527,0.28800364658076594,0.28775281936262836,0.28825404976215346,0.1034444150514446,99.75469407960482,deep put wing
2027-12-17,1.247128128965024,515.0,put,7.265340413962496,7.3053404139624964,7.285340413962496,7.51,0.2246595860375038,0.005326231691078567,1.0,5637.0,801.004800153598,0.9504252210137702,0.04077030441619187,-0.001502481302706124,-0.441700039087788,0.2853193032852874,0.2851244956532014,0.28551385901829235,0.10152509032760776,102.73190515170475,deep put wing
2027-12-17,1.247128128965024,520.0,put,7.513190717033275,7.563190717033275,7.538190717033276,7.775,0.23680928296672477,0.006430868167202549,3.0,2206.0,801.004800153598,0.9504252210137702,0.04077030441619187,-0.001502481302706124,-0.4320381281760512,0.28266463663518215,0.282428127195184,0.2829007808749262,0.09964466052891781,105.78585298589245,deep put wing
2027-12-17,1.247128128965024,525.0,put,7.780197773928755,7.830197773928756,7.8051977739287555,8.055,0.24980222607124425,0.006207324643078922,3.0,2035.0,801.004800153598,0.9504252210137702,0.04077030441619187,-0.001502481302706124,-0.42246867715990044,0.28008022608554484,0.2798505858990415,0.2803095278761102,0.09783088257411232,108.94637992261254,deep put wing
2027-12-17,1.247128128965024,530.0,put,8.056402400990207,8.106402400990206,8.081402400990205,8.344999999999999,0.2635975990097936,0.005991611743558891,51.0,10578.0,801.004800153598,0.9504252210137702,0.04077030441619187,-0.001502481302706124,-0.4129899332053566,0.2775142806314464,0.27729126578295693,0.27773698196603336,0.09604654516178053,112.17914816947399,deep put wing
2027-12-17,1.247128128965024,535.0,put,8.351593603019818,8.401593603019817,8.376593603019819,8.655000000000001,0.27840639698018244,0.005777007510109639,9.0,1011.0,801.004800153598,0.9504252210137702,0.04077030441619187,-0.001502481302706124,-0.4036001928555177,0.27504828226978373,0.2748317682467586,0.27526450643712297,0.09434718545748473,115.54343447349262,deep put wing
2027-12-17,1.247128128965024,540.0,put,8.646095202470534,8.706095202470534,8.676095202470533,8.969999999999999,0.29390479752946597,0.006688963210702397,11.0,4085.0,801.004800153598,0.9504252210137702,0.04077030441619187,-0.001502481302706124,-0.39429780019320415,0.2725485229588279,0.27229611255792835,0.2728005470627988,0.09264004138183016,118.94525384483975,deep put wing
2027-12-17,1.247128128965024,545.0,put,8.959737596589921,9.009737596589922,8.984737596589921,9.295,0.3102624034100785,0.005379236148466994,36.0,7377.0,801.004800153598,0.9504252210137702,0.04077030441619187,-0.001502481302706124,-0.38508114508828006,0.27005540953986673,0.269851059799305,0.2702595109922681,0.09095295994022601,122.41376427356175,deep put wing
2027-12-17,1.247128128965024,550.0,put,9.28234904007352,9.33234904007352,9.30734904007352,9.635,0.32765095992647986,0.005189413596263696,4.0,4885.0,801.004800153598,0.9504252210137702,0.04077030441619187,-0.001502481302706124,-0.3759486615250075,0.2676048099181606,0.2674062441404497,0.26780314608086114,0.08930975647557028,125.9758118608181,deep put wing
2027-12-17,1.247128128965024,555.0,put,9.61394340868106,9.663943408681059,9.638943408681058,9.985,0.3460565913189413,0.005007511266900244,2.0,1180.0,801.004800153598,0.9504252210137702,0.04077030441619187,-0.001502481302706124,-0.3668988260050897,0.26515274183353177,0.2649597340558651,0.2653455372281473,0.0876805609297981,129.5998690695339,deep put wing
2027-12-17,1.247128128965024,560.0,put,9.954361075694388,10.014361075694389,9.98436107569439,10.350000000000001,0.3656389243056122,0.005797101449275409,5.0,1002.0,801.004800153598,0.9504252210137702,0.04077030441619187,-0.001502481302706124,-0.35793015602232925,0.26273359660908085,0.2625084185695198,0.2629584919528874,0.08608793626256361,133.31173690784843,deep put wing
2027-12-17,1.247128128965024,565.0,put,10.313507065369798,10.373507065369798,10.3435070653698,10.73,0.3864929346302013,0.005591798695247017,1.0,1455.0,801.004800153598,0.9504252210137702,0.04077030441619187,-0.001502481302706124,-0.3490412086050832,0.26034188602974007,0.2601229494121059,0.26056056148255047,0.08452772264591189,137.1078707313672,deep put wing
2027-12-17,1.247128128965024,570.0,put,10.681534832389747,10.741534832389748,10.711534832389749,11.120000000000001,0.4084651676102524,0.005395683453237455,21.0,1674.0,801.004800153598,0.9504252210137702,0.04077030441619187,-0.001502481302706124,-0.3402305789229284,0.25793881973674887,0.25772587170962263,0.2581515264207786,0.08297447083680436,140.95945088953744,deep put wing
2027-12-17,1.247128128965024,575.0,put,11.077829043260238,11.137829043260238,11.107829043260237,11.54,0.43217095673976225,0.0051993067590988306,18.0,3096.0,801.004800153598,0.9504252210137702,0.04077030441619187,-0.001502481302706124,-0.3314968989541738,0.25565685071586997,0.25544979438983995,0.2558636846230641,0.08151282493514142,144.96609226320766,deep put wing
2027-12-17,1.247128128965024,580.0,put,11.463389019286929,11.52338901928693,11.493389019286928,11.95,0.45661098071307116,0.005020920502092092,1.0,2384.0,801.004800153598,0.9504252210137702,0.04077030441619187,-0.001502481302706124,-0.32283883621105913,0.25322209460549916,0.2530205432622001,0.2534234402787717,0.07996763802026506,148.9215438478019,deep put wing
2027-12-17,1.247128128965024,585.0,put,11.896453337531167,11.956453337531165,11.926453337531166,12.41,0.48354666246883404,0.0048348106365832975,32.0,2009.0,801.004800153598,0.9504252210137702,0.04077030441619187,-0.001502481302706124,-0.3142550925196676,0.25102485677586367,0.25082883694807784,0.2512206874384101,0.07858588181483143,153.11973114726007,deep put wing
2027-12-17,1.247128128965024,590.0,put,12.31857002941436,12.38857002941436,12.35357002941436,12.865,0.51142997058564,0.005441119315973594,39.0,1800.0,801.004800153598,0.9504252210137702,0.04077030441619187,-0.001502481302706124,-0.3057444028517591,0.2487040080677976,0.24848136696930312,0.2489264117345941,0.07713946873381326,157.28768465165209,deep put wing
2027-12-17,1.247128128965024,595.0,put,12.768838835238126,12.828838835238125,12.798838835238126,13.34,0.5411611647618741,0.004497751124437685,22.0,1015.0,801.004800153598,0.9504252210137702,0.04077030441619187,-0.001502481302706124,-0.2973055342058944,0.24641587736746715,0.24623008744224045,0.24660150657779478,0.07572659851090557,161.54265957671822,deep put wing
2027-12-17,1.247128128965024,600.0,put,13.236996847990424,13.296996847990423,13.266996847990423,13.84,0.5730031520095764,0.004335260115606844,5.0,8937.0,801.004800153598,0.9504252210137702,0.04077030441619187,-0.001502481302706124,-0.28893728453537776,0.24418394197361054,0.2440030375177018,0.24436469857411994,0.07436100929638587,165.90127933081592,deep put wing
2027-12-17,1.247128128965024,605.0,put,13.703590646403201,13.773590646403202,13.738590646403201,14.345,0.6064093535967991,0.004879749041477886,72.0,1249.0,801.004800153598,0.9504252210137702,0.04077030441619187,-0.001502481302706124,-0.2806384817206828,0.24188700440362707,0.24168135746855293,0.24209246598707698,0.07296862239448965,170.27145693247618,deep put wing
2027-12-17,1.247128128965024,610.0,put,14.197728530080985,14.277728530080985,14.237728530080984,14.879999999999999,0.6422714699190148,0.00537634408602151,104.0,2540.0,801.004800153598,0.9504252210137702,0.04077030441619187,-0.001502481302706124,-0.27240798258416726,0.23966529410383738,0.23943629318246398,0.23989407249324554,0.07163435779544473,174.75683442514898,deep put wing
2027-12-17,1.247128128965024,615.0,put,14.709975106247274,14.779975106247274,14.744975106247274,15.425,0.6800248937527265,0.004538087520259338,67.0,3047.0,801.004800153598,0.9504252210137702,0.04077030441619187,-0.001502481302706124,-0.2642446719450063,0.237402013856502,0.23720669786163048,0.2375971731672001,0.07028778739245768,179.26879801066818,deep put wing
2027-12-17,1.247128128965024,620.0,put,15.258941634879479,15.338941634879477,15.298941634879478,16.02,0.7210583651205216,0.00499375780274646,18.0,1509.0,801.004800153598,0.9504252210137702,0.04077030441619187,-0.001502481302706124,-0.256147461712387,0.2353074271575651,0.23508989461097585,0.23552477225919585,0.06905296728621964,183.95990871154987,deep put wing
2027-12-17,1.247128128965024,625.0,put,15.806150983631584,15.886150983631582,15.846150983631583,16.61,0.7638490163684164,0.004816375677302727,1.0,2151.0,801.004800153598,0.9504252210137702,0.04077030441619187,-0.001502481302706124,-0.2481152900151227,0.2330826182625592,0.23287045267575787,0.23329461178460736,0.06775336207659002,188.6085814508967,deep put wing
2027-12-17,1.247128128965024,630.0,put,16.38021670796595,16.47021670796595,16.425216707965948,17.235,0.8097832920340515,0.005221932114882499,72.0,3628.0,801.004800153598,0.9504252210137702,0.04077030441619187,-0.001502481302706124,-0.2401471203659458,0.2309338446286336,0.23070102146532875,0.2311664683332573,0.06650989259607516,193.36269748061406,deep put wing
2027-12-17,1.247128128965024,635.0,put,16.98143742162692,17.061437421626923,17.021437421626924,17.880000000000003,0.8585625783730784,0.004474272930648872,41.0,1171.0,801.004800153598,0.9504252210137702,0.04077030441619187,-0.001502481302706124,-0.23224194085883246,0.228778439891616,0.22857650999330964,0.22898022552731742,0.06527415569089254,198.1594285625839,deep put wing
2027-12-17,1.247128128965024,640.0,put,17.59934034158178,17.68934034158178,17.644340341581778,18.555,0.910659658418222,0.004850444624090534,1.0,2288.0,801.004800153598,0.9504252210137702,0.04077030441619187,-0.001502481302706124,-0.22439876339780668,0.22666073957374833,0.22643901018211038,0.22688230209534482,0.06407132094477627,203.02660248451983,deep put wing
2027-12-17,1.247128128965024,645.0,put,18.24369258110949,18.33369258110949,18.28869258110949,19.255000000000003,0.9663074188905121,0.004674110620618013,14.0,5289.0,801.004800153598,0.9504252210137702,0.04077030441619187,-0.001502481302706124,-0.21661662295575168,0.22454979310935602,0.22433330671460275,0.22476612715340735,0.06288345474984187,207.9385313224662,deep put wing
2027-12-17,1.247128128965024,650.0,put,18.904654657578277,18.994654657578277,18.94965465757828,19.975,1.0253453424217227,0.004505632040050055,1.0,3106.0,801.004800153598,0.9504252210137702,0.04077030441619187,-0.001502481302706124,-0.20889457686184135,0.22241920397850987,0.22220774143850316,0.2226305275127323,0.061695805544780095,212.87371418884393,deep put wing
2027-12-17,1.247128128965024,655.0,put,19.60155234880566,19.68155234880566,19.64155234880566,20.73,1.0884476511943397,0.0038591413410515338,5.0,828.0,801.004800153598,0.9504252210137702,0.04077030441619187,-0.001502481302706124,-0.2012317041162723,0.22033282525137465,0.22014917966691908,0.22051637082938713,0.06054377291212079,217.87023982106064,deep put wing
2027-12-17,1.247128128965024,660.0,put,20.285211241526248,20.375211241526248,20.330211241526246,21.485,1.154788758473753,0.004188969048173137,1.0,3107.0,801.004800153598,0.9504252210137702,0.04077030441619187,-0.001502481302706124,-0.19362710473105296,0.2181310303697671,0.21792901671229553,0.21833292866493156,0.05933978609653399,222.82092362712598,deep put wing
2027-12-17,1.247128128965024,665.0,put,21.042818148764386,21.132818148764386,21.087818148764384,22.314999999999998,1.2271818512356134,0.004033161550526546,1.0,1606.0,801.004800153598,0.9504252210137702,0.04077030441619187,-0.001502481302706124,-0.18607989909567002,0.21613485779801017,0.2159373707340243,0.21633224029705475,0.05825868856587401,227.92344445074144,deep put wing
2027-12-17,1.247128128965024,670.0,put,21.80602393585089,21.91602393585089,21.86102393585089,23.165,1.3039760641491078,0.004748543060651821,4.0,1278.0,801.004800153598,0.9504252210137702,0.04077030441619187,-0.001502481302706124,-0.17858922736651237,0.21409848057338224,0.21386237363781133,0.2143344460446221,0.05716605794755762,233.0152095280616,deep put wing
2027-12-17,1.247128128965024,675.0,put,22.59467193203351,22.694671932033508,22.64467193203351,24.03,1.3853280679664906,0.00416146483562205,2.0,362.0,801.004800153598,0.9504252210137702,0.04077030441619187,-0.001502481302706124,-0.17115424887899439,0.21199931670133992,0.21178924996455467,0.2122092776214393,0.056050565312531025,238.07964236849335,deep put wing
2027-12-17,1.247128128965024,680.0,put,23.426962566886125,23.526962566886127,23.476962566886126,24.95,1.4730374331138734,0.004008016032064185,31.0,2395.0,801.004800153598,0.9504252210137702,0.04077030441619187,-0.001502481302706124,-0.1637741415813718,0.20999483355896786,0.209789194357807,0.210200377360718,0.054995644370792164,243.20078909536954,deep put wing
2027-12-17,1.247128128965024,685.0,put,24.224995060742653,24.334995060742653,24.279995060742653,25.845,1.5650049392573457,0.004256142387308935,17.0,1088.0,801.004800153598,0.9504252210137702,0.04077030441619187,-0.001502481302706124,-0.15644810148929883,0.20776179386507818,0.20754014181695007,0.20798334162786203,0.05383223953060715,248.19513488481945,deep put wing
2027-12-17,1.247128128965024,690.0,put,25.14384807123381,25.25384807123381,25.19884807123381,26.865000000000002,1.6661519287661903,0.004094546808114758,17.0,6719.0,801.004800153598,0.9504252210137702,0.04077030441619187,-0.001502481302706124,-0.14917534216021916,0.20588296345224572,0.20566583793955576,0.20609999563853965,0.05286301102018565,253.36423387957527,put wing
2027-12-17,1.247128128965024,695.0,put,26.027780438572442,26.13778043857244,26.082780438572442,27.855,1.7722195614275584,0.003949021719619437,1.0,1894.0,801.004800153598,0.9504252210137702,0.04077030441619187,-0.001502481302706124,-0.14195509418673205,0.20375033847887591,0.203537434819011,0.2039631584621275,0.05177352710806479,258.38365115040415,put wing
2027-12-17,1.247128128965024,700.0,put,26.944323254501555,27.044323254501556,26.994323254501555,28.88,1.8856767454984436,0.003462603878116393,735.0,4259.0,801.004800153598,0.9504252210137702,0.04077030441619187,-0.001502481302706124,-0.13478660470811948,0.2016120596268353,0.20142218592939373,0.2018018715246199,0.050692544078144275,263.37585851333057,put wing
2027-12-17,1.247128128965024,705.0,put,27.900809388253357,28.100809388253357,28.000809388253355,30.009999999999998,2.009190611746643,0.006664445184938331,2.0,1211.0,801.004800153598,0.9504252210137702,0.04077030441619187,-0.001502481302706124,-0.12766913693925558,0.19971539556067372,0.19934275897224712,0.20008781310054827,0.04974325089482406,268.4370583324772,put wing
2027-12-17,1.247128128965024,710.0,put,28.919458430992535,29.109458430992536,29.014458430992537,31.155,2.140541569007464,0.006098539560263241,1.0,1120.0,801.004800153598,0.9504252210137702,0.04077030441619187,-0.001502481302706124,-0.12060196971616309,0.19772207364759106,0.19737451378407675,0.19806945878497356,0.04875525003027395,273.40308152217546,put wing
2027-12-17,1.247128128965024,715.0,put,29.939241222604945,30.139241222604948,30.039241222604947,32.32,2.2807587773950537,0.006188118811881276,24.0,680.0,801.004800153598,0.9504252210137702,0.04077030441619187,-0.001502481302706124,-0.11358439705751651,0.195647528399977,0.19528808850707194,0.19600679778791785,0.04773751485997237,278.2767843076249,put wing
2027-12-17,1.247128128965024,720.0,put,30.99842580650038,31.228425806500375,31.11342580650038,33.545,2.431574193499621,0.006856461469667517,17.0,7937.0,801.004800153598,0.9504252210137702,0.04077030441619187,-0.001502481302706124,-0.10661572774142312,0.19362700342683087,0.19322068669668607,0.19403312293553282,0.0467566000570871,283.09931548796294,put wing
2027-12-17,1.247128128965024,725.0,put,32.106397338457576,32.33639733845757,32.22139733845757,34.815,2.593602661542427,0.006606347838575237,136.0,1123.0,801.004800153598,0.9504252210137702,0.04077030441619187,-0.001502481302706124,-0.09969528489684944,0.1915993643364653,0.1911997435636404,0.19199881377442174,0.045782468223277396,287.83468769592923,put wing
2027-12-17,1.247128128965024,730.0,put,33.252493848538236,33.46249384853823,33.35749384853823,36.125,2.7675061514617667,0.005813148788927163,33.0,806.0,801.004800153598,0.9504252210137702,0.04077030441619187,-0.001502481302706124,-0.09282240560908736,0.18954133809902243,0.18918225760794324,0.18990029543387935,0.04480422395471439,292.4638152792117,put wing
2027-12-17,1.247128128965024,735.0,put,34.43537766645592,34.64537766645592,34.540377666455925,37.495000000000005,2.95462233354408,0.0056007467662355205,16.0,543.0,801.004800153598,0.9504252210137702,0.04077030441619187,-0.001502481302706124,-0.08599644053868746,0.18751281194121347,0.18715921236808652,0.18786630639950053,0.04385034028824025,296.9903028088578,put wing
2027-12-17,1.247128128965024,740.0,put,35.65390352646399,35.87390352646399,35.76390352646399,38.92,3.15609647353601,0.0056526207605344,14.0,545.0,801.004800153598,0.9504252210137702,0.04077030441619187,-0.001502481302706124,-0.07921675355330879,0.18548764455436875,0.18512262117885603,0.18585257060535781,0.042908274216474536,301.39083754979686,put wing
2027-12-17,1.247128128965024,745.0,put,36.917102988107665,37.097102988107665,37.00710298810766,40.379999999999995,3.3728970118923343,0.00445765230312035,2.0,719.0,801.004800153598,0.9504252210137702,0.04077030441619187,-0.001502481302706124,-0.07248272137196467,0.18339258253030738,0.18309808672425246,0.18368702407119278,0.0419444599818319,305.63528165634153,put wing
2027-12-17,1.247128128965024,750.0,put,38.22294621580455,38.44294621580455,38.33294621580455,41.94,3.6070537841954504,0.005245588936576034,2.0,1532.0,801.004800153598,0.9504252210137702,0.04077030441619187,-0.001502481302706124,-0.06579373322116802,0.1814291113961408,0.1810739481083906,0.18178420851618982,0.04105112107006085,309.7456172607184,put wing
2027-12-17,1.247128128965024,755.0,put,39.58055482159531,39.79055482159531,39.68555482159531,43.545,3.859445178404691,0.004822597313124373,2.0,285.0,801.004800153598,0.9504252210137702,0.04077030441619187,-0.001502481302706124,-0.059149190502499414,0.17940935330169147,0.17907457996404302,0.1797440784706901,0.040142206095751795,313.6676668378769,put wing
2027-12-17,1.247128128965024,760.0,put,40.98800422889317,41.208004228893174,41.098004228893174,45.230000000000004,4.13199577110683,0.004864028299801149,12.0,2315.0,801.004800153598,0.9504252210137702,0.04077030441619187,-0.001502481302706124,-0.052548506471147435,0.17743484871948464,0.17708826061867058,0.17778139585787633,0.03926349144880386,317.3984230889182,put wing
2027-12-17,1.247128128965024,765.0,put,42.41384307486539,42.67384307486539,42.543843074865386,46.97,4.426156925134613,0.0055354481583989356,56.0,2898.0,801.004800153598,0.9504252210137702,0.04077030441619187,-0.001502481302706124,-0.045991105924988326,0.17541684609297942,0.1750117235250192,0.17582192607156996,0.038375466822168504,320.90746011118785,ATM
2027-12-17,1.247128128965024,770.0,put,43.8843150828663,44.124315082866296,44.0043150828663,48.75,4.745684917133701,0.004923076923076818,2.0,532.0,801.004800153598,0.9504252210137702,0.04077030441619187,-0.001502481302706124,-0.0394764249037946,0.1732939771098872,0.17292379244050132,0.17366413628078556,0.03745225853633844,324.17373092459445,ATM
2027-12-17,1.247128128965024,775.0,put,45.43995925205939,45.65995925205939,45.54995925205939,50.64,5.090040747940613,0.0043443917851500565,55.0,1246.0,801.004800153598,0.9504252210137702,0.04077030441619187,-0.001502481302706124,-0.03300391039817722,0.17127972396293395,0.17094352171231444,0.1716159126028431,0.036586678456126606,327.19065223642207,ATM
2027-12-17,1.247128128965024,780.0,put,47.08594469009498,47.325944690094985,47.20594469009499,52.67,5.464055309905014,0.004556673628251414,10.0,647.0,801.004800153598,0.9504252210137702,0.04077030441619187,-0.001502481302706124,-0.026573020067886758,0.16944231253469466,0.16907859519730167,0.16980602146408838,0.035805918176477346,329.930363467211,ATM
2027-12-17,1.247128128965024,785.0,put,48.78588247383454,49.085882473834545,48.93588247383454,54.8,5.864117526165458,0.005474452554744604,1.0,250.0,801.004800153598,0.9504252210137702,0.04077030441619187,-0.001502481302706124,-0.020183221969115716,0.16766320305423407,0.16721188430603098,0.16811451833367422,0.035057956050917015,332.3606319091834,ATM
2027-12-17,1.247128128965024,790.0,put,50.41799215223129,50.69799215223129,50.55799215223129,56.87,6.3120078477687045,0.004923509759099721,1.0,150.0,801.004800153598,0.9504252210137702,0.04077030441619187,-0.001502481302706124,-0.013833994290457048,0.16539306241283872,0.16497447907483165,0.1658116488430469,0.034115021723141466,334.46024715050567,ATM
2027-12-17,1.247128128965024,795.0,put,52.250587581516776,52.580587581516774,52.415587581516775,59.195,6.779412418483226,0.0055747951685108255,20.0,448.0,801.004800153598,0.9504252210137702,0.04077030441619187,-0.001502481302706124,-0.007524825097192293,0.1636561056345335,0.16316533751237586,0.16414688355160295,0.03340223289578089,336.204307797083,ATM
2027-12-17,1.247128128965024,800.0,put,54.09331351554304,54.43331351554304,54.26331351554304,61.57,7.306686484456961,0.00552216988793249,5.0,743.0,801.004800153598,0.9504252210137702,0.04077030441619187,-0.001502481302706124,-0.001255212083596864,0.1617127956441983,0.1612092042256044,0.16221639977386393,0.03261368296318981,337.5709962380956,ATM
2027-12-17,1.247128128965024,805.0,call,53.08,53.29,53.185,53.185,0.0,0.003948481714769218,3.0,743.0,801.004800153598,0.9504252210137702,0.04077030441619187,-0.001502481302706124,0.004975337667039132,0.162162858468867,0.1618526658792187,0.16247305547551974,0.0327954698363197,338.49697449200767,ATM
2027-12-17,1.247128128965024,810.0,call,50.38,50.57,50.475,50.475,0.0,0.0037642397226349228,4.0,889.0,801.004800153598,0.9504252210137702,0.04077030441619187,-0.001502481302706124,0.011167307914960244,0.16042458806550994,0.1601443903867577,0.16070478776965633,0.0320961499578702,339.0451270751761,ATM
2027-12-17,1.247128128965024,815.0,call,47.79,48.0,47.894999999999996,47.894999999999996,0.0,0.00438459129345445,3.0,755.0,801.004800153598,0.9504252210137702,0.04077030441619187,-0.001502481302706124,0.017321173489338534,0.1588825742303637,0.1585729830653278,0.15919216439431821,0.03148209392101885,339.15752141342153,ATM
2027-12-17,1.247128128965024,820.0,call,45.27,45.49,45.38,45.38,0.0,0.0048479506390480135,4.0,901.0,801.004800153598,0.9504252210137702,0.04077030441619187,-0.001502481302706124,0.023437400506774658,0.1573412973607274,0.15701663742115854,0.15766595055218408,0.030874257964408788,338.81959112968235,ATM
2027-12-17,1.247128128965024,825.0,call,42.82,43.0,42.91,42.91,0.0,0.004194826380797011,10.0,1374.0,801.004800153598,0.9504252210137702,0.04077030441619187,-0.001502481302706124,0.029516446583156875,0.15573819692989044,0.1554719290714792,0.15600445511918498,0.03024832701014104,338.01165050009456,ATM
2027-12-17,1.247128128965024,830.0,call,40.42,40.62,40.519999999999996,40.519999999999996,0.0,0.004935834155972254,33.0,2146.0,801.004800153598,0.9504252210137702,0.04077030441619187,-0.001502481302706124,0.03555876103911953,0.15417322021775834,0.15387622725321065,0.15447019302020049,0.029643464691188254,336.7197710146106,ATM
2027-12-17,1.247128128965024,835.0,call,38.15,38.34,38.245000000000005,38.245000000000005,0.0,0.004967969669237934,3.0,850.0,801.004800153598,0.9504252210137702,0.04077030441619187,-0.001502481302706124,0.041564785099331224,0.1527480375506434,0.15246439419399221,0.15303165346917288,0.029097947330807276,334.9438768965911,ATM
2027-12-17,1.247128128965024,840.0,call,35.97,36.18,36.075,36.075,0.0,0.005821205821205844,7.0,692.0,801.004800153598,0.9504252210137702,0.04077030441619187,-0.001502481302706124,0.047534952085835074,0.15143233247272161,0.15111669372082984,0.1517479239548438,0.028598832115269316,332.6837457683557,ATM
2027-12-17,1.247128128965024,845.0,call,33.84,34.03,33.935,33.935,0.0,0.00559893914837182,1.0,531.0,801.004800153598,0.9504252210137702,0.04077030441619187,-0.001502481302706124,0.05346968760564965,0.14999921144954645,0.1497112184519269,0.15028715199739198,0.028060087875453,329.8992393988797,call wing
2027-12-17,1.247128128965024,850.0,call,31.79,31.96,31.875,31.875,0.0,0.005333333333333387,7.0,2894.0,801.004800153598,0.9504252210137702,0.04077030441619187,-0.001502481302706124,0.05936940973283797,0.14859661100169222,0.14833632942600644,0.1488568373730484,0.027537777352710895,326.60411332241046,call wing
2027-12-17,1.247128128965024,855.0,call,29.83,30.01,29.92,29.92,0.0,0.006016042780748772,7.0,519.0,801.004800153598,0.9504252210137702,0.04077030441619187,-0.001502481302706124,0.06523452918523608,0.1473011238589634,0.14702229421017304,0.14757987409569784,0.027059713593105515,322.8237979332858,call wing
2027-12-17,1.247128128965024,860.0,call,27.97,28.14,28.055,28.055,0.0,0.006059525931206619,21.0,497.0,801.004800153598,0.9504252210137702,0.04077030441619187,-0.001502481302706124,0.07106544949602932,0.1460684543784558,0.14580158414609662,0.14633523534220808,0.026608717484292804,318.5602544212231,call wing
2027-12-17,1.247128128965024,865.0,call,26.21,26.38,26.295,26.295,0.0,0.0064651074348734796,1.0,486.0,801.004800153598,0.9504252210137702,0.04077030441619187,-0.001502481302706124,0.07686256718035525,0.14494851784297672,0.14467763489964683,0.14521929000652886,0.026202252811506177,313.8529940473453,call wing
2027-12-17,1.247128128965024,870.0,call,24.55,24.73,24.64,24.64,0.0,0.007305194805194794,1.0,1089.0,801.004800153598,0.9504252210137702,0.04077030441619187,-0.001502481302706124,0.08262627189710516,0.14394686401740325,0.14365527784092633,0.1442382980424184,0.02584136739837671,308.73735454446336,call wing
2027-12-17,1.247128128965024,875.0,call,22.94,23.09,23.015,23.015,0.0,0.006517488594394898,1.0,2080.0,801.004800153598,0.9504252210137702,0.04077030441619187,-0.001502481302706124,0.08835694660609021,0.14282335572037397,0.14257584780760926,0.14307073479888494,0.025439556781312586,303.0996687359332,call wing
2027-12-17,1.247128128965024,880.0,call,21.43,21.57,21.5,21.5,0.0,0.0065116279069767705,3.0,2775.0,801.004800153598,0.9504252210137702,0.04077030441619187,-0.001502481302706124,0.09405496772072797,0.14184146007838247,0.14160579102122106,0.14207699361554188,0.025090970573689038,297.11229442135055,call wing
2027-12-17,1.247128128965024,885.0,call,19.99,20.14,20.064999999999998,20.064999999999998,0.0,0.007475703962123207,2.0,930.0,801.004800153598,0.9504252210137702,0.04077030441619187,-0.001502481302706124,0.09972070525640536,0.14090880695524174,0.14065076249702954,0.14116666470023903,0.024762093009302853,290.7530278372803,call wing
2027-12-17,1.247128128965024,890.0,call,18.63,18.77,18.7,18.7,0.0,0.007486631016042812,57.0,1305.0,801.004800153598,0.9504252210137702,0.04077030441619187,-0.001502481302706124,0.10535452297466139,0.13999614871045618,0.1397495960782218,0.14024250696695692,0.024442366491786004,284.0272576348888,call wing
2027-12-17,1.247128128965024,895.0,call,17.36,17.48,17.42,17.42,0.0,0.006888633754305452,25.0,1549.0,801.004800153598,0.9504252210137702,0.04077030441619187,-0.001502481302706124,0.11095677852333127,0.13916222527046698,0.13894554954168575,0.1393787311987061,0.02415203916450394,277.02026856190474,call wing
2027-12-17,1.247128128965024,900.0,call,16.2,16.27,16.235,16.235,0.0,0.004311672312904237,2.0,7110.0,801.004800153598,0.9504252210137702,0.04077030441619187,-0.001502481302706124,0.11652782357278647,0.1384540629591692,0.1383243168565661,0.1385837407654265,0.023906857026452254,269.8287304541605,call wing
2027-12-17,1.247128128965024,905.0,call,15.05,15.13,15.09,15.09,0.0,0.005301524188204113,31.0,559.0,801.004800153598,0.9504252210137702,0.04077030441619187,-0.001502481302706124,0.12206800394840188,0.13767704589833796,0.13752448501017536,0.13782950129832292,0.023639274982770284,262.2812187290022,call wing
2027-12-17,1.247128128965024,910.0,call,14.0,14.08,14.04,14.04,0.0,0.0056980056980057035,21.0,1643.0,801.004800153598,0.9504252210137702,0.04077030441619187,-0.001502481302706124,0.12757765975937152,0.13704599484946073,0.13688886045549034,0.13720300520272363,0.023423067533807435,254.65984693100054,call wing
2027-12-17,1.247128128965024,915.0,call,13.01,13.08,13.045,13.045,0.0,0.005366040628593353,58.0,3199.0,801.004800153598,0.9504252210137702,0.04077030441619187,-0.001502481302706124,0.13305712552399712,0.136418088645235,0.13627623798043573,0.13655982773806433,0.02320892341886911,246.83558373167364,call wing
2027-12-17,1.247128128965024,920.0,call,12.08,12.15,12.115,12.115,0.0,0.005777961205117646,1.0,596.0,801.004800153598,0.9504252210137702,0.04077030441619187,-0.001502481302706124,0.13850673029156182,0.1358415746025273,0.1356950084878375,0.13598800991801782,0.023013172293202985,238.9068632523027,call wing
2027-12-17,1.247128128965024,925.0,call,11.21,11.28,11.245000000000001,11.245000000000001,0.0,0.006224988883948289,3.0,882.0,801.004800153598,0.9504252210137702,0.04077030441619187,-0.001502481302706124,0.14392679776090106,0.13530665853858218,0.1351550005841287,0.13545816339611733,0.02283228690179482,230.89924281667788,call wing
2027-12-17,1.247128128965024,930.0,call,10.39,10.45,10.42,10.42,0.0,0.005758157389635194,18.0,613.0,801.004800153598,0.9504252210137702,0.04077030441619187,-0.001502481302706124,0.14931764639577752,0.13475752043940184,0.13462278026637664,0.13489212887249472,0.022647334645159018,222.75982622362736,call wing
2027-12-17,1.247128128965024,935.0,call,9.65,9.72,9.685,9.685,0.0,0.007227671657201887,1.0,609.0,801.004800153598,0.9504252210137702,0.04077030441619187,-0.001502481302706124,0.15467958953716274,0.13440952243777946,0.13424653380575927,0.13457230256548525,0.022530516660870248,214.87662897125117,deep call wing
2027-12-17,1.247128128965024,940.0,call,8.94,9.0,8.969999999999999,8.969999999999999,0.0,0.006688963210702397,1.0,1263.0,801.004800153598,0.9504252210137702,0.04077030441619187,-0.001502481302706124,0.16001293551252535,0.13395540362953218,0.13381023064307118,0.13410039770927332,0.02237852970402949,206.77767303850234,deep call wing
2027-12-17,1.247128128965024,945.0,call,8.27,8.33,8.3,8.3,0.0,0.007228915662650662,3.0,369.0,801.004800153598,0.9504252210137702,0.04077030441619187,-0.001502481302706124,0.16531798774221854,0.13351625534950723,0.1333651593012385,0.13366714243687486,0.02223204238444917,198.68687506206382,deep call wing
2027-12-17,1.247128128965024,950.0,call,7.68,7.73,7.705,7.705,0.0,0.006489292667099378,1.0,1155.0,801.004800153598,0.9504252210137702,0.04077030441619187,-0.001502481302706124,0.17059504484306234,0.13325973155937643,0.13312872013289978,0.13339057465948437,0.022146695935086596,190.94594222610905,deep call wing
2027-12-17,1.247128128965024,955.0,call,7.1,7.16,7.13,7.13,0.0,0.008415147265077208,1.0,956.0,801.004800153598,0.9504252210137702,0.04077030441619187,-0.001502481302706124,0.1758444007292061,0.13291768076661442,0.1327536847669076,0.13308139440228858,0.022033149664389774,183.0892869169476,deep call wing
2027-12-17,1.247128128965024,960.0,call,6.57,6.62,6.595000000000001,6.595000000000001,0.0,0.007581501137225143,1.0,648.0,801.004800153598,0.9504252210137702,0.04077030441619187,-0.001502481302706124,0.1810663447103578,0.13260181622865325,0.13245912562718468,0.13274427847177345,0.021928555281477077,175.34486142370287,deep call wing
2027-12-17,1.247128128965024,965.0,call,6.08,6.14,6.109999999999999,6.109999999999999,0.0,0.009819967266775715,1.0,526.0,801.004800153598,0.9504252210137702,0.04077030441619187,-0.001502481302706124,0.18626116158746184,0.13238467076013327,0.13220578126415009,0.13256317869238957,0.021856794762116445,167.8808332279278,deep call wing
2027-12-17,1.247128128965024,970.0,call,5.63,5.67,5.65,5.65,0.0,0.007079646017699121,21.0,1757.0,801.004800153598,0.9504252210137702,0.04077030441619187,-0.001502481302706124,0.19142913174590426,0.1321337136973068,0.13200896884126823,0.13225826130376955,0.021774006958799202,160.45436341556626,deep call wing
2027-12-17,1.247128128965024,975.0,call,5.2,5.25,5.225,5.225,0.0,0.009569377990430589,2.0,1757.0,801.004800153598,0.9504252210137702,0.04077030441619187,-0.001502481302706124,0.19657053124632295,0.13191902048698995,0.13175567936576366,0.1320820034150453,0.021703306854619867,153.222383063976,deep call wing
2027-12-17,1.247128128965024,980.0,call,4.8,4.85,4.824999999999999,4.824999999999999,0.0,0.010362694300518099,2.0,2454.0,801.004800153598,0.9504252210137702,0.04077030441619187,-0.001502481302706124,0.2016856319130934,0.13168736721599245,0.13151603129621137,0.13185828607759129,0.02162715062377535,146.09051850616152,deep call wing
2027-12-17,1.247128128965024,985.0,call,4.45,4.49,4.470000000000001,4.470000000000001,0.0,0.008948545861297546,1.0,952.0,801.004800153598,0.9504252210137702,0.04077030441619187,-0.001502481302706124,0.2067747014205647,0.1315898772531325,0.13144623674895864,0.13173320883399142,0.021595140724788357,139.38675925156733,deep call wing
2027-12-17,1.247128128965024,990.0,call,4.12,4.16,4.140000000000001,4.140000000000001,0.0,0.009661835748792277,702.0,1220.0,801.004800153598,0.9504252210137702,0.04077030441619187,-0.001502481302706124,0.21183800337711148,0.13150622796265143,0.13135552852247767,0.1316565698632298,0.021567694175196942,132.8725473231169,deep call wing
2027-12-17,1.247128128965024,995.0,call,3.8,3.84,3.82,3.82,0.0,0.010471204188481685,200.0,1067.0,801.004800153598,0.9504252210137702,0.04077030441619187,-0.001502481302706124,0.21687579740706864,0.13132979393047123,0.13117127243667304,0.13148789914168374,0.021509860829170793,126.33222390852606,deep call wing
2027-12-17,1.247128128965024,1000.0,call,3.52,3.56,3.54,3.54,0.0,0.011299435028248598,109.0,6680.0,801.004800153598,0.9504252210137702,0.04077030441619187,-0.001502481302706124,0.22188833923061296,0.1313057549704377,0.13113924456806805,0.13147178440666632,0.021501987103857558,120.28689622869291,deep call wing
2027-12-17,1.247128128965024,1005.0,call,3.25,3.3,3.275,3.275,0.0,0.01526717557251903,54.0,1010.0,801.004800153598,0.9504252210137702,0.04077030441619187,-0.001502481302706124,0.22687588074165188,0.13124978117245004,0.13103072655637177,0.1314679652768004,0.021483659021360613,114.35499242812016,deep call wing
2027-12-17,1.247128128965024,1010.0,call,3.01,3.06,3.035,3.035,0.0,0.01647446457990124,210.0,436.0,801.004800153598,0.9504252210137702,0.04077030441619187,-0.001502481302706124,0.23183867008378092,0.13125873968853297,0.1310283325639002,0.13148814164217118,0.021486591876126945,108.74189517778426,deep call wing
2027-12-17,1.247128128965024,1015.0,call,2.79,2.83,2.81,2.81,0.0,0.01423487544483987,56.0,90.0,801.004800153598,0.9504252210137702,0.04077030441619187,-0.001502481302706124,0.23677695172436353,0.1312562287239581,0.13106222664841705,0.13144948699147557,0.021485769811933498,103.29048950250905,deep call wing
2027-12-17,1.247128128965024,1020.0,call,2.57,2.62,2.5949999999999998,2.5949999999999998,0.0,0.019267822736030935,4.0,304.0,801.004800153598,0.9504252210137702,0.04077030441619187,-0.001502481302706124,0.2416909665267926,0.13119918240090733,0.1309431823500405,0.13145383302352606,0.02146709766470845,97.91571020172003,deep call wing
2027-12-17,1.247128128965024,1025.0,call,2.39,2.44,2.415,2.415,0.0,0.020703933747411935,4.0,562.0,801.004800153598,0.9504252210137702,0.04077030441619187,-0.001502481302706124,0.2465809518209844,0.13135753628429503,0.13108841063288038,0.1316251158618683,0.021518949356299166,93.16258818065889,deep call wing
2027-12-17,1.247128128965024,1030.0,call,2.23,2.26,2.245,2.245,0.0,0.01336302895322931,2.0,208.0,801.004800153598,0.9504252210137702,0.04077030441619187,-0.001502481302706124,0.25144714147215735,0.13149321091245608,0.13132348188069615,0.13166230116518854,0.0215634246608596,88.5434111739438,deep call wing
2027-12-17,1.247128128965024,1035.0,call,2.07,2.1,2.085,2.085,0.0,0.014388489208633212,12.0,296.0,801.004800153598,0.9504252210137702,0.04077030441619187,-0.001502481302706124,0.25628976594794534,0.1316115041730003,0.13143270988005187,0.13178956425425814,0.0216022396714045,84.06861554959202,deep call wing
2027-12-17,1.247128128965024,1040.0,call,1.92,1.96,1.94,1.94,0.0,0.020618556701030948,36.0,240.0,801.004800153598,0.9504252210137702,0.04077030441619187,-0.001502481302706124,0.2611090523838941,0.13178126534309478,0.13153010257731734,0.13203093274189986,0.021658003589885816,79.86879737334495,deep call wing
2027-12-17,1.247128128965024,1045.0,call,1.79,1.82,1.8050000000000002,1.8050000000000002,0.0,0.016620498614958464,20.0,197.0,801.004800153598,0.9504252210137702,0.04077030441619187,-0.001502481302706124,0.26590522464738714,0.1319538721728475,0.13175561598998817,0.13215116476343206,0.021714775962653164,75.84487471268427,deep call wing
2027-12-17,1.247128128965024,1050.0,call,1.66,1.7,1.68,1.68,0.0,0.023809523809523832,344.0,24807.0,801.004800153598,0.9504252210137702,0.04077030441619187,-0.001502481302706124,0.27067850340004485,0.13213844583132045,0.1318597190227954,0.13241521151526683,0.021775566581413483,72.00990610166883,deep call wing
2027-12-17,1.247128128965024,1055.0,call,1.56,1.59,1.5750000000000002,1.5750000000000002,0.0,0.019047619047619063,255.0,531.0,801.004800153598,0.9504252210137702,0.04077030441619187,-0.001502481302706124,0.2754291061586427,0.13249146218765726,0.13227230133890483,0.13270937590727871,0.021892071652378556,68.63924220557945,deep call wing
2027-12-17,1.247128128965024,1060.0,call,1.44,1.48,1.46,1.46,0.0,0.02739726027397263,262.0,438.0,801.004800153598,0.9504252210137702,0.04077030441619187,-0.001502481302706124,0.2801572473545887,0.13258704464453092,0.13227788738960103,0.13289364632181414,0.021923669956882996,64.96260609923158,deep call wing
2027-12-17,1.247128128965024,1065.0,call,1.35,1.38,1.365,1.365,0.0,0.021978021978021834,266.0,161.0,801.004800153598,0.9504252210137702,0.04077030441619187,-0.001502481302706124,0.2848631383920014,0.13287672740828094,0.13263310724482744,0.13311871497537903,0.022019574458153387,61.77957000631004,deep call wing
2027-12-17,1.247128128965024,1070.0,call,1.27,1.29,1.28,1.28,0.0,0.015625000000000014,1.0,1220.0,801.004800153598,0.9504252210137702,0.04077030441619187,-0.001502481302706124,0.2895469877044276,0.13322980165002407,0.1330594481347995,0.13339933538286508,0.022136748831686336,58.84368094629846,deep call wing
2027-12-17,1.247128128965024,1075.0,call,1.18,1.21,1.1949999999999998,1.1949999999999998,0.0,0.02510460251046028,275.0,4055.0,801.004800153598,0.9504252210137702,0.04077030441619187,-0.001502481302706124,0.29420900081023893,0.13348457509118786,0.1332150810777463,0.13375196920837726,0.02222149335751645,55.87914247237142,deep call wing
2027-12-17,1.247128128965024,1080.0,call,1.11,1.13,1.12,1.12,0.0,0.017857142857142672,1.0,7014.0,801.004800153598,0.9504252210137702,0.04077030441619187,-0.001502481302706124,0.2988493803667412,0.13382064202517438,0.13363206603289357,0.13400816276152475,0.02233352592626398,53.178577258970385,deep call wing
2027-12-17,1.247128128965024,1085.0,call,1.04,1.07,1.0550000000000002,1.0550000000000002,0.0,0.02843601895734599,1.0,10046.0,801.004800153598,0.9504252210137702,0.04077030441619187,-0.001502481302706124,0.30346832622303577,0.1342577531366578,0.13396089049362767,0.1345519543628425,0.022479664456878434,50.75781225934899,deep call wing
2027-12-17,1.247128128965024,1090.0,call,0.98,1.0,0.99,0.99,0.0,0.02020202020202022,2.0,10927.0,801.004800153598,0.9504252210137702,0.04077030441619187,-0.001502481302706124,0.3080660354716652,0.1346106104316713,0.13440298948606305,0.13481689692882212,0.022597982200614382,48.3208911754149,deep call wing
2027-12-17,1.247128128965024,1095.0,call,0.92,0.94,0.9299999999999999,0.9299999999999999,0.0,0.021505376344085923,1.0,14675.0,801.004800153598,0.9504252210137702,0.04077030441619187,-0.001502481302706124,0.31264270249907705,0.13498104149113746,0.13476300168745817,0.13519757860988954,0.02272252680242152,46.02276221564272,deep call wing
2027-12-17,1.247128128965024,1100.0,call,0.86,0.88,0.87,0.87,0.0,0.022988505747126457,21.0,16921.0,801.004800153598,0.9504252210137702,0.04077030441619187,-0.001502481302706124,0.3171985190349378,0.13526377513249777,0.13503412069067058,0.13549172519427868,0.02281781649683517,43.706947814024794,deep call wing
2027-12-17,1.247128128965024,1105.0,call,0.82,0.84,0.83,0.83,0.0,0.024096385542168697,1.0,11012.0,801.004800153598,0.9504252210137702,0.04077030441619187,-0.001502481302706124,0.32173367420032895,0.13593047669169547,0.13569162574508353,0.13616745942762115,0.02304330428455268,42.03264602353022,deep call wing
2027-12-17,1.247128128965024,1110.0,call,0.77,0.79,0.78,0.78,0.0,0.025641025641025664,5.0,18349.0,801.004800153598,0.9504252210137702,0.04077030441619187,-0.001502481302706124,0.3262483545548556,0.1362919199752465,0.13604100250170512,0.13654073539066702,0.023166012908803983,40.02263361647669,deep call wing
2027-12-17,1.247128128965024,1115.0,call,0.72,0.75,0.735,0.735,0.0,0.04081632653061228,12.0,15049.0,801.004800153598,0.9504252210137702,0.04077030441619187,-0.001502481302706124,0.33074274414269494,0.13670095849106326,0.13630530081907974,0.137091319235738,0.02330527297476384,38.17009647012409,deep call wing
2027-12-17,1.247128128965024,1120.0,call,0.69,0.72,0.705,0.705,0.0,0.04255319148936174,3.0,12569.0,801.004800153598,0.9504252210137702,0.04077030441619187,-0.001502481302706124,0.33521702453761604,0.13744303510148262,0.1370328395590497,0.13784748007087733,0.023558983540166563,36.82927819789841,deep call wing
2027-12-17,1.247128128965024,1125.0,call,0.85,0.87,0.86,0.86,0.0,0.023255813953488393,160.0,2988.0,801.004800153598,0.9504252210137702,0.04077030441619187,-0.001502481302706124,0.33967137488699634,0.14293940220717785,0.1426983572067672,0.14317862312593155,0.02548091375014885,41.6446633687977,deep call wing
2027-12-17,1.247128128965024,1130.0,call,0.62,0.65,0.635,0.635,0.0,0.04724409448818902,12.0,11692.0,801.004800153598,0.9504252210137702,0.04077030441619187,-0.001502481302706124,0.34410597195486214,0.13849256772876534,0.13804522494579652,0.1389328781931514,0.023920156109247293,33.80066905654649,deep call wing
2027-12-17,1.247128128965024,1135.0,call,0.59,0.62,0.605,0.605,0.0,0.049586776859504175,1.0,354.0,801.004800153598,0.9504252210137702,0.04077030441619187,-0.001502481302706124,0.3485209901639789,0.1390776201938673,0.1386116188431158,0.13953589822788734,0.024122681140495667,32.46164308780605,deep call wing
2027-12-17,1.247128128965024,1140.0,call,0.57,0.59,0.58,0.58,0.0,0.03448275862068969,1.0,7568.0,801.004800153598,0.9504252210137702,0.04077030441619187,-0.001502481302706124,0.3529166016370169,0.13976827186663449,0.13944694852385253,0.1400858668191382,0.024362859787360733,31.304746536590276,deep call wing
2027-12-17,1.247128128965024,1150.0,call,0.52,0.54,0.53,0.53,0.0,0.03773584905660381,23.0,12121.0,801.004800153598,0.9504252210137702,0.04077030441619187,-0.001502481302706124,0.36165028160577156,0.14101328819432596,0.14066617818876037,0.14135595461809675,0.024798827878988107,28.996964074179704,deep call wing
2027-12-17,1.247128128965024,1160.0,call,0.47,0.5,0.485,0.485,0.0,0.06185567010309284,5.0,10323.0,801.004800153598,0.9504252210137702,0.04077030441619187,-0.001502481302706124,0.37030834434888615,0.14224668990334402,0.14168262961962175,0.14279886415285,0.025234541200162063,26.881260665404703,deep call wing
2027-12-17,1.247128128965024,1170.0,call,0.44,0.47,0.45499999999999996,0.45499999999999996,0.0,0.06593406593406588,1.0,24.0,801.004800153598,0.9504252210137702,0.04077030441619187,-0.001502481302706124,0.3788920880402777,0.14388861438935388,0.1432900037815633,0.14447370548619212,0.025820457662109733,25.349824373504052,deep call wing
2027-12-17,1.247128128965024,1180.0,call,0.41,0.43,0.42,0.42,0.0,0.047619047619047665,1.0,25.0,801.004800153598,0.9504252210137702,0.04077030441619187,-0.001502481302706124,0.3874027777081862,0.14519950524364264,0.14477292078961765,0.1456190615113474,0.026293073044464838,23.63947771535696,deep call wing
2027-12-17,1.247128128965024,1190.0,call,0.48,0.51,0.495,0.495,0.0,0.06060606060606066,10.0,84.0,801.004800153598,0.9504252210137702,0.04077030441619187,-0.001502481302706124,0.3958416463540509,0.15093347508110044,0.15035341327145127,0.15150151109477533,0.028410718528291603,26.13504339596609,deep call wing
2027-12-17,1.247128128965024,1200.0,call,0.35,0.38,0.365,0.365,0.0,0.08219178082191789,25.0,337.0,801.004800153598,0.9504252210137702,0.04077030441619187,-0.001502481302706124,0.4042098960245675,0.14805752717080037,0.1473271292548306,0.14876702669586617,0.027338334814918947,20.842143222509605,deep call wing
2027-12-17,1.247128128965024,1210.0,call,0.33,0.35,0.33999999999999997,0.33999999999999997,0.0,0.0588235294117646,1.0,102.0,801.004800153598,0.9504252210137702,0.04077030441619187,-0.001502481302706124,0.41250869883926256,0.1494174337614142,0.14890075654286786,0.14992342864823882,0.027842845733387835,19.56015605248921,deep call wing
2027-12-17,1.247128128965024,1220.0,call,0.38,0.41,0.395,0.395,0.0,0.07594936708860751,2.0,2383.0,801.004800153598,0.9504252210137702,0.04077030441619187,-0.001502481302706124,0.4207391979757781,0.15467753832155964,0.15396938466696233,0.1553669856044126,0.02983771615747489,21.47178341199401,deep call wing
2027-12-17,1.247128128965024,1230.0,call,0.36,0.38,0.37,0.37,0.0,0.054054054054054106,275.0,607.0,801.004800153598,0.9504252210137702,0.04077030441619187,-0.001502481302706124,0.42890250861493906,0.15603925149748246,0.1555405900894737,0.15652845291175893,0.030365384981661945,20.248816470903687,deep call wing
2027-12-17,1.247128128965024,1240.0,call,0.27,0.29,0.28,0.28,0.0,0.07142857142857129,1.0,4.0,801.004800153598,0.9504252210137702,0.04077030441619187,-0.001502481302706124,0.4369997188475583,0.15361062789118632,0.1529924270708533,0.15421310944098635,0.02942751593629013,16.38874150082765,deep call wing
2027-12-17,1.247128128965024,1250.0,call,0.25,0.28,0.265,0.265,0.0,0.11320754716981142,1.0,828.0,801.004800153598,0.9504252210137702,0.04077030441619187,-0.001502481302706124,0.4450318905448226,0.15510554074985022,0.15412110220196698,0.1560504223784823,0.030003070269703697,15.560224390399613,deep call wing
2027-12-17,1.247128128965024,1260.0,call,0.24,0.26,0.25,0.25,0.0,0.08000000000000007,1.0,577.0,801.004800153598,0.9504252210137702,0.04077030441619187,-0.001502481302706124,0.4530000601939995,0.15651286859715466,0.15582436661081858,0.15718162834108873,0.03054999739427998,14.740640150914368,deep call wing
2027-12-17,1.247128128965024,1270.0,call,0.6,0.63,0.615,0.615,0.0,0.04878048780487809,194.0,200.0,801.004800153598,0.9504252210137702,0.04077030441619187,-0.001502481302706124,0.46090523970111286,0.17648240998436343,0.17593417337148812,0.17702150337153058,0.03884310387926178,27.593837733522335,deep call wing
2027-12-17,1.247128128965024,1280.0,call,0.26,0.28,0.27,0.27,0.0,0.07407407407407414,2.0,9.0,801.004800153598,0.9504252210137702,0.04077030441619187,-0.001502481302706124,0.4687484171621386,0.16257365376131638,0.1619083443369013,0.1632213141725413,0.03296183701619988,15.23714128552692,deep call wing
2027-12-17,1.247128128965024,1290.0,call,0.25,0.27,0.26,0.26,0.0,0.07692307692307698,46.0,700.0,801.004800153598,0.9504252210137702,0.04077030441619187,-0.001502481302706124,0.4765305576041936,0.16423643223654386,0.16354468884615683,0.16490907173932173,0.03363954237539266,14.663328393013327,deep call wing
2027-12-17,1.247128128965024,1300.0,call,0.18,0.21,0.195,0.195,0.0,0.15384615384615383,25.0,159.0,801.004800153598,0.9504252210137702,0.04077030441619187,-0.001502481302706124,0.48425260369810397,0.1615793695742849,0.16026425223802426,0.16282169623596873,0.032559887339280134,11.745791163630146,deep call wing
2027-12-17,1.247128128965024,1310.0,call,0.17,0.19,0.18,0.18,0.0,0.11111111111111106,1.0,208.0,801.004800153598,0.9504252210137702,0.04077030441619187,-0.001502481302706124,0.491915476443673,0.1624802560258838,0.16154767940499212,0.1633751127373003,0.03292397508035698,10.951804193310513,deep call wing
2027-12-17,1.247128128965024,1320.0,call,0.16,0.19,0.175,0.175,0.0,0.17142857142857143,1.0,267.0,801.004800153598,0.9504252210137702,0.04077030441619187,-0.001502481302706124,0.49952007582889235,0.164208960289172,0.16274807246192155,0.1655794099965368,0.033628289495211704,10.613052782255789,deep call wing
2027-12-17,1.247128128965024,1330.0,call,0.15,0.18,0.16499999999999998,0.16499999999999998,0.0,0.18181818181818182,1.0,80.0,801.004800153598,0.9504252210137702,0.04077030441619187,-0.001502481302706124,0.5070672814642753,0.16540544429951082,0.1638598823310367,0.16684935585654131,0.034120129847244024,10.053791499506872,deep call wing
2027-12-17,1.247128128965024,1340.0,call,0.14,0.17,0.15500000000000003,0.15500000000000003,0.0,0.19354838709677416,3.0,1013.0,801.004800153598,0.9504252210137702,0.04077030441619187,-0.001502481302706124,0.5145579531934329,0.16651647840260653,0.16487639298167642,0.16804156046268537,0.034580041488086875,9.498159233198935,deep call wing
2027-12-17,1.247128128965024,1350.0,call,0.14,0.16,0.15000000000000002,0.15000000000000002,0.0,0.13333333333333325,1.0,2.0,801.004800153598,0.9504252210137702,0.04077030441619187,-0.001502481302706124,0.521992931680951,0.16808771800027195,0.16696951230693313,0.16915124707829127,0.03523571082461756,9.176192615986256,deep call wing
2027-12-17,1.247128128965024,1380.0,call,0.11,0.13,0.12,0.12,0.0,0.1666666666666667,362.0,662.0,801.004800153598,0.9504252210137702,0.04077030441619187,-0.001502481302706124,0.5439718383997262,0.17063435892603862,0.16926276430642428,0.17192165948582822,0.03631148791805255,7.533873813820336,deep call wing
2027-12-17,1.247128128965024,1390.0,call,0.21,0.24,0.22499999999999998,0.22499999999999998,0.0,0.13333333333333333,1.0,1.0,801.004800153598,0.9504252210137702,0.04077030441619187,-0.001502481302706124,0.5511920863732133,0.18355991351282305,0.18227387041255674,0.18478400971803746,0.042021036793832706,11.963260809323208,deep call wing
2027-12-17,1.247128128965024,1400.0,call,0.1,0.12,0.11,0.11,0.0,0.18181818181818174,1.0,23.0,801.004800153598,0.9504252210137702,0.04077030441619187,-0.001502481302706124,0.5583605758518259,0.17321205783707805,0.17171459682113824,0.1746089185072086,0.03741685815288951,6.92323826493452,deep call wing
2027-12-17,1.247128128965024,1410.0,call,0.12,0.14,0.13,0.13,0.0,0.15384615384615397,6.0,6.0,801.004800153598,0.9504252210137702,0.04077030441619187,-0.001502481302706124,0.5654780436206898,0.1778928631017089,0.17657035397809343,0.1791402775592337,0.039466455568592136,7.792846626422645,deep call wing
2027-12-17,1.247128128965024,1430.0,call,0.08,0.1,0.09,0.09,0.0,0.22222222222222227,1.0,2.0,801.004800153598,0.9504252210137702,0.04077030441619187,-0.001502481302706124,0.5795627835024288,0.17581203909488036,0.17400304948130907,0.17747215343496786,0.03854857219415071,5.781809345615813,deep call wing
2027-12-17,1.247128128965024,1440.0,call,0.07,0.1,0.085,0.085,0.0,0.3529411764705882,2.0,33.0,801.004800153598,0.9504252210137702,0.04077030441619187,-0.001502481302706124,0.5865314528185221,0.1767933802320589,0.17384989699876005,0.17935900317215298,0.03898011120549248,5.4857032735501745,deep call wing
2027-12-17,1.247128128965024,1450.0,call,0.07,0.09,0.08,0.08,0.0,0.24999999999999986,10.0,12.0,801.004800153598,0.9504252210137702,0.04077030441619187,-0.001502481302706124,0.5934518956630959,0.1777024324425302,0.17567499129163017,0.1795420638731392,0.03938200473275497,5.190917979050481,deep call wing
2027-12-17,1.247128128965024,1460.0,call,0.07,0.09,0.08,0.08,0.0,0.24999999999999986,1.0,2.0,801.004800153598,0.9504252210137702,0.04077030441619187,-0.001502481302706124,0.6003247749508579,0.17952928027397447,0.17748511834382358,0.18138399106922473,0.040195890501424976,5.148592147733286,deep call wing
2027-12-17,1.247128128965024,1470.0,call,0.06,0.08,0.07,0.07,0.0,0.28571428571428575,161.0,183.0,801.004800153598,0.9504252210137702,0.04077030441619187,-0.001502481302706124,0.6071507400212578,0.17928052390092816,0.1769759321878868,0.1813412336181469,0.04008457655191867,4.603842603531433,deep call wing
2027-12-17,1.247128128965024,1480.0,call,0.06,0.08,0.07,0.07,0.0,0.28571428571428575,161.0,809.0,801.004800153598,0.9504252210137702,0.04077030441619187,-0.001502481302706124,0.6139304270066365,0.18106144740889304,0.1787384150388307,0.18313853536068192,0.040884910412643534,4.5674253232872575,deep call wing
2028-06-16,1.745758265951325,305.0,put,2.5014607388587713,2.531460738858771,2.5164607388587714,2.575,0.05853926114122876,0.011650485436893128,3.0,261.0,819.1002112094773,0.9298680606090756,0.04165099752374852,-0.0013441159746204953,-0.9878946577696569,0.3912922565307683,0.39089862522495533,0.3916844735753044,0.26729240220580625,38.17553997658573,deep put wing
2028-06-16,1.745758265951325,310.0,put,2.6081917670828956,2.6281917670828956,2.6181917670828954,2.6799999999999997,0.061808232917104355,0.007462686567164187,3.0,11.0,819.1002112094773,0.9298680606090756,0.04165099752374852,-0.0013441159746204953,-0.9716341368978766,0.3879432626866158,0.3876907116497837,0.388195235084808,0.26273657549333557,39.64146950228298,deep put wing
2028-06-16,1.745758265951325,315.0,put,2.6949145941472357,2.7349145941472357,2.7149145941472357,2.78,0.06508540585276412,0.014388489208633108,5.0,16.0,819.1002112094773,0.9298680606090756,0.04165099752374852,-0.0013441159746204953,-0.9556337955514355,0.38444100540443304,0.38395298649756354,0.3849268809904859,0.2580141450107843,41.07259345854717,deep put wing
2028-06-16,1.745758265951325,320.0,put,3.261197016423027,3.2911970164230273,3.276197016423027,3.355,0.0788029835769728,0.008941877794336885,5.0,174.0,819.1002112094773,0.9298680606090756,0.04165099752374852,-0.0013441159746204953,-0.9398854385832963,0.39135656954464204,0.391033688926702,0.3916785901637876,0.2673802740836402,46.51891371498705,deep put wing
2028-06-16,1.745758265951325,325.0,put,2.9077494484944895,2.9377494484944893,2.9227494484944896,2.995,0.07225055150551052,0.010016694490817964,5.0,73.0,819.1002112094773,0.9298680606090756,0.04165099752374852,-0.0013441159746204953,-0.9243812520473311,0.37771195024092913,0.37737128369754824,0.37805158491489366,0.24906090279498777,44.09831005585707,deep put wing
2028-06-16,1.745758265951325,330.0,put,3.0041939532342763,3.034193953234276,3.019193953234276,3.0949999999999998,0.07580604676572378,0.009693053311793152,10.0,49.0,819.1002112094773,0.9298680606090756,0.04165099752374852,-0.0013441159746204953,-0.9091137799165426,0.3741481788919922,0.37381847614280983,0.3744769196265954,0.244383217564894,45.56218664048604,deep put wing
2028-06-16,1.745758265951325,335.0,put,3.110199939539193,3.150199939539193,3.130199939539193,3.21,0.07980006046080712,0.012461059190031164,195.0,335.0,819.1002112094773,0.9298680606090756,0.04165099752374852,-0.0013441159746204953,-0.8940759025520021,0.3708853543619249,0.37046053775695836,0.37130858635077046,0.24013942990021256,47.167431261363525,deep put wing
2028-06-16,1.745758265951325,340.0,put,3.226096478765753,3.2560964787657527,3.241096478765753,3.325,0.08390352123424716,0.009022556390977385,6.0,586.0,819.1002112094773,0.9298680606090756,0.04165099752374852,-0.0013441159746204953,-0.8792608167668615,0.36759461349926575,0.36728671813615993,0.3679016811181574,0.2358969820727519,48.78359828114911,deep put wing
2028-06-16,1.745758265951325,345.0,put,6.8800842954769985,6.970084295476998,6.925084295476998,7.095,0.1699157045230013,0.012684989429175456,1.0,3.0,819.1002112094773,0.9298680606090756,0.04165099752374852,-0.0013441159746204953,-0.8646620173457088,0.42117924910906124,0.42057795536730486,0.4217785435319125,0.3096834802739427,74.96372067401745,deep put wing
2028-06-16,1.745758265951325,350.0,put,3.447504210372146,3.4775042103721456,3.4625042103721455,3.5549999999999997,0.09249578962785421,0.00843881856540079,3.0,88.0,819.1002112094773,0.9298680606090756,0.04165099752374852,-0.0013441159746204953,-0.8502732798936092,0.3609431244032273,0.3606545820085504,0.3612309484813737,0.22743728049109185,52.05037787629771,deep put wing
2028-06-16,1.745758265951325,355.0,put,5.193249984394603,5.263249984394603,5.228249984394603,5.365,0.13675001560539712,0.013047530288909651,4.0,12.0,819.1002112094773,0.9298680606090756,0.04165099752374852,-0.0013441159746204953,-0.8360886449016528,0.38515352181114815,0.38462513238722373,0.38568000831844423,0.2589714293338464,66.35897193145392,deep put wing
2028-06-16,1.745758265951325,360.0,put,3.687982761163331,3.7179827611633307,3.7029827611633306,3.8049999999999997,0.10201723883666913,0.00788436268068326,6.0,21.0,819.1002112094773,0.9298680606090756,0.04165099752374852,-0.0013441159746204953,-0.8221024029269128,0.35457240018415115,0.35430198280708486,0.35484219524054966,0.21947949966549815,55.53385703274214,deep put wing
2028-06-16,1.745758265951325,365.0,put,3.812654248151167,3.862654248151167,3.8376542481511673,3.9450000000000003,0.107345751848833,0.012674271229404377,1.0,28.0,819.1002112094773,0.9298680606090756,0.04165099752374852,-0.0013441159746204953,-0.8083090807945771,0.3516055068136517,0.35116929683692266,0.35204011358771437,0.21582186629022926,57.417754843966634,deep put wing
2028-06-16,1.745758265951325,370.0,put,3.9374297133536587,3.9874297133536585,3.962429713353658,4.074999999999999,0.11257028664634117,0.012269938650306707,1.0,17.0,819.1002112094773,0.9298680606090756,0.04165099752374852,-0.0013441159746204953,-0.7947034287387984,0.3484377036192406,0.34801487565670614,0.3488590351792628,0.2119504742990039,59.23088955172601,deep put wing
2028-06-16,1.745758265951325,375.0,put,4.081646035148735,4.121646035148735,4.101646035148735,4.220000000000001,0.11835396485126548,0.009478672985781998,8.0,155.0,819.1002112094773,0.9298680606090756,0.04165099752374852,-0.0013441159746204953,-0.7812804084066577,0.34548612020011643,0.3451587620649469,0.34581258829311257,0.2083748575167093,61.178566836934365,deep put wing
2028-06-16,1.745758265951325,380.0,put,4.205954239010744,4.255954239010744,4.230954239010744,4.355,0.12404576098925624,0.011481056257175618,3.0,17.0,819.1002112094773,0.9298680606090756,0.04165099752374852,-0.0013441159746204953,-0.7680351816566371,0.3423456895730429,0.3419485726419888,0.3427415062632422,0.2046038658929212,63.057329337360464,deep put wing
2028-06-16,1.745758265951325,385.0,put,4.3498557823020185,4.389855782302018,4.369855782302018,4.5,0.1301442176979819,0.0088888888888887,113.0,116.0,819.1002112094773,0.9298680606090756,0.04165099752374852,-0.0013441159746204953,-0.7549631000892844,0.3393337256590451,0.33902578473590633,0.33964089022848204,0.20101948584567972,65.0297100289832,deep put wing
2028-06-16,1.745758265951325,390.0,put,4.4934603800028965,4.5334603800028965,4.513460380002897,4.65,0.1365396199971034,0.008602150537634416,250.0,258.0,819.1002112094773,0.9298680606090756,0.04165099752374852,-0.0013441159746204953,-0.7420596952533765,0.33636645956511607,0.33606783261782086,0.33666436224523316,0.1975192715109183,67.05471259335394,deep put wing
2028-06-16,1.745758265951325,395.0,put,4.636758610760259,4.686758610760259,4.661758610760258,4.805,0.1432413892397415,0.010405827263267393,2.0,258.0,819.1002112094773,0.9298680606090756,0.04165099752374852,-0.0013441159746204953,-0.7293206694759466,0.33344021754688563,0.333078061040455,0.33380131828983195,0.19409755660475028,69.1320040799747,deep put wing
2028-06-16,1.745758265951325,400.0,put,4.78985517611647,4.82985517611647,4.8098551761164705,4.960000000000001,0.15014482388353034,0.008064516129032263,1.0,446.0,819.1002112094773,0.9298680606090756,0.04165099752374852,-0.0013441159746204953,-0.7167418872690865,0.3304830119300876,0.33020188387109395,0.33076350848733826,0.19067000901429093,71.22213914454329,deep put wing
2028-06-16,1.745758265951325,405.0,put,5.730307267024563,5.8003072670245635,5.765307267024563,5.945,0.17969273297543698,0.011774600504625784,1.0,9.0,819.1002112094773,0.9298680606090756,0.04165099752374852,-0.0013441159746204953,-0.7043193672705294,0.33806945542456496,0.33762813713652556,0.3385093745671661,0.19952438236690626,79.43419293012516,deep put wing
2028-06-16,1.745758265951325,410.0,put,5.114417174755546,5.164417174755545,5.139417174755545,5.305,0.16558282524445467,0.009425070688030127,1.0,9.0,819.1002112094773,0.9298680606090756,0.04165099752374852,-0.0013441159746204953,-0.6920492746787151,0.32493684429433217,0.3246062129114515,0.3252666192606027,0.18432405831742793,75.71123393188324,deep put wing
2028-06-16,1.745758265951325,420.0,put,5.438046052670668,5.498046052670667,5.468046052670668,5.65,0.18195394732933234,0.010619469026548603,1.0,141.0,819.1002112094773,0.9298680606090756,0.04165099752374852,-0.0013441159746204953,-0.6679517230996547,0.31924772007767654,0.3188733508974076,0.3196210110583949,0.17792612311047323,80.25072521211041,deep put wing
2028-06-16,1.745758265951325,425.0,put,5.6191431456102885,5.669143145610289,5.644143145610289,5.835,0.19085685438971112,0.008568980291345452,24.0,101.0,819.1002112094773,0.9298680606090756,0.04165099752374852,-0.0013441159746204953,-0.6561172654526517,0.3165040722679912,0.31620118349559867,0.3168062618070611,0.174881033606149,82.63417254296041,deep put wing
2028-06-16,1.745758265951325,430.0,put,5.799712860991077,5.859712860991077,5.829712860991076,6.029999999999999,0.20028713900892292,0.009950248756218841,2.0,20.0,819.1002112094773,0.9298680606090756,0.04165099752374852,-0.0013441159746204953,-0.6444212256894605,0.3138392044490848,0.3134862252613562,0.3141912443955103,0.1719485411448591,85.10440501611222,deep put wing
2028-06-16,1.745758265951325,435.0,put,5.9898305058576495,6.049830505857649,6.01983050585765,6.23,0.21016949414235064,0.009630818619582602,15.0,6610.0,819.1002112094773,0.9298680606090756,0.04165099752374852,-0.0013441159746204953,-0.6328604032883844,0.3111900998235121,0.31084728536072787,0.31153203780058164,0.16905797043558346,87.62322574437786,deep put wing
2028-06-16,1.745758265951325,440.0,put,6.179638852196575,6.239638852196575,6.209638852196575,6.43,0.22036114780342508,0.009331259720062149,1.0,23.0,819.1002112094773,0.9298680606090756,0.04165099752374852,-0.0013441159746204953,-0.6214317074647617,0.3085013696021181,0.30816819679598534,0.3088337230547758,0.16614921737339367,90.15452369323815,deep put wing
2028-06-16,1.745758265951325,445.0,put,6.388485532616611,6.44848553261661,6.418485532616611,6.65,0.23151446738338954,0.009022556390977385,2.0,231.0,819.1002112094773,0.9298680606090756,0.04165099752374852,-0.0013441159746204953,-0.6101321522108283,0.305984644228532,0.30566112794354783,0.3063073972576037,0.16344941523370574,92.84084349241697,deep put wing
2028-06-16,1.745758265951325,450.0,put,6.5969770380293555,6.656977038029356,6.626977038029356,6.87,0.24302296197064432,0.008733624454148544,1.0,114.0,819.1002112094773,0.9298680606090756,0.04165099752374852,-0.0013441159746204953,-0.5989588516127031,0.3034221803058358,0.303107812645159,0.3037358356536027,0.16072326879979584,95.53817974536241,deep put wing
2028-06-16,1.745758265951325,455.0,put,6.814818251383272,6.874818251383272,6.844818251383272,7.1,0.25518174861672804,0.008450704225352058,1.0,21.0,819.1002112094773,0.9298680606090756,0.04165099752374852,-0.0013441159746204953,-0.5879090154261181,0.3009161262741798,0.3006106576246038,0.3012209306189708,0.1580793101379312,98.31692242774868,deep put wing
2028-06-16,1.745758265951325,460.0,put,7.022411263628905,7.092411263628906,7.0574112636289055,7.325,0.2675887363710947,0.0095563139931741,4.0,153.0,819.1002112094773,0.9298680606090756,0.04165099752374852,-0.0013441159746204953,-0.5769799448939279,0.29831702634351165,0.29797031713956135,0.29866288982016603,0.1553603495185894,101.07277243831719,deep put wing
2028-06-16,1.745758265951325,465.0,put,7.258875912759434,7.328875912759434,7.293875912759434,7.575,0.28112408724056603,0.009240924092409277,1.0,4.0,819.1002112094773,0.9298680606090756,0.04165099752374852,-0.0013441159746204953,-0.5661690287897122,0.2959121788604531,0.29557528070816724,0.2962482892167904,0.15286560752151246,104.01090397181788,deep put wing
2028-06-16,1.745758265951325,470.0,put,7.49471862756496,7.57471862756496,7.53471862756496,7.83,0.29528137243504027,0.010217113665389537,1.0,19.0,819.1002112094773,0.9298680606090756,0.04165099752374852,-0.0013441159746204953,-0.5554737396729643,0.2935029024284065,0.29312856182771857,0.29387628385944264,0.15038651929268218,106.99204530414829,deep put wing
2028-06-16,1.745758265951325,475.0,put,7.739949868421932,7.819949868421932,7.779949868421931,8.09,0.3100501315780688,0.009888751545117438,5.0,785.0,819.1002112094773,0.9298680606090756,0.04165099752374852,-0.0013441159746204953,-0.5448916303424273,0.2910890324577219,0.2907250010594818,0.29145216912325717,0.14792302932198476,110.01622802051715,deep put wing
2028-06-16,1.745758265951325,480.0,put,8.004194559457963,8.074194559457963,8.039194559457963,8.365,0.3258054405420374,0.008368200836820118,2.0,411.0,819.1002112094773,0.9298680606090756,0.04165099752374852,-0.0013441159746204953,-0.534420330475132,0.28875539753101936,0.2884457473112579,0.28906440962031565,0.14556076487982889,113.14763736181304,deep put wing
2028-06-16,1.745758265951325,485.0,put,8.267547765492706,8.347547765492706,8.307547765492705,8.649999999999999,0.34245223450729334,0.009248554913294807,127.0,210.0,819.1002112094773,0.9298680606090756,0.04165099752374852,-0.0013441159746204953,-0.5240575434395853,0.2864526270024277,0.28610845107483224,0.28679602666780907,0.14324838221061514,116.35120257602988,deep put wing
2028-06-16,1.745758265951325,490.0,put,8.540342871530411,8.610342871530412,8.575342871530411,8.935,0.3596571284695891,0.007834359261331872,195.0,220.0,819.1002112094773,0.9298680606090756,0.04165099752374852,-0.0013441159746204953,-0.5138010432723963,0.28409661731303526,0.28380360669857996,0.2843890734166643,0.14090169982364545,119.56299414029982,deep put wing
2028-06-16,1.745758265951325,495.0,put,8.822091275436245,8.892091275436245,8.857091275436245,9.235,0.37790872456375446,0.007579859231185738,677.0,683.0,819.1002112094773,0.9298680606090756,0.04165099752374852,-0.0013441159746204953,-0.5036486718083782,0.28180894075992535,0.2815238440117342,0.28209352073661303,0.13864162567635988,122.87695736857752,deep put wing
2028-06-16,1.745758265951325,500.0,put,9.112865906520028,9.182865906520028,9.147865906520028,9.545,0.39713409347997164,0.007333682556312235,1.0,693.0,819.1002112094773,0.9298680606090756,0.04165099752374852,-0.0013441159746204953,-0.49359833595487684,0.27954435612367895,0.2792669076644086,0.2798213230250833,0.1364223618142865,126.25936660080733,deep put wing
2028-06-16,1.745758265951325,505.0,put,9.412336526732831,9.502336526732831,9.457336526732831,9.875,0.4176634732671687,0.009113924050632898,3.0,13.0,819.1002112094773,0.9298680606090756,0.04165099752374852,-0.0013441159746204953,-0.4836480051017087,0.2773747041873403,0.27702756141040635,0.27772110649058607,0.13431292628278918,129.76843559437918,deep put wing
2028-06-16,1.745758265951325,510.0,put,9.73099848645182,9.81099848645182,9.770998486451822,10.21,0.4390015135481793,0.007835455435847214,190.0,888.0,819.1002112094773,0.9298680606090756,0.04165099752374852,-0.0013441159746204953,-0.47379570865869713,0.2751827162319291,0.2748823950564226,0.27548249267477576,0.1321984652498127,133.3119257978712,deep put wing
2028-06-16,1.745758265951325,515.0,put,10.048533350007745,10.138533350007744,10.093533350007744,10.555,0.4614666499922553,0.00852676456655612,19.0,675.0,819.1002112094773,0.9298680606090756,0.04165099752374852,-0.0013441159746204953,-0.46403953371333234,0.27300332397600946,0.27267433798650154,0.2733316680037821,0.13011278618316738,136.91786581143214,deep put wing
2028-06-16,1.745758265951325,520.0,put,10.384770096159004,10.474770096159006,10.429770096159004,10.915,0.4852299038409953,0.008245533669262632,46.0,691.0,819.1002112094773,0.9298680606090756,0.04165099752374852,-0.0013441159746204953,-0.45437762280159555,0.27086887622051664,0.27054854980256055,0.271188605281078,0.1280861933766634,140.61313349654932,deep put wing
2028-06-16,1.745758265951325,525.0,put,10.72985038108888,10.81985038108888,10.77485038108888,11.285,0.5101496189111199,0.007975188303057143,645.0,611.0,819.1002112094773,0.9298680606090756,0.04165099752374852,-0.0013441159746204953,-0.44480817178544474,0.2687411808541803,0.26842919673997817,0.2690526090150394,0.12608184323942198,144.36704998051974,deep put wing
2028-06-16,1.745758265951325,530.0,put,11.083451749154225,11.183451749154226,11.133451749154226,11.67,0.5365482508457742,0.008568980291345452,2.0,88.0,819.1002112094773,0.9298680606090756,0.04165099752374852,-0.0013441159746204953,-0.43532942783090106,0.26665017443643746,0.26631248293160115,0.26698722748934056,0.12412745505950899,148.20459277204537,deep put wing
2028-06-16,1.745758265951325,535.0,put,11.455712549913004,11.545712549913004,11.500712549913004,12.065,0.5642874500869954,0.007459593866556142,1500.0,1508.0,819.1002112094773,0.9298680606090756,0.04165099752374852,-0.0013441159746204953,-0.425939687481062,0.2645599507127844,0.2642638442267207,0.2648555760245205,0.12218905585024586,152.09620949861662,deep put wing
2028-06-16,1.745758265951325,540.0,put,11.82706682247346,11.90706682247346,11.867066822473461,12.46,0.5929331775265396,0.006420545746388448,1.0,180.0,819.1002112094773,0.9298680606090756,0.04165099752374852,-0.0013441159746204953,-0.4166372948187485,0.2624079521893803,0.2621513466649985,0.26266420338987223,0.12020930636088581,155.98919264542286,deep put wing
2028-06-16,1.745758265951325,545.0,put,12.216304679511142,12.306304679511141,12.261304679511142,12.885,0.6236953204888582,0.006984866123399291,1.0,267.0,819.1002112094773,0.9298680606090756,0.04165099752374852,-0.0013441159746204953,-0.4074206397138244,0.2603775319275936,0.2600961388467606,0.26065850812480656,0.11835622893315101,160.03744083304508,deep put wing
2028-06-16,1.745758265951325,550.0,put,12.613809531217738,12.72380953121774,12.668809531217738,13.325,0.6561904687822615,0.008255159474671762,1.0,745.0,819.1002112094773,0.9298680606090756,0.04165099752374852,-0.0013441159746204953,-0.39828815615055196,0.25836940478294856,0.2580340712383313,0.2587041595700609,0.11653765543068159,164.15781471985483,deep put wing
2028-06-16,1.745758265951325,555.0,put,13.03999393547397,13.11999393547397,13.079993935473968,13.77,0.6900060645260311,0.0058097312999273835,3.0,774.0,819.1002112094773,0.9298680606090756,0.04165099752374852,-0.0013441159746204953,-0.38923832063063396,0.25632366276387386,0.2560858482381936,0.25656119251157805,0.11469949551485716,168.29924860629686,deep put wing
2028-06-16,1.745758265951325,560.0,put,13.463848188315,13.573848188315,13.518848188315001,14.245000000000001,0.7261518116849999,0.007722007722007806,1.0,262.0,819.1002112094773,0.9298680606090756,0.04165099752374852,-0.0013441159746204953,-0.38026965064787366,0.25438077723541574,0.2540618348366951,0.2546992198273593,0.11296728386903768,172.58047037564822,deep put wing
2028-06-16,1.745758265951325,565.0,put,13.906338152371047,14.006338152371047,13.956338152371046,14.719999999999999,0.7636618476289527,0.006793478260869542,6.0,198.0,819.1002112094773,0.9298680606090756,0.04165099752374852,-0.0013441159746204953,-0.37138070323062755,0.2523677768903743,0.25208486563896065,0.25265030406149547,0.11118646202334259,176.85416475975205,deep put wing
2028-06-16,1.745758265951325,570.0,put,14.366400786272072,14.466400786272072,14.416400786272071,15.219999999999999,0.803599213727928,0.006570302233902737,1.0,750.0,819.1002112094773,0.9298680606090756,0.04165099752374852,-0.0013441159746204953,-0.36257007354847276,0.250420382389128,0.25014431874143794,0.2506960893924166,0.10947714315006105,181.23495505096434,deep put wing
2028-06-16,1.745758265951325,575.0,put,14.834329613715566,14.944329613715565,14.889329613715566,15.735,0.8456703862844339,0.006990784874483599,4.0,1321.0,819.1002112094773,0.9298680606090756,0.04165099752374852,-0.0013441159746204953,-0.3538363935797181,0.24848024855712847,0.24818382725899743,0.24877626918790277,0.10778736438105231,185.67247389121917,deep put wing
2028-06-16,1.745758265951325,580.0,put,15.320100156172844,15.430100156172843,15.375100156172843,16.265,0.8898998438271573,0.006762988011066672,1.0,164.0,819.1002112094773,0.9298680606090756,0.04165099752374852,-0.0013441159746204953,-0.34517833083660354,0.2465452831636844,0.24625587281007497,0.24683432155458912,0.10611517712954562,190.16403327843707,deep put wing
2028-06-16,1.745758265951325,585.0,put,15.813560136831699,15.9335601368317,15.873560136831701,16.810000000000002,0.9364398631683013,0.007138607971445626,5.0,124.0,819.1002112094773,0.9298680606090756,0.04165099752374852,-0.0013441159746204953,-0.336594587145212,0.24461286915782784,0.24430450698268413,0.24492082041796595,0.10445824148583796,194.70640807465773,deep put wing
2028-06-16,1.745758265951325,590.0,put,16.334524383607942,16.434524383607943,16.384524383607943,17.37,0.9854756163920584,0.005757052389176823,2.0,80.0,819.1002112094773,0.9298680606090756,0.04165099752374852,-0.0013441159746204953,-0.32808389747730343,0.242680404853632,0.24242938946578366,0.24293115537376309,0.10281430132764983,199.29630922603627,deep put wing
2028-06-16,1.745758265951325,595.0,put,16.862442836819646,16.982442836819647,16.92244283681965,17.96,1.0375571631803524,0.006681514476614754,3.0,710.0,819.1002112094773,0.9298680606090756,0.04165099752374852,-0.0013441159746204953,-0.31964502883143875,0.24081722231764613,0.24052291366907494,0.2411111775034729,0.10124164488325052,203.99035574588493,deep put wing
2028-06-16,1.745758265951325,600.0,put,17.408134228201764,17.518134228201763,17.463134228201763,18.555,1.0918657717982363,0.005928321207221743,1.0,1830.0,819.1002112094773,0.9298680606090756,0.04165099752374852,-0.0013441159746204953,-0.3112767791609222,0.23890121879417103,0.23863752564341037,0.23916463643980812,0.0996370447490844,208.68497945588624,deep put wing
2028-06-16,1.745758265951325,605.0,put,17.97045924454663,18.090459244546626,18.030459244546627,19.18,1.1495407554533728,0.0062565172054221815,20.0,86.0,819.1002112094773,0.9298680606090756,0.04165099752374852,-0.0013441159746204953,-0.30297797634622703,0.23704610801148152,0.23676488989226346,0.23732702244480064,0.09809565364320133,213.47300700081445,deep put wing
2028-06-16,1.745758265951325,610.0,put,18.549562327276565,18.679562327276564,18.614562327276566,19.825000000000003,1.2104376727234367,0.006557377049180277,2.0,148.0,819.1002112094773,0.9298680606090756,0.04165099752374852,-0.0013441159746204953,-0.2947474772097116,0.2352011177385335,0.23490321089898386,0.23549869461637,0.09657458923879705,218.31016359475902,deep put wing
2028-06-16,1.745758265951325,615.0,put,19.145368265270506,19.285368265270503,19.215368265270506,20.490000000000002,1.2746317347294962,0.006832601268911518,1.0,48.0,819.1002112094773,0.9298680606090756,0.04165099752374852,-0.0013441159746204953,-0.28658416657055064,0.23336360119223795,0.23304979269203263,0.2336770555767345,0.09507149936032314,223.19217848553924,deep put wing
2028-06-16,1.745758265951325,620.0,put,19.76776175363957,19.897761753639568,19.832761753639566,21.174999999999997,1.3422382463604308,0.006139315230224275,1.0,69.0,819.1002112094773,0.9298680606090756,0.04165099752374852,-0.0013441159746204953,-0.2784869563379313,0.23153089694197185,0.23124581105484024,0.23181570041675528,0.09358408866298935,228.114672092297,deep put wing
2028-06-16,1.745758265951325,625.0,put,20.41594262996215,20.53594262996215,20.47594262996215,21.89,1.414057370037849,0.005481955230698995,1.0,485.0,819.1002112094773,0.9298680606090756,0.04165099752374852,-0.0013441159746204953,-0.27045478464066697,0.22974046968788944,0.22948296314530164,0.229997753947475,0.09214231434977833,233.10457312419646,deep put wing
2028-06-16,1.745758265951325,630.0,put,21.06075880937081,21.19075880937081,21.12575880937081,22.615000000000002,1.4892411906291905,0.005748397081582975,2.0,258.0,819.1002112094773,0.9298680606090756,0.04165099752374852,-0.0013441159746204953,-0.2624866149914902,0.22790749525973486,0.22763437151238716,0.2281803779408446,0.09067787277866819,238.09262781542697,deep put wing
2028-06-16,1.745758265951325,635.0,put,21.73118420296357,21.861184202963567,21.79618420296357,23.365000000000002,1.5688157970364323,0.005563877594692874,3.0,186.0,819.1002112094773,0.9298680606090756,0.04165099752374852,-0.0013441159746204953,-0.25458143548437684,0.22609033048357433,0.2258228635050104,0.2263575748987854,0.08923764166155451,243.12198735732508,deep put wing
2028-06-16,1.745758265951325,640.0,put,22.426923992716482,22.556923992716484,22.491923992716483,24.145,1.6530760072835164,0.005384137502588634,6.0,200.0,819.1002112094773,0.9298680606090756,0.04165099752374852,-0.0013441159746204953,-0.246738258023351,0.22430519906746857,0.22404321205604022,0.22456698086362856,0.08783402546366266,248.20128038627485,deep put wing
2028-06-16,1.745758265951325,645.0,put,23.14778677488792,23.277786774887918,23.212786774887917,24.955,1.7422132251120814,0.005209376878381047,3.0,43.0,819.1002112094773,0.9298680606090756,0.04165099752374852,-0.0013441159746204953,-0.238956117581296,0.22254761324328767,0.22229092895344393,0.22280410855562077,0.08646293805122533,253.32277557161595,deep put wing
2028-06-16,1.745758265951325,650.0,put,23.902854096573297,24.042854096573297,23.972854096573297,25.81,1.837145903426702,0.005424254165052328,6.0,1110.0,819.1002112094773,0.9298680606090756,0.04165099752374852,-0.0013441159746204953,-0.23123407148738576,0.2208685752981814,0.2205977002926207,0.22113924895411338,0.08516319901513385,258.51802905173844,deep put wing
2028-06-16,1.745758265951325,655.0,put,24.644654984158027,24.77465498415803,24.70965498415803,26.645,1.9353450158419712,0.004878964158378778,1.0,76.0,819.1002112094773,0.9298680606090756,0.04165099752374852,-0.0013441159746204953,-0.22357119874181658,0.2190246681649661,0.2187780123624612,0.2192711640992476,0.08374717557358566,263.61068665512005,deep put wing
2028-06-16,1.745758265951325,660.0,put,25.41983945671373,25.54983945671373,25.48483945671373,27.525,2.0401605432862695,0.004722979109900055,5.0,5713.0,819.1002112094773,0.9298680606090756,0.04165099752374852,-0.0013441159746204953,-0.21596659935659732,0.2172528492302196,0.21701092927005083,0.21749462234041672,0.08239769611350319,268.765607964745,deep put wing
2028-06-16,1.745758265951325,665.0,put,26.219148897922178,26.349148897922177,26.28414889792218,28.435000000000002,2.150851102077823,0.004571830490592544,634.0,1074.0,819.1002112094773,0.9298680606090756,0.04165099752374852,-0.0013441159746204953,-0.20841939372121435,0.21549509882935383,0.2152577503575855,0.21573231260315587,0.08106976260458014,273.9367868733116,deep put wing
2028-06-16,1.745758265951325,670.0,put,27.041784547715103,27.181784547715104,27.111784547715104,29.38,2.2682154522848954,0.004765146358066731,316.0,411.0,819.1002112094773,0.9298680606090756,0.04165099752374852,-0.0013441159746204953,-0.2009287219920568,0.21376375512640436,0.21351290151647054,0.2140144657048844,0.07977232446444768,279.1269149867264,deep put wing
2028-06-16,1.745758265951325,675.0,put,27.88802839669814,28.01802839669814,27.953028396698137,30.345,2.3919716033018616,0.00428406656780356,11.0,1369.0,819.1002112094773,0.9298680606090756,0.04165099752374852,-0.0013441159746204953,-0.19349374350453866,0.21200364785438483,0.21177495630951343,0.21223222658209595,0.07846405967545168,284.2958637646018,deep put wing
2028-06-16,1.745758265951325,680.0,put,28.737624946003102,28.8776249460031,28.8076249460031,31.33,2.5223750539968997,0.004468560485157901,1.0,909.0,819.1002112094773,0.9298680606090756,0.04165099752374852,-0.0013441159746204953,-0.18611363620691618,0.21021344948421244,0.20997154313185287,0.2104552362714036,0.07714452417099049,289.43981660202564,deep put wing
2028-06-16,1.745758265951325,685.0,put,29.657244791817586,29.817244791817583,29.737244791817584,32.4,2.662755208182414,0.0049382716049381666,155.0,886.0,819.1002112094773,0.9298680606090756,0.04165099752374852,-0.0013441159746204953,-0.17878759611484318,0.2086020449183863,0.20833048771780538,0.20887346015641706,0.0759663447376966,294.67439059504477,deep put wing
2028-06-16,1.745758265951325,690.0,put,30.5708722280516,30.7108722280516,30.6408722280516,33.45,2.809127771948404,0.004185351270553081,1.0,322.0,819.1002112094773,0.9298680606090756,0.04165099752374852,-0.0013441159746204953,-0.17151483678576349,0.20682121836951192,0.2065876735163739,0.20705466429753241,0.0746748384003762,299.79187968533387,deep put wing
2028-06-16,1.745758265951325,695.0,put,31.50559545430639,31.64559545430639,31.57559545430639,34.54,2.9644045456936077,0.004053271569195153,104.0,439.0,819.1002112094773,0.9298680606090756,0.04165099752374852,-0.0013441159746204953,-0.16429458881227635,0.2050646933607502,0.20483506440305238,0.2052942325266465,0.07341180341041147,304.899301024,deep put wing
2028-06-16,1.745758265951325,700.0,put,32.47053391159603,32.630533911596025,32.55053391159603,35.68,3.129466088403973,0.0044843049327353305,1.0,1623.0,819.1002112094773,0.9298680606090756,0.04165099752374852,-0.0013441159746204953,-0.15712609933366387,0.2033585851541612,0.20310046886701352,0.2036165953622799,0.0721953340737206,310.00162810914316,deep put wing
2028-06-16,1.745758265951325,705.0,put,33.45588599996003,33.62588599996003,33.54088599996003,36.845,3.3041140000399665,0.0046139231917492664,543.0,568.0,819.1002112094773,0.9298680606090756,0.04165099752374852,-0.0013441159746204953,-0.15000863156479996,0.2016196106887758,0.20134975765755267,0.20188935564472982,0.07096588950328789,315.049467003538,deep put wing
2028-06-16,1.745758265951325,710.0,put,34.47887326450642,34.74887326450642,34.613873264506424,38.105000000000004,3.49112673549358,0.007085684293399897,1.0,361.0,819.1002112094773,0.9298680606090756,0.04165099752374852,-0.0013441159746204953,-0.14294146434170743,0.2000571768190933,0.19963535162173676,0.20047875759611739,0.06987026310708727,320.1307760949802,put wing
2028-06-16,1.745758265951325,715.0,put,35.54195981962208,35.81195981962208,35.67695981962208,39.364999999999995,3.688040180377918,0.0068588847961387825,1.0,405.0,819.1002112094773,0.9298680606090756,0.04165099752374852,-0.0013441159746204953,-0.13592389168306096,0.19837632869092742,0.19796096461869714,0.19879147393310476,0.06870111795184264,325.10193778125847,put wing
2028-06-16,1.745758265951325,720.0,put,36.603642171033506,36.9036421710335,36.753642171033505,40.65,3.8963578289664937,0.007380073800737938,2.0,1683.0,819.1002112094773,0.9298680606090756,0.04165099752374852,-0.0013441159746204953,-0.12895522236696755,0.19665143278856226,0.19619675765418107,0.19710586684867204,0.06751159009966548,329.99361558022525,put wing
2028-06-16,1.745758265951325,725.0,put,37.711685483184205,38.05168548318421,37.88168548318421,42.0,4.1183145168157935,0.008095238095238176,1.0,1624.0,819.1002112094773,0.9298680606090756,0.04165099752374852,-0.0013441159746204953,-0.12203477952239383,0.1949949651146449,0.19448712451298977,0.1955025310766193,0.06637903012689078,334.84154059797964,put wing
2028-06-16,1.745758265951325,730.0,put,38.83769156376149,39.13769156376149,38.987691563761494,43.34,4.352308436238509,0.006922011998154228,1.0,568.0,819.1002112094773,0.9298680606090756,0.04165099752374852,-0.0013441159746204953,-0.11516190023463173,0.19318562928800742,0.19274378457041821,0.19362728483901262,0.0651528984556467,339.55867690650126,put wing
2028-06-16,1.745758265951325,735.0,put,40.017664391403365,40.32766439140337,40.172664391403366,44.775,4.602335608596633,0.006923506420993909,4.0,170.0,819.1002112094773,0.9298680606090756,0.04165099752374852,-0.0013441159746204953,-0.10833593516423193,0.1915207883763296,0.19107043027810983,0.19197096939473976,0.06403478395974285,344.23843657330707,put wing
2028-06-16,1.745758265951325,740.0,put,41.22191434623341,41.541914346233405,41.38191434623341,46.25,4.868085653766592,0.006918918918918771,4.0,193.0,819.1002112094773,0.9298680606090756,0.04165099752374852,-0.0013441159746204953,-0.1015562481788531,0.1898355545356836,0.18937677534648853,0.19029416945867353,0.06291282943930147,348.81428545109287,put wing
2028-06-16,1.745758265951325,745.0,put,42.448826496735855,42.82882649673585,42.63882649673585,47.79,5.151173503264147,0.0079514542791378,2.0,240.0,819.1002112094773,0.9298680606090756,0.04165099752374852,-0.0013441159746204953,-0.09482221599750908,0.1881945623644382,0.18765666630843184,0.1887322586880746,0.0618298579664551,353.29392275702816,put wing
2028-06-16,1.745758265951325,750.0,put,43.70887912009621,44.058879120096215,43.88387912009621,49.334999999999994,5.451120879903783,0.0070943549204419065,2.0,497.0,819.1002112094773,0.9298680606090756,0.04165099752374852,-0.0013441159746204953,-0.08813322784671242,0.1864273836426968,0.1859379736362667,0.18691664869986807,0.06067412421546511,357.6265337714439,put wing
2028-06-16,1.745758265951325,755.0,put,45.0086003815052,45.3286003815052,45.16860038150519,50.94,5.771399618494804,0.006281900274833143,1.0,532.0,819.1002112094773,0.9298680606090756,0.04165099752374852,-0.0013441159746204953,-0.08148868512804389,0.18467846254558853,0.18423622572663856,0.18512059704500833,0.059541066272257144,361.8390894365068,put wing
2028-06-16,1.745758265951325,760.0,put,46.347098960908646,46.707098960908645,46.527098960908646,52.64,6.112901039091355,0.006838905775075977,4.0,341.0,819.1002112094773,0.9298680606090756,0.04165099752374852,-0.0013441159746204953,-0.07488800109669178,0.1830378594188539,0.18254591279366356,0.183529698618791,0.05848789125268882,365.9334455882082,put wing
2028-06-16,1.745758265951325,765.0,put,47.7139416386051,48.1039416386051,47.9089416386051,54.385,6.476058361394898,0.007171094971039819,6.0,652.0,819.1002112094773,0.9298680606090756,0.04165099752374852,-0.0013441159746204953,-0.06833060055053275,0.18136319716371882,0.18083593325368133,0.1818903584587352,0.05742254454877457,369.8699015604004,put wing
2028-06-16,1.745758265951325,770.0,put,49.1147198972089,49.584719897208906,49.34971989720891,56.215,6.865280102791097,0.008360757804856461,2.0,971.0,819.1002112094773,0.9298680606090756,0.04165099752374852,-0.0013441159746204953,-0.061815919529339,0.17974829849997379,0.17911930743541035,0.1803771715101568,0.05640449082625225,373.6494454296946,put wing
2028-06-16,1.745758265951325,775.0,put,50.58129627464513,50.98129627464513,50.781296274645136,58.06,7.278703725354866,0.0068894247330347665,2.0,441.0,819.1002112094773,0.9298680606090756,0.04165099752374852,-0.0013441159746204953,-0.0553434050237216,0.17800829297357962,0.17747809212094323,0.1785384282336325,0.05531775901813816,377.2389751354232,put wing
2028-06-16,1.745758265951325,780.0,put,52.0896846226861,52.4996846226861,52.2946846226861,60.015,7.720315377313902,0.006831625426976532,110.0,1538.0,819.1002112094773,0.9298680606090756,0.04165099752374852,-0.0013441159746204953,-0.04891251469343111,0.17638315577874675,0.17584457781756035,0.1769216836328267,0.05431231621149888,380.6497822296311,ATM
2028-06-16,1.745758265951325,785.0,put,53.58317241834825,54.023172418348246,53.80317241834825,62.0,8.196827581651753,0.00709677419354835,1.0,193.0,819.1002112094773,0.9298680606090756,0.04165099752374852,-0.0013441159746204953,-0.042522716594660157,0.174641399537838,0.17406824011458433,0.17521452012199254,0.05324496098695896,383.85044562451657,ATM
2028-06-16,1.745758265951325,790.0,put,55.14171409117049,55.561714091170494,55.3517140911705,64.05000000000001,8.698285908829511,0.006557377049180353,7.0,406.0,819.1002112094773,0.9298680606090756,0.04165099752374852,-0.0013441159746204953,-0.036173488916001355,0.1728993762172333,0.1723565013428183,0.17344223059292008,0.05218803679673532,386.83682978155787,ATM
2028-06-16,1.745758265951325,795.0,put,56.76562666724475,57.295626667244754,57.03062666724475,66.275,9.244373332755252,0.007996982270841209,34.0,85.0,819.1002112094773,0.9298680606090756,0.04165099752374852,-0.0013441159746204953,-0.029864319722736687,0.17138612164554373,0.17070592434428805,0.17206630660065833,0.05127851139824669,389.5964446831683,ATM
2028-06-16,1.745758265951325,800.0,put,58.43935327929955,58.949353279299544,58.69435327929955,68.515,9.820646720700452,0.00744362548347064,1.0,810.0,819.1002112094773,0.9298680606090756,0.04165099752374852,-0.0013441159746204953,-0.023594706709141232,0.16972318776098755,0.16907285458586613,0.17037352467775396,0.05028824358826113,392.10562334297435,ATM
2028-06-16,1.745758265951325,805.0,put,60.109259561248884,60.609259561248884,60.359259561248884,70.8,10.440740438751114,0.007062146892655367,2.0,123.0,819.1002112094773,0.9298680606090756,0.04165099752374852,-0.0013441159746204953,-0.017364156958505215,0.16795221280550718,0.16731827313881226,0.16858616727968534,0.049244254521881366,394.35471810932313,ATM
2028-06-16,1.745758265951325,810.0,put,61.827598930211124,62.367598930211116,62.09759893021112,73.22,11.122401069788879,0.007375034143676482,8.0,570.0,819.1002112094773,0.9298680606090756,0.04165099752374852,-0.0013441159746204953,-0.011172186710584078,0.16625437417782912,0.16557313108843325,0.166935643721988,0.048253660911409035,396.3266225427148,ATM
2028-06-16,1.745758265951325,815.0,put,63.70132745546371,64.28132745546371,63.99132745546372,75.80000000000001,11.808672544536293,0.007651715039577813,1.0,162.0,819.1002112094773,0.9298680606090756,0.04165099752374852,-0.0013441159746204953,-0.005018321136205874,0.16483165649121606,0.16410302730973672,0.16556032215686128,0.0474313355307527,397.9977195674838,ATM
2028-06-16,1.745758265951325,820.0,call,66.29,66.63,66.46000000000001,66.46000000000001,0.0,0.005115859163406397,1.0,204.0,819.1002112094773,0.9298680606090756,0.04165099752374852,-0.0013441159746204953,0.00109790588123016,0.16682442631370265,0.16639864535720153,0.16725022044311152,0.04858513201654731,399.2601594918198,ATM
2028-06-16,1.745758265951325,825.0,call,63.63,63.93,63.78,63.78,0.0,0.004703668861712091,2.0,1184.0,819.1002112094773,0.9298680606090756,0.04165099752374852,-0.0013441159746204953,0.0071769519576125144,0.16534068860014642,0.16496598128724102,0.16571540512859306,0.04772474219859708,400.3075261319492,ATM
2028-06-16,1.745758265951325,830.0,call,61.06,61.37,61.215,61.215,0.0,0.005064118271665362,6.0,53.0,819.1002112094773,0.9298680606090756,0.04165099752374852,-0.0013441159746204953,0.013219266413575083,0.16402311048587098,0.16363660628673982,0.16440962199042986,0.046967148518957356,401.02679043643843,ATM
2028-06-16,1.745758265951325,835.0,call,58.56,58.89,58.725,58.725,0.0,0.005619412515964211,1.0,3235.0,819.1002112094773,0.9298680606090756,0.04165099752374852,-0.0013441159746204953,0.019225290473786905,0.1627693135004064,0.16235826511496645,0.16318036559336596,0.04625185661728455,401.4108021385192,ATM
2028-06-16,1.745758265951325,840.0,call,56.12,56.44,56.28,56.28,0.0,0.005685856432125094,2.0,441.0,819.1002112094773,0.9298680606090756,0.04165099752374852,-0.0013441159746204953,0.025195457460290668,0.16150274107446289,0.16110418539477225,0.1619012942386449,0.04553484918207426,401.4508429379628,ATM
2028-06-16,1.745758265951325,845.0,call,53.73,54.07,53.9,53.9,0.0,0.006307977736549229,2.0,206.0,819.1002112094773,0.9298680606090756,0.04165099752374852,-0.0013441159746204953,0.031130192980105376,0.1602716177429801,0.1598478170302909,0.16069540680142233,0.04484327765815763,401.13748631118824,ATM
2028-06-16,1.745758265951325,850.0,call,51.46,51.75,51.605000000000004,51.605000000000004,0.0,0.005619610502858233,7.0,6398.0,819.1002112094773,0.9298680606090756,0.04165099752374852,-0.0013441159746204953,0.037029915107293615,0.15912447275598152,0.15876238641233187,0.15948654264689793,0.04420364296032317,400.46610442808327,ATM
2028-06-16,1.745758265951325,855.0,call,49.15,49.46,49.305,49.305,0.0,0.006287394787546948,2.0,112.0,819.1002112094773,0.9298680606090756,0.04165099752374852,-0.0013441159746204953,0.042895034559691646,0.15783519428399936,0.15744711405095033,0.15822324452345857,0.043490240110265525,399.4174364182626,ATM
2028-06-16,1.745758265951325,860.0,call,46.93,47.23,47.08,47.08,0.0,0.006372132540356779,4.0,104.0,819.1002112094773,0.9298680606090756,0.04165099752374852,-0.0013441159746204953,0.04872595487048479,0.15660211743948038,0.15622520571562923,0.1569789885706218,0.0428133653439178,397.9926718329362,ATM
2028-06-16,1.745758265951325,865.0,call,44.81,45.14,44.975,44.975,0.0,0.007337409672039984,1.0,97.0,819.1002112094773,0.9298680606090756,0.04165099752374852,-0.0013441159746204953,0.054523072554810856,0.15553809935816876,0.15512161733292054,0.1559545146702934,0.04223355916014342,396.2074020879428,call wing
2028-06-16,1.745758265951325,870.0,call,42.76,43.05,42.905,42.905,0.0,0.006759118983801402,4.0,2183.0,819.1002112094773,0.9298680606090756,0.04165099752374852,-0.0013441159746204953,0.060286777271560885,0.15442896263349093,0.15406094138591783,0.1547969164583329,0.041633374709897183,394.03519065608384,call wing
2028-06-16,1.745758265951325,875.0,call,40.73,41.04,40.885,40.885,0.0,0.007582242876360579,10.0,1517.0,819.1002112094773,0.9298680606090756,0.04165099752374852,-0.0013441159746204953,0.06601745198054586,0.15331145792961215,0.1529154704668153,0.1537073472723607,0.04103300605481974,391.4751859317982,call wing
2028-06-16,1.745758265951325,880.0,call,38.78,39.05,38.915,38.915,0.0,0.006938198638057202,1.0,199.0,819.1002112094773,0.9298680606090756,0.04165099752374852,-0.0013441159746204953,0.07171547309518353,0.1521846682091862,0.1518371516218379,0.1525320918982441,0.040432063870998576,388.52273711598355,call wing
2028-06-16,1.745758265951325,885.0,call,36.91,37.17,37.04,37.04,0.0,0.0070194384449245445,1.0,19.0,819.1002112094773,0.9298680606090756,0.04165099752374852,-0.0013441159746204953,0.07738121063086105,0.1511645177208706,0.15082699132307484,0.1515019385436206,0.0398918183404637,385.2154657083513,call wing
2028-06-16,1.745758265951325,890.0,call,35.07,35.34,35.205,35.205,0.0,0.007669365146996255,12.0,309.0,819.1002112094773,0.9298680606090756,0.04165099752374852,-0.0013441159746204953,0.083015028349117,0.15010936365576086,0.14975544002744692,0.1504631493508021,0.03933685861569979,381.5127745967599,call wing
2028-06-16,1.745758265951325,895.0,call,33.37,33.58,33.474999999999994,33.474999999999994,0.0,0.0062733383121732905,2.0,60.0,819.1002112094773,0.9298680606090756,0.04165099752374852,-0.0013441159746204953,0.08861728389778681,0.14919012597023412,0.14891192453937022,0.14946822763007156,0.038856552735117886,377.4922114629443,call wing
2028-06-16,1.745758265951325,900.0,call,31.65,31.9,31.775,31.775,0.0,0.007867820613690008,1.0,1119.0,819.1002112094773,0.9298680606090756,0.04165099752374852,-0.0013441159746204953,0.09418832894724213,0.148210456159861,0.14787531887128197,0.14854542548184052,0.03834791843205198,373.0752194229866,call wing
2028-06-16,1.745758265951325,905.0,call,30.01,30.25,30.130000000000003,30.130000000000003,0.0,0.00796548290740121,3.0,261.0,819.1002112094773,0.9298680606090756,0.04165099752374852,-0.0013441159746204953,0.09972850932285765,0.1472362745623654,0.14691035698606955,0.14756200947133807,0.03784545643852831,368.2947381622032,call wing
2028-06-16,1.745758265951325,910.0,call,28.46,28.71,28.585,28.585,0.0,0.00874584572328144,1.0,224.0,819.1002112094773,0.9298680606090756,0.04165099752374852,-0.0013441159746204953,0.10523816513382721,0.14639205379846715,0.14604781805510095,0.1467360576482116,0.037412705429390784,363.2459494715475,call wing
2028-06-16,1.745758265951325,915.0,call,27.01,27.24,27.125,27.125,0.0,0.008479262672810945,2.0,124.0,819.1002112094773,0.9298680606090756,0.04165099752374852,-0.0013441159746204953,0.11071763089845275,0.14564225209526588,0.14532085378224835,0.1459634223475248,0.03703044054773168,357.9388069153669,call wing
2028-06-16,1.745758265951325,920.0,call,25.54,25.77,25.655,25.655,0.0,0.008965114012863006,54.0,247.0,819.1002112094773,0.9298680606090756,0.04165099752374852,-0.0013441159746204953,0.11616723566601737,0.14472273573765104,0.14439606032769234,0.14504914595340687,0.03656433119803978,352.1747522449606,call wing
2028-06-16,1.745758265951325,925.0,call,24.22,24.41,24.314999999999998,24.314999999999998,0.0,0.007814106518609965,33.0,518.0,819.1002112094773,0.9298680606090756,0.04165099752374852,-0.0013441159746204953,0.12158730313535673,0.14403045812478038,0.1437560266438239,0.14430468104703395,0.03621535870895503,346.30211152279827,call wing
2028-06-16,1.745758265951325,930.0,call,22.88,23.1,22.990000000000002,22.990000000000002,0.0,0.009569377990430726,1.0,180.0,819.1002112094773,0.9298680606090756,0.04165099752374852,-0.0013441159746204953,0.1269781517702331,0.14324084558371825,0.14291720298484697,0.14356416589163531,0.03581936308214958,340.05091278619705,call wing
2028-06-16,1.745758265951325,935.0,call,21.65,21.85,21.75,21.75,0.0,0.009195402298850705,2.0,233.0,819.1002112094773,0.9298680606090756,0.04165099752374852,-0.0013441159746204953,0.13234009491161844,0.14255990951467917,0.14226003388531513,0.1428594796699892,0.035479617499943474,333.64199710522416,call wing
2028-06-16,1.745758265951325,940.0,call,20.44,20.67,20.555,20.555,0.0,0.011189491607881316,1.0,287.0,819.1002112094773,0.9298680606090756,0.04165099752374852,-0.0013441159746204953,0.13767344088698097,0.1418737487501729,0.14152181121603571,0.14222522364484505,0.03513890271865941,326.978180255923,call wing
2028-06-16,1.745758265951325,945.0,call,19.33,19.53,19.43,19.43,0.0,0.010293360782295567,1.0,415.0,819.1002112094773,0.9298680606090756,0.04165099752374852,-0.0013441159746204953,0.1429784931166743,0.1412622979272128,0.1409497706420616,0.14157442599571962,0.03483667046833048,320.17719215859046,call wing
2028-06-16,1.745758265951325,950.0,call,18.3,18.42,18.36,18.36,0.0,0.006535947712418355,51.0,538.0,819.1002112094773,0.9298680606090756,0.04165099752374852,-0.0013441159746204953,0.14825555021751802,0.14068501028809985,0.1404933678124243,0.1408764890933474,0.03455252265503379,313.2170053084199,call wing
2028-06-16,1.745758265951325,955.0,call,17.28,17.38,17.33,17.33,0.0,0.005770340450086433,1.0,491.0,819.1002112094773,0.9298680606090756,0.04165099752374852,-0.0013441159746204953,0.1535049061036617,0.1400979028999039,0.13993446972718612,0.14026120669497832,0.03426473488879521,306.0567909771452,deep call wing
2028-06-16,1.745758265951325,960.0,call,16.29,16.41,16.35,16.35,0.0,0.007339449541284464,34.0,101.0,819.1002112094773,0.9298680606090756,0.04165099752374852,-0.0013441159746204953,0.15872685008481333,0.13953657016912005,0.13933563784929937,0.139737290707529,0.03399070673604967,298.7657986178273,deep call wing
2028-06-16,1.745758265951325,965.0,call,15.39,15.49,15.440000000000001,15.440000000000001,0.0,0.00647668393782381,1.0,431.0,819.1002112094773,0.9298680606090756,0.04165099752374852,-0.0013441159746204953,0.16392166696191746,0.13907459303346736,0.1389029761226677,0.13924604336796892,0.03376600672057789,291.4883118330478,deep call wing
2028-06-16,1.745758265951325,970.0,call,14.53,14.63,14.58,14.58,0.0,0.006858710562414364,30.0,265.0,819.1002112094773,0.9298680606090756,0.04165099752374852,-0.0013441159746204953,0.16908963712036,0.13865253146981862,0.1384764810349532,0.13882839354911464,0.033561372525161746,284.16183851686645,deep call wing
2028-06-16,1.745758265951325,975.0,call,13.69,13.79,13.739999999999998,13.739999999999998,0.0,0.0072780203784570344,16.0,61.0,819.1002112094773,0.9298680606090756,0.04165099752374852,-0.0013441159746204953,0.17423103662077863,0.1381686267722554,0.1379877716056734,0.13834926853703367,0.033327519373893985,276.62786587000664,deep call wing
2028-06-16,1.745758265951325,980.0,call,12.92,13.02,12.969999999999999,12.969999999999999,0.0,0.00771010023130298,1.0,201.0,819.1002112094773,0.9298680606090756,0.04165099752374852,-0.0013441159746204953,0.179346137287549,0.1378070712709625,0.13762123907477497,0.13799266273188962,0.033153326685634664,269.23472009609105,deep call wing
2028-06-16,1.745758265951325,985.0,call,12.17,12.27,12.219999999999999,12.219999999999999,0.0,0.008183306055646452,2.0,21.0,819.1002112094773,0.9298680606090756,0.04165099752374852,-0.0013441159746204953,0.18443520679502043,0.13739105637334517,0.13719984670188656,0.13758199393075687,0.03295346089543971,261.6796881979476,deep call wing
2028-06-16,1.745758265951325,990.0,call,11.48,11.58,11.530000000000001,11.530000000000001,0.0,0.008673026886383316,5.0,131.0,819.1002112094773,0.9298680606090756,0.04165099752374852,-0.0013441159746204953,0.1894985087515671,0.13707700651143975,0.13688022098131183,0.1372734855777825,0.03280298236855441,254.28221807520552,deep call wing
2028-06-16,1.745758265951325,995.0,call,10.82,10.91,10.865,10.865,0.0,0.008283479061205693,2.0,388.0,819.1002112094773,0.9298680606090756,0.04165099752374852,-0.0013441159746204953,0.19453630278152423,0.13673638066463425,0.13655391355508692,0.1369185678749838,0.032640159131724376,246.8095365262367,deep call wing
2028-06-16,1.745758265951325,1000.0,call,10.19,10.28,10.235,10.235,0.0,0.008793356130923288,1.0,2658.0,819.1002112094773,0.9298680606090756,0.04165099752374852,-0.0013441159746204953,0.19954884460506844,0.1364126189079713,0.13622446227831042,0.13660046005490872,0.03248577265044141,239.36362149078116,deep call wing
2028-06-16,1.745758265951325,1005.0,call,9.61,9.71,9.66,9.66,0.0,0.010351966873706151,105.0,307.0,819.1002112094773,0.9298680606090756,0.04165099752374852,-0.0013441159746204953,0.20453638611610767,0.13619777850507525,0.13598219291666946,0.13641292689676127,0.032383527555841514,232.16255005858682,deep call wing
2028-06-16,1.745758265951325,1010.0,call,9.06,9.15,9.105,9.105,0.0,0.009884678747940676,250.0,266.0,819.1002112094773,0.9298680606090756,0.04165099752374852,-0.0013441159746204953,0.20949917545823663,0.1359511232602689,0.13575085296172848,0.13615099543339096,0.032266340121047586,224.9205170541142,deep call wing
2028-06-16,1.745758265951325,1015.0,call,8.54,8.6,8.57,8.57,0.0,0.007001166861143581,2.0,378.0,819.1002112094773,0.9298680606090756,0.04165099752374852,-0.0013441159746204953,0.21443745709881915,0.13567389972576052,0.13553596230128911,0.13581163789003056,0.03213488304158947,217.64744010028002,deep call wing
2028-06-16,1.745758265951325,1020.0,call,8.04,8.13,8.085,8.085,0.0,0.011131725417439904,3.0,1126.0,819.1002112094773,0.9298680606090756,0.04165099752374852,-0.0013441159746204953,0.21935147190124818,0.13550997346468877,0.13529613227406684,0.13572331205666005,0.032057276827115365,210.6849103749802,deep call wing
2028-06-16,1.745758265951325,1025.0,call,7.56,7.64,7.6,7.6,0.0,0.010526315789473694,100.0,112.0,819.1002112094773,0.9298680606090756,0.04165099752374852,-0.0013441159746204953,0.22424145719544009,0.13523010621314685,0.13503333665030604,0.13542642811407618,0.03192499848527413,203.51566753356312,deep call wing
2028-06-16,1.745758265951325,1030.0,call,7.14,7.22,7.18,7.18,0.0,0.011142061281337058,25.0,145.0,819.1002112094773,0.9298680606090756,0.04165099752374852,-0.0013441159746204953,0.22910764684661294,0.13515706915837514,0.13495367858044477,0.13535995962701733,0.0318905227570982,196.90879321947324,deep call wing
2028-06-16,1.745758265951325,1035.0,call,6.72,6.81,6.765,6.765,0.0,0.013303769401330356,3.0,132.0,819.1002112094773,0.9298680606090756,0.04165099752374852,-0.0013441159746204953,0.2339502713224009,0.135001981788701,0.13476502390563236,0.13523822964921037,0.03181737852930099,190.19318659079306,deep call wing
2028-06-16,1.745758265951325,1040.0,call,6.35,6.43,6.39,6.39,0.0,0.012519561815336476,1.0,559.0,819.1002112094773,0.9298680606090756,0.04165099752374852,-0.0013441159746204953,0.23876955775834977,0.13495116292681772,0.1347332488708398,0.13516845060280316,0.03179342897516855,183.82373472668957,deep call wing
2028-06-16,1.745758265951325,1045.0,call,5.98,6.06,6.02,6.02,0.0,0.013289036544850363,10.0,43.0,819.1002112094773,0.9298680606090756,0.04165099752374852,-0.0013441159746204953,0.24356573002184276,0.1348232981135406,0.13459742690755128,0.13504846708978724,0.031733209635443224,177.36882706622498,deep call wing
2028-06-16,1.745758265951325,1050.0,call,5.64,5.71,5.675,5.675,0.0,0.012334801762114588,1.0,166.0,819.1002112094773,0.9298680606090756,0.04165099752374852,-0.0013441159746204953,0.24833900877450055,0.13473137901474375,0.13452652910276938,0.1349356270267404,0.03168995459358696,171.1090551858423,deep call wing
2028-06-16,1.745758265951325,1055.0,call,6.73,6.83,6.78,6.78,0.0,0.014749262536873104,25.0,6.0,819.1002112094773,0.9298680606090756,0.04165099752374852,-0.0013441159746204953,0.25308961153309834,0.14283065714880533,0.14255927943457775,0.14310111521182686,0.035614510182426305,184.55907191588875,deep call wing
2028-06-16,1.745758265951325,1060.0,call,5.01,5.09,5.05,5.05,0.0,0.015841584158415856,2.0,60.0,819.1002112094773,0.9298680606090756,0.04165099752374852,-0.0013441159746204953,0.2578177527290442,0.1346286574700816,0.1343768039187579,0.1348795288344632,0.03164165107018007,159.13414662136987,deep call wing
2028-06-16,1.745758265951325,1065.0,call,4.73,4.8,4.765000000000001,4.765000000000001,0.0,0.014690451206715506,95.0,115.0,819.1002112094773,0.9298680606090756,0.04165099752374852,-0.0013441159746204953,0.26252364376645687,0.13460107891796816,0.13437247575800537,0.13482884223500774,0.03162868887386044,153.38667290056847,deep call wing
2028-06-16,1.745758265951325,1070.0,call,4.46,4.54,4.5,4.5,0.0,0.017777777777777795,1.0,196.0,819.1002112094773,0.9298680606090756,0.04165099752374852,-0.0013441159746204953,0.26720749307888336,0.13460934745942163,0.1343381938843,0.1348792780074173,0.031632574892603446,147.85299861646465,deep call wing
2028-06-16,1.745758265951325,1075.0,call,4.21,4.28,4.245,4.245,0.0,0.01648998822143705,91.0,7.0,819.1002112094773,0.9298680606090756,0.04165099752374852,-0.0013441159746204953,0.27186950618469463,0.13459198719082255,0.1343456469647732,0.13483728164870945,0.03162441625287074,142.38355789249073,deep call wing
2028-06-16,1.745758265951325,1080.0,call,4.74,4.82,4.78,4.78,0.0,0.01673640167364018,1.0,24.0,819.1002112094773,0.9298680606090756,0.04165099752374852,-0.0013441159746204953,0.2765098857411968,0.13998250648377458,0.13971552913039897,0.1402483549140101,0.03420831150073404,150.1443915483197,deep call wing
2028-06-16,1.745758265951325,1085.0,call,3.77,3.83,3.8,3.8,0.0,0.01578947368421054,2.0,1.0,819.1002112094773,0.9298680606090756,0.04165099752374852,-0.0013441159746204953,0.2811288315974913,0.1347519829590258,0.13452476794864326,0.1349782497680816,0.03169964777700358,132.31084287879128,deep call wing
2028-06-16,1.745758265951325,1090.0,call,3.56,3.63,3.5949999999999998,3.5949999999999998,0.0,0.019471488178024993,50.0,52.0,819.1002112094773,0.9298680606090756,0.04165099752374852,-0.0013441159746204953,0.28572654084612087,0.13483595666643372,0.1345606785097445,0.1351098011829007,0.03173916877419584,127.47790844984321,deep call wing
2028-06-16,1.745758265951325,1095.0,call,4.29,4.38,4.335,4.335,0.0,0.020761245674740452,0.0,1.0,819.1002112094773,0.9298680606090756,0.04165099752374852,-0.0013441159746204953,0.29030320787353264,0.1420380775443123,0.1417150801035479,0.14235933333260878,0.03522035087513176,139.69884423463444,deep call wing
2028-06-16,1.745758265951325,1100.0,call,3.18,3.24,3.21,3.21,0.0,0.018691588785046745,20.0,2992.0,819.1002112094773,0.9298680606090756,0.04165099752374852,-0.0013441159746204953,0.2948590244093933,0.1349511465937872,0.134696413153804,0.13520457566947072,0.03179342127930283,118.07407341787685,deep call wing
2028-06-16,1.745758265951325,1105.0,call,3.01,3.08,3.045,3.045,0.0,0.02298850574712653,1.0,7.0,819.1002112094773,0.9298680606090756,0.04165099752374852,-0.0013441159746204953,0.2993941795747846,0.13511885338783944,0.13481038277749507,0.1354253616009626,0.03187249116451667,113.82743267753146,deep call wing
2028-06-16,1.745758265951325,1110.0,call,2.86,2.92,2.8899999999999997,2.8899999999999997,0.0,0.020761245674740504,1.0,249.0,819.1002112094773,0.9298680606090756,0.04165099752374852,-0.0013441159746204953,0.3039088599293113,0.13530103530215554,0.13502685764628594,0.13557362097330844,0.031958497015622325,109.73858258481258,deep call wing
2028-06-16,1.745758265951325,1115.0,call,3.84,3.92,3.88,3.88,0.0,0.020618556701030948,5.0,4.0,819.1002112094773,0.9298680606090756,0.04165099752374852,-0.0013441159746204953,0.3084032495171506,0.14520509342000343,0.1448919509742223,0.14551650666707674,0.03680847359864569,128.0931343798348,deep call wing
2028-06-16,1.745758265951325,1120.0,call,2.55,2.6,2.575,2.575,0.0,0.019417475728155442,3.0,26.0,819.1002112094773,0.9298680606090756,0.04165099752374852,-0.0013441159746204953,0.31287752991207163,0.13538726310562493,0.13513975599241365,0.13563339725377538,0.031999244510356774,101.28968956268878,deep call wing
2028-06-16,1.745758265951325,1125.0,call,2.43,2.48,2.455,2.455,0.0,0.020366598778004,213.0,38.0,819.1002112094773,0.9298680606090756,0.04165099752374852,-0.0013441159746204953,0.31733188026145187,0.13568678432673104,0.13543049253337652,0.13594157216381175,0.032140986865633187,97.83378628704895,deep call wing
2028-06-16,1.745758265951325,1130.0,call,2.31,2.36,2.335,2.335,0.0,0.02141327623126331,37.0,58.0,819.1002112094773,0.9298680606090756,0.04165099752374852,-0.0013441159746204953,0.32176647732931773,0.1359236020458376,0.13565779383869242,0.1361877561847482,0.032253277794496375,94.34812689986462,deep call wing
2028-06-16,1.745758265951325,1135.0,call,2.18,2.23,2.205,2.205,0.0,0.022675736961451167,2.0,110.0,819.1002112094773,0.9298680606090756,0.04165099752374852,-0.0013441159746204953,0.3261814955384345,0.13598376410589655,0.13570685854705528,0.13625882812169726,0.03228183579382157,90.58666281906214,deep call wing
2028-06-16,1.745758265951325,1140.0,call,2.08,2.13,2.105,2.105,0.0,0.02375296912114006,2.0,47.0,819.1002112094773,0.9298680606090756,0.04165099752374852,-0.0013441159746204953,0.3305771070114726,0.13630812908264495,0.13602145310351837,0.1365927928133219,0.032436024574388767,87.51570451586217,deep call wing
2028-06-16,1.745758265951325,1145.0,call,1.97,2.03,2.0,2.0,0.0,0.029999999999999916,0.0,102.0,819.1002112094773,0.9298680606090756,0.04165099752374852,-0.0013441159746204953,0.3349534816112714,0.1365153484462701,0.13615785286738796,0.13686965193978384,0.03253471980883438,84.29669964900492,deep call wing
2028-06-16,1.745758265951325,1150.0,call,1.89,1.93,1.91,1.91,0.0,0.02094240837696337,3.0,682.0,819.1002112094773,0.9298680606090756,0.04165099752374852,-0.0013441159746204953,0.33931078698022726,0.13684133968318288,0.1365949574443076,0.13708617297444586,0.0326902876184611,81.43219208022352,deep call wing
2028-06-16,1.745758265951325,1160.0,call,1.7,1.74,1.72,1.72,0.0,0.023255813953488393,1.0,26.0,819.1002112094773,0.9298680606090756,0.04165099752374852,-0.0013441159746204953,0.34796884972334174,0.13719025181361671,0.13692396144163127,0.1374546551155897,0.032857204709962694,75.37483910016411,deep call wing
2028-06-16,1.745758265951325,1170.0,call,1.55,1.6,1.5750000000000002,1.5750000000000002,0.0,0.03174603174603177,1.0,107.0,819.1002112094773,0.9298680606090756,0.04165099752374852,-0.0013441159746204953,0.35655259341473333,0.13790907514339157,0.13755242001205245,0.13826224061246098,0.03320242459121466,70.44349764609008,deep call wing
2028-06-16,1.745758265951325,1180.0,call,1.41,1.46,1.435,1.435,0.0,0.034843205574912925,2.0,1336.0,819.1002112094773,0.9298680606090756,0.04165099752374852,-0.0013441159746204953,0.36506328308264185,0.13849806778997412,0.13811486819056454,0.13887710226713124,0.03348663713502257,65.60024824817421,deep call wing
2028-06-16,1.745758265951325,1190.0,call,1.28,1.33,1.3050000000000002,1.3050000000000002,0.0,0.03831417624521076,2.0,209.0,819.1002112094773,0.9298680606090756,0.04165099752374852,-0.0013441159746204953,0.3735021517285066,0.13903236695050306,0.1386199319627333,0.1394398152066797,0.03374550563958077,60.988397881681934,deep call wing
2028-06-16,1.745758265951325,1200.0,call,1.18,1.22,1.2,1.2,0.0,0.03333333333333337,23.0,947.0,819.1002112094773,0.9298680606090756,0.04165099752374852,-0.0013441159746204953,0.3818704013990231,0.13978668001282227,0.13943439033218513,0.1401352220867824,0.034112668017449436,57.07798261976717,deep call wing
2028-06-16,1.745758265951325,1210.0,call,1.08,1.12,1.1,1.1,0.0,0.03636363636363639,6.0,6.0,819.1002112094773,0.9298680606090756,0.04165099752374852,-0.0013441159746204953,0.39016920421371826,0.14045538214328807,0.14007786606329695,0.1408284740749432,0.034439820435021334,53.29344196595709,deep call wing
2028-06-16,1.745758265951325,1220.0,call,1.01,1.04,1.025,1.025,0.0,0.02926829268292686,44.0,430.0,819.1002112094773,0.9298680606090756,0.04165099752374852,-0.0013441159746204953,0.39839970335023367,0.1414394608014483,0.14113968829799803,0.14173637869345923,0.034924105472459624,50.279373128464826,deep call wing
2028-06-16,1.745758265951325,1230.0,call,0.92,0.95,0.935,0.935,0.0,0.03208556149732611,39.0,72.0,819.1002112094773,0.9298680606090756,0.04165099752374852,-0.0013441159746204953,0.4065630139893947,0.14196935344103598,0.14164690632451757,0.14228840270787735,0.03518627689292672,46.76796773540545,deep call wing
2028-06-16,1.745758265951325,1240.0,call,0.86,0.89,0.875,0.875,0.0,0.034285714285714315,298.0,1306.0,819.1002112094773,0.9298680606090756,0.04165099752374852,-0.0013441159746204953,0.414660224222014,0.14299027805794048,0.14264920698745914,0.14332748164110187,0.03569415690747752,44.232387372898565,deep call wing
2028-06-16,1.745758265951325,1250.0,call,0.81,0.84,0.825,0.825,0.0,0.036363636363636265,2.0,275.0,819.1002112094773,0.9298680606090756,0.04165099752374852,-0.0013441159746204953,0.4226923959192783,0.14413081336478561,0.1437718223468268,0.14448546036064944,0.03626584340812722,42.04083138473287,deep call wing
2028-06-16,1.745758265951325,1260.0,call,0.75,0.78,0.765,0.765,0.0,0.03921568627450984,1.0,1009.0,819.1002112094773,0.9298680606090756,0.04165099752374852,-0.0013441159746204953,0.4306605655684551,0.1449190664581244,0.14453688164846848,0.14529622849044993,0.036663604760839706,39.51062900737229,deep call wing
2028-06-16,1.745758265951325,1270.0,call,0.7,0.74,0.72,0.72,0.0,0.05555555555555561,11.0,195.0,819.1002112094773,0.9298680606090756,0.04165099752374852,-0.0013441159746204953,0.43856574507556845,0.14597153385073308,0.14543313968460433,0.14649986912494598,0.03719807366715248,37.503534489203254,deep call wing
2028-06-16,1.745758265951325,1280.0,call,0.66,0.69,0.675,0.675,0.0,0.044444444444444314,16.0,302.0,819.1002112094773,0.9298680606090756,0.04165099752374852,-0.0013441159746204953,0.4464089225365943,0.14692338009471773,0.14649762108820816,0.14734272412611807,0.03768477522671093,35.502134172870186,deep call wing
2028-06-16,1.745758265951325,1290.0,call,0.62,0.65,0.635,0.635,0.0,0.04724409448818902,1.0,273.0,819.1002112094773,0.9298680606090756,0.04165099752374852,-0.0013441159746204953,0.4541910629786493,0.14791634092107744,0.147467375067934,0.14835807770516443,0.038195870911232124,33.68505790229636,deep call wing
2028-06-16,1.745758265951325,1300.0,call,0.59,0.62,0.605,0.605,0.0,0.049586776859504175,7.0,903.0,819.1002112094773,0.9298680606090756,0.04165099752374852,-0.0013441159746204953,0.46191310907255956,0.14912275652668755,0.1486534710746624,0.1495840765567108,0.03882146792941141,32.24108872699408,deep call wing
2028-06-16,1.745758265951325,1310.0,call,0.55,0.59,0.5700000000000001,0.5700000000000001,0.0,0.07017543859649109,1.0,63.0,819.1002112094773,0.9298680606090756,0.04165099752374852,-0.0013441159746204953,0.46957598181812876,0.15009391820346663,0.14943266583184878,0.15073925601033755,0.03932876392659825,30.62172065908406,deep call wing
2028-06-16,1.745758265951325,1320.0,call,0.53,0.56,0.545,0.545,0.0,0.05504587155963307,1.0,3.0,819.1002112094773,0.9298680606090756,0.04165099752374852,-0.0013441159746204953,0.477180581203348,0.15131485984477405,0.15079938843034296,0.1518205343463772,0.03997120738205019,29.38331850997234,deep call wing
2028-06-16,1.745758265951325,1330.0,call,0.5,0.53,0.515,0.515,0.0,0.05825242718446607,3.0,94.0,819.1002112094773,0.9298680606090756,0.04165099752374852,-0.0013441159746204953,0.48472778683873097,0.1522932609121812,0.15175131604717362,0.15282425857613863,0.04048978576427885,27.965379782456846,deep call wing
2028-06-16,1.745758265951325,1340.0,call,0.48,0.51,0.495,0.495,0.0,0.06060606060606066,3.0,367.0,819.1002112094773,0.9298680606090756,0.04165099752374852,-0.0013441159746204953,0.4922184585678885,0.15356111589437504,0.15299819763015066,0.15411216524380145,0.041166754150965414,26.935885020012215,deep call wing
2028-06-16,1.745758265951325,1350.0,call,0.45,0.49,0.47,0.47,0.0,0.08510638297872336,5.0,215.0,819.1002112094773,0.9298680606090756,0.04165099752374852,-0.0013441159746204953,0.49965343705540666,0.1545808346115288,0.15379135796822907,0.15534693121902785,0.041715303021615045,25.72368940784291,deep call wing
2028-06-16,1.745758265951325,1360.0,call,0.43,0.46,0.445,0.445,0.0,0.0674157303370787,5.0,1969.0,819.1002112094773,0.9298680606090756,0.04165099752374852,-0.0013441159746204953,0.5070335443530292,0.1555270338734061,0.15490775179153876,0.1561316818182198,0.04222755010919796,24.51703407054518,deep call wing
2028-06-16,1.745758265951325,1370.0,call,0.41,0.44,0.425,0.425,0.0,0.07058823529411772,6.0,37.0,819.1002112094773,0.9298680606090756,0.04165099752374852,-0.0013441159746204953,0.5143595844451021,0.15660904289728536,0.1559628731031054,0.15723917334437798,0.04281715212172355,23.511598051144446,deep call wing
2028-06-16,1.745758265951325,1380.0,call,0.39,0.42,0.405,0.405,0.0,0.074074074074074,4.0,9.0,819.1002112094773,0.9298680606090756,0.04165099752374852,-0.0013441159746204953,0.5216323437741819,0.15762932917231295,0.15695401973965453,0.1582869921167568,0.04337686508792069,22.512615708884493,deep call wing
2028-06-16,1.745758265951325,1390.0,call,0.43,0.47,0.44999999999999996,0.44999999999999996,0.0,0.08888888888888885,2.0,1.0,819.1002112094773,0.9298680606090756,0.04165099752374852,-0.0013441159746204953,0.528852591747669,0.16143907438440472,0.1605941657128862,0.16225768974000357,0.045498955281000675,24.055314343174143,deep call wing
2028-06-16,1.745758265951325,1400.0,call,0.36,0.39,0.375,0.375,0.0,0.08000000000000007,4.0,182.0,819.1002112094773,0.9298680606090756,0.04165099752374852,-0.0013441159746204953,0.5360210812262814,0.15995527523631378,0.15922813105166334,0.16066179161976682,0.044666429940114674,20.932585051382468,deep call wing
2028-06-16,1.745758265951325,1410.0,call,0.34,0.37,0.355,0.355,0.0,0.08450704225352106,4.0,1.0,819.1002112094773,0.9298680606090756,0.04165099752374852,-0.0013441159746204953,0.5431385489951454,0.16079536411626963,0.16003172951689823,0.16153604399224689,0.04513684029588521,19.950258541267328,deep call wing
2028-06-16,1.745758265951325,1420.0,call,0.4,0.43,0.41500000000000004,0.41500000000000004,0.0,0.07228915662650595,1.0,2.0,819.1002112094773,0.9298680606090756,0.04165099752374852,-0.0013441159746204953,0.5502057162182379,0.1654580332923586,0.16477142758864938,0.1661270834302833,0.0477925081250532,22.135636467980817,deep call wing
2028-06-16,1.745758265951325,1430.0,call,0.31,0.34,0.325,0.325,0.0,0.09230769230769238,1.0,2.0,819.1002112094773,0.9298680606090756,0.04165099752374852,-0.0013441159746204953,0.5572232888768843,0.1627981175101746,0.16196902210803105,0.1635998527212863,0.04626822772285831,18.403989263120863,deep call wing
2028-06-16,1.745758265951325,1440.0,call,0.3,0.33,0.315,0.315,0.0,0.09523809523809532,1.0,847.0,819.1002112094773,0.9298680606090756,0.04165099752374852,-0.0013441159746204953,0.5641919581929777,0.16399829726543894,0.16314268186617498,0.16482472524305125,0.046952939325445746,17.844203547458736,deep call wing
2028-06-16,1.745758265951325,1450.0,call,0.29,0.32,0.305,0.305,0.0,0.09836065573770501,1.0,19.0,819.1002112094773,0.9298680606090756,0.04165099752374852,-0.0013441159746204953,0.5711124010375515,0.16516141306732188,0.16427781730403682,0.16601382002941065,0.04762130437967017,17.29015440678709,deep call wing
2028-06-16,1.745758265951325,1460.0,call,0.28,0.31,0.29500000000000004,0.29500000000000004,0.0,0.10169491525423717,10.0,23.0,819.1002112094773,0.9298680606090756,0.04165099752374852,-0.0013441159746204953,0.5779852803253136,0.16628675492263334,0.16537357447043147,0.16716654787123444,0.04827245911323314,16.7414054502221,deep call wing
2028-06-16,1.745758265951325,1470.0,call,0.26,0.3,0.28,0.28,0.0,0.14285714285714277,1.0,472.0,819.1002112094773,0.9298680606090756,0.04165099752374852,-0.0013441159746204953,0.5848112453957134,0.16706280848503227,0.16577761913949687,0.16828222800322082,0.04872408174222867,15.98840427286376,deep call wing
2028-06-16,1.745758265951325,1480.0,call,0.25,0.29,0.27,0.27,0.0,0.14814814814814806,1.0,596.0,819.1002112094773,0.9298680606090756,0.04165099752374852,-0.0013441159746204953,0.5915909323810922,0.16809924597922743,0.1667676336671924,0.16936007801130762,0.04933051368168698,15.448058749496742,deep call wing
