contract,expiry,option_type,strike,bid,ask,last,volume,open_interest,yf_implied_vol,last_trade,tau,mid,ticker,asof,spot
SPY260923C00685000,2026-09-23,call,685.0,72.98,76.79,73.4,0.0,0.0,0.5749554223632812,2026-09-10 18:10:08+00:00,0.014251416636256977,74.885,SPY,2026-09-18T11:09:27.324959-04:00,759.8699951171875
SPY260923C00690000,2026-09-23,call,690.0,67.96,71.92,72.73,20.0,0.0,0.55273884765625,2026-09-17 19:55:12+00:00,0.014251416636256977,69.94,SPY,2026-09-18T11:09:27.324959-04:00,759.8699951171875
SPY260923C00700000,2026-09-23,call,700.0,57.93,61.96,65.55,0.0,0.0,0.4919484399414063,2026-09-11 19:35:02+00:00,0.014251416636256977,59.945,SPY,2026-09-18T11:09:27.324959-04:00,759.8699951171875
SPY260923C00705000,2026-09-23,call,705.0,53.09,56.88,53.91,2.0,0.0,0.45508357421875,2026-09-14 14:59:23+00:00,0.014251416636256977,54.985,SPY,2026-09-18T11:09:27.324959-04:00,759.8699951171875
SPY260923C00715000,2026-09-23,call,715.0,43.04,46.14,48.14,100.0,0.0,0.3455875988769531,2026-09-17 19:55:00+00:00,0.014251416636256977,44.59,SPY,2026-09-18T11:09:27.324959-04:00,759.8699951171875
SPY260923C00720000,2026-09-23,call,720.0,38.06,41.16,43.15,25.0,0.0,0.3166572241210937,2026-09-17 19:55:00+00:00,0.014251416636256977,39.61,SPY,2026-09-18T11:09:27.324959-04:00,759.8699951171875
SPY260923C00725000,2026-09-23,call,725.0,33.09,36.2,38.14,25.0,0.0,0.28833719482421866,2026-09-17 19:55:00+00:00,0.014251416636256977,34.645,SPY,2026-09-18T11:09:27.324959-04:00,759.8699951171875
SPY260923C00730000,2026-09-23,call,730.0,28.13,31.25,33.14,178.0,2.0,0.2597119927978516,2026-09-17 19:55:00+00:00,0.014251416636256977,29.689999999999998,SPY,2026-09-18T11:09:27.324959-04:00,759.8699951171875
SPY260923C00742000,2026-09-23,call,742.0,17.16,18.3,18.24,6.0,0.0,0.1297694445800781,2026-09-18 14:51:10+00:00,0.014251416636256977,17.73,SPY,2026-09-18T11:09:27.324959-04:00,759.8699951171875
SPY260923C00743000,2026-09-23,call,743.0,15.7,17.35,14.06,8.0,0.0,0.12757220092773439,2026-09-16 18:55:57+00:00,0.014251416636256977,16.525,SPY,2026-09-18T11:09:27.324959-04:00,759.8699951171875
SPY260923C00744000,2026-09-23,call,744.0,14.86,16.47,17.78,32.0,0.0,0.12915909912109375,2026-09-18 13:38:37+00:00,0.014251416636256977,15.665,SPY,2026-09-18T11:09:27.324959-04:00,759.8699951171875
SPY260923C00745000,2026-09-23,call,745.0,14.98,15.68,15.01,1572.0,1.0,0.13434703552246097,2026-09-18 14:47:34+00:00,0.014251416636256977,15.33,SPY,2026-09-18T11:09:27.324959-04:00,759.8699951171875
SPY260923C00746000,2026-09-23,call,746.0,14.58,14.81,14.81,555.0,0.0,0.13404186279296876,2026-09-18 14:53:43+00:00,0.014251416636256977,14.695,SPY,2026-09-18T11:09:27.324959-04:00,759.8699951171875
SPY260923C00747000,2026-09-23,call,747.0,13.71,13.86,9.94,89.0,20.0,0.12964737548828126,2026-09-16 20:08:52+00:00,0.014251416636256977,13.785,SPY,2026-09-18T11:09:27.324959-04:00,759.8699951171875
SPY260923C00749000,2026-09-23,call,749.0,11.78,11.96,13.82,25.0,10.0,0.12000391723632811,2026-09-17 19:43:06+00:00,0.014251416636256977,11.870000000000001,SPY,2026-09-18T11:09:27.324959-04:00,759.8699951171875
SPY260923C00750000,2026-09-23,call,750.0,11.03,11.2,10.85,44.0,203.0,0.1218959881591797,2026-09-18 14:40:20+00:00,0.014251416636256977,11.114999999999998,SPY,2026-09-18T11:09:27.324959-04:00,759.8699951171875
SPY260923C00753000,2026-09-23,call,753.0,8.45,8.6,8.45,31.0,140.0,0.11176425354003905,2026-09-18 14:53:26+00:00,0.014251416636256977,8.524999999999999,SPY,2026-09-18T11:09:27.324959-04:00,759.8699951171875
SPY260923C00754000,2026-09-23,call,754.0,7.63,7.79,7.37,58.0,227.0,0.10901769897460936,2026-09-18 14:41:24+00:00,0.014251416636256977,7.71,SPY,2026-09-18T11:09:27.324959-04:00,759.8699951171875
SPY260923C00755000,2026-09-23,call,755.0,6.89,6.95,7.01,229.0,263.0,0.10474528076171874,2026-09-18 14:52:53+00:00,0.014251416636256977,6.92,SPY,2026-09-18T11:09:27.324959-04:00,759.8699951171875
SPY260923C00756000,2026-09-23,call,756.0,6.12,6.23,5.7,68.0,230.0,0.10315838256835935,2026-09-18 14:46:35+00:00,0.014251416636256977,6.175000000000001,SPY,2026-09-18T11:09:27.324959-04:00,759.8699951171875
SPY260923C00757000,2026-09-23,call,757.0,5.36,5.48,5.48,396.0,521.0,0.0999235516357422,2026-09-18 14:53:01+00:00,0.014251416636256977,5.42,SPY,2026-09-18T11:09:27.324959-04:00,759.8699951171875
SPY260923C00758000,2026-09-23,call,758.0,4.72,4.79,4.72,235.0,645.0,0.09742113525390625,2026-09-18 14:52:04+00:00,0.014251416636256977,4.755,SPY,2026-09-18T11:09:27.324959-04:00,759.8699951171875
SPY260923C00759000,2026-09-23,call,759.0,4.11,4.13,4.11,1138.0,533.0,0.09467458068847658,2026-09-18 14:53:37+00:00,0.014251416636256977,4.12,SPY,2026-09-18T11:09:27.324959-04:00,759.8699951171875
SPY260923C00760000,2026-09-23,call,760.0,3.5,3.51,3.5,2020.0,2790.0,0.09192802612304687,2026-09-18 14:54:12+00:00,0.014251416636256977,3.505,SPY,2026-09-18T11:09:27.324959-04:00,759.8699951171875
SPY260923C00761000,2026-09-23,call,761.0,2.98,3.0,3.01,859.0,669.0,0.09089043884277344,2026-09-18 14:53:09+00:00,0.014251416636256977,2.99,SPY,2026-09-18T11:09:27.324959-04:00,759.8699951171875
SPY260923C00762000,2026-09-23,call,762.0,2.48,2.5,2.5,732.0,1465.0,0.08893733337402344,2026-09-18 14:53:10+00:00,0.014251416636256977,2.49,SPY,2026-09-18T11:09:27.324959-04:00,759.8699951171875
SPY260923C00763000,2026-09-23,call,763.0,1.99,2.01,2.05,433.0,365.0,0.08588560607910158,2026-09-18 14:53:08+00:00,0.014251416636256977,2.0,SPY,2026-09-18T11:09:27.324959-04:00,759.8699951171875
SPY260923C00764000,2026-09-23,call,764.0,1.6,1.62,1.65,412.0,502.0,0.0841156042480469,2026-09-18 14:52:51+00:00,0.014251416636256977,1.61,SPY,2026-09-18T11:09:27.324959-04:00,759.8699951171875
SPY260923C00765000,2026-09-23,call,765.0,1.28,1.3,1.31,406.0,1216.0,0.08307801696777346,2026-09-18 14:54:03+00:00,0.014251416636256977,1.29,SPY,2026-09-18T11:09:27.324959-04:00,759.8699951171875
SPY260923C00766000,2026-09-23,call,766.0,1.02,1.03,1.02,307.0,650.0,0.08210146423339845,2026-09-18 14:53:20+00:00,0.014251416636256977,1.025,SPY,2026-09-18T11:09:27.324959-04:00,759.8699951171875
SPY260923C00767000,2026-09-23,call,767.0,0.77,0.78,0.8,156.0,491.0,0.08033146240234376,2026-09-18 14:52:56+00:00,0.014251416636256977,0.775,SPY,2026-09-18T11:09:27.324959-04:00,759.8699951171875
SPY260923C00768000,2026-09-23,call,768.0,0.6,0.61,0.59,504.0,329.0,0.08008732421875,2026-09-18 14:53:08+00:00,0.014251416636256977,0.605,SPY,2026-09-18T11:09:27.324959-04:00,759.8699951171875
SPY260923C00769000,2026-09-23,call,769.0,0.43,0.44,0.44,286.0,673.0,0.07831732238769533,2026-09-18 14:53:41+00:00,0.014251416636256977,0.435,SPY,2026-09-18T11:09:27.324959-04:00,759.8699951171875
SPY260923C00770000,2026-09-23,call,770.0,0.32,0.33,0.32,249.0,1606.0,0.07789008056640626,2026-09-18 14:53:22+00:00,0.014251416636256977,0.325,SPY,2026-09-18T11:09:27.324959-04:00,759.8699951171875
SPY260923C00771000,2026-09-23,call,771.0,0.2,0.21,0.2,170.0,317.0,0.07496042236328126,2026-09-18 14:49:05+00:00,0.014251416636256977,0.20500000000000002,SPY,2026-09-18T11:09:27.324959-04:00,759.8699951171875
SPY260923C00772000,2026-09-23,call,772.0,0.17,0.18,0.16,278.0,1263.0,0.07752387329101565,2026-09-18 14:52:17+00:00,0.014251416636256977,0.175,SPY,2026-09-18T11:09:27.324959-04:00,759.8699951171875
SPY260923C00773000,2026-09-23,call,773.0,0.11,0.12,0.1,173.0,711.0,0.07618111328125002,2026-09-18 14:49:19+00:00,0.014251416636256977,0.11499999999999999,SPY,2026-09-18T11:09:27.324959-04:00,759.8699951171875
SPY260923C00774000,2026-09-23,call,774.0,0.07,0.08,0.06,208.0,1149.0,0.07520456054687502,2026-09-18 14:46:01+00:00,0.014251416636256977,0.07500000000000001,SPY,2026-09-18T11:09:27.324959-04:00,759.8699951171875
SPY260923C00775000,2026-09-23,call,775.0,0.05,0.06,0.05,248.0,1882.0,0.07618111328125002,2026-09-18 14:46:35+00:00,0.014251416636256977,0.055,SPY,2026-09-18T11:09:27.324959-04:00,759.8699951171875
SPY260923C00776000,2026-09-23,call,776.0,0.04,0.05,0.05,173.0,1396.0,0.07813421875000001,2026-09-18 14:46:01+00:00,0.014251416636256977,0.045,SPY,2026-09-18T11:09:27.324959-04:00,759.8699951171875
SPY260923C00777000,2026-09-23,call,777.0,0.04,0.05,0.04,55.0,1127.0,0.08204042968750001,2026-09-18 14:13:07+00:00,0.014251416636256977,0.045,SPY,2026-09-18T11:09:27.324959-04:00,759.8699951171875
SPY260923C00778000,2026-09-23,call,778.0,0.02,0.03,0.02,420.0,1791.0,0.08008732421875,2026-09-18 14:53:00+00:00,0.014251416636256977,0.025,SPY,2026-09-18T11:09:27.324959-04:00,759.8699951171875
SPY260923C00779000,2026-09-23,call,779.0,0.02,0.03,0.03,71.0,753.0,0.08399353515625002,2026-09-18 14:12:58+00:00,0.014251416636256977,0.025,SPY,2026-09-18T11:09:27.324959-04:00,759.8699951171875
SPY260923C00780000,2026-09-23,call,780.0,0.02,0.03,0.03,29.0,1368.0,0.08789974609375001,2026-09-18 14:52:40+00:00,0.014251416636256977,0.025,SPY,2026-09-18T11:09:27.324959-04:00,759.8699951171875
SPY260923C00781000,2026-09-23,call,781.0,0.01,0.02,0.03,86.0,333.0,0.08692319335937501,2026-09-18 13:38:31+00:00,0.014251416636256977,0.015,SPY,2026-09-18T11:09:27.324959-04:00,759.8699951171875
SPY260923C00782000,2026-09-23,call,782.0,0.01,0.02,0.02,26.0,1074.0,0.090829404296875,2026-09-18 13:59:08+00:00,0.014251416636256977,0.015,SPY,2026-09-18T11:09:27.324959-04:00,759.8699951171875
SPY260923C00783000,2026-09-23,call,783.0,0.01,0.02,0.01,762.0,1064.0,0.09473561523437501,2026-09-18 14:05:45+00:00,0.014251416636256977,0.015,SPY,2026-09-18T11:09:27.324959-04:00,759.8699951171875
SPY260923C00784000,2026-09-23,call,784.0,0.01,0.02,0.02,10.0,1264.0,0.0976652734375,2026-09-18 13:55:40+00:00,0.014251416636256977,0.015,SPY,2026-09-18T11:09:27.324959-04:00,759.8699951171875
SPY260923C00785000,2026-09-23,call,785.0,0.01,0.02,0.02,22.0,1054.0,0.10157148437499999,2026-09-18 14:11:39+00:00,0.014251416636256977,0.015,SPY,2026-09-18T11:09:27.324959-04:00,759.8699951171875
SPY260923C00786000,2026-09-23,call,786.0,0.01,0.02,0.03,13.0,57.0,0.1054776953125,2026-09-17 18:52:36+00:00,0.014251416636256977,0.015,SPY,2026-09-18T11:09:27.324959-04:00,759.8699951171875
SPY260923C00787000,2026-09-23,call,787.0,0.01,0.02,0.03,5.0,122.0,0.108407353515625,2026-09-17 17:54:23+00:00,0.014251416636256977,0.015,SPY,2026-09-18T11:09:27.324959-04:00,759.8699951171875
SPY260923C00788000,2026-09-23,call,788.0,0.01,0.02,0.03,1.0,333.0,0.11133701171874999,2026-09-17 15:38:41+00:00,0.014251416636256977,0.015,SPY,2026-09-18T11:09:27.324959-04:00,759.8699951171875
SPY260923C00789000,2026-09-23,call,789.0,0.01,0.02,0.03,1.0,241.0,0.11524322265625,2026-09-17 16:19:55+00:00,0.014251416636256977,0.015,SPY,2026-09-18T11:09:27.324959-04:00,759.8699951171875
SPY260923C00790000,2026-09-23,call,790.0,0.01,0.02,0.01,117.0,483.0,0.11914943359374999,2026-09-17 19:27:07+00:00,0.014251416636256977,0.015,SPY,2026-09-18T11:09:27.324959-04:00,759.8699951171875
SPY260923C00791000,2026-09-23,call,791.0,0.01,0.02,0.03,31.0,57.0,0.12207909179687501,2026-09-17 15:32:08+00:00,0.014251416636256977,0.015,SPY,2026-09-18T11:09:27.324959-04:00,759.8699951171875
SPY260923C00792000,2026-09-23,call,792.0,0.01,0.02,0.03,3.0,35.0,0.12500875,2026-09-15 15:22:41+00:00,0.014251416636256977,0.015,SPY,2026-09-18T11:09:27.324959-04:00,759.8699951171875
SPY260923C00793000,2026-09-23,call,793.0,0.01,0.02,0.02,4.0,387.0,0.1289149609375,2026-09-18 14:43:29+00:00,0.014251416636256977,0.015,SPY,2026-09-18T11:09:27.324959-04:00,759.8699951171875
SPY260923C00794000,2026-09-23,call,794.0,0.0,0.01,0.02,10.0,252.0,0.12305564453125001,2026-09-18 14:28:11+00:00,0.014251416636256977,0.005,SPY,2026-09-18T11:09:27.324959-04:00,759.8699951171875
SPY260923C00795000,2026-09-23,call,795.0,0.01,0.02,0.03,1.0,48.0,0.13575083007812502,2026-09-16 19:41:15+00:00,0.014251416636256977,0.015,SPY,2026-09-18T11:09:27.324959-04:00,759.8699951171875
SPY260923C00796000,2026-09-23,call,796.0,0.0,0.01,0.03,5.0,44.0,0.1289149609375,2026-09-16 16:01:59+00:00,0.014251416636256977,0.005,SPY,2026-09-18T11:09:27.324959-04:00,759.8699951171875
SPY260923C00797000,2026-09-23,call,797.0,0.0,0.01,0.02,10.0,64.0,0.132821171875,2026-09-17 13:40:44+00:00,0.014251416636256977,0.005,SPY,2026-09-18T11:09:27.324959-04:00,759.8699951171875
SPY260923C00798000,2026-09-23,call,798.0,0.0,0.01,0.01,240.0,348.0,0.13672738281250002,2026-09-18 14:01:39+00:00,0.014251416636256977,0.005,SPY,2026-09-18T11:09:27.324959-04:00,759.8699951171875
SPY260923C00800000,2026-09-23,call,800.0,0.0,0.01,0.03,19.0,46.0,0.14258669921875,2026-09-17 16:18:55+00:00,0.014251416636256977,0.005,SPY,2026-09-18T11:09:27.324959-04:00,759.8699951171875
SPY260923C00801000,2026-09-23,call,801.0,0.0,0.01,0.02,10.0,25.0,0.1445398046875,2026-09-17 15:29:32+00:00,0.014251416636256977,0.005,SPY,2026-09-18T11:09:27.324959-04:00,759.8699951171875
SPY260923C00803000,2026-09-23,call,803.0,0.0,0.01,0.01,204.0,44.0,0.15235222656250003,2026-09-18 13:38:26+00:00,0.014251416636256977,0.005,SPY,2026-09-18T11:09:27.324959-04:00,759.8699951171875
SPY260923C00806000,2026-09-23,call,806.0,0.0,0.01,0.01,202.0,24.0,0.1601646484375,2026-09-18 13:33:49+00:00,0.014251416636256977,0.005,SPY,2026-09-18T11:09:27.324959-04:00,759.8699951171875
SPY260923C00807000,2026-09-23,call,807.0,0.0,0.01,0.01,10.0,5378.0,0.16407085937500002,2026-09-17 19:59:31+00:00,0.014251416636256977,0.005,SPY,2026-09-18T11:09:27.324959-04:00,759.8699951171875
SPY260923C00810000,2026-09-23,call,810.0,0.0,0.01,0.01,1.0,24.0,0.17188328125000002,2026-09-15 15:18:03+00:00,0.014251416636256977,0.005,SPY,2026-09-18T11:09:27.324959-04:00,759.8699951171875
SPY260923C00820000,2026-09-23,call,820.0,0.0,0.01,0.02,8.0,9.0,0.20313296874999998,2026-09-17 18:24:26+00:00,0.014251416636256977,0.005,SPY,2026-09-18T11:09:27.324959-04:00,759.8699951171875
SPY260923C00840000,2026-09-23,call,840.0,0.0,0.01,0.01,1.0,43.0,0.2617261328125,2026-09-16 13:43:25+00:00,0.014251416636256977,0.005,SPY,2026-09-18T11:09:27.324959-04:00,759.8699951171875
SPY260923C00870000,2026-09-23,call,870.0,,0.01,0.01,0.0,429.0,0.3437565625,2026-09-10 18:46:16+00:00,0.014251416636256977,,SPY,2026-09-18T11:09:27.324959-04:00,759.8699951171875
SPY260923C00885000,2026-09-23,call,885.0,,0.01,0.01,0.0,1.0,0.38281867187499996,2026-09-10 13:37:44+00:00,0.014251416636256977,,SPY,2026-09-18T11:09:27.324959-04:00,759.8699951171875
SPY260923C00950000,2026-09-23,call,950.0,,0.01,0.01,0.0,1.0,0.5390671093750001,2026-09-11 14:06:44+00:00,0.014251416636256977,,SPY,2026-09-18T11:09:27.324959-04:00,759.8699951171875
SPY260923P00550000,2026-09-23,put,550.0,0.0,0.01,0.03,10.0,27.0,0.73437765625,2026-09-15 14:41:33+00:00,0.014251416636256977,0.005,SPY,2026-09-18T11:09:27.324959-04:00,759.8699951171875
SPY260923P00580000,2026-09-23,put,580.0,0.0,0.01,0.09,0.0,1.0,0.6250037500000001,2026-09-10 18:13:51+00:00,0.014251416636256977,0.005,SPY,2026-09-18T11:09:27.324959-04:00,759.8699951171875
SPY260923P00615000,2026-09-23,put,615.0,0.0,0.01,0.01,200.0,216.0,0.500005,2026-09-17 19:35:31+00:00,0.014251416636256977,0.005,SPY,2026-09-18T11:09:27.324959-04:00,759.8699951171875
SPY260923P00625000,2026-09-23,put,625.0,0.0,0.01,0.06,15.0,68.0,0.48438015625,2026-09-16 13:36:12+00:00,0.014251416636256977,0.005,SPY,2026-09-18T11:09:27.324959-04:00,759.8699951171875
SPY260923P00630000,2026-09-23,put,630.0,0.0,0.01,0.01,1.0,132.0,0.4687553125,2026-09-17 17:26:25+00:00,0.014251416636256977,0.005,SPY,2026-09-18T11:09:27.324959-04:00,759.8699951171875
SPY260923P00640000,2026-09-23,put,640.0,0.01,0.02,0.07,25.0,35.0,0.45703667968750006,2026-09-16 13:34:14+00:00,0.014251416636256977,0.015,SPY,2026-09-18T11:09:27.324959-04:00,759.8699951171875
SPY260923P00650000,2026-09-23,put,650.0,0.01,0.02,0.02,10.0,521.0,0.41797457031249996,2026-09-18 13:57:27+00:00,0.014251416636256977,0.015,SPY,2026-09-18T11:09:27.324959-04:00,759.8699951171875
SPY260923P00660000,2026-09-23,put,660.0,0.01,0.02,0.01,115.0,162.0,0.38281867187499996,2026-09-18 14:30:42+00:00,0.014251416636256977,0.015,SPY,2026-09-18T11:09:27.324959-04:00,759.8699951171875
SPY260923P00665000,2026-09-23,put,665.0,0.01,0.02,0.01,15.0,699.0,0.3632876171875,2026-09-18 13:55:16+00:00,0.014251416636256977,0.015,SPY,2026-09-18T11:09:27.324959-04:00,759.8699951171875
SPY260923P00670000,2026-09-23,put,670.0,0.02,0.03,0.04,1.0,131.0,0.35742830078125,2026-09-17 13:34:04+00:00,0.014251416636256977,0.025,SPY,2026-09-18T11:09:27.324959-04:00,759.8699951171875
SPY260923P00675000,2026-09-23,put,675.0,0.02,0.03,0.05,4.0,368.0,0.33789724609375,2026-09-17 15:50:54+00:00,0.014251416636256977,0.025,SPY,2026-09-18T11:09:27.324959-04:00,759.8699951171875
SPY260923P00680000,2026-09-23,put,680.0,0.02,0.03,0.03,60.0,78.0,0.32031929687499994,2026-09-18 13:55:51+00:00,0.014251416636256977,0.025,SPY,2026-09-18T11:09:27.324959-04:00,759.8699951171875
SPY260923P00690000,2026-09-23,put,690.0,0.03,0.04,0.06,4.0,1504.0,0.29004616210937495,2026-09-17 19:59:17+00:00,0.014251416636256977,0.035,SPY,2026-09-18T11:09:27.324959-04:00,759.8699951171875
SPY260923P00695000,2026-09-23,put,695.0,0.04,0.05,0.04,1.0,57.0,0.27735097656249996,2026-09-17 19:51:24+00:00,0.014251416636256977,0.045,SPY,2026-09-18T11:09:27.324959-04:00,759.8699951171875
SPY260923P00700000,2026-09-23,put,700.0,0.04,0.05,0.04,44.0,318.0,0.257819921875,2026-09-18 14:36:37+00:00,0.014251416636256977,0.045,SPY,2026-09-18T11:09:27.324959-04:00,759.8699951171875
SPY260923P00705000,2026-09-23,put,705.0,0.05,0.06,0.06,1.0,98.0,0.242195078125,2026-09-18 13:49:37+00:00,0.014251416636256977,0.055,SPY,2026-09-18T11:09:27.324959-04:00,759.8699951171875
SPY260923P00710000,2026-09-23,put,710.0,0.06,0.07,0.07,24.0,1371.0,0.22657023437499998,2026-09-18 14:38:32+00:00,0.014251416636256977,0.065,SPY,2026-09-18T11:09:27.324959-04:00,759.8699951171875
SPY260923P00715000,2026-09-23,put,715.0,0.08,0.09,0.07,35.0,1049.0,0.21289849609375,2026-09-18 14:37:40+00:00,0.014251416636256977,0.08499999999999999,SPY,2026-09-18T11:09:27.324959-04:00,759.8699951171875
SPY260923P00718000,2026-09-23,put,718.0,0.09,0.1,0.09,1.0,119.0,0.20313296874999998,2026-09-18 13:33:43+00:00,0.014251416636256977,0.095,SPY,2026-09-18T11:09:27.324959-04:00,759.8699951171875
SPY260923P00719000,2026-09-23,put,719.0,0.08,0.09,0.25,13.0,332.0,0.1958088232421875,2026-09-17 14:10:50+00:00,0.014251416636256977,0.08499999999999999,SPY,2026-09-18T11:09:27.324959-04:00,759.8699951171875
SPY260923P00720000,2026-09-23,put,720.0,0.09,0.1,0.1,17.0,771.0,0.194343994140625,2026-09-18 14:15:44+00:00,0.014251416636256977,0.095,SPY,2026-09-18T11:09:27.324959-04:00,759.8699951171875
SPY260923P00721000,2026-09-23,put,721.0,0.1,0.11,0.09,101.0,855.0,0.192390888671875,2026-09-18 14:36:37+00:00,0.014251416636256977,0.10500000000000001,SPY,2026-09-18T11:09:27.324959-04:00,759.8699951171875
SPY260923P00722000,2026-09-23,put,722.0,0.1,0.11,0.18,31.0,677.0,0.188484677734375,2026-09-17 19:45:13+00:00,0.014251416636256977,0.10500000000000001,SPY,2026-09-18T11:09:27.324959-04:00,759.8699951171875
SPY260923P00723000,2026-09-23,put,723.0,0.11,0.12,0.12,13.0,105.0,0.1860432958984375,2026-09-18 13:30:01+00:00,0.014251416636256977,0.11499999999999999,SPY,2026-09-18T11:09:27.324959-04:00,759.8699951171875
SPY260923P00724000,2026-09-23,put,724.0,0.11,0.12,0.13,192.0,316.0,0.18164880859375,2026-09-18 14:19:19+00:00,0.014251416636256977,0.11499999999999999,SPY,2026-09-18T11:09:27.324959-04:00,759.8699951171875
SPY260923P00725000,2026-09-23,put,725.0,0.12,0.13,0.12,186.0,2148.0,0.179695703125,2026-09-18 14:46:35+00:00,0.014251416636256977,0.125,SPY,2026-09-18T11:09:27.324959-04:00,759.8699951171875
SPY260923P00726000,2026-09-23,put,726.0,0.12,0.13,0.16,1.0,210.0,0.17505707763671874,2026-09-18 13:30:02+00:00,0.014251416636256977,0.125,SPY,2026-09-18T11:09:27.324959-04:00,759.8699951171875
SPY260923P00727000,2026-09-23,put,727.0,0.13,0.14,0.14,74.0,328.0,0.17237155761718753,2026-09-18 14:11:39+00:00,0.014251416636256977,0.135,SPY,2026-09-18T11:09:27.324959-04:00,759.8699951171875
SPY260923P00728000,2026-09-23,put,728.0,0.13,0.14,0.15,12.0,466.0,0.16797707031250003,2026-09-18 14:40:41+00:00,0.014251416636256977,0.135,SPY,2026-09-18T11:09:27.324959-04:00,759.8699951171875
SPY260923P00729000,2026-09-23,put,729.0,0.14,0.15,0.16,19.0,617.0,0.16529155029296877,2026-09-18 14:35:10+00:00,0.014251416636256977,0.14500000000000002,SPY,2026-09-18T11:09:27.324959-04:00,759.8699951171875
SPY260923P00730000,2026-09-23,put,730.0,0.15,0.16,0.16,64.0,1178.0,0.16236189208984375,2026-09-18 13:53:57+00:00,0.014251416636256977,0.155,SPY,2026-09-18T11:09:27.324959-04:00,759.8699951171875
SPY260923P00731000,2026-09-23,put,731.0,0.16,0.17,0.19,24.0,285.0,0.159188095703125,2026-09-18 14:45:37+00:00,0.014251416636256977,0.165,SPY,2026-09-18T11:09:27.324959-04:00,759.8699951171875
SPY260923P00732000,2026-09-23,put,732.0,0.17,0.18,0.19,33.0,542.0,0.1562584375,2026-09-18 14:51:38+00:00,0.014251416636256977,0.175,SPY,2026-09-18T11:09:27.324959-04:00,759.8699951171875
SPY260923P00733000,2026-09-23,put,733.0,0.18,0.19,0.21,227.0,661.0,0.15284050292968754,2026-09-18 14:34:46+00:00,0.014251416636256977,0.185,SPY,2026-09-18T11:09:27.324959-04:00,759.8699951171875
SPY260923P00734000,2026-09-23,put,734.0,0.21,0.22,0.24,202.0,417.0,0.15210808837890627,2026-09-18 14:16:16+00:00,0.014251416636256977,0.215,SPY,2026-09-18T11:09:27.324959-04:00,759.8699951171875
SPY260923P00735000,2026-09-23,put,735.0,0.24,0.25,0.27,89.0,262.0,0.1506432592773438,2026-09-18 14:45:19+00:00,0.014251416636256977,0.245,SPY,2026-09-18T11:09:27.324959-04:00,759.8699951171875
SPY260923P00736000,2026-09-23,put,736.0,0.24,0.25,0.29,107.0,500.0,0.14576049560546872,2026-09-18 14:20:42+00:00,0.014251416636256977,0.245,SPY,2026-09-18T11:09:27.324959-04:00,759.8699951171875
SPY260923P00737000,2026-09-23,put,737.0,0.26,0.27,0.28,298.0,347.0,0.14283083740234376,2026-09-18 14:51:22+00:00,0.014251416636256977,0.265,SPY,2026-09-18T11:09:27.324959-04:00,759.8699951171875
SPY260923P00738000,2026-09-23,put,738.0,0.28,0.29,0.31,57.0,362.0,0.139657041015625,2026-09-18 14:38:17+00:00,0.014251416636256977,0.28500000000000003,SPY,2026-09-18T11:09:27.324959-04:00,759.8699951171875
SPY260923P00739000,2026-09-23,put,739.0,0.32,0.33,0.33,119.0,720.0,0.1381922119140625,2026-09-18 14:52:17+00:00,0.014251416636256977,0.325,SPY,2026-09-18T11:09:27.324959-04:00,759.8699951171875
SPY260923P00740000,2026-09-23,put,740.0,0.34,0.35,0.35,165.0,1178.0,0.13465220825195315,2026-09-18 14:52:17+00:00,0.014251416636256977,0.345,SPY,2026-09-18T11:09:27.324959-04:00,759.8699951171875
SPY260923P00741000,2026-09-23,put,741.0,0.38,0.4,0.45,120.0,289.0,0.1331873791503906,2026-09-18 14:46:01+00:00,0.014251416636256977,0.39,SPY,2026-09-18T11:09:27.324959-04:00,759.8699951171875
SPY260923P00742000,2026-09-23,put,742.0,0.43,0.44,0.48,91.0,243.0,0.13062392822265623,2026-09-18 14:37:07+00:00,0.014251416636256977,0.435,SPY,2026-09-18T11:09:27.324959-04:00,759.8699951171875
SPY260923P00743000,2026-09-23,put,743.0,0.48,0.49,0.56,301.0,299.0,0.1283046154785156,2026-09-18 14:46:01+00:00,0.014251416636256977,0.485,SPY,2026-09-18T11:09:27.324959-04:00,759.8699951171875
SPY260923P00744000,2026-09-23,put,744.0,0.53,0.54,0.52,465.0,265.0,0.1256190954589844,2026-09-18 14:52:41+00:00,0.014251416636256977,0.535,SPY,2026-09-18T11:09:27.324959-04:00,759.8699951171875
SPY260923P00745000,2026-09-23,put,745.0,0.58,0.6,0.59,3011.0,525.0,0.12317771362304689,2026-09-18 14:53:18+00:00,0.014251416636256977,0.59,SPY,2026-09-18T11:09:27.324959-04:00,759.8699951171875
SPY260923P00746000,2026-09-23,put,746.0,0.66,0.67,0.65,365.0,247.0,0.12085840087890626,2026-09-18 14:52:56+00:00,0.014251416636256977,0.665,SPY,2026-09-18T11:09:27.324959-04:00,759.8699951171875
SPY260923P00747000,2026-09-23,put,747.0,0.74,0.75,0.88,261.0,296.0,0.11853908813476563,2026-09-18 14:45:46+00:00,0.014251416636256977,0.745,SPY,2026-09-18T11:09:27.324959-04:00,759.8699951171875
SPY260923P00748000,2026-09-23,put,748.0,0.82,0.84,0.85,229.0,261.0,0.116219775390625,2026-09-18 14:51:44+00:00,0.014251416636256977,0.83,SPY,2026-09-18T11:09:27.324959-04:00,759.8699951171875
SPY260923P00749000,2026-09-23,put,749.0,0.93,0.94,0.93,92.0,386.0,0.11383942810058593,2026-09-18 14:52:55+00:00,0.014251416636256977,0.935,SPY,2026-09-18T11:09:27.324959-04:00,759.8699951171875
SPY260923P00750000,2026-09-23,put,750.0,1.04,1.06,1.05,918.0,2583.0,0.11170321899414062,2026-09-18 14:54:00+00:00,0.014251416636256977,1.05,SPY,2026-09-18T11:09:27.324959-04:00,759.8699951171875
SPY260923P00751000,2026-09-23,put,751.0,1.18,1.19,1.19,89.0,519.0,0.10932287170410156,2026-09-18 14:53:26+00:00,0.014251416636256977,1.185,SPY,2026-09-18T11:09:27.324959-04:00,759.8699951171875
SPY260923P00752000,2026-09-23,put,752.0,1.32,1.34,1.33,319.0,363.0,0.10700355895996094,2026-09-18 14:52:46+00:00,0.014251416636256977,1.33,SPY,2026-09-18T11:09:27.324959-04:00,759.8699951171875
SPY260923P00753000,2026-09-23,put,753.0,1.5,1.52,1.48,318.0,353.0,0.10505045349121094,2026-09-18 14:53:12+00:00,0.014251416636256977,1.51,SPY,2026-09-18T11:09:27.324959-04:00,759.8699951171875
SPY260923P00754000,2026-09-23,put,754.0,1.67,1.69,1.72,593.0,799.0,0.10205976074218749,2026-09-18 14:52:14+00:00,0.014251416636256977,1.68,SPY,2026-09-18T11:09:27.324959-04:00,759.8699951171875
SPY260923P00755000,2026-09-23,put,755.0,1.93,1.95,1.95,2937.0,1246.0,0.10102217346191406,2026-09-18 14:54:15+00:00,0.014251416636256977,1.94,SPY,2026-09-18T11:09:27.324959-04:00,759.8699951171875
SPY260923P00756000,2026-09-23,put,756.0,2.17,2.19,2.17,866.0,382.0,0.09845872253417969,2026-09-18 14:53:21+00:00,0.014251416636256977,2.1799999999999997,SPY,2026-09-18T11:09:27.324959-04:00,759.8699951171875
SPY260923P00757000,2026-09-23,put,757.0,2.44,2.46,2.42,1283.0,590.0,0.09589527160644533,2026-09-18 14:52:58+00:00,0.014251416636256977,2.45,SPY,2026-09-18T11:09:27.324959-04:00,759.8699951171875
SPY260923P00758000,2026-09-23,put,758.0,2.78,2.79,2.75,1040.0,848.0,0.09400320068359375,2026-09-18 14:52:59+00:00,0.014251416636256977,2.785,SPY,2026-09-18T11:09:27.324959-04:00,759.8699951171875
SPY260923P00759000,2026-09-23,put,759.0,3.12,3.13,3.13,682.0,1135.0,0.09137871520996094,2026-09-18 14:53:43+00:00,0.014251416636256977,3.125,SPY,2026-09-18T11:09:27.324959-04:00,759.8699951171875
SPY260923P00760000,2026-09-23,put,760.0,3.54,3.55,3.51,1354.0,848.0,0.08966974792480469,2026-09-18 14:53:01+00:00,0.014251416636256977,3.545,SPY,2026-09-18T11:09:27.324959-04:00,759.8699951171875
SPY260923P00761000,2026-09-23,put,761.0,3.98,4.0,3.98,639.0,512.0,0.0875640560913086,2026-09-18 14:53:53+00:00,0.014251416636256977,3.99,SPY,2026-09-18T11:09:27.324959-04:00,759.8699951171875
SPY260923P00762000,2026-09-23,put,762.0,4.46,4.51,4.51,2303.0,2464.0,0.0857635369873047,2026-09-18 14:53:34+00:00,0.014251416636256977,4.484999999999999,SPY,2026-09-18T11:09:27.324959-04:00,759.8699951171875
SPY260923P00763000,2026-09-23,put,763.0,4.97,5.1,5.0,157.0,343.0,0.0847869842529297,2026-09-18 14:53:01+00:00,0.014251416636256977,5.035,SPY,2026-09-18T11:09:27.324959-04:00,759.8699951171875
SPY260923P00764000,2026-09-23,put,764.0,5.5,5.68,5.91,402.0,341.0,0.08216249877929688,2026-09-18 14:49:28+00:00,0.014251416636256977,5.59,SPY,2026-09-18T11:09:27.324959-04:00,759.8699951171875
SPY260923P00765000,2026-09-23,put,765.0,6.24,6.4,6.28,166.0,232.0,0.08216249877929688,2026-09-18 14:54:07+00:00,0.014251416636256977,6.32,SPY,2026-09-18T11:09:27.324959-04:00,759.8699951171875
SPY260923P00766000,2026-09-23,put,766.0,6.93,7.09,7.55,106.0,82.0,0.07972111694335937,2026-09-18 14:42:35+00:00,0.014251416636256977,7.01,SPY,2026-09-18T11:09:27.324959-04:00,759.8699951171875
SPY260923P00767000,2026-09-23,put,767.0,7.7,7.9,8.2,127.0,80.0,0.07996525512695313,2026-09-18 14:47:20+00:00,0.014251416636256977,7.800000000000001,SPY,2026-09-18T11:09:27.324959-04:00,759.8699951171875
SPY260923P00768000,2026-09-23,put,768.0,8.51,8.76,8.86,206.0,40.0,0.081063876953125,2026-09-18 14:50:57+00:00,0.014251416636256977,8.635,SPY,2026-09-18T11:09:27.324959-04:00,759.8699951171875
SPY260923P00769000,2026-09-23,put,769.0,9.36,9.77,9.11,199.0,49.0,0.08796078063964845,2026-09-18 14:52:25+00:00,0.014251416636256977,9.565,SPY,2026-09-18T11:09:27.324959-04:00,759.8699951171875
SPY260923P00770000,2026-09-23,put,770.0,10.3,10.52,10.45,392.0,79.0,0.08155215332031251,2026-09-18 14:54:18+00:00,0.014251416636256977,10.41,SPY,2026-09-18T11:09:27.324959-04:00,759.8699951171875
SPY260923P00771000,2026-09-23,put,771.0,11.24,11.26,11.26,700.0,16.0,0.06788041503906252,2026-09-18 14:52:44+00:00,0.014251416636256977,11.25,SPY,2026-09-18T11:09:27.324959-04:00,759.8699951171875
SPY260923P00773000,2026-09-23,put,773.0,12.98,14.42,12.79,2.0,6.0,0.14167118103027343,2026-09-17 16:06:20+00:00,0.014251416636256977,13.7,SPY,2026-09-18T11:09:27.324959-04:00,759.8699951171875
SPY260923P00775000,2026-09-23,put,775.0,14.04,17.14,15.83,55.0,8.0,0.1828694995117187,2026-09-18 14:48:28+00:00,0.014251416636256977,15.59,SPY,2026-09-18T11:09:27.324959-04:00,759.8699951171875
SPY260923P00777000,2026-09-23,put,777.0,16.0,19.03,19.76,4.0,2.0,0.19281813049316404,2026-09-16 14:23:03+00:00,0.014251416636256977,17.515,SPY,2026-09-18T11:09:27.324959-04:00,759.8699951171875
SPY260923P00780000,2026-09-23,put,780.0,18.93,22.25,22.5,3.0,31.0,0.22180953979492185,2026-09-16 18:44:49+00:00,0.014251416636256977,20.59,SPY,2026-09-18T11:09:27.324959-04:00,759.8699951171875
SPY260925C00500000,2026-09-25,call,500.0,258.06,261.88,263.12,10.0,0.0,1.0449266503906252,2026-09-17 19:56:55+00:00,0.019730868691051496,259.97,SPY,2026-09-18T11:09:27.324959-04:00,759.8699951171875
SPY260925C00520000,2026-09-25,call,520.0,238.01,241.9,243.12,10.0,0.0,0.93945373046875,2026-09-17 19:56:55+00:00,0.019730868691051496,239.95499999999998,SPY,2026-09-18T11:09:27.324959-04:00,759.8699951171875
SPY260925C00550000,2026-09-25,call,550.0,208.06,212.08,213.0,5.0,0.0,0.8906260937499999,2026-09-17 19:56:55+00:00,0.019730868691051496,210.07,SPY,2026-09-18T11:09:27.324959-04:00,759.8699951171875
SPY260925C00555000,2026-09-25,call,555.0,203.06,206.99,208.11,5.0,0.0,0.842775009765625,2026-09-17 19:56:46+00:00,0.019730868691051496,205.025,SPY,2026-09-18T11:09:27.324959-04:00,759.8699951171875
SPY260925C00565000,2026-09-25,call,565.0,193.07,196.94,198.08,5.0,0.0,0.78711150390625,2026-09-17 19:56:46+00:00,0.019730868691051496,195.005,SPY,2026-09-18T11:09:27.324959-04:00,759.8699951171875
SPY260925C00570000,2026-09-25,call,570.0,188.06,192.11,193.11,5.0,0.0,0.8085956640624999,2026-09-17 19:56:46+00:00,0.019730868691051496,190.085,SPY,2026-09-18T11:09:27.324959-04:00,759.8699951171875
SPY260925C00575000,2026-09-25,call,575.0,183.08,186.92,188.08,5.0,0.0,0.7421900781249999,2026-09-17 19:56:46+00:00,0.019730868691051496,185.0,SPY,2026-09-18T11:09:27.324959-04:00,759.8699951171875
SPY260925C00580000,2026-09-25,call,580.0,178.16,182.09,183.08,5.0,0.0,0.7812521875,2026-09-17 19:56:46+00:00,0.019730868691051496,180.125,SPY,2026-09-18T11:09:27.324959-04:00,759.8699951171875
SPY260925C00585000,2026-09-25,call,585.0,173.09,176.96,174.62,36.0,0.0,0.7148466015625,2026-09-18 14:15:08+00:00,0.019730868691051496,175.025,SPY,2026-09-18T11:09:27.324959-04:00,759.8699951171875
SPY260925C00590000,2026-09-25,call,590.0,168.09,172.1,173.11,5.0,0.0,0.725588681640625,2026-09-17 19:56:46+00:00,0.019730868691051496,170.095,SPY,2026-09-18T11:09:27.324959-04:00,759.8699951171875
SPY260925C00595000,2026-09-25,call,595.0,163.1,166.94,164.74,2.0,0.0,0.6699251757812501,2026-09-18 14:36:09+00:00,0.019730868691051496,165.01999999999998,SPY,2026-09-18T11:09:27.324959-04:00,759.8699951171875
SPY260925C00600000,2026-09-25,call,600.0,158.1,162.04,162.9,353.0,3.0,0.6728548339843752,2026-09-17 19:55:22+00:00,0.019730868691051496,160.07,SPY,2026-09-18T11:09:27.324959-04:00,759.8699951171875
SPY260925C00605000,2026-09-25,call,605.0,153.11,156.94,158.08,5.0,0.0,0.631839619140625,2026-09-17 19:56:31+00:00,0.019730868691051496,155.025,SPY,2026-09-18T11:09:27.324959-04:00,759.8699951171875
SPY260925C00610000,2026-09-25,call,610.0,148.38,152.1,153.0,5.0,0.0,0.684573466796875,2026-09-17 19:56:31+00:00,0.019730868691051496,150.24,SPY,2026-09-18T11:09:27.324959-04:00,759.8699951171875
SPY260925C00615000,2026-09-25,call,615.0,142.96,147.0,148.01,5.0,0.0,0.567387138671875,2026-09-17 19:56:31+00:00,0.019730868691051496,144.98000000000002,SPY,2026-09-18T11:09:27.324959-04:00,759.8699951171875
SPY260925C00620000,2026-09-25,call,620.0,138.13,142.15,143.13,40.0,21.0,0.6123085644531252,2026-09-17 19:56:51+00:00,0.019730868691051496,140.14,SPY,2026-09-18T11:09:27.324959-04:00,759.8699951171875
SPY260925C00625000,2026-09-25,call,625.0,133.21,137.01,138.08,5.0,0.0,0.5820354296875,2026-09-17 19:56:31+00:00,0.019730868691051496,135.11,SPY,2026-09-18T11:09:27.324959-04:00,759.8699951171875
SPY260925C00630000,2026-09-25,call,630.0,128.14,132.07,133.08,5.0,0.0,0.559574716796875,2026-09-17 19:56:31+00:00,0.019730868691051496,130.105,SPY,2026-09-18T11:09:27.324959-04:00,759.8699951171875
SPY260925C00640000,2026-09-25,call,640.0,118.13,122.02,123.15,1365.0,0.0,0.508793974609375,2026-09-17 19:55:00+00:00,0.019730868691051496,120.07499999999999,SPY,2026-09-18T11:09:27.324959-04:00,759.8699951171875
SPY260925C00645000,2026-09-25,call,645.0,113.14,117.03,118.06,160.0,0.0,0.7319362744140624,2026-09-17 19:55:00+00:00,0.019730868691051496,115.08500000000001,SPY,2026-09-18T11:09:27.324959-04:00,759.8699951171875
SPY260925C00650000,2026-09-25,call,650.0,108.17,112.1,113.08,5.0,1.0,0.7095976306152343,2026-09-17 19:56:19+00:00,0.019730868691051496,110.13499999999999,SPY,2026-09-18T11:09:27.324959-04:00,759.8699951171875
SPY260925C00655000,2026-09-25,call,655.0,103.23,107.05,108.08,6.0,0.0,0.6784700122070313,2026-09-17 19:56:19+00:00,0.019730868691051496,105.14,SPY,2026-09-18T11:09:27.324959-04:00,759.8699951171875
SPY260925C00660000,2026-09-25,call,660.0,98.26,102.05,102.96,5.0,0.0,0.6510044665527344,2026-09-17 19:56:19+00:00,0.019730868691051496,100.155,SPY,2026-09-18T11:09:27.324959-04:00,759.8699951171875
SPY260925C00665000,2026-09-25,call,665.0,93.14,97.03,98.07,5.0,0.0,0.6223182299804688,2026-09-17 19:56:15+00:00,0.019730868691051496,95.08500000000001,SPY,2026-09-18T11:09:27.324959-04:00,759.8699951171875
SPY260925C00670000,2026-09-25,call,670.0,88.04,92.06,89.8,1.0,1.0,0.5968057897949219,2026-09-18 14:36:09+00:00,0.019730868691051496,90.05000000000001,SPY,2026-09-18T11:09:27.324959-04:00,759.8699951171875
SPY260925C00675000,2026-09-25,call,675.0,83.29,87.04,88.08,5.0,0.0,0.5681195532226562,2026-09-17 19:56:19+00:00,0.019730868691051496,85.165,SPY,2026-09-18T11:09:27.324959-04:00,759.8699951171875
SPY260925C00680000,2026-09-25,call,680.0,78.27,82.06,83.08,21.0,0.0,0.5419967675781252,2026-09-17 19:56:19+00:00,0.019730868691051496,80.16499999999999,SPY,2026-09-18T11:09:27.324959-04:00,759.8699951171875
SPY260925C00685000,2026-09-25,call,685.0,73.24,77.08,77.98,21.0,1.0,0.51562984375,2026-09-17 19:56:19+00:00,0.019730868691051496,75.16,SPY,2026-09-18T11:09:27.324959-04:00,759.8699951171875
SPY260925C00690000,2026-09-25,call,690.0,68.25,72.03,72.99,50.0,0.0,0.48511257080078124,2026-09-17 19:51:41+00:00,0.019730868691051496,70.14,SPY,2026-09-18T11:09:27.324959-04:00,759.8699951171875
SPY260925C00695000,2026-09-25,call,695.0,63.26,67.11,67.87,85.0,0.0,0.46191944335937507,2026-09-17 20:00:28+00:00,0.019730868691051496,65.185,SPY,2026-09-18T11:09:27.324959-04:00,759.8699951171875
SPY260925C00700000,2026-09-25,call,700.0,58.32,62.1,63.16,660.0,2.0,0.4334773449707031,2026-09-17 19:56:31+00:00,0.019730868691051496,60.21,SPY,2026-09-18T11:09:27.324959-04:00,759.8699951171875
SPY260925C00705000,2026-09-25,call,705.0,53.28,57.03,57.85,113.0,0.0,0.40192248474121095,2026-09-17 20:00:28+00:00,0.019730868691051496,55.155,SPY,2026-09-18T11:09:27.324959-04:00,759.8699951171875
SPY260925C00710000,2026-09-25,call,710.0,48.33,52.16,50.04,3.0,11.0,0.38013315185546875,2026-09-18 14:50:47+00:00,0.019730868691051496,50.245,SPY,2026-09-18T11:09:27.324959-04:00,759.8699951171875
SPY260925C00715000,2026-09-25,call,715.0,43.36,47.2,46.61,5.0,0.0,0.3532779516601562,2026-09-18 13:37:53+00:00,0.019730868691051496,45.28,SPY,2026-09-18T11:09:27.324959-04:00,759.8699951171875
SPY260925C00720000,2026-09-25,call,720.0,38.42,42.2,43.13,97.0,2.0,0.3242255078124999,2026-09-17 19:56:31+00:00,0.019730868691051496,40.31,SPY,2026-09-18T11:09:27.324959-04:00,759.8699951171875
SPY260925C00721000,2026-09-25,call,721.0,37.49,41.21,42.09,12.0,0.0,0.3188544677734374,2026-09-17 19:56:15+00:00,0.019730868691051496,39.35,SPY,2026-09-18T11:09:27.324959-04:00,759.8699951171875
SPY260925C00722000,2026-09-25,call,722.0,36.33,40.2,41.09,27.0,0.0,0.31250687499999996,2026-09-17 19:56:51+00:00,0.019730868691051496,38.265,SPY,2026-09-18T11:09:27.324959-04:00,759.8699951171875
SPY260925C00723000,2026-09-25,call,723.0,35.44,38.98,40.03,104.0,2.0,0.29730927307128896,2026-09-17 19:51:07+00:00,0.019730868691051496,37.209999999999994,SPY,2026-09-18T11:09:27.324959-04:00,759.8699951171875
SPY260925C00724000,2026-09-25,call,724.0,34.5,38.55,39.29,302.0,0.0,0.31476515319824216,2026-09-17 19:55:47+00:00,0.019730868691051496,36.525,SPY,2026-09-18T11:09:27.324959-04:00,759.8699951171875
SPY260925C00725000,2026-09-25,call,725.0,33.54,37.21,36.5,5.0,0.0,0.2951730639648437,2026-09-18 13:37:34+00:00,0.019730868691051496,35.375,SPY,2026-09-18T11:09:27.324959-04:00,759.8699951171875
SPY260925C00726000,2026-09-25,call,726.0,32.48,35.55,36.54,2.0,0.0,0.2611157873535156,2026-09-17 20:00:13+00:00,0.019730868691051496,34.015,SPY,2026-09-18T11:09:27.324959-04:00,759.8699951171875
SPY260925C00727000,2026-09-25,call,727.0,31.57,35.42,32.95,3.0,0.0,0.2915109912109374,2026-09-18 14:25:37+00:00,0.019730868691051496,33.495000000000005,SPY,2026-09-18T11:09:27.324959-04:00,759.8699951171875
SPY260925C00728000,2026-09-25,call,728.0,30.59,34.16,34.33,4.0,0.0,0.27533683654785157,2026-09-17 18:55:31+00:00,0.019730868691051496,32.375,SPY,2026-09-18T11:09:27.324959-04:00,759.8699951171875
SPY260925C00729000,2026-09-25,call,729.0,29.54,32.6,33.72,2.0,0.0,0.24634542724609376,2026-09-17 20:07:12+00:00,0.019730868691051496,31.07,SPY,2026-09-18T11:09:27.324959-04:00,759.8699951171875
SPY260925C00730000,2026-09-25,call,730.0,28.85,32.18,29.8,5.0,1.0,0.2640454455566406,2026-09-18 14:16:17+00:00,0.019730868691051496,30.515,SPY,2026-09-18T11:09:27.324959-04:00,759.8699951171875
SPY260925C00731000,2026-09-25,call,731.0,28.0,31.25,31.48,2.0,0.0,0.2606275109863281,2026-09-17 20:01:03+00:00,0.019730868691051496,29.625,SPY,2026-09-18T11:09:27.324959-04:00,759.8699951171875
SPY260925C00732000,2026-09-25,call,732.0,27.07,30.33,23.04,263.0,0.0,0.2574537145996094,2026-09-16 19:59:31+00:00,0.019730868691051496,28.7,SPY,2026-09-18T11:09:27.324959-04:00,759.8699951171875
SPY260925C00733000,2026-09-25,call,733.0,25.8,29.38,29.97,26.0,0.0,0.2530592272949219,2026-09-17 19:59:10+00:00,0.019730868691051496,27.59,SPY,2026-09-18T11:09:27.324959-04:00,759.8699951171875
SPY260925C00734000,2026-09-25,call,734.0,24.83,28.4,24.9,250.0,0.0,0.2475661181640625,2026-09-16 18:32:38+00:00,0.019730868691051496,26.615,SPY,2026-09-18T11:09:27.324959-04:00,759.8699951171875
SPY260925C00735000,2026-09-25,call,735.0,24.8,27.41,25.11,13.0,1.0,0.24158473266601563,2026-09-18 14:17:46+00:00,0.019730868691051496,26.105,SPY,2026-09-18T11:09:27.324959-04:00,759.8699951171875
SPY260925C00736000,2026-09-25,call,736.0,22.78,25.84,26.09,3.0,0.0,0.2148516015625,2026-09-18 13:38:35+00:00,0.019730868691051496,24.310000000000002,SPY,2026-09-18T11:09:27.324959-04:00,759.8699951171875
SPY260925C00737000,2026-09-25,call,737.0,21.95,25.53,16.46,99.0,1.0,0.23297886169433596,2026-09-16 19:22:22+00:00,0.019730868691051496,23.740000000000002,SPY,2026-09-18T11:09:27.324959-04:00,759.8699951171875
SPY260925C00738000,2026-09-25,call,738.0,21.0,23.88,23.5,1.0,4.0,0.20410952148437497,2026-09-18 13:52:36+00:00,0.019730868691051496,22.439999999999998,SPY,2026-09-18T11:09:27.324959-04:00,759.8699951171875
SPY260925C00739000,2026-09-25,call,739.0,19.77,22.79,23.22,228.0,0.0,0.1947102014160156,2026-09-17 20:00:41+00:00,0.019730868691051496,21.28,SPY,2026-09-18T11:09:27.324959-04:00,759.8699951171875
SPY260925C00740000,2026-09-25,call,740.0,19.11,22.12,20.7,4.0,300.0,0.19995917236328126,2026-09-18 14:41:02+00:00,0.019730868691051496,20.615000000000002,SPY,2026-09-18T11:09:27.324959-04:00,759.8699951171875
SPY260925C00741000,2026-09-25,call,741.0,19.74,20.23,19.67,63.0,197.0,0.16175154663085936,2026-09-18 14:46:28+00:00,0.019730868691051496,19.985,SPY,2026-09-18T11:09:27.324959-04:00,759.8699951171875
SPY260925C00742000,2026-09-25,call,742.0,19.12,19.35,20.64,476.0,287.0,0.16040878662109376,2026-09-17 19:22:12+00:00,0.019730868691051496,19.235,SPY,2026-09-18T11:09:27.324959-04:00,759.8699951171875
SPY260925C00743000,2026-09-25,call,743.0,18.13,18.42,19.69,232.0,207.0,0.1568687829589844,2026-09-17 19:22:12+00:00,0.019730868691051496,18.275,SPY,2026-09-18T11:09:27.324959-04:00,759.8699951171875
SPY260925C00744000,2026-09-25,call,744.0,17.25,17.51,18.43,64.0,521.0,0.15387809020996096,2026-09-18 13:42:13+00:00,0.019730868691051496,17.380000000000003,SPY,2026-09-18T11:09:27.324959-04:00,759.8699951171875
SPY260925C00745000,2026-09-25,call,745.0,16.32,16.59,15.79,46.0,191.0,0.15033808654785158,2026-09-18 14:37:09+00:00,0.019730868691051496,16.455,SPY,2026-09-18T11:09:27.324959-04:00,759.8699951171875
SPY260925C00746000,2026-09-25,call,746.0,15.46,15.69,15.46,25.0,182.0,0.1471642901611328,2026-09-18 14:10:36+00:00,0.019730868691051496,15.575,SPY,2026-09-18T11:09:27.324959-04:00,759.8699951171875
SPY260925C00747000,2026-09-25,call,747.0,14.56,14.8,14.17,2.0,161.0,0.14405152832031248,2026-09-18 14:25:04+00:00,0.019730868691051496,14.68,SPY,2026-09-18T11:09:27.324959-04:00,759.8699951171875
SPY260925C00748000,2026-09-25,call,748.0,13.67,13.9,13.16,17.0,156.0,0.14038945556640625,2026-09-18 14:37:09+00:00,0.019730868691051496,13.785,SPY,2026-09-18T11:09:27.324959-04:00,759.8699951171875
SPY260925C00749000,2026-09-25,call,749.0,12.84,13.03,12.5,74.0,359.0,0.1373377282714844,2026-09-18 14:19:29+00:00,0.019730868691051496,12.934999999999999,SPY,2026-09-18T11:09:27.324959-04:00,759.8699951171875
SPY260925C00750000,2026-09-25,call,750.0,12.04,12.22,12.22,147.0,563.0,0.13556772644042972,2026-09-18 14:53:05+00:00,0.019730868691051496,12.129999999999999,SPY,2026-09-18T11:09:27.324959-04:00,759.8699951171875
SPY260925C00751000,2026-09-25,call,751.0,11.17,11.35,10.55,388.0,289.0,0.13178358459472655,2026-09-18 14:45:08+00:00,0.019730868691051496,11.26,SPY,2026-09-18T11:09:27.324959-04:00,759.8699951171875
SPY260925C00752000,2026-09-25,call,752.0,10.39,10.48,10.41,622.0,502.0,0.12769427001953126,2026-09-18 14:53:46+00:00,0.019730868691051496,10.435,SPY,2026-09-18T11:09:27.324959-04:00,759.8699951171875
SPY260925C00753000,2026-09-25,call,753.0,9.61,9.68,9.49,329.0,356.0,0.12500875,2026-09-18 14:52:22+00:00,0.019730868691051496,9.645,SPY,2026-09-18T11:09:27.324959-04:00,759.8699951171875
SPY260925C00754000,2026-09-25,call,754.0,8.81,8.9,8.86,370.0,990.0,0.1223842645263672,2026-09-18 14:53:47+00:00,0.019730868691051496,8.855,SPY,2026-09-18T11:09:27.324959-04:00,759.8699951171875
SPY260925C00755000,2026-09-25,call,755.0,8.02,8.09,7.98,223.0,1235.0,0.11853908813476563,2026-09-18 14:52:29+00:00,0.019730868691051496,8.055,SPY,2026-09-18T11:09:27.324959-04:00,759.8699951171875
SPY260925C00756000,2026-09-25,call,756.0,7.3,7.43,7.27,93.0,820.0,0.11771512176513671,2026-09-18 14:51:32+00:00,0.019730868691051496,7.365,SPY,2026-09-18T11:09:27.324959-04:00,759.8699951171875
SPY260925C00757000,2026-09-25,call,757.0,6.63,6.69,6.68,261.0,1205.0,0.11444977355957033,2026-09-18 14:53:45+00:00,0.019730868691051496,6.66,SPY,2026-09-18T11:09:27.324959-04:00,759.8699951171875
SPY260925C00758000,2026-09-25,call,758.0,5.92,5.98,6.06,139.0,1670.0,0.11127597717285155,2026-09-18 14:52:53+00:00,0.019730868691051496,5.95,SPY,2026-09-18T11:09:27.324959-04:00,759.8699951171875
SPY260925C00759000,2026-09-25,call,759.0,5.37,5.4,5.38,1298.0,1397.0,0.11042149353027343,2026-09-18 14:54:07+00:00,0.019730868691051496,5.385,SPY,2026-09-18T11:09:27.324959-04:00,759.8699951171875
SPY260925C00760000,2026-09-25,call,760.0,4.71,4.74,4.77,3522.0,3613.0,0.10703407623291016,2026-09-18 14:54:09+00:00,0.019730868691051496,4.725,SPY,2026-09-18T11:09:27.324959-04:00,759.8699951171875
SPY260925C00761000,2026-09-25,call,761.0,4.14,4.16,4.19,1144.0,1987.0,0.10471476348876951,2026-09-18 14:52:59+00:00,0.019730868691051496,4.15,SPY,2026-09-18T11:09:27.324959-04:00,759.8699951171875
SPY260925C00762000,2026-09-25,call,762.0,3.61,3.65,3.67,1754.0,1799.0,0.10315838256835935,2026-09-18 14:53:15+00:00,0.019730868691051496,3.63,SPY,2026-09-18T11:09:27.324959-04:00,759.8699951171875
SPY260925C00763000,2026-09-25,call,763.0,3.12,3.15,3.17,2157.0,3331.0,0.10102217346191406,2026-09-18 14:53:16+00:00,0.019730868691051496,3.135,SPY,2026-09-18T11:09:27.324959-04:00,759.8699951171875
SPY260925C00764000,2026-09-25,call,764.0,2.68,2.7,2.69,2184.0,1089.0,0.09919113708496094,2026-09-18 14:53:18+00:00,0.019730868691051496,2.6900000000000004,SPY,2026-09-18T11:09:27.324959-04:00,759.8699951171875
SPY260925C00765000,2026-09-25,call,765.0,2.25,2.27,2.26,3118.0,7859.0,0.09687182434082033,2026-09-18 14:53:36+00:00,0.019730868691051496,2.26,SPY,2026-09-18T11:09:27.324959-04:00,759.8699951171875
SPY260925C00766000,2026-09-25,call,766.0,1.89,1.91,1.92,398.0,2410.0,0.09534596069335938,2026-09-18 14:53:17+00:00,0.019730868691051496,1.9,SPY,2026-09-18T11:09:27.324959-04:00,759.8699951171875
SPY260925C00767000,2026-09-25,call,767.0,1.59,1.62,1.58,3236.0,1761.0,0.09473561523437501,2026-09-18 14:53:51+00:00,0.019730868691051496,1.605,SPY,2026-09-18T11:09:27.324959-04:00,759.8699951171875
SPY260925C00768000,2026-09-25,call,768.0,1.3,1.32,1.29,323.0,2656.0,0.09284354431152343,2026-09-18 14:53:20+00:00,0.019730868691051496,1.31,SPY,2026-09-18T11:09:27.324959-04:00,759.8699951171875
SPY260925C00769000,2026-09-25,call,769.0,1.05,1.07,1.06,722.0,1368.0,0.0913176806640625,2026-09-18 14:53:46+00:00,0.019730868691051496,1.06,SPY,2026-09-18T11:09:27.324959-04:00,759.8699951171875
SPY260925C00770000,2026-09-25,call,770.0,0.83,0.84,0.84,3487.0,6621.0,0.08930354064941406,2026-09-18 14:53:39+00:00,0.019730868691051496,0.835,SPY,2026-09-18T11:09:27.324959-04:00,759.8699951171875
SPY260925C00771000,2026-09-25,call,771.0,0.67,0.69,0.66,235.0,1545.0,0.08912043701171876,2026-09-18 14:52:42+00:00,0.019730868691051496,0.6799999999999999,SPY,2026-09-18T11:09:27.324959-04:00,759.8699951171875
SPY260925C00772000,2026-09-25,call,772.0,0.52,0.53,0.54,1320.0,26482.0,0.08741146972656251,2026-09-18 14:53:56+00:00,0.019730868691051496,0.525,SPY,2026-09-18T11:09:27.324959-04:00,759.8699951171875
SPY260925C00773000,2026-09-25,call,773.0,0.41,0.42,0.41,829.0,1773.0,0.08692319335937501,2026-09-18 14:53:39+00:00,0.019730868691051496,0.415,SPY,2026-09-18T11:09:27.324959-04:00,759.8699951171875
SPY260925C00774000,2026-09-25,call,774.0,0.32,0.33,0.3,3278.0,6636.0,0.08643491699218751,2026-09-18 14:51:23+00:00,0.019730868691051496,0.325,SPY,2026-09-18T11:09:27.324959-04:00,759.8699951171875
SPY260925C00775000,2026-09-25,call,775.0,0.24,0.25,0.25,1995.0,8625.0,0.08558043334960938,2026-09-18 14:53:33+00:00,0.019730868691051496,0.245,SPY,2026-09-18T11:09:27.324959-04:00,759.8699951171875
SPY260925C00776000,2026-09-25,call,776.0,0.19,0.2,0.17,1361.0,1272.0,0.08582457153320314,2026-09-18 14:49:49+00:00,0.019730868691051496,0.195,SPY,2026-09-18T11:09:27.324959-04:00,759.8699951171875
SPY260925C00777000,2026-09-25,call,777.0,0.14,0.15,0.15,807.0,1858.0,0.08521422607421877,2026-09-18 14:52:54+00:00,0.019730868691051496,0.14500000000000002,SPY,2026-09-18T11:09:27.324959-04:00,759.8699951171875
SPY260925C00778000,2026-09-25,call,778.0,0.1,0.11,0.1,155.0,1362.0,0.08448181152343752,2026-09-18 14:50:08+00:00,0.019730868691051496,0.10500000000000001,SPY,2026-09-18T11:09:27.324959-04:00,759.8699951171875
SPY260925C00779000,2026-09-25,call,779.0,0.08,0.09,0.09,430.0,1071.0,0.08545836425781252,2026-09-18 14:46:41+00:00,0.019730868691051496,0.08499999999999999,SPY,2026-09-18T11:09:27.324959-04:00,759.8699951171875
SPY260925C00780000,2026-09-25,call,780.0,0.08,0.09,0.07,4124.0,10934.0,0.088876298828125,2026-09-18 14:54:15+00:00,0.019730868691051496,0.08499999999999999,SPY,2026-09-18T11:09:27.324959-04:00,759.8699951171875
SPY260925C00781000,2026-09-25,call,781.0,0.05,0.06,0.05,221.0,1423.0,0.08716733154296877,2026-09-18 14:46:26+00:00,0.019730868691051496,0.055,SPY,2026-09-18T11:09:27.324959-04:00,759.8699951171875
SPY260925C00782000,2026-09-25,call,782.0,0.04,0.05,0.05,40.0,5057.0,0.08838802246093751,2026-09-18 14:49:08+00:00,0.019730868691051496,0.045,SPY,2026-09-18T11:09:27.324959-04:00,759.8699951171875
SPY260925C00783000,2026-09-25,call,783.0,0.04,0.05,0.04,61.0,1093.0,0.09180595703125,2026-09-18 14:36:40+00:00,0.019730868691051496,0.045,SPY,2026-09-18T11:09:27.324959-04:00,759.8699951171875
SPY260925C00784000,2026-09-25,call,784.0,0.04,0.05,0.04,11.0,839.0,0.09522389160156251,2026-09-18 13:52:48+00:00,0.019730868691051496,0.045,SPY,2026-09-18T11:09:27.324959-04:00,759.8699951171875
SPY260925C00785000,2026-09-25,call,785.0,0.03,0.04,0.04,68.0,24433.0,0.09571216796875001,2026-09-18 14:36:21+00:00,0.019730868691051496,0.035,SPY,2026-09-18T11:09:27.324959-04:00,759.8699951171875
SPY260925C00786000,2026-09-25,call,786.0,0.03,0.04,0.04,6.0,5821.0,0.098641826171875,2026-09-18 14:42:57+00:00,0.019730868691051496,0.035,SPY,2026-09-18T11:09:27.324959-04:00,759.8699951171875
SPY260925C00787000,2026-09-25,call,787.0,0.02,0.03,0.03,79.0,1060.0,0.098641826171875,2026-09-18 14:49:35+00:00,0.019730868691051496,0.025,SPY,2026-09-18T11:09:27.324959-04:00,759.8699951171875
SPY260925C00788000,2026-09-25,call,788.0,0.03,0.04,0.03,43.0,926.0,0.1054776953125,2026-09-18 14:16:35+00:00,0.019730868691051496,0.035,SPY,2026-09-18T11:09:27.324959-04:00,759.8699951171875
SPY260925C00789000,2026-09-25,call,789.0,0.02,0.03,0.03,12.0,448.0,0.10450114257812498,2026-09-18 14:15:56+00:00,0.019730868691051496,0.025,SPY,2026-09-18T11:09:27.324959-04:00,759.8699951171875
SPY260925C00790000,2026-09-25,call,790.0,0.02,0.03,0.03,86.0,29665.0,0.10743080078125,2026-09-18 14:15:08+00:00,0.019730868691051496,0.025,SPY,2026-09-18T11:09:27.324959-04:00,759.8699951171875
SPY260925C00791000,2026-09-25,call,791.0,0.02,0.03,0.03,8.0,1264.0,0.11084873535156249,2026-09-18 13:32:48+00:00,0.019730868691051496,0.025,SPY,2026-09-18T11:09:27.324959-04:00,759.8699951171875
SPY260925C00792000,2026-09-25,call,792.0,0.02,0.03,0.03,6.0,887.0,0.11426666992187501,2026-09-18 14:12:13+00:00,0.019730868691051496,0.025,SPY,2026-09-18T11:09:27.324959-04:00,759.8699951171875
SPY260925C00793000,2026-09-25,call,793.0,0.01,0.02,0.01,3.0,1309.0,0.11133701171874999,2026-09-18 13:40:18+00:00,0.019730868691051496,0.015,SPY,2026-09-18T11:09:27.324959-04:00,759.8699951171875
SPY260925C00794000,2026-09-25,call,794.0,0.01,0.02,0.02,4570.0,767.0,0.11524322265625,2026-09-18 14:15:02+00:00,0.019730868691051496,0.015,SPY,2026-09-18T11:09:27.324959-04:00,759.8699951171875
SPY260925C00795000,2026-09-25,call,795.0,0.01,0.02,0.03,2771.0,1140.0,0.117196328125,2026-09-18 14:29:29+00:00,0.019730868691051496,0.015,SPY,2026-09-18T11:09:27.324959-04:00,759.8699951171875
SPY260925C00796000,2026-09-25,call,796.0,0.01,0.02,0.02,2091.0,985.0,0.12012598632812499,2026-09-18 14:48:17+00:00,0.019730868691051496,0.015,SPY,2026-09-18T11:09:27.324959-04:00,759.8699951171875
SPY260925C00797000,2026-09-25,call,797.0,0.01,0.02,0.04,40.0,823.0,0.12305564453125001,2026-09-17 17:58:30+00:00,0.019730868691051496,0.015,SPY,2026-09-18T11:09:27.324959-04:00,759.8699951171875
SPY260925C00798000,2026-09-25,call,798.0,0.01,0.02,0.01,3.0,1326.0,0.125985302734375,2026-09-18 14:50:02+00:00,0.019730868691051496,0.015,SPY,2026-09-18T11:09:27.324959-04:00,759.8699951171875
SPY260925C00799000,2026-09-25,call,799.0,0.01,0.02,0.01,4.0,557.0,0.1289149609375,2026-09-18 13:59:02+00:00,0.019730868691051496,0.015,SPY,2026-09-18T11:09:27.324959-04:00,759.8699951171875
SPY260925C00800000,2026-09-25,call,800.0,0.01,0.02,0.01,165.0,6039.0,0.131844619140625,2026-09-18 14:43:58+00:00,0.019730868691051496,0.015,SPY,2026-09-18T11:09:27.324959-04:00,759.8699951171875
SPY260925C00801000,2026-09-25,call,801.0,0.01,0.02,0.02,53.0,566.0,0.13477427734375003,2026-09-17 19:40:57+00:00,0.019730868691051496,0.015,SPY,2026-09-18T11:09:27.324959-04:00,759.8699951171875
SPY260925C00802000,2026-09-25,call,802.0,0.01,0.02,0.01,1.0,450.0,0.13770393554687502,2026-09-18 14:01:05+00:00,0.019730868691051496,0.015,SPY,2026-09-18T11:09:27.324959-04:00,759.8699951171875
SPY260925C00803000,2026-09-25,call,803.0,0.01,0.02,0.02,66.0,595.0,0.14063359375,2026-09-17 19:40:57+00:00,0.019730868691051496,0.015,SPY,2026-09-18T11:09:27.324959-04:00,759.8699951171875
SPY260925C00804000,2026-09-25,call,804.0,0.01,0.02,0.02,59.0,683.0,0.14258669921875,2026-09-17 19:40:57+00:00,0.019730868691051496,0.015,SPY,2026-09-18T11:09:27.324959-04:00,759.8699951171875
SPY260925C00805000,2026-09-25,call,805.0,0.01,0.02,0.02,166.0,1664.0,0.14649291015625,2026-09-18 14:24:49+00:00,0.019730868691051496,0.015,SPY,2026-09-18T11:09:27.324959-04:00,759.8699951171875
SPY260925C00806000,2026-09-25,call,806.0,0.01,0.02,0.02,71.0,776.0,0.148446015625,2026-09-17 20:13:52+00:00,0.019730868691051496,0.015,SPY,2026-09-18T11:09:27.324959-04:00,759.8699951171875
SPY260925C00807000,2026-09-25,call,807.0,0.01,0.02,0.02,70.0,675.0,0.15235222656250003,2026-09-17 19:40:57+00:00,0.019730868691051496,0.015,SPY,2026-09-18T11:09:27.324959-04:00,759.8699951171875
SPY260925C00808000,2026-09-25,call,808.0,0.01,0.02,0.01,1.0,485.0,0.15430533203125002,2026-09-18 13:47:58+00:00,0.019730868691051496,0.015,SPY,2026-09-18T11:09:27.324959-04:00,759.8699951171875
SPY260925C00809000,2026-09-25,call,809.0,0.01,0.02,0.02,84.0,2641.0,0.157234990234375,2026-09-17 19:22:28+00:00,0.019730868691051496,0.015,SPY,2026-09-18T11:09:27.324959-04:00,759.8699951171875
SPY260925C00810000,2026-09-25,call,810.0,0.01,0.02,0.01,6.0,766.0,0.1601646484375,2026-09-18 14:04:17+00:00,0.019730868691051496,0.015,SPY,2026-09-18T11:09:27.324959-04:00,759.8699951171875
SPY260925C00811000,2026-09-25,call,811.0,0.01,0.02,0.02,99.0,197.0,0.16211775390625,2026-09-17 17:30:18+00:00,0.019730868691051496,0.015,SPY,2026-09-18T11:09:27.324959-04:00,759.8699951171875
SPY260925C00812000,2026-09-25,call,812.0,0.01,0.02,0.01,4.0,304.0,0.16602396484375004,2026-09-18 14:40:19+00:00,0.019730868691051496,0.015,SPY,2026-09-18T11:09:27.324959-04:00,759.8699951171875
SPY260925C00813000,2026-09-25,call,813.0,0.01,0.02,0.02,70.0,529.0,0.16797707031250003,2026-09-15 18:25:42+00:00,0.019730868691051496,0.015,SPY,2026-09-18T11:09:27.324959-04:00,759.8699951171875
SPY260925C00814000,2026-09-25,call,814.0,0.01,0.02,0.02,40.0,206.0,0.17188328125000002,2026-09-15 18:24:52+00:00,0.019730868691051496,0.015,SPY,2026-09-18T11:09:27.324959-04:00,759.8699951171875
SPY260925C00815000,2026-09-25,call,815.0,0.0,0.01,0.01,4.0,1369.0,0.16407085937500002,2026-09-18 14:04:17+00:00,0.019730868691051496,0.005,SPY,2026-09-18T11:09:27.324959-04:00,759.8699951171875
SPY260925C00816000,2026-09-25,call,816.0,0.0,0.01,0.01,29.0,703.0,0.16407085937500002,2026-09-18 13:43:53+00:00,0.019730868691051496,0.005,SPY,2026-09-18T11:09:27.324959-04:00,759.8699951171875
SPY260925C00817000,2026-09-25,call,817.0,0.01,0.02,0.02,482.0,571.0,0.179695703125,2026-09-15 18:41:46+00:00,0.019730868691051496,0.015,SPY,2026-09-18T11:09:27.324959-04:00,759.8699951171875
SPY260925C00818000,2026-09-25,call,818.0,0.0,0.01,0.01,78.0,193.0,0.17188328125000002,2026-09-18 13:48:51+00:00,0.019730868691051496,0.005,SPY,2026-09-18T11:09:27.324959-04:00,759.8699951171875
SPY260925C00819000,2026-09-25,call,819.0,0.0,0.01,0.01,14.0,1698.0,0.17188328125000002,2026-09-18 13:41:04+00:00,0.019730868691051496,0.005,SPY,2026-09-18T11:09:27.324959-04:00,759.8699951171875
SPY260925C00820000,2026-09-25,call,820.0,0.0,0.01,0.02,2.0,2456.0,0.1757894921875,2026-09-17 16:44:28+00:00,0.019730868691051496,0.005,SPY,2026-09-18T11:09:27.324959-04:00,759.8699951171875
SPY260925C00821000,2026-09-25,call,821.0,0.0,0.01,0.02,3771.0,4111.0,0.17774259765625,2026-09-15 15:53:12+00:00,0.019730868691051496,0.005,SPY,2026-09-18T11:09:27.324959-04:00,759.8699951171875
SPY260925C00822000,2026-09-25,call,822.0,0.0,0.01,0.01,11.0,101.0,0.179695703125,2026-09-16 18:59:05+00:00,0.019730868691051496,0.005,SPY,2026-09-18T11:09:27.324959-04:00,759.8699951171875
SPY260925C00823000,2026-09-25,call,823.0,0.0,0.01,0.02,208.0,521.0,0.18360191406249998,2026-09-14 18:01:00+00:00,0.019730868691051496,0.005,SPY,2026-09-18T11:09:27.324959-04:00,759.8699951171875
SPY260925C00824000,2026-09-25,call,824.0,0.0,0.01,0.02,193.0,217.0,0.18555501953124998,2026-09-14 18:01:12+00:00,0.019730868691051496,0.005,SPY,2026-09-18T11:09:27.324959-04:00,759.8699951171875
SPY260925C00825000,2026-09-25,call,825.0,0.0,0.01,0.02,1.0,2128.0,0.187508125,2026-09-17 13:42:48+00:00,0.019730868691051496,0.005,SPY,2026-09-18T11:09:27.324959-04:00,759.8699951171875
SPY260925C00830000,2026-09-25,call,830.0,0.0,0.01,0.02,5.0,287.0,0.1992267578125,2026-09-15 16:32:00+00:00,0.019730868691051496,0.005,SPY,2026-09-18T11:09:27.324959-04:00,759.8699951171875
SPY260925C00835000,2026-09-25,call,835.0,0.0,0.01,0.02,37.0,283.0,0.2148516015625,2026-09-17 20:14:28+00:00,0.019730868691051496,0.005,SPY,2026-09-18T11:09:27.324959-04:00,759.8699951171875
SPY260925C00840000,2026-09-25,call,840.0,0.0,0.01,0.03,140.0,182.0,0.22657023437499998,2026-09-17 14:46:53+00:00,0.019730868691051496,0.005,SPY,2026-09-18T11:09:27.324959-04:00,759.8699951171875
SPY260925C00845000,2026-09-25,call,845.0,0.0,0.01,0.01,1.0,448.0,0.23828886718749998,2026-09-16 20:03:26+00:00,0.019730868691051496,0.005,SPY,2026-09-18T11:09:27.324959-04:00,759.8699951171875
SPY260925C00850000,2026-09-25,call,850.0,0.0,0.01,0.01,50.0,158.0,0.2500075,2026-09-15 15:20:26+00:00,0.019730868691051496,0.005,SPY,2026-09-18T11:09:27.324959-04:00,759.8699951171875
SPY260925C00855000,2026-09-25,call,855.0,0.0,0.01,0.01,11.0,203.0,0.2617261328125,2026-09-15 15:50:04+00:00,0.019730868691051496,0.005,SPY,2026-09-18T11:09:27.324959-04:00,759.8699951171875
SPY260925C00860000,2026-09-25,call,860.0,0.0,0.01,0.02,25.0,94.0,0.273444765625,2026-09-04 13:33:15+00:00,0.019730868691051496,0.005,SPY,2026-09-18T11:09:27.324959-04:00,759.8699951171875
SPY260925C00865000,2026-09-25,call,865.0,0.0,0.01,0.01,1.0,59.0,0.28516339843749994,2026-09-11 15:16:00+00:00,0.019730868691051496,0.005,SPY,2026-09-18T11:09:27.324959-04:00,759.8699951171875
SPY260925C00870000,2026-09-25,call,870.0,0.0,0.01,0.01,192.0,243.0,0.29688203124999996,2026-09-11 18:09:31+00:00,0.019730868691051496,0.005,SPY,2026-09-18T11:09:27.324959-04:00,759.8699951171875
SPY260925C00875000,2026-09-25,call,875.0,0.0,0.01,0.02,1.0,12.0,0.3086006640625,2026-08-25 18:26:54+00:00,0.019730868691051496,0.005,SPY,2026-09-18T11:09:27.324959-04:00,759.8699951171875
SPY260925C00880000,2026-09-25,call,880.0,0.0,0.01,0.01,1.0,27.0,0.32031929687499994,2026-09-17 18:32:40+00:00,0.019730868691051496,0.005,SPY,2026-09-18T11:09:27.324959-04:00,759.8699951171875
SPY260925C00885000,2026-09-25,call,885.0,0.0,0.01,0.03,1.0,3.0,0.32813171874999997,2026-08-19 18:04:13+00:00,0.019730868691051496,0.005,SPY,2026-09-18T11:09:27.324959-04:00,759.8699951171875
SPY260925C00890000,2026-09-25,call,890.0,0.0,0.01,0.01,3.0,6.0,0.3437565625,2026-09-04 20:12:21+00:00,0.019730868691051496,0.005,SPY,2026-09-18T11:09:27.324959-04:00,759.8699951171875
SPY260925C00895000,2026-09-25,call,895.0,0.0,0.01,0.02,1520.0,2755.0,0.35156898437499995,2026-09-08 13:47:07+00:00,0.019730868691051496,0.005,SPY,2026-09-18T11:09:27.324959-04:00,759.8699951171875
SPY260925C00900000,2026-09-25,call,900.0,0.0,0.01,0.01,1480.0,2688.0,0.3632876171875,2026-09-08 13:47:05+00:00,0.019730868691051496,0.005,SPY,2026-09-18T11:09:27.324959-04:00,759.8699951171875
SPY260925C00910000,2026-09-25,call,910.0,0.0,0.01,0.04,0.0,10.0,0.38281867187499996,2026-08-13 20:02:30+00:00,0.019730868691051496,0.005,SPY,2026-09-18T11:09:27.324959-04:00,759.8699951171875
SPY260925C00915000,2026-09-25,call,915.0,0.0,0.01,0.01,40.0,32.0,0.398443515625,2026-09-03 15:58:15+00:00,0.019730868691051496,0.005,SPY,2026-09-18T11:09:27.324959-04:00,759.8699951171875
SPY260925C00920000,2026-09-25,call,920.0,0.0,0.01,0.03,0.0,30.0,0.4062559375,2026-08-12 13:39:54+00:00,0.019730868691051496,0.005,SPY,2026-09-18T11:09:27.324959-04:00,759.8699951171875
SPY260925C00925000,2026-09-25,call,925.0,0.0,0.01,0.01,1.0,2.0,0.414068359375,2026-08-24 14:08:22+00:00,0.019730868691051496,0.005,SPY,2026-09-18T11:09:27.324959-04:00,759.8699951171875
SPY260925C00930000,2026-09-25,call,930.0,0.0,0.01,0.01,1.0,2.0,0.42969320312500003,2026-09-09 16:34:23+00:00,0.019730868691051496,0.005,SPY,2026-09-18T11:09:27.324959-04:00,759.8699951171875
SPY260925P00500000,2026-09-25,put,500.0,0.0,0.01,0.01,1.0,2473.0,0.8125018749999999,2026-09-17 13:49:18+00:00,0.019730868691051496,0.005,SPY,2026-09-18T11:09:27.324959-04:00,759.8699951171875
SPY260925P00505000,2026-09-25,put,505.0,0.0,0.01,0.02,100.0,757.0,0.79687703125,2026-09-11 14:10:14+00:00,0.019730868691051496,0.005,SPY,2026-09-18T11:09:27.324959-04:00,759.8699951171875
SPY260925P00510000,2026-09-25,put,510.0,0.0,0.01,0.03,63.0,228.0,0.7812521875,2026-09-10 16:15:11+00:00,0.019730868691051496,0.005,SPY,2026-09-18T11:09:27.324959-04:00,759.8699951171875
SPY260925P00515000,2026-09-25,put,515.0,0.0,0.01,0.02,1.0,78.0,0.7656273437500001,2026-09-16 18:05:51+00:00,0.019730868691051496,0.005,SPY,2026-09-18T11:09:27.324959-04:00,759.8699951171875
SPY260925P00520000,2026-09-25,put,520.0,0.0,0.01,0.02,600.0,645.0,0.7500025,2026-09-16 20:14:51+00:00,0.019730868691051496,0.005,SPY,2026-09-18T11:09:27.324959-04:00,759.8699951171875
SPY260925P00525000,2026-09-25,put,525.0,0.0,0.01,0.02,3.0,110.0,0.7187528125,2026-09-16 15:22:42+00:00,0.019730868691051496,0.005,SPY,2026-09-18T11:09:27.324959-04:00,759.8699951171875
SPY260925P00530000,2026-09-25,put,530.0,0.0,0.01,0.01,32.0,18140.0,0.70312796875,2026-09-17 13:30:00+00:00,0.019730868691051496,0.005,SPY,2026-09-18T11:09:27.324959-04:00,759.8699951171875
SPY260925P00535000,2026-09-25,put,535.0,0.0,0.01,0.01,75.0,116.0,0.6875031250000001,2026-09-17 16:56:36+00:00,0.019730868691051496,0.005,SPY,2026-09-18T11:09:27.324959-04:00,759.8699951171875
SPY260925P00540000,2026-09-25,put,540.0,0.0,0.01,0.01,410.0,506.0,0.6718782812500002,2026-09-17 19:05:11+00:00,0.019730868691051496,0.005,SPY,2026-09-18T11:09:27.324959-04:00,759.8699951171875
SPY260925P00545000,2026-09-25,put,545.0,0.0,0.01,0.01,20.0,116.0,0.6562534375000001,2026-09-17 13:32:31+00:00,0.019730868691051496,0.005,SPY,2026-09-18T11:09:27.324959-04:00,759.8699951171875
SPY260925P00550000,2026-09-25,put,550.0,0.0,0.01,0.01,39.0,237.0,0.64062859375,2026-09-17 19:29:43+00:00,0.019730868691051496,0.005,SPY,2026-09-18T11:09:27.324959-04:00,759.8699951171875
SPY260925P00555000,2026-09-25,put,555.0,0.0,0.01,0.01,110.0,247.0,0.6250037500000001,2026-09-17 20:06:55+00:00,0.019730868691051496,0.005,SPY,2026-09-18T11:09:27.324959-04:00,759.8699951171875
SPY260925P00560000,2026-09-25,put,560.0,0.0,0.01,0.01,10.0,1158.0,0.6093789062500001,2026-09-18 13:30:36+00:00,0.019730868691051496,0.005,SPY,2026-09-18T11:09:27.324959-04:00,759.8699951171875
SPY260925P00565000,2026-09-25,put,565.0,0.0,0.01,0.01,4.0,24.0,0.5937540625000001,2026-09-17 20:14:39+00:00,0.019730868691051496,0.005,SPY,2026-09-18T11:09:27.324959-04:00,759.8699951171875
SPY260925P00570000,2026-09-25,put,570.0,0.0,0.01,0.01,1.0,87.0,0.57812921875,2026-09-17 13:56:13+00:00,0.019730868691051496,0.005,SPY,2026-09-18T11:09:27.324959-04:00,759.8699951171875
SPY260925P00575000,2026-09-25,put,575.0,0.0,0.01,0.02,1.0,156.0,0.5625043750000001,2026-09-17 13:30:02+00:00,0.019730868691051496,0.005,SPY,2026-09-18T11:09:27.324959-04:00,759.8699951171875
SPY260925P00580000,2026-09-25,put,580.0,0.0,0.01,0.02,83.0,188.0,0.5468795312500001,2026-09-17 19:01:30+00:00,0.019730868691051496,0.005,SPY,2026-09-18T11:09:27.324959-04:00,759.8699951171875
SPY260925P00585000,2026-09-25,put,585.0,0.0,0.01,0.02,2.0,34.0,0.523442265625,2026-09-17 14:44:43+00:00,0.019730868691051496,0.005,SPY,2026-09-18T11:09:27.324959-04:00,759.8699951171875
SPY260925P00590000,2026-09-25,put,590.0,0.0,0.01,0.03,2.0,382.0,0.507817421875,2026-09-17 19:47:11+00:00,0.019730868691051496,0.005,SPY,2026-09-18T11:09:27.324959-04:00,759.8699951171875
SPY260925P00595000,2026-09-25,put,595.0,0.0,0.01,0.01,126.0,33.0,0.51562984375,2026-09-18 14:43:31+00:00,0.019730868691051496,0.005,SPY,2026-09-18T11:09:27.324959-04:00,759.8699951171875
SPY260925P00600000,2026-09-25,put,600.0,0.01,0.02,0.03,115.0,603.0,0.51562984375,2026-09-17 18:37:22+00:00,0.019730868691051496,0.015,SPY,2026-09-18T11:09:27.324959-04:00,759.8699951171875
SPY260925P00605000,2026-09-25,put,605.0,0.01,0.02,0.02,113.0,632.0,0.500005,2026-09-17 18:37:33+00:00,0.019730868691051496,0.015,SPY,2026-09-18T11:09:27.324959-04:00,759.8699951171875
SPY260925P00610000,2026-09-25,put,610.0,0.01,0.02,0.01,90.0,881.0,0.49609878906250005,2026-09-18 14:45:35+00:00,0.019730868691051496,0.015,SPY,2026-09-18T11:09:27.324959-04:00,759.8699951171875
SPY260925P00615000,2026-09-25,put,615.0,0.01,0.02,0.1,7.0,809.0,0.4804739453125,2026-09-16 19:31:31+00:00,0.019730868691051496,0.015,SPY,2026-09-18T11:09:27.324959-04:00,759.8699951171875
SPY260925P00620000,2026-09-25,put,620.0,0.01,0.02,0.02,10.0,2130.0,0.46094289062500005,2026-09-18 14:37:37+00:00,0.019730868691051496,0.015,SPY,2026-09-18T11:09:27.324959-04:00,759.8699951171875
SPY260925P00625000,2026-09-25,put,625.0,0.01,0.02,0.02,79.0,645.0,0.445318046875,2026-09-18 14:13:12+00:00,0.019730868691051496,0.015,SPY,2026-09-18T11:09:27.324959-04:00,759.8699951171875
SPY260925P00630000,2026-09-25,put,630.0,0.01,0.02,0.02,124.0,884.0,0.42969320312500003,2026-09-18 13:47:04+00:00,0.019730868691051496,0.015,SPY,2026-09-18T11:09:27.324959-04:00,759.8699951171875
SPY260925P00635000,2026-09-25,put,635.0,0.02,0.03,0.05,34.0,1260.0,0.42774009765625004,2026-09-17 18:42:53+00:00,0.019730868691051496,0.025,SPY,2026-09-18T11:09:27.324959-04:00,759.8699951171875
SPY260925P00640000,2026-09-25,put,640.0,0.02,0.03,0.05,11.0,248.0,0.4101621484375,2026-09-17 16:55:03+00:00,0.019730868691051496,0.025,SPY,2026-09-18T11:09:27.324959-04:00,759.8699951171875
SPY260925P00645000,2026-09-25,put,645.0,0.02,0.03,0.05,49.0,216.0,0.39453730468750003,2026-09-17 19:58:59+00:00,0.019730868691051496,0.025,SPY,2026-09-18T11:09:27.324959-04:00,759.8699951171875
SPY260925P00650000,2026-09-25,put,650.0,0.03,0.04,0.03,27.0,804.0,0.38867798828125,2026-09-18 14:18:55+00:00,0.019730868691051496,0.035,SPY,2026-09-18T11:09:27.324959-04:00,759.8699951171875
SPY260925P00655000,2026-09-25,put,655.0,0.03,0.04,0.04,13.0,1089.0,0.3711000390625,2026-09-18 14:05:41+00:00,0.019730868691051496,0.035,SPY,2026-09-18T11:09:27.324959-04:00,759.8699951171875
SPY260925P00660000,2026-09-25,put,660.0,0.03,0.04,0.03,134.0,597.0,0.35352208984374994,2026-09-18 14:36:56+00:00,0.019730868691051496,0.035,SPY,2026-09-18T11:09:27.324959-04:00,759.8699951171875
SPY260925P00665000,2026-09-25,put,665.0,0.04,0.05,0.03,39.0,2665.0,0.3437565625,2026-09-18 14:37:07+00:00,0.019730868691051496,0.045,SPY,2026-09-18T11:09:27.324959-04:00,759.8699951171875
SPY260925P00670000,2026-09-25,put,670.0,0.04,0.05,0.05,7930.0,1033.0,0.32617861328125,2026-09-18 14:49:04+00:00,0.019730868691051496,0.045,SPY,2026-09-18T11:09:27.324959-04:00,759.8699951171875
SPY260925P00675000,2026-09-25,put,675.0,0.05,0.06,0.06,6720.0,2880.0,0.3154365332031249,2026-09-18 14:45:11+00:00,0.019730868691051496,0.055,SPY,2026-09-18T11:09:27.324959-04:00,759.8699951171875
SPY260925P00680000,2026-09-25,put,680.0,0.06,0.07,0.06,1890.0,1397.0,0.30274134765625,2026-09-18 14:44:32+00:00,0.019730868691051496,0.065,SPY,2026-09-18T11:09:27.324959-04:00,759.8699951171875
SPY260925P00685000,2026-09-25,put,685.0,0.07,0.08,0.08,737.0,2169.0,0.29004616210937495,2026-09-18 14:02:43+00:00,0.019730868691051496,0.07500000000000001,SPY,2026-09-18T11:09:27.324959-04:00,759.8699951171875
SPY260925P00690000,2026-09-25,put,690.0,0.07,0.08,0.09,716.0,2064.0,0.27149166015625,2026-09-18 14:16:42+00:00,0.019730868691051496,0.07500000000000001,SPY,2026-09-18T11:09:27.324959-04:00,759.8699951171875
SPY260925P00695000,2026-09-25,put,695.0,0.09,0.1,0.1,25.0,3779.0,0.260749580078125,2026-09-18 14:19:22+00:00,0.019730868691051496,0.095,SPY,2026-09-18T11:09:27.324959-04:00,759.8699951171875
SPY260925P00700000,2026-09-25,put,700.0,0.1,0.11,0.1,132.0,2363.0,0.2456130126953125,2026-09-18 14:44:52+00:00,0.019730868691051496,0.10500000000000001,SPY,2026-09-18T11:09:27.324959-04:00,759.8699951171875
SPY260925P00705000,2026-09-25,put,705.0,0.12,0.13,0.13,131.0,2052.0,0.23242955078125,2026-09-18 14:45:05+00:00,0.019730868691051496,0.125,SPY,2026-09-18T11:09:27.324959-04:00,759.8699951171875
SPY260925P00710000,2026-09-25,put,710.0,0.14,0.15,0.14,247.0,3534.0,0.21778125976562498,2026-09-18 14:41:09+00:00,0.019730868691051496,0.14500000000000002,SPY,2026-09-18T11:09:27.324959-04:00,759.8699951171875
SPY260925P00715000,2026-09-25,put,715.0,0.17,0.18,0.18,1777.0,4090.0,0.2036212451171875,2026-09-18 14:46:54+00:00,0.019730868691051496,0.175,SPY,2026-09-18T11:09:27.324959-04:00,759.8699951171875
SPY260925P00720000,2026-09-25,put,720.0,0.2,0.21,0.22,354.0,6724.0,0.188484677734375,2026-09-18 14:46:43+00:00,0.019730868691051496,0.20500000000000002,SPY,2026-09-18T11:09:27.324959-04:00,759.8699951171875
SPY260925P00721000,2026-09-25,put,721.0,0.22,0.23,0.24,28.0,577.0,0.18726398681640627,2026-09-18 13:30:39+00:00,0.019730868691051496,0.225,SPY,2026-09-18T11:09:27.324959-04:00,759.8699951171875
SPY260925P00722000,2026-09-25,put,722.0,0.23,0.24,0.25,230.0,1117.0,0.18433432861328125,2026-09-18 14:20:43+00:00,0.019730868691051496,0.235,SPY,2026-09-18T11:09:27.324959-04:00,759.8699951171875
SPY260925P00723000,2026-09-25,put,723.0,0.25,0.26,0.24,332.0,565.0,0.1828694995117187,2026-09-18 14:39:12+00:00,0.019730868691051496,0.255,SPY,2026-09-18T11:09:27.324959-04:00,759.8699951171875
SPY260925P00724000,2026-09-25,put,724.0,0.25,0.26,0.25,196.0,900.0,0.17847501220703127,2026-09-18 14:54:06+00:00,0.019730868691051496,0.255,SPY,2026-09-18T11:09:27.324959-04:00,759.8699951171875
SPY260925P00725000,2026-09-25,put,725.0,0.26,0.28,0.27,336.0,2850.0,0.176766044921875,2026-09-18 14:52:37+00:00,0.019730868691051496,0.27,SPY,2026-09-18T11:09:27.324959-04:00,759.8699951171875
SPY260925P00726000,2026-09-25,put,726.0,0.27,0.28,0.29,151.0,600.0,0.17237155761718753,2026-09-18 14:49:42+00:00,0.019730868691051496,0.275,SPY,2026-09-18T11:09:27.324959-04:00,759.8699951171875
SPY260925P00727000,2026-09-25,put,727.0,0.29,0.3,0.33,226.0,16172.0,0.17029638305664066,2026-09-18 14:43:49+00:00,0.019730868691051496,0.295,SPY,2026-09-18T11:09:27.324959-04:00,759.8699951171875
SPY260925P00728000,2026-09-25,put,728.0,0.32,0.33,0.33,253.0,1043.0,0.16895362304687503,2026-09-18 14:42:24+00:00,0.019730868691051496,0.325,SPY,2026-09-18T11:09:27.324959-04:00,759.8699951171875
SPY260925P00729000,2026-09-25,put,729.0,0.35,0.36,0.38,52.0,727.0,0.16748879394531252,2026-09-18 14:18:24+00:00,0.019730868691051496,0.355,SPY,2026-09-18T11:09:27.324959-04:00,759.8699951171875
SPY260925P00730000,2026-09-25,put,730.0,0.38,0.39,0.39,298.0,129810.0,0.16553568847656253,2026-09-18 14:48:14+00:00,0.019730868691051496,0.385,SPY,2026-09-18T11:09:27.324959-04:00,759.8699951171875
SPY260925P00731000,2026-09-25,put,731.0,0.37,0.38,0.44,297.0,867.0,0.1601646484375,2026-09-18 14:44:25+00:00,0.019730868691051496,0.375,SPY,2026-09-18T11:09:27.324959-04:00,759.8699951171875
SPY260925P00732000,2026-09-25,put,732.0,0.41,0.42,0.45,238.0,1083.0,0.15894395751953128,2026-09-18 14:27:23+00:00,0.019730868691051496,0.415,SPY,2026-09-18T11:09:27.324959-04:00,759.8699951171875
SPY260925P00733000,2026-09-25,put,733.0,0.43,0.44,0.48,97.0,1031.0,0.15589223022460938,2026-09-18 14:42:39+00:00,0.019730868691051496,0.435,SPY,2026-09-18T11:09:27.324959-04:00,759.8699951171875
SPY260925P00734000,2026-09-25,put,734.0,0.46,0.47,0.49,293.0,630.0,0.1534508483886719,2026-09-18 14:40:42+00:00,0.019730868691051496,0.46499999999999997,SPY,2026-09-18T11:09:27.324959-04:00,759.8699951171875
SPY260925P00735000,2026-09-25,put,735.0,0.49,0.5,0.51,428.0,3484.0,0.15088739746093754,2026-09-18 14:51:43+00:00,0.019730868691051496,0.495,SPY,2026-09-18T11:09:27.324959-04:00,759.8699951171875
SPY260925P00736000,2026-09-25,put,736.0,0.55,0.56,0.56,862.0,1344.0,0.14991084472656252,2026-09-18 14:51:20+00:00,0.019730868691051496,0.555,SPY,2026-09-18T11:09:27.324959-04:00,759.8699951171875
SPY260925P00737000,2026-09-25,put,737.0,0.57,0.58,0.63,53.0,1483.0,0.14624877197265623,2026-09-18 14:31:57+00:00,0.019730868691051496,0.575,SPY,2026-09-18T11:09:27.324959-04:00,759.8699951171875
SPY260925P00738000,2026-09-25,put,738.0,0.62,0.63,0.72,243.0,1658.0,0.14429566650390624,2026-09-18 14:43:37+00:00,0.019730868691051496,0.625,SPY,2026-09-18T11:09:27.324959-04:00,759.8699951171875
SPY260925P00739000,2026-09-25,put,739.0,0.69,0.7,0.67,258.0,2071.0,0.1430749755859375,2026-09-18 14:53:04+00:00,0.019730868691051496,0.695,SPY,2026-09-18T11:09:27.324959-04:00,759.8699951171875
SPY260925P00740000,2026-09-25,put,740.0,0.74,0.75,0.74,3669.0,21412.0,0.14051152465820313,2026-09-18 14:53:18+00:00,0.019730868691051496,0.745,SPY,2026-09-18T11:09:27.324959-04:00,759.8699951171875
SPY260925P00741000,2026-09-25,put,741.0,0.79,0.81,0.85,208.0,1228.0,0.1381922119140625,2026-09-18 14:49:13+00:00,0.019730868691051496,0.8,SPY,2026-09-18T11:09:27.324959-04:00,759.8699951171875
SPY260925P00742000,2026-09-25,put,742.0,0.86,0.88,1.0,371.0,1163.0,0.13599496826171875,2026-09-18 14:43:56+00:00,0.019730868691051496,0.87,SPY,2026-09-18T11:09:27.324959-04:00,759.8699951171875
SPY260925P00743000,2026-09-25,put,743.0,0.95,0.96,0.94,339.0,2305.0,0.1339808282470703,2026-09-18 14:53:30+00:00,0.019730868691051496,0.955,SPY,2026-09-18T11:09:27.324959-04:00,759.8699951171875
SPY260925P00744000,2026-09-25,put,744.0,1.03,1.04,1.1,426.0,3626.0,0.1316615155029297,2026-09-18 14:49:24+00:00,0.019730868691051496,1.0350000000000001,SPY,2026-09-18T11:09:27.324959-04:00,759.8699951171875
SPY260925P00745000,2026-09-25,put,745.0,1.13,1.15,1.14,3346.0,151872.0,0.13013565185546871,2026-09-18 14:54:15+00:00,0.019730868691051496,1.14,SPY,2026-09-18T11:09:27.324959-04:00,759.8699951171875
SPY260925P00746000,2026-09-25,put,746.0,1.21,1.23,1.28,221.0,2237.0,0.12720599365234375,2026-09-18 14:50:44+00:00,0.019730868691051496,1.22,SPY,2026-09-18T11:09:27.324959-04:00,759.8699951171875
SPY260925P00747000,2026-09-25,put,747.0,1.32,1.34,1.41,618.0,1475.0,0.12494771545410156,2026-09-18 14:50:33+00:00,0.019730868691051496,1.33,SPY,2026-09-18T11:09:27.324959-04:00,759.8699951171875
SPY260925P00748000,2026-09-25,put,748.0,1.46,1.48,1.45,451.0,1593.0,0.12329978271484376,2026-09-18 14:53:06+00:00,0.019730868691051496,1.47,SPY,2026-09-18T11:09:27.324959-04:00,759.8699951171875
SPY260925P00749000,2026-09-25,put,749.0,1.61,1.63,1.6,571.0,1836.0,0.1215908154296875,2026-09-18 14:54:06+00:00,0.019730868691051496,1.62,SPY,2026-09-18T11:09:27.324959-04:00,759.8699951171875
SPY260925P00750000,2026-09-25,put,750.0,1.75,1.76,1.75,5799.0,16650.0,0.11878322631835936,2026-09-18 14:53:57+00:00,0.019730868691051496,1.755,SPY,2026-09-18T11:09:27.324959-04:00,759.8699951171875
SPY260925P00751000,2026-09-25,put,751.0,1.92,1.94,1.92,573.0,2143.0,0.11701322448730468,2026-09-18 14:52:51+00:00,0.019730868691051496,1.93,SPY,2026-09-18T11:09:27.324959-04:00,759.8699951171875
SPY260925P00752000,2026-09-25,put,752.0,2.11,2.14,2.18,496.0,2815.0,0.11524322265625,2026-09-18 14:51:22+00:00,0.019730868691051496,2.125,SPY,2026-09-18T11:09:27.324959-04:00,759.8699951171875
SPY260925P00753000,2026-09-25,put,753.0,2.3,2.33,2.33,430.0,677.0,0.11274080627441406,2026-09-18 14:53:30+00:00,0.019730868691051496,2.315,SPY,2026-09-18T11:09:27.324959-04:00,759.8699951171875
SPY260925P00754000,2026-09-25,put,754.0,2.54,2.57,2.52,364.0,1445.0,0.1110318389892578,2026-09-18 14:52:51+00:00,0.019730868691051496,2.5549999999999997,SPY,2026-09-18T11:09:27.324959-04:00,759.8699951171875
SPY260925P00755000,2026-09-25,put,755.0,2.78,2.81,2.8,1761.0,5941.0,0.1087125262451172,2026-09-18 14:53:35+00:00,0.019730868691051496,2.795,SPY,2026-09-18T11:09:27.324959-04:00,759.8699951171875
SPY260925P00756000,2026-09-25,put,756.0,3.07,3.1,3.06,406.0,975.0,0.10697304168701172,2026-09-18 14:52:58+00:00,0.019730868691051496,3.085,SPY,2026-09-18T11:09:27.324959-04:00,759.8699951171875
SPY260925P00757000,2026-09-25,put,757.0,3.41,3.44,3.41,667.0,962.0,0.10578286804199218,2026-09-18 14:54:01+00:00,0.019730868691051496,3.425,SPY,2026-09-18T11:09:27.324959-04:00,759.8699951171875
SPY260925P00758000,2026-09-25,put,758.0,3.7,3.74,3.7,1536.0,1850.0,0.10297527893066405,2026-09-18 14:53:01+00:00,0.019730868691051496,3.72,SPY,2026-09-18T11:09:27.324959-04:00,759.8699951171875
SPY260925P00759000,2026-09-25,put,759.0,4.08,4.1,4.1,965.0,2176.0,0.10083906982421875,2026-09-18 14:53:40+00:00,0.019730868691051496,4.09,SPY,2026-09-18T11:09:27.324959-04:00,759.8699951171875
SPY260925P00760000,2026-09-25,put,760.0,4.47,4.51,4.46,5256.0,19485.0,0.09906906799316406,2026-09-18 14:53:18+00:00,0.019730868691051496,4.49,SPY,2026-09-18T11:09:27.324959-04:00,759.8699951171875
SPY260925P00761000,2026-09-25,put,761.0,4.92,4.95,5.08,658.0,2942.0,0.09711596252441407,2026-09-18 14:49:46+00:00,0.019730868691051496,4.9350000000000005,SPY,2026-09-18T11:09:27.324959-04:00,759.8699951171875
SPY260925P00762000,2026-09-25,put,762.0,5.38,5.42,5.35,808.0,3463.0,0.09504078796386721,2026-09-18 14:52:51+00:00,0.019730868691051496,5.4,SPY,2026-09-18T11:09:27.324959-04:00,759.8699951171875
SPY260925P00763000,2026-09-25,put,763.0,5.87,5.93,6.05,833.0,1289.0,0.09296561340332031,2026-09-18 14:51:24+00:00,0.019730868691051496,5.9,SPY,2026-09-18T11:09:27.324959-04:00,759.8699951171875
SPY260925P00764000,2026-09-25,put,764.0,6.45,6.59,7.06,96.0,1004.0,0.09351492431640626,2026-09-18 14:45:09+00:00,0.019730868691051496,6.52,SPY,2026-09-18T11:09:27.324959-04:00,759.8699951171875
SPY260925P00765000,2026-09-25,put,765.0,7.06,7.15,7.41,322.0,3085.0,0.09070733520507812,2026-09-18 14:49:03+00:00,0.019730868691051496,7.105,SPY,2026-09-18T11:09:27.324959-04:00,759.8699951171875
SPY260925P00766000,2026-09-25,put,766.0,7.66,7.86,8.44,87.0,1958.0,0.09064630065917968,2026-09-18 14:17:10+00:00,0.019730868691051496,7.76,SPY,2026-09-18T11:09:27.324959-04:00,759.8699951171875
SPY260925P00767000,2026-09-25,put,767.0,8.31,8.53,8.4,210.0,2348.0,0.08857112609863281,2026-09-18 14:53:30+00:00,0.019730868691051496,8.42,SPY,2026-09-18T11:09:27.324959-04:00,759.8699951171875
SPY260925P00768000,2026-09-25,put,768.0,9.05,9.25,9.5,550.0,1819.0,0.0867400897216797,2026-09-18 14:50:10+00:00,0.019730868691051496,9.15,SPY,2026-09-18T11:09:27.324959-04:00,759.8699951171875
SPY260925P00769000,2026-09-25,put,769.0,9.85,10.06,10.05,826.0,1845.0,0.08667905517578126,2026-09-18 14:51:33+00:00,0.019730868691051496,9.955,SPY,2026-09-18T11:09:27.324959-04:00,759.8699951171875
SPY260925P00770000,2026-09-25,put,770.0,10.59,10.89,10.83,515.0,1568.0,0.08637388244628907,2026-09-18 14:51:31+00:00,0.019730868691051496,10.74,SPY,2026-09-18T11:09:27.324959-04:00,759.8699951171875
SPY260925P00771000,2026-09-25,put,771.0,11.44,11.74,12.16,60.0,874.0,0.08582457153320314,2026-09-18 14:21:47+00:00,0.019730868691051496,11.59,SPY,2026-09-18T11:09:27.324959-04:00,759.8699951171875
SPY260925P00772000,2026-09-25,put,772.0,11.22,13.72,12.99,19.0,684.0,0.12653461364746094,2026-09-18 14:21:47+00:00,0.019730868691051496,12.47,SPY,2026-09-18T11:09:27.324959-04:00,759.8699951171875
SPY260925P00773000,2026-09-25,put,773.0,12.13,14.33,13.63,11.0,800.0,0.11957667541503905,2026-09-18 14:28:51+00:00,0.019730868691051496,13.23,SPY,2026-09-18T11:09:27.324959-04:00,759.8699951171875
SPY260925P00774000,2026-09-25,put,774.0,13.07,15.0,14.18,4.0,381.0,0.11274080627441406,2026-09-18 13:58:12+00:00,0.019730868691051496,14.035,SPY,2026-09-18T11:09:27.324959-04:00,759.8699951171875
SPY260925P00775000,2026-09-25,put,775.0,13.95,17.18,15.16,4.0,730.0,0.15961533752441404,2026-09-18 13:58:12+00:00,0.019730868691051496,15.565,SPY,2026-09-18T11:09:27.324959-04:00,759.8699951171875
SPY260925P00776000,2026-09-25,put,776.0,14.95,18.14,17.02,1.0,297.0,0.16449810119628905,2026-09-18 14:07:23+00:00,0.019730868691051496,16.545,SPY,2026-09-18T11:09:27.324959-04:00,759.8699951171875
SPY260925P00777000,2026-09-25,put,777.0,15.86,19.12,18.7,2.0,309.0,0.16993017578125003,2026-09-17 14:08:26+00:00,0.019730868691051496,17.490000000000002,SPY,2026-09-18T11:09:27.324959-04:00,759.8699951171875
SPY260925P00778000,2026-09-25,put,778.0,16.92,20.1,19.2,4.0,75.0,0.17524018127441404,2026-09-18 14:08:09+00:00,0.019730868691051496,18.51,SPY,2026-09-18T11:09:27.324959-04:00,759.8699951171875
SPY260925P00779000,2026-09-25,put,779.0,17.91,21.09,19.99,1.0,96.0,0.18079432495117187,2026-09-18 14:19:57+00:00,0.019730868691051496,19.5,SPY,2026-09-18T11:09:27.324959-04:00,759.8699951171875
SPY260925P00780000,2026-09-25,put,780.0,18.9,21.2,19.3,1.0,653.0,0.152901537475586,2026-09-18 13:45:02+00:00,0.019730868691051496,20.049999999999997,SPY,2026-09-18T11:09:27.324959-04:00,759.8699951171875
SPY260925P00781000,2026-09-25,put,781.0,19.93,23.25,23.16,1.0,16.0,0.1979450323486328,2026-09-16 14:38:13+00:00,0.019730868691051496,21.59,SPY,2026-09-18T11:09:27.324959-04:00,759.8699951171875
SPY260925P00782000,2026-09-25,put,782.0,20.91,23.6,21.1,1.0,12.0,0.1798788067626953,2026-09-18 13:44:59+00:00,0.019730868691051496,22.255000000000003,SPY,2026-09-18T11:09:27.324959-04:00,759.8699951171875
SPY260925P00783000,2026-09-25,put,783.0,21.8,25.2,24.0,1.0,28.0,0.20771055969238278,2026-09-18 14:03:46+00:00,0.019730868691051496,23.5,SPY,2026-09-18T11:09:27.324959-04:00,759.8699951171875
SPY260925P00784000,2026-09-25,put,784.0,22.34,26.26,26.7,1.0,12.0,0.2155229815673828,2026-09-10 13:36:35+00:00,0.019730868691051496,24.3,SPY,2026-09-18T11:09:27.324959-04:00,759.8699951171875
SPY260925P00785000,2026-09-25,put,785.0,23.18,27.2,27.25,3.0,116.0,0.21900195068359374,2026-09-16 14:38:32+00:00,0.019730868691051496,25.189999999999998,SPY,2026-09-18T11:09:27.324959-04:00,759.8699951171875
SPY260925P00786000,2026-09-25,put,786.0,24.34,28.32,22.6,32.0,11.0,0.22888954711914064,2026-08-31 18:43:30+00:00,0.019730868691051496,26.33,SPY,2026-09-18T11:09:27.324959-04:00,759.8699951171875
SPY260925P00787000,2026-09-25,put,787.0,25.18,29.2,21.88,2.0,3.0,0.23004920349121094,2026-09-08 14:51:05+00:00,0.019730868691051496,27.189999999999998,SPY,2026-09-18T11:09:27.324959-04:00,759.8699951171875
SPY260925P00788000,2026-09-25,put,788.0,26.18,30.33,28.77,20.0,46.0,0.24036404174804685,2026-09-16 15:27:56+00:00,0.019730868691051496,28.255,SPY,2026-09-18T11:09:27.324959-04:00,759.8699951171875
SPY260925P00789000,2026-09-25,put,789.0,27.49,31.37,23.12,10.0,11.0,0.24732197998046873,2026-09-08 13:41:18+00:00,0.019730868691051496,29.43,SPY,2026-09-18T11:09:27.324959-04:00,759.8699951171875
SPY260925P00790000,2026-09-25,put,790.0,28.18,32.26,31.2,2.0,39.0,0.2486647399902344,2026-09-10 15:38:15+00:00,0.019730868691051496,30.22,SPY,2026-09-18T11:09:27.324959-04:00,759.8699951171875
SPY260925P00791000,2026-09-25,put,791.0,29.34,33.26,33.41,1.0,53.0,0.25403578002929694,2026-09-14 13:42:15+00:00,0.019730868691051496,31.299999999999997,SPY,2026-09-18T11:09:27.324959-04:00,759.8699951171875
SPY260925P00793000,2026-09-25,put,793.0,31.18,35.33,22.6,28.0,20.0,0.2674023455810547,2026-08-28 15:48:15+00:00,0.019730868691051496,33.254999999999995,SPY,2026-09-18T11:09:27.324959-04:00,759.8699951171875
SPY260925P00794000,2026-09-25,put,794.0,32.18,36.23,22.42,20.0,20.0,0.26868407104492187,2026-08-28 15:40:29+00:00,0.019730868691051496,34.205,SPY,2026-09-18T11:09:27.324959-04:00,759.8699951171875
SPY260925P00795000,2026-09-25,put,795.0,33.35,37.26,31.25,2.0,4.0,0.2751537329101562,2026-08-25 15:08:23+00:00,0.019730868691051496,35.305,SPY,2026-09-18T11:09:27.324959-04:00,759.8699951171875
SPY260925P00798000,2026-09-25,put,798.0,36.35,40.28,33.1,1.0,1.0,0.2914499566650389,2026-08-31 15:58:35+00:00,0.019730868691051496,38.315,SPY,2026-09-18T11:09:27.324959-04:00,759.8699951171875
SPY260925P00800000,2026-09-25,put,800.0,38.3,42.14,40.66,1.0,17.0,0.29566134033203123,2026-09-16 15:57:06+00:00,0.019730868691051496,40.22,SPY,2026-09-18T11:09:27.324959-04:00,759.8699951171875
SPY260925P00805000,2026-09-25,put,805.0,43.35,47.28,43.64,0.0,1.0,0.3266668896484375,2026-09-01 17:10:15+00:00,0.019730868691051496,45.315,SPY,2026-09-18T11:09:27.324959-04:00,759.8699951171875
SPY260925P00807000,2026-09-25,put,807.0,45.18,49.23,42.55,2.0,0.0,0.33423517333984376,2026-08-24 14:03:00+00:00,0.019730868691051496,47.205,SPY,2026-09-18T11:09:27.324959-04:00,759.8699951171875
SPY260925P00810000,2026-09-25,put,810.0,48.22,52.21,35.4,19.0,0.0,0.34778484252929687,2026-08-17 15:45:22+00:00,0.019730868691051496,50.215,SPY,2026-09-18T11:09:27.324959-04:00,759.8699951171875
SPY260925P00811000,2026-09-25,put,811.0,49.18,53.21,50.2,2.0,2.0,0.352545537109375,2026-09-01 18:37:09+00:00,0.019730868691051496,51.195,SPY,2026-09-18T11:09:27.324959-04:00,759.8699951171875
SPY260925P00823000,2026-09-25,put,823.0,61.23,65.1,46.77,0.0,0.0,0.4024717956542969,2026-08-14 20:01:38+00:00,0.019730868691051496,63.16499999999999,SPY,2026-09-18T11:09:27.324959-04:00,759.8699951171875
SPY260925P00824000,2026-09-25,put,824.0,62.75,66.49,51.8,2.0,0.0,0.42676354492187507,2026-08-07 17:11:09+00:00,0.019730868691051496,64.62,SPY,2026-09-18T11:09:27.324959-04:00,759.8699951171875
SPY260925P00855000,2026-09-25,put,855.0,93.56,97.22,78.1,0.0,0.0,0.5459029785156251,2026-08-13 16:02:04+00:00,0.019730868691051496,95.39,SPY,2026-09-18T11:09:27.324959-04:00,759.8699951171875
SPY260925P00865000,2026-09-25,put,865.0,103.56,107.22,94.35,0.0,0.0,0.5860637097167969,2026-08-11 19:46:58+00:00,0.019730868691051496,105.39,SPY,2026-09-18T11:09:27.324959-04:00,759.8699951171875
SPY260925P00870000,2026-09-25,put,870.0,108.56,112.22,99.33,0.0,0.0,0.6058389025878907,2026-08-11 19:46:58+00:00,0.019730868691051496,110.39,SPY,2026-09-18T11:09:27.324959-04:00,759.8699951171875
SPY260930C00375000,2026-09-30,call,375.0,383.08,386.89,386.82,1.0,0.0,1.3515657421874998,2026-09-14 19:40:11+00:00,0.03342949882803779,384.985,SPY,2026-09-18T11:09:27.324959-04:00,759.8699951171875
SPY260930C00380000,2026-09-30,call,380.0,377.88,381.87,392.65,5.0,8.0,1.000005,2026-08-07 14:03:38+00:00,0.03342949882803779,379.875,SPY,2026-09-18T11:09:27.324959-04:00,759.8699951171875
SPY260930C00410000,2026-09-30,call,410.0,353.35,356.12,347.15,3.0,1.0,2.037114282226563,2026-07-16 17:36:34+00:00,0.03342949882803779,354.735,SPY,2026-09-18T11:09:27.324959-04:00,759.8699951171875
SPY260930C00415000,2026-09-30,call,415.0,348.35,351.14,340.0,41.0,73.0,2.0035450302124023,2026-07-13 15:48:20+00:00,0.03342949882803779,349.745,SPY,2026-09-18T11:09:27.324959-04:00,759.8699951171875
SPY260930C00420000,2026-09-30,call,420.0,338.11,341.91,341.52,7.0,0.0,1.169926025390625,2026-09-17 14:35:50+00:00,0.03342949882803779,340.01,SPY,2026-09-18T11:09:27.324959-04:00,759.8699951171875
SPY260930C00425000,2026-09-30,call,425.0,333.14,336.93,341.62,44.0,3.0,1.1689494677734376,2026-08-31 19:05:39+00:00,0.03342949882803779,335.03499999999997,SPY,2026-09-18T11:09:27.324959-04:00,759.8699951171875
SPY260930C00440000,2026-09-30,call,440.0,0.0,0.0,303.01,2.0,0.0,1.0000000000000003e-05,2026-05-18 14:50:23+00:00,0.03342949882803779,0.0,SPY,2026-09-18T11:09:27.324959-04:00,759.8699951171875
SPY260930C00450000,2026-09-30,call,450.0,0.0,0.0,303.49,0.0,0.0,1.0000000000000003e-05,2026-05-27 14:49:18+00:00,0.03342949882803779,0.0,SPY,2026-09-18T11:09:27.324959-04:00,759.8699951171875
SPY260930C00460000,2026-09-30,call,460.0,282.14,285.65,229.77,0.0,0.0,1.0000000000000003e-05,2026-04-09 17:24:56+00:00,0.03342949882803779,283.895,SPY,2026-09-18T11:09:27.324959-04:00,759.8699951171875
SPY260930C00470000,2026-09-30,call,470.0,286.58,289.97,275.35,1.0,0.0,0.929688203125,2026-06-12 18:25:01+00:00,0.03342949882803779,288.275,SPY,2026-09-18T11:09:27.324959-04:00,759.8699951171875
SPY260930C00475000,2026-09-30,call,475.0,283.26,287.01,287.83,105.0,0.0,1.013676806640625,2026-09-17 19:51:13+00:00,0.03342949882803779,285.135,SPY,2026-09-18T11:09:27.324959-04:00,759.8699951171875
SPY260930C00480000,2026-09-30,call,480.0,278.15,282.01,283.08,2.0,0.0,0.96679720703125,2026-09-17 19:56:14+00:00,0.03342949882803779,280.08,SPY,2026-09-18T11:09:27.324959-04:00,759.8699951171875
SPY260930C00485000,2026-09-30,call,485.0,273.16,277.02,278.1,40.0,0.0,0.9521489160156249,2026-09-17 19:56:51+00:00,0.03342949882803779,275.09000000000003,SPY,2026-09-18T11:09:27.324959-04:00,759.8699951171875
SPY260930C00490000,2026-09-30,call,490.0,268.01,272.02,269.47,1.0,1.0,0.8896495410156249,2026-09-18 14:31:40+00:00,0.03342949882803779,270.015,SPY,2026-09-18T11:09:27.324959-04:00,759.8699951171875
SPY260930C00495000,2026-09-30,call,495.0,263.17,267.04,268.1,25.0,0.0,0.9194343994140625,2026-09-17 19:55:58+00:00,0.03342949882803779,265.105,SPY,2026-09-18T11:09:27.324959-04:00,759.8699951171875
SPY260930C00500000,2026-09-30,call,500.0,258.09,262.05,263.08,50.0,0.0,0.8828136718749999,2026-09-17 19:51:41+00:00,0.03342949882803779,260.07,SPY,2026-09-18T11:09:27.324959-04:00,759.8699951171875
SPY260930C00505000,2026-09-30,call,505.0,253.26,257.04,258.12,30.0,0.0,0.8994150683593749,2026-09-17 19:56:51+00:00,0.03342949882803779,255.15,SPY,2026-09-18T11:09:27.324959-04:00,759.8699951171875
SPY260930C00510000,2026-09-30,call,510.0,248.2,252.06,253.09,5.0,1.0,0.8715833154296875,2026-09-17 19:56:14+00:00,0.03342949882803779,250.13,SPY,2026-09-18T11:09:27.324959-04:00,759.8699951171875
SPY260930C00515000,2026-09-30,call,515.0,243.04,247.07,248.08,50.0,0.0,0.8183611914062499,2026-09-17 19:51:41+00:00,0.03342949882803779,245.055,SPY,2026-09-18T11:09:27.324959-04:00,759.8699951171875
SPY260930C00520000,2026-09-30,call,520.0,238.27,242.06,243.12,30.0,0.0,0.8461929443359374,2026-09-17 19:56:51+00:00,0.03342949882803779,240.16500000000002,SPY,2026-09-18T11:09:27.324959-04:00,759.8699951171875
SPY260930C00525000,2026-09-30,call,525.0,233.29,237.04,238.07,5.0,0.0,0.8271501660156249,2026-09-17 19:56:14+00:00,0.03342949882803779,235.165,SPY,2026-09-18T11:09:27.324959-04:00,759.8699951171875
SPY260930C00530000,2026-09-30,call,530.0,228.3,232.09,232.94,50.0,0.0,0.8178729150390623,2026-09-17 19:51:41+00:00,0.03342949882803779,230.195,SPY,2026-09-18T11:09:27.324959-04:00,759.8699951171875
SPY260930C00535000,2026-09-30,call,535.0,223.3,227.08,227.84,50.0,0.0,0.79687703125,2026-09-17 19:51:41+00:00,0.03342949882803779,225.19,SPY,2026-09-18T11:09:27.324959-04:00,759.8699951171875
SPY260930C00540000,2026-09-30,call,540.0,218.24,222.05,222.81,50.0,27.0,0.7631859619140625,2026-09-17 19:51:29+00:00,0.03342949882803779,220.145,SPY,2026-09-18T11:09:27.324959-04:00,759.8699951171875
SPY260930C00545000,2026-09-30,call,545.0,213.24,217.11,218.07,5.0,0.0,0.754885263671875,2026-09-17 19:56:14+00:00,0.03342949882803779,215.175,SPY,2026-09-18T11:09:27.324959-04:00,759.8699951171875
SPY260930C00550000,2026-09-30,call,550.0,208.33,212.11,213.07,20.0,0.0,0.7490259472656251,2026-09-17 19:55:58+00:00,0.03342949882803779,210.22000000000003,SPY,2026-09-18T11:09:27.324959-04:00,759.8699951171875
SPY260930C00555000,2026-09-30,call,555.0,203.23,207.12,208.07,5.0,1.0,0.717776259765625,2026-09-17 19:55:58+00:00,0.03342949882803779,205.175,SPY,2026-09-18T11:09:27.324959-04:00,759.8699951171875
SPY260930C00560000,2026-09-30,call,560.0,198.1,202.04,203.07,20.0,2.0,0.6635775830078127,2026-09-17 19:55:58+00:00,0.03342949882803779,200.07,SPY,2026-09-18T11:09:27.324959-04:00,759.8699951171875
SPY260930C00565000,2026-09-30,call,565.0,193.26,197.14,198.07,5.0,0.0,0.6879914013671876,2026-09-17 19:55:58+00:00,0.03342949882803779,195.2,SPY,2026-09-18T11:09:27.324959-04:00,759.8699951171875
SPY260930C00570000,2026-09-30,call,570.0,188.35,192.15,192.84,75.0,1.0,0.6826203613281252,2026-09-17 19:51:13+00:00,0.03342949882803779,190.25,SPY,2026-09-18T11:09:27.324959-04:00,759.8699951171875
SPY260930C00575000,2026-09-30,call,575.0,183.29,187.15,188.19,250.0,0.0,0.6567417138671876,2026-09-17 19:55:22+00:00,0.03342949882803779,185.22,SPY,2026-09-18T11:09:27.324959-04:00,759.8699951171875
SPY260930C00580000,2026-09-30,call,580.0,178.29,182.16,183.07,5.0,2.0,0.6401403173828125,2026-09-17 19:55:58+00:00,0.03342949882803779,180.225,SPY,2026-09-18T11:09:27.324959-04:00,759.8699951171875
SPY260930C00585000,2026-09-30,call,585.0,173.14,177.12,177.97,500.0,0.0,0.596683720703125,2026-09-17 19:51:02+00:00,0.03342949882803779,175.13,SPY,2026-09-18T11:09:27.324959-04:00,759.8699951171875
SPY260930C00590000,2026-09-30,call,590.0,168.31,172.16,172.9,95.0,0.0,0.6064492480468751,2026-09-17 19:51:29+00:00,0.03342949882803779,170.235,SPY,2026-09-18T11:09:27.324959-04:00,759.8699951171875
SPY260930C00594000,2026-09-30,call,594.0,164.39,168.18,165.7,4.0,4.0,0.6030313134765627,2026-09-18 14:14:57+00:00,0.03342949882803779,166.285,SPY,2026-09-18T11:09:27.324959-04:00,759.8699951171875
SPY260930C00595000,2026-09-30,call,595.0,163.31,167.19,167.94,250.0,0.0,0.5918009570312501,2026-09-17 19:55:22+00:00,0.03342949882803779,165.25,SPY,2026-09-18T11:09:27.324959-04:00,759.8699951171875
SPY260930C00596000,2026-09-30,call,596.0,162.32,166.19,166.82,5.0,0.0,0.5893595751953126,2026-09-17 19:51:18+00:00,0.03342949882803779,164.255,SPY,2026-09-18T11:09:27.324959-04:00,759.8699951171875
SPY260930C00597000,2026-09-30,call,597.0,161.3,165.19,166.1,10.0,0.0,0.5837443969726561,2026-09-17 19:55:58+00:00,0.03342949882803779,163.245,SPY,2026-09-18T11:09:27.324959-04:00,759.8699951171875
SPY260930C00598000,2026-09-30,call,598.0,160.32,164.19,165.21,1500.0,0.0,0.5825237060546875,2026-09-17 19:57:11+00:00,0.03342949882803779,162.255,SPY,2026-09-18T11:09:27.324959-04:00,759.8699951171875
SPY260930C00599000,2026-09-30,call,599.0,159.19,163.19,164.21,1500.0,0.0,0.5639692041015626,2026-09-17 19:57:11+00:00,0.03342949882803779,161.19,SPY,2026-09-18T11:09:27.324959-04:00,759.8699951171875
SPY260930C00600000,2026-09-30,call,600.0,158.33,162.15,163.11,1502.0,6.0,0.5720257641601563,2026-09-17 19:57:11+00:00,0.03342949882803779,160.24,SPY,2026-09-18T11:09:27.324959-04:00,759.8699951171875
SPY260930C00601000,2026-09-30,call,601.0,157.32,161.16,161.91,750.0,0.0,0.56836369140625,2026-09-17 19:50:56+00:00,0.03342949882803779,159.24,SPY,2026-09-18T11:09:27.324959-04:00,759.8699951171875
SPY260930C00602000,2026-09-30,call,602.0,156.34,160.17,160.97,50.0,0.0,0.5681195532226562,2026-09-17 19:51:41+00:00,0.03342949882803779,158.255,SPY,2026-09-18T11:09:27.324959-04:00,759.8699951171875
SPY260930C00603000,2026-09-30,call,603.0,155.33,159.14,160.01,50.0,0.0,0.5603071313476562,2026-09-17 19:51:41+00:00,0.03342949882803779,157.235,SPY,2026-09-18T11:09:27.324959-04:00,759.8699951171875
SPY260930C00604000,2026-09-30,call,604.0,154.21,158.2,159.01,50.0,0.0,0.5502974658203126,2026-09-17 19:51:41+00:00,0.03342949882803779,156.20499999999998,SPY,2026-09-18T11:09:27.324959-04:00,759.8699951171875
SPY260930C00605000,2026-09-30,call,605.0,153.34,157.21,158.11,1500.0,0.0,0.561527822265625,2026-09-17 19:57:11+00:00,0.03342949882803779,155.275,SPY,2026-09-18T11:09:27.324959-04:00,759.8699951171875
SPY260930C00606000,2026-09-30,call,606.0,152.33,156.16,157.21,1500.0,0.0,0.551762294921875,2026-09-17 19:57:11+00:00,0.03342949882803779,154.245,SPY,2026-09-18T11:09:27.324959-04:00,759.8699951171875
SPY260930C00607000,2026-09-30,call,607.0,151.34,155.21,156.22,15.0,0.0,0.5542036767578126,2026-09-17 19:53:49+00:00,0.03342949882803779,153.275,SPY,2026-09-18T11:09:27.324959-04:00,759.8699951171875
SPY260930C00608000,2026-09-30,call,608.0,150.34,154.2,154.87,150.0,0.0,0.5498091894531252,2026-09-17 19:51:23+00:00,0.03342949882803779,152.26999999999998,SPY,2026-09-18T11:09:27.324959-04:00,759.8699951171875
SPY260930C00609000,2026-09-30,call,609.0,149.23,153.17,154.01,50.0,0.0,0.5317429638671876,2026-09-17 19:51:41+00:00,0.03342949882803779,151.2,SPY,2026-09-18T11:09:27.324959-04:00,759.8699951171875
SPY260930C00610000,2026-09-30,call,610.0,148.21,152.27,152.92,500.0,0.0,0.5366257275390626,2026-09-17 19:51:02+00:00,0.03342949882803779,150.24,SPY,2026-09-18T11:09:27.324959-04:00,759.8699951171875
SPY260930C00611000,2026-09-30,call,611.0,147.61,151.21,151.81,1000.0,0.0,0.5637250659179689,2026-09-17 19:50:56+00:00,0.03342949882803779,149.41000000000003,SPY,2026-09-18T11:09:27.324959-04:00,759.8699951171875
SPY260930C00612000,2026-09-30,call,612.0,146.47,150.22,151.03,100.0,0.0,0.5493209130859377,2026-09-17 19:51:07+00:00,0.03342949882803779,148.345,SPY,2026-09-18T11:09:27.324959-04:00,759.8699951171875
SPY260930C00613000,2026-09-30,call,613.0,145.41,149.22,150.01,50.0,0.0,0.5405319384765627,2026-09-17 19:51:41+00:00,0.03342949882803779,147.315,SPY,2026-09-18T11:09:27.324959-04:00,759.8699951171875
SPY260930C00614000,2026-09-30,call,614.0,144.36,148.22,149.1,10.0,0.0,0.532231240234375,2026-09-17 19:55:58+00:00,0.03342949882803779,146.29000000000002,SPY,2026-09-18T11:09:27.324959-04:00,759.8699951171875
SPY260930C00615000,2026-09-30,call,615.0,143.2,147.15,147.95,361.0,0.0,0.5053760400390624,2026-09-17 19:59:40+00:00,0.03342949882803779,145.175,SPY,2026-09-18T11:09:27.324959-04:00,759.8699951171875
SPY260930C00616000,2026-09-30,call,616.0,142.4,146.2,147.03,200.0,0.0,0.5271043383789062,2026-09-17 19:53:45+00:00,0.03342949882803779,144.3,SPY,2026-09-18T11:09:27.324959-04:00,759.8699951171875
SPY260930C00617000,2026-09-30,call,617.0,141.44,145.22,146.03,100.0,0.0,0.5288133056640626,2026-09-17 19:51:07+00:00,0.03342949882803779,143.32999999999998,SPY,2026-09-18T11:09:27.324959-04:00,759.8699951171875
SPY260930C00618000,2026-09-30,call,618.0,140.44,144.45,144.75,200.0,0.0,0.5434615966796876,2026-09-17 19:53:45+00:00,0.03342949882803779,142.445,SPY,2026-09-18T11:09:27.324959-04:00,759.8699951171875
SPY260930C00619000,2026-09-30,call,619.0,139.37,143.23,144.11,50.0,0.0,0.516606396484375,2026-09-17 19:51:29+00:00,0.03342949882803779,141.3,SPY,2026-09-18T11:09:27.324959-04:00,759.8699951171875
SPY260930C00620000,2026-09-30,call,620.0,138.35,142.22,143.21,1001.0,1.0,0.5102588037109376,2026-09-17 19:52:22+00:00,0.03342949882803779,140.285,SPY,2026-09-18T11:09:27.324959-04:00,759.8699951171875
SPY260930C00621000,2026-09-30,call,621.0,137.36,141.19,142.1,50.0,0.0,0.5048877636718749,2026-09-17 19:55:22+00:00,0.03342949882803779,139.275,SPY,2026-09-18T11:09:27.324959-04:00,759.8699951171875
SPY260930C00622000,2026-09-30,call,622.0,136.35,140.24,141.0,10.0,0.0,0.5048877636718749,2026-09-17 19:55:58+00:00,0.03342949882803779,138.29500000000002,SPY,2026-09-18T11:09:27.324959-04:00,759.8699951171875
SPY260930C00623000,2026-09-30,call,623.0,135.37,139.24,136.83,2.0,2.0,0.5034229345703125,2026-09-18 14:19:08+00:00,0.03342949882803779,137.305,SPY,2026-09-18T11:09:27.324959-04:00,759.8699951171875
SPY260930C00624000,2026-09-30,call,624.0,134.5,138.26,139.09,5.0,0.0,0.5119677709960937,2026-09-17 19:56:14+00:00,0.03342949882803779,136.38,SPY,2026-09-18T11:09:27.324959-04:00,759.8699951171875
SPY260930C00625000,2026-09-30,call,625.0,133.38,137.24,138.19,250.0,0.0,0.6744417321777345,2026-09-17 19:55:22+00:00,0.03342949882803779,135.31,SPY,2026-09-18T11:09:27.324959-04:00,759.8699951171875
SPY260930C00626000,2026-09-30,call,626.0,132.43,136.24,137.4,200.0,0.0,0.670047244873047,2026-09-17 19:53:45+00:00,0.03342949882803779,134.335,SPY,2026-09-18T11:09:27.324959-04:00,759.8699951171875
SPY260930C00627000,2026-09-30,call,627.0,131.36,135.25,135.88,163.0,0.0,0.6661410339355471,2026-09-17 19:51:23+00:00,0.03342949882803779,133.305,SPY,2026-09-18T11:09:27.324959-04:00,759.8699951171875
SPY260930C00628000,2026-09-30,call,628.0,130.29,134.23,135.27,15.0,0.0,0.6605258557128908,2026-09-17 19:53:49+00:00,0.03342949882803779,132.26,SPY,2026-09-18T11:09:27.324959-04:00,759.8699951171875
SPY260930C00629000,2026-09-30,call,629.0,129.37,133.24,134.4,200.0,0.0,0.6567417138671876,2026-09-17 19:53:45+00:00,0.03342949882803779,131.305,SPY,2026-09-18T11:09:27.324959-04:00,759.8699951171875
SPY260930C00630000,2026-09-30,call,630.0,128.39,132.22,132.89,1000.0,1.0,0.6511265356445313,2026-09-17 19:50:56+00:00,0.03342949882803779,130.305,SPY,2026-09-18T11:09:27.324959-04:00,759.8699951171875
SPY260930C00631000,2026-09-30,call,631.0,127.39,131.26,131.89,750.0,1.0,0.6491734301757812,2026-09-17 19:50:56+00:00,0.03342949882803779,129.325,SPY,2026-09-18T11:09:27.324959-04:00,759.8699951171875
SPY260930C00632000,2026-09-30,call,632.0,126.24,130.24,131.06,150.0,0.0,0.6434361828613282,2026-09-17 19:55:40+00:00,0.03342949882803779,128.24,SPY,2026-09-18T11:09:27.324959-04:00,759.8699951171875
SPY260930C00633000,2026-09-30,call,633.0,125.29,129.26,130.29,300.0,3.0,0.6402623864746093,2026-09-17 19:55:47+00:00,0.03342949882803779,127.275,SPY,2026-09-18T11:09:27.324959-04:00,759.8699951171875
SPY260930C00634000,2026-09-30,call,634.0,124.39,128.26,129.05,150.0,0.0,0.635867899169922,2026-09-17 19:55:40+00:00,0.03342949882803779,126.32499999999999,SPY,2026-09-18T11:09:27.324959-04:00,759.8699951171875
SPY260930C00635000,2026-09-30,call,635.0,123.41,127.26,127.85,510.0,2.0,0.6314734118652343,2026-09-17 19:50:56+00:00,0.03342949882803779,125.33500000000001,SPY,2026-09-18T11:09:27.324959-04:00,759.8699951171875
SPY260930C00636000,2026-09-30,call,636.0,122.25,126.27,127.05,152.0,0.0,0.6276892700195313,2026-09-17 19:55:40+00:00,0.03342949882803779,124.25999999999999,SPY,2026-09-18T11:09:27.324959-04:00,759.8699951171875
SPY260930C00637000,2026-09-30,call,637.0,121.3,125.22,126.06,200.0,0.0,0.6202430554199221,2026-09-17 19:55:22+00:00,0.03342949882803779,123.25999999999999,SPY,2026-09-18T11:09:27.324959-04:00,759.8699951171875
SPY260930C00638000,2026-09-30,call,638.0,120.41,124.27,125.29,300.0,0.0,0.6189002954101563,2026-09-17 19:55:47+00:00,0.03342949882803779,122.34,SPY,2026-09-18T11:09:27.324959-04:00,759.8699951171875
SPY260930C00639000,2026-09-30,call,639.0,119.55,123.27,123.92,500.0,0.0,0.6145058081054688,2026-09-17 19:51:02+00:00,0.03342949882803779,121.41,SPY,2026-09-18T11:09:27.324959-04:00,759.8699951171875
SPY260930C00640000,2026-09-30,call,640.0,118.39,122.28,122.99,502.0,4.0,0.610599597167969,2026-09-17 19:51:02+00:00,0.03342949882803779,120.33500000000001,SPY,2026-09-18T11:09:27.324959-04:00,759.8699951171875
SPY260930C00641000,2026-09-30,call,641.0,117.49,121.28,121.92,300.0,0.0,0.6062051098632814,2026-09-17 19:55:47+00:00,0.03342949882803779,119.38499999999999,SPY,2026-09-18T11:09:27.324959-04:00,759.8699951171875
SPY260930C00642000,2026-09-30,call,642.0,116.41,120.28,121.29,300.0,0.0,0.601810622558594,2026-09-17 19:55:47+00:00,0.03342949882803779,118.345,SPY,2026-09-18T11:09:27.324959-04:00,759.8699951171875
SPY260930C00643000,2026-09-30,call,643.0,115.42,119.28,120.0,150.0,0.0,0.5974161352539062,2026-09-17 19:55:53+00:00,0.03342949882803779,117.35,SPY,2026-09-18T11:09:27.324959-04:00,759.8699951171875
SPY260930C00644000,2026-09-30,call,644.0,114.42,118.29,119.06,200.0,3.0,0.5936319934082033,2026-09-17 19:55:22+00:00,0.03342949882803779,116.355,SPY,2026-09-18T11:09:27.324959-04:00,759.8699951171875
SPY260930C00645000,2026-09-30,call,645.0,113.43,117.35,118.13,350.0,0.0,0.5925333715820313,2026-09-17 19:55:53+00:00,0.03342949882803779,115.39,SPY,2026-09-18T11:09:27.324959-04:00,759.8699951171875
SPY260930C00646000,2026-09-30,call,646.0,112.65,116.31,117.11,25.0,0.0,0.585941640625,2026-09-17 19:56:51+00:00,0.03342949882803779,114.48,SPY,2026-09-18T11:09:27.324959-04:00,759.8699951171875
SPY260930C00647000,2026-09-30,call,647.0,111.43,115.31,116.06,206.0,0.0,0.5815471533203125,2026-09-17 19:55:22+00:00,0.03342949882803779,113.37,SPY,2026-09-18T11:09:27.324959-04:00,759.8699951171875
SPY260930C00648000,2026-09-30,call,648.0,110.44,114.32,115.09,6.0,0.0,0.5776409423828125,2026-09-17 19:56:14+00:00,0.03342949882803779,112.38,SPY,2026-09-18T11:09:27.324959-04:00,759.8699951171875
SPY260930C00649000,2026-09-30,call,649.0,109.49,113.32,114.1,25.0,10.0,0.5732464550781251,2026-09-17 19:56:35+00:00,0.03342949882803779,111.405,SPY,2026-09-18T11:09:27.324959-04:00,759.8699951171875
SPY260930C00650000,2026-09-30,call,650.0,108.45,111.0,113.09,1502.0,7.0,0.48254911987304694,2026-09-17 19:57:11+00:00,0.03342949882803779,109.725,SPY,2026-09-18T11:09:27.324959-04:00,759.8699951171875
SPY260930C00651000,2026-09-30,call,651.0,107.59,111.31,111.93,100.0,0.0,0.5639692041015626,2026-09-17 19:51:07+00:00,0.03342949882803779,109.45,SPY,2026-09-18T11:09:27.324959-04:00,759.8699951171875
SPY260930C00652000,2026-09-30,call,652.0,106.45,110.34,110.11,17.0,0.0,0.5611616149902343,2026-09-17 19:55:00+00:00,0.03342949882803779,108.39500000000001,SPY,2026-09-18T11:09:27.324959-04:00,759.8699951171875
SPY260930C00653000,2026-09-30,call,653.0,105.44,109.23,109.91,30.0,0.0,0.5508467767333984,2026-09-17 19:51:23+00:00,0.03342949882803779,107.33500000000001,SPY,2026-09-18T11:09:27.324959-04:00,759.8699951171875
SPY260930C00654000,2026-09-30,call,654.0,104.45,108.34,109.23,15.0,0.0,0.5523726403808593,2026-09-17 19:53:49+00:00,0.03342949882803779,106.39500000000001,SPY,2026-09-18T11:09:27.324959-04:00,759.8699951171875
SPY260930C00655000,2026-09-30,call,655.0,103.43,107.32,108.05,151.0,0.0,0.5469405657958986,2026-09-17 19:55:40+00:00,0.03342949882803779,105.375,SPY,2026-09-18T11:09:27.324959-04:00,759.8699951171875
SPY260930C00656000,2026-09-30,call,656.0,102.52,106.3,107.02,50.0,3.0,0.5415084912109377,2026-09-17 19:51:29+00:00,0.03342949882803779,104.41,SPY,2026-09-18T11:09:27.324959-04:00,759.8699951171875
SPY260930C00657000,2026-09-30,call,657.0,101.47,105.33,105.99,10.0,0.0,0.5387009020996094,2026-09-17 19:51:36+00:00,0.03342949882803779,103.4,SPY,2026-09-18T11:09:27.324959-04:00,759.8699951171875
SPY260930C00658000,2026-09-30,call,658.0,100.48,104.55,105.1,25.0,0.0,0.5455367712402344,2026-09-17 19:56:35+00:00,0.03342949882803779,102.515,SPY,2026-09-18T11:09:27.324959-04:00,759.8699951171875
SPY260930C00659000,2026-09-30,call,659.0,99.48,103.3,103.75,50.0,0.0,0.5283250292968751,2026-09-17 19:51:29+00:00,0.03342949882803779,101.39,SPY,2026-09-18T11:09:27.324959-04:00,759.8699951171875
SPY260930C00660000,2026-09-30,call,660.0,98.53,102.34,103.13,359.0,1.0,0.5260057165527343,2026-09-17 19:55:53+00:00,0.03342949882803779,100.435,SPY,2026-09-18T11:09:27.324959-04:00,759.8699951171875
SPY260930C00661000,2026-09-30,call,661.0,97.55,101.34,102.12,15.0,10.0,0.5216112292480468,2026-09-17 19:56:51+00:00,0.03342949882803779,99.445,SPY,2026-09-18T11:09:27.324959-04:00,759.8699951171875
SPY260930C00662000,2026-09-30,call,662.0,96.42,100.26,101.08,15.0,0.0,0.5131884619140624,2026-09-17 19:53:49+00:00,0.03342949882803779,98.34,SPY,2026-09-18T11:09:27.324959-04:00,759.8699951171875
SPY260930C00663000,2026-09-30,call,663.0,95.56,99.36,99.71,100.0,0.0,0.5139208764648437,2026-09-17 19:51:07+00:00,0.03342949882803779,97.46000000000001,SPY,2026-09-18T11:09:27.324959-04:00,759.8699951171875
SPY260930C00664000,2026-09-30,call,664.0,94.56,98.35,99.06,210.0,0.0,0.5089770782470704,2026-09-17 19:55:22+00:00,0.03342949882803779,96.455,SPY,2026-09-18T11:09:27.324959-04:00,759.8699951171875
SPY260930C00665000,2026-09-30,call,665.0,93.63,97.34,98.05,154.0,1.0,0.5040943145751953,2026-09-17 19:55:40+00:00,0.03342949882803779,95.485,SPY,2026-09-18T11:09:27.324959-04:00,759.8699951171875
SPY260930C00666000,2026-09-30,call,666.0,92.55,96.36,96.75,50.0,1.0,0.5007374145507812,2026-09-17 19:51:29+00:00,0.03342949882803779,94.455,SPY,2026-09-18T11:09:27.324959-04:00,759.8699951171875
SPY260930C00667000,2026-09-30,call,667.0,91.55,95.38,95.89,100.0,1.0,0.4973194799804688,2026-09-17 19:51:23+00:00,0.03342949882803779,93.465,SPY,2026-09-18T11:09:27.324959-04:00,759.8699951171875
SPY260930C00668000,2026-09-30,call,668.0,90.56,94.38,95.05,150.0,0.0,0.4929249926757813,2026-09-17 19:55:40+00:00,0.03342949882803779,92.47,SPY,2026-09-18T11:09:27.324959-04:00,759.8699951171875
SPY260930C00669000,2026-09-30,call,669.0,89.5,93.28,94.13,313.0,0.0,0.4835867071533204,2026-09-17 19:55:53+00:00,0.03342949882803779,91.39,SPY,2026-09-18T11:09:27.324959-04:00,759.8699951171875
SPY260930C00670000,2026-09-30,call,670.0,88.45,92.26,93.22,3015.0,21.0,0.47827670166015623,2026-09-17 19:57:11+00:00,0.03342949882803779,90.355,SPY,2026-09-18T11:09:27.324959-04:00,759.8699951171875
SPY260930C00671000,2026-09-30,call,671.0,87.51,91.29,92.05,150.0,1.0,0.4753470434570312,2026-09-17 19:55:40+00:00,0.03342949882803779,89.4,SPY,2026-09-18T11:09:27.324959-04:00,759.8699951171875
SPY260930C00672000,2026-09-30,call,672.0,86.42,90.38,90.75,50.0,0.0,0.4752860089111328,2026-09-17 19:51:29+00:00,0.03342949882803779,88.4,SPY,2026-09-18T11:09:27.324959-04:00,759.8699951171875
SPY260930C00673000,2026-09-30,call,673.0,85.61,89.3,90.11,50.0,0.0,0.4670463452148438,2026-09-17 19:51:29+00:00,0.03342949882803779,87.455,SPY,2026-09-18T11:09:27.324959-04:00,759.8699951171875
SPY260930C00674000,2026-09-30,call,674.0,84.58,88.39,87.57,1.0,1.0,0.4669242761230469,2026-09-17 19:51:23+00:00,0.03342949882803779,86.485,SPY,2026-09-18T11:09:27.324959-04:00,759.8699951171875
SPY260930C00675000,2026-09-30,call,675.0,83.71,87.38,86.78,19.0,20.0,0.462041512451172,2026-09-18 14:08:04+00:00,0.03342949882803779,85.54499999999999,SPY,2026-09-18T11:09:27.324959-04:00,759.8699951171875
SPY260930C00676000,2026-09-30,call,676.0,82.54,86.31,86.85,50.0,0.0,0.45435115966796874,2026-09-17 19:51:13+00:00,0.03342949882803779,84.42500000000001,SPY,2026-09-18T11:09:27.324959-04:00,759.8699951171875
SPY260930C00677000,2026-09-30,call,677.0,81.54,85.41,86.13,310.0,0.0,0.4545952978515625,2026-09-17 19:55:53+00:00,0.03342949882803779,83.475,SPY,2026-09-18T11:09:27.324959-04:00,759.8699951171875
SPY260930C00678000,2026-09-30,call,678.0,80.54,84.39,85.09,25.0,1.0,0.4493463269042969,2026-09-17 19:56:35+00:00,0.03342949882803779,82.465,SPY,2026-09-18T11:09:27.324959-04:00,759.8699951171875
SPY260930C00679000,2026-09-30,call,679.0,79.55,83.3,83.89,100.0,0.0,0.4408014904785156,2026-09-17 19:51:23+00:00,0.03342949882803779,81.425,SPY,2026-09-18T11:09:27.324959-04:00,759.8699951171875
SPY260930C00680000,2026-09-30,call,680.0,78.62,82.41,82.88,814.0,26.0,0.4414118359375,2026-09-17 19:50:56+00:00,0.03342949882803779,80.515,SPY,2026-09-18T11:09:27.324959-04:00,759.8699951171875
SPY260930C00681000,2026-09-30,call,681.0,77.46,81.28,81.84,53.0,0.0,0.4310969976806641,2026-09-17 19:51:13+00:00,0.03342949882803779,79.37,SPY,2026-09-18T11:09:27.324959-04:00,759.8699951171875
SPY260930C00682000,2026-09-30,call,682.0,76.47,80.4,81.4,150.0,0.0,0.4321345849609375,2026-09-17 19:53:45+00:00,0.03342949882803779,78.435,SPY,2026-09-18T11:09:27.324959-04:00,759.8699951171875
SPY260930C00683000,2026-09-30,call,683.0,75.7,79.29,80.4,151.0,0.0,0.42273526489257807,2026-09-17 19:53:45+00:00,0.03342949882803779,77.495,SPY,2026-09-18T11:09:27.324959-04:00,759.8699951171875
SPY260930C00684000,2026-09-30,call,684.0,74.57,78.43,78.78,50.0,1.0,0.42456630126953127,2026-09-17 19:51:13+00:00,0.03342949882803779,76.5,SPY,2026-09-18T11:09:27.324959-04:00,759.8699951171875
SPY260930C00685000,2026-09-30,call,685.0,73.65,77.45,78.13,377.0,1.0,0.42102629760742194,2026-09-17 19:55:53+00:00,0.03342949882803779,75.55000000000001,SPY,2026-09-18T11:09:27.324959-04:00,759.8699951171875
SPY260930C00686000,2026-09-30,call,686.0,72.47,76.18,76.82,104.0,0.0,0.4046690393066406,2026-09-17 19:51:23+00:00,0.03342949882803779,74.325,SPY,2026-09-18T11:09:27.324959-04:00,759.8699951171875
SPY260930C00687000,2026-09-30,call,687.0,71.49,75.37,76.05,210.0,4.0,0.40869731933593745,2026-09-17 19:55:22+00:00,0.03342949882803779,73.43,SPY,2026-09-18T11:09:27.324959-04:00,759.8699951171875
SPY260930C00688000,2026-09-30,call,688.0,70.48,74.37,74.48,10.0,0.0,0.4042417974853516,2026-09-17 18:31:07+00:00,0.03342949882803779,72.42500000000001,SPY,2026-09-18T11:09:27.324959-04:00,759.8699951171875
SPY260930C00689000,2026-09-30,call,689.0,69.51,73.38,72.79,1.0,1.0,0.40027455200195317,2026-09-18 13:38:24+00:00,0.03342949882803779,71.445,SPY,2026-09-18T11:09:27.324959-04:00,759.8699951171875
SPY260930C00690000,2026-09-30,call,690.0,68.61,72.49,74.62,25.0,17.0,0.40039662109375,2026-09-17 19:53:03+00:00,0.03342949882803779,70.55,SPY,2026-09-18T11:09:27.324959-04:00,759.8699951171875
SPY260930C00691000,2026-09-30,call,691.0,67.69,71.47,69.86,4.0,5.0,0.39514765014648445,2026-09-18 13:53:04+00:00,0.03342949882803779,69.58,SPY,2026-09-18T11:09:27.324959-04:00,759.8699951171875
SPY260930C00692000,2026-09-30,call,692.0,66.61,70.4,69.55,10.0,0.0,0.3878235046386719,2026-09-17 15:31:50+00:00,0.03342949882803779,68.505,SPY,2026-09-18T11:09:27.324959-04:00,759.8699951171875
SPY260930C00693000,2026-09-30,call,693.0,65.63,69.63,74.04,1.0,0.0,0.39264523376464844,2026-09-08 19:51:25+00:00,0.03342949882803779,67.63,SPY,2026-09-18T11:09:27.324959-04:00,759.8699951171875
SPY260930C00694000,2026-09-30,call,694.0,64.71,68.53,76.66,4.0,0.0,0.3841614318847656,2026-09-04 17:30:27+00:00,0.03342949882803779,66.62,SPY,2026-09-18T11:09:27.324959-04:00,759.8699951171875
SPY260930C00695000,2026-09-30,call,695.0,63.71,67.49,67.27,9.0,26.0,0.37805797729492185,2026-09-17 18:59:13+00:00,0.03342949882803779,65.6,SPY,2026-09-18T11:09:27.324959-04:00,759.8699951171875
SPY260930C00696000,2026-09-30,call,696.0,62.82,66.55,74.69,4.0,0.0,0.37592176818847656,2026-09-04 17:30:27+00:00,0.03342949882803779,64.685,SPY,2026-09-18T11:09:27.324959-04:00,759.8699951171875
SPY260930C00697000,2026-09-30,call,697.0,61.79,65.34,67.56,2.0,0.0,0.36310451354980466,2026-09-09 14:44:02+00:00,0.03342949882803779,63.565,SPY,2026-09-18T11:09:27.324959-04:00,759.8699951171875
SPY260930C00698000,2026-09-30,call,698.0,60.91,64.5,64.21,2.0,0.0,0.36499658447265626,2026-09-17 16:07:58+00:00,0.03342949882803779,62.705,SPY,2026-09-18T11:09:27.324959-04:00,759.8699951171875
SPY260930C00699000,2026-09-30,call,699.0,59.68,63.51,63.64,1705.0,0.0,0.36084623535156246,2026-09-14 15:57:20+00:00,0.03342949882803779,61.595,SPY,2026-09-18T11:09:27.324959-04:00,759.8699951171875
SPY260930C00700000,2026-09-30,call,700.0,58.87,62.53,59.92,2.0,51.0,0.35712312805175783,2026-09-18 14:07:59+00:00,0.03342949882803779,60.7,SPY,2026-09-18T11:09:27.324959-04:00,759.8699951171875
SPY260930C00701000,2026-09-30,call,701.0,57.76,61.54,58.79,302.0,0.0,0.35297277893066403,2026-09-16 14:20:32+00:00,0.03342949882803779,59.65,SPY,2026-09-18T11:09:27.324959-04:00,759.8699951171875
SPY260930C00702000,2026-09-30,call,702.0,56.76,60.71,50.25,1.0,0.0,0.35474278076171867,2026-09-16 19:33:39+00:00,0.03342949882803779,58.735,SPY,2026-09-18T11:09:27.324959-04:00,759.8699951171875
SPY260930C00703000,2026-09-30,call,703.0,55.71,59.46,57.48,153.0,0.0,0.34088793884277346,2026-09-14 15:30:48+00:00,0.03342949882803779,57.585,SPY,2026-09-18T11:09:27.324959-04:00,759.8699951171875
SPY260930C00704000,2026-09-30,call,704.0,54.79,58.74,58.41,5.0,0.0,0.3466251861572265,2026-09-17 16:48:19+00:00,0.03342949882803779,56.765,SPY,2026-09-18T11:09:27.324959-04:00,759.8699951171875
SPY260930C00705000,2026-09-30,call,705.0,53.64,57.52,57.88,5.0,18.0,0.3340520697021484,2026-09-17 19:09:28+00:00,0.03342949882803779,55.58,SPY,2026-09-18T11:09:27.324959-04:00,759.8699951171875
SPY260930C00706000,2026-09-30,call,706.0,52.75,56.76,58.97,2.0,0.0,0.33814138427734375,2026-09-09 13:39:57+00:00,0.03342949882803779,54.754999999999995,SPY,2026-09-18T11:09:27.324959-04:00,759.8699951171875
SPY260930C00707000,2026-09-30,call,707.0,51.92,55.77,54.32,1.0,0.0,0.33386896606445315,2026-09-17 13:36:59+00:00,0.03342949882803779,53.845,SPY,2026-09-18T11:09:27.324959-04:00,759.8699951171875
SPY260930C00708000,2026-09-30,call,708.0,50.84,54.56,54.61,4.0,0.0,0.3217841259765625,2026-09-17 16:48:03+00:00,0.03342949882803779,52.7,SPY,2026-09-18T11:09:27.324959-04:00,759.8699951171875
SPY260930C00709000,2026-09-30,call,709.0,49.69,53.58,50.69,2.0,0.0,0.31793894958496094,2026-09-16 14:13:06+00:00,0.03342949882803779,51.635,SPY,2026-09-18T11:09:27.324959-04:00,759.8699951171875
SPY260930C00710000,2026-09-30,call,710.0,48.79,52.64,52.37,2.0,42.0,0.3154365332031249,2026-09-18 13:30:02+00:00,0.03342949882803779,50.715,SPY,2026-09-18T11:09:27.324959-04:00,759.8699951171875
SPY260930C00711000,2026-09-30,call,711.0,47.85,51.56,49.48,198.0,0.0,0.308051353149414,2026-09-10 15:01:38+00:00,0.03342949882803779,49.705,SPY,2026-09-18T11:09:27.324959-04:00,759.8699951171875
SPY260930C00712000,2026-09-30,call,712.0,46.9,50.72,49.62,1.0,1.0,0.30884480224609373,2026-09-16 13:44:02+00:00,0.03342949882803779,48.81,SPY,2026-09-18T11:09:27.324959-04:00,759.8699951171875
SPY260930C00713000,2026-09-30,call,713.0,45.89,49.04,49.42,2.0,0.0,0.2802806347656249,2026-09-17 16:59:29+00:00,0.03342949882803779,47.465,SPY,2026-09-18T11:09:27.324959-04:00,759.8699951171875
SPY260930C00714000,2026-09-30,call,714.0,44.86,48.09,46.19,3.0,0.0,0.2776561492919921,2026-09-16 17:09:36+00:00,0.03342949882803779,46.475,SPY,2026-09-18T11:09:27.324959-04:00,759.8699951171875
SPY260930C00715000,2026-09-30,call,715.0,43.98,47.57,45.43,2.0,1.0,0.2898630584716796,2026-09-18 14:32:58+00:00,0.03342949882803779,45.775,SPY,2026-09-18T11:09:27.324959-04:00,759.8699951171875
SPY260930C00716000,2026-09-30,call,716.0,43.36,46.65,40.8,41.0,0.0,0.28784891845703114,2026-09-16 18:52:47+00:00,0.03342949882803779,45.004999999999995,SPY,2026-09-18T11:09:27.324959-04:00,759.8699951171875
SPY260930C00717000,2026-09-30,call,717.0,42.14,45.93,42.0,4.0,0.0,0.29206030212402334,2026-09-15 14:15:32+00:00,0.03342949882803779,44.035,SPY,2026-09-18T11:09:27.324959-04:00,759.8699951171875
SPY260930C00718000,2026-09-30,call,718.0,41.15,44.67,44.22,4.0,10.0,0.27912097839355465,2026-09-17 16:07:58+00:00,0.03342949882803779,42.91,SPY,2026-09-18T11:09:27.324959-04:00,759.8699951171875
SPY260930C00719000,2026-09-30,call,719.0,40.14,43.69,42.02,2.0,0.0,0.27503166381835936,2026-09-17 13:42:37+00:00,0.03342949882803779,41.915,SPY,2026-09-18T11:09:27.324959-04:00,759.8699951171875
SPY260930C00720000,2026-09-30,call,720.0,39.19,42.71,40.33,2.0,37.0,0.2708813146972656,2026-09-18 14:04:37+00:00,0.03342949882803779,40.95,SPY,2026-09-18T11:09:27.324959-04:00,759.8699951171875
SPY260930C00721000,2026-09-30,call,721.0,38.21,41.91,41.56,2.0,0.0,0.2722851092529296,2026-09-17 16:47:50+00:00,0.03342949882803779,40.06,SPY,2026-09-18T11:09:27.324959-04:00,759.8699951171875
SPY260930C00722000,2026-09-30,call,722.0,37.19,40.77,40.46,4.0,1.0,0.26319096191406255,2026-09-18 13:42:06+00:00,0.03342949882803779,38.980000000000004,SPY,2026-09-18T11:09:27.324959-04:00,759.8699951171875
SPY260930C00723000,2026-09-30,call,723.0,36.13,39.64,39.22,24.0,0.0,0.25440198730468755,2026-09-18 13:38:59+00:00,0.03342949882803779,37.885000000000005,SPY,2026-09-18T11:09:27.324959-04:00,759.8699951171875
SPY260930C00724000,2026-09-30,call,724.0,35.25,38.16,37.16,19.0,110.0,0.2345657598876953,2026-09-17 14:18:09+00:00,0.03342949882803779,36.705,SPY,2026-09-18T11:09:27.324959-04:00,759.8699951171875
SPY260930C00725000,2026-09-30,call,725.0,34.46,37.63,37.47,7.0,85.0,0.24457542541503907,2026-09-18 13:38:25+00:00,0.03342949882803779,36.045,SPY,2026-09-18T11:09:27.324959-04:00,759.8699951171875
SPY260930C00726000,2026-09-30,call,726.0,33.35,36.33,29.52,9.0,598.0,0.2306595489501953,2026-09-16 19:58:57+00:00,0.03342949882803779,34.84,SPY,2026-09-18T11:09:27.324959-04:00,759.8699951171875
SPY260930C00727000,2026-09-30,call,727.0,32.35,35.36,34.18,2.0,581.0,0.2268143725585937,2026-09-17 15:03:38+00:00,0.03342949882803779,33.855000000000004,SPY,2026-09-18T11:09:27.324959-04:00,759.8699951171875
SPY260930C00728000,2026-09-30,call,728.0,31.31,34.86,32.73,4.0,643.0,0.2366409344482422,2026-09-18 14:33:02+00:00,0.03342949882803779,33.085,SPY,2026-09-18T11:09:27.324959-04:00,759.8699951171875
SPY260930C00729000,2026-09-30,call,729.0,30.46,33.92,31.82,1.0,560.0,0.2333755862426758,2026-09-18 14:07:21+00:00,0.03342949882803779,32.19,SPY,2026-09-18T11:09:27.324959-04:00,759.8699951171875
SPY260930C00730000,2026-09-30,call,730.0,29.72,32.39,33.0,119.0,5767.0,0.2133867724609375,2026-09-17 19:56:54+00:00,0.03342949882803779,31.055,SPY,2026-09-18T11:09:27.324959-04:00,759.8699951171875
SPY260930C00731000,2026-09-30,call,731.0,28.88,31.54,24.97,1.0,1134.0,0.21283746154785155,2026-09-16 19:57:52+00:00,0.03342949882803779,30.21,SPY,2026-09-18T11:09:27.324959-04:00,759.8699951171875
SPY260930C00732000,2026-09-30,call,732.0,27.61,30.57,29.73,46.0,878.0,0.2087481469726562,2026-09-17 13:47:01+00:00,0.03342949882803779,29.09,SPY,2026-09-18T11:09:27.324959-04:00,759.8699951171875
SPY260930C00733000,2026-09-30,call,733.0,26.85,29.67,26.95,199.0,961.0,0.20655090332031245,2026-09-16 18:32:23+00:00,0.03342949882803779,28.26,SPY,2026-09-18T11:09:27.324959-04:00,759.8699951171875
SPY260930C00734000,2026-09-30,call,734.0,25.61,28.81,22.81,6.0,737.0,0.20533021240234373,2026-09-16 20:04:12+00:00,0.03342949882803779,27.21,SPY,2026-09-18T11:09:27.324959-04:00,759.8699951171875
SPY260930C00735000,2026-09-30,call,735.0,24.78,28.2,28.74,6.0,1773.0,0.2102740106201172,2026-09-17 19:11:22+00:00,0.03342949882803779,26.490000000000002,SPY,2026-09-18T11:09:27.324959-04:00,759.8699951171875
SPY260930C00736000,2026-09-30,call,736.0,25.67,25.92,26.84,1.0,743.0,0.1708456939697266,2026-09-18 13:59:35+00:00,0.03342949882803779,25.795,SPY,2026-09-18T11:09:27.324959-04:00,759.8699951171875
SPY260930C00737000,2026-09-30,call,737.0,24.75,25.0,24.03,2.0,592.0,0.16834327758789067,2026-09-17 18:18:08+00:00,0.03342949882803779,24.875,SPY,2026-09-18T11:09:27.324959-04:00,759.8699951171875
SPY260930C00738000,2026-09-30,call,738.0,23.79,24.09,24.28,6.0,361.0,0.16596293029785159,2026-09-18 13:51:44+00:00,0.03342949882803779,23.939999999999998,SPY,2026-09-18T11:09:27.324959-04:00,759.8699951171875
SPY260930C00739000,2026-09-30,call,739.0,22.82,23.12,22.72,7.0,304.0,0.16181258117675779,2026-09-18 14:24:06+00:00,0.03342949882803779,22.97,SPY,2026-09-18T11:09:27.324959-04:00,759.8699951171875
SPY260930C00740000,2026-09-30,call,740.0,21.97,22.25,22.05,423.0,2762.0,0.16022568298339845,2026-09-18 14:00:16+00:00,0.03342949882803779,22.11,SPY,2026-09-18T11:09:27.324959-04:00,759.8699951171875
SPY260930C00741000,2026-09-30,call,741.0,21.15,21.38,20.7,1.0,582.0,0.15845568115234376,2026-09-18 14:18:57+00:00,0.03342949882803779,21.265,SPY,2026-09-18T11:09:27.324959-04:00,759.8699951171875
SPY260930C00742000,2026-09-30,call,742.0,18.38,20.41,21.63,72.0,1493.0,0.1540001593017578,2026-09-17 18:55:21+00:00,0.03342949882803779,19.395,SPY,2026-09-18T11:09:27.324959-04:00,759.8699951171875
SPY260930C00743000,2026-09-30,call,743.0,17.51,19.53,20.36,1.0,862.0,0.1516808465576172,2026-09-17 14:40:43+00:00,0.03342949882803779,18.520000000000003,SPY,2026-09-18T11:09:27.324959-04:00,759.8699951171875
SPY260930C00744000,2026-09-30,call,744.0,18.35,18.61,19.46,2.0,643.0,0.1482629119873047,2026-09-18 13:38:58+00:00,0.03342949882803779,18.48,SPY,2026-09-18T11:09:27.324959-04:00,759.8699951171875
SPY260930C00745000,2026-09-30,call,745.0,17.54,17.76,17.35,32.0,3992.0,0.14624877197265623,2026-09-18 14:28:09+00:00,0.03342949882803779,17.65,SPY,2026-09-18T11:09:27.324959-04:00,759.8699951171875
SPY260930C00746000,2026-09-30,call,746.0,16.7,16.89,17.71,2.0,909.0,0.14362428649902342,2026-09-18 13:38:58+00:00,0.03342949882803779,16.795,SPY,2026-09-18T11:09:27.324959-04:00,759.8699951171875
SPY260930C00747000,2026-09-30,call,747.0,15.81,16.01,16.85,2.0,940.0,0.14060307647705078,2026-09-18 13:38:58+00:00,0.03342949882803779,15.91,SPY,2026-09-18T11:09:27.324959-04:00,759.8699951171875
SPY260930C00748000,2026-09-30,call,748.0,14.99,15.2,15.97,2.0,372.0,0.13886359191894532,2026-09-18 13:38:57+00:00,0.03342949882803779,15.094999999999999,SPY,2026-09-18T11:09:27.324959-04:00,759.8699951171875
SPY260930C00749000,2026-09-30,call,749.0,14.15,14.34,13.97,304.0,426.0,0.13584238189697267,2026-09-18 14:49:45+00:00,0.03342949882803779,14.245000000000001,SPY,2026-09-18T11:09:27.324959-04:00,759.8699951171875
SPY260930C00750000,2026-09-30,call,750.0,13.4,13.51,13.3,83.0,5112.0,0.1332178964233398,2026-09-18 14:51:28+00:00,0.03342949882803779,13.455,SPY,2026-09-18T11:09:27.324959-04:00,759.8699951171875
SPY260930C00751000,2026-09-30,call,751.0,12.6,12.76,12.33,10.0,1084.0,0.1319361709594727,2026-09-18 14:09:35+00:00,0.03342949882803779,12.68,SPY,2026-09-18T11:09:27.324959-04:00,759.8699951171875
SPY260930C00752000,2026-09-30,call,752.0,11.78,11.93,11.67,547.0,608.0,0.1288234091186523,2026-09-18 14:28:38+00:00,0.03342949882803779,11.855,SPY,2026-09-18T11:09:27.324959-04:00,759.8699951171875
SPY260930C00753000,2026-09-30,call,753.0,11.03,11.17,10.63,20.0,604.0,0.1267787518310547,2026-09-18 14:02:32+00:00,0.03342949882803779,11.1,SPY,2026-09-18T11:09:27.324959-04:00,759.8699951171875
SPY260930C00754000,2026-09-30,call,754.0,10.25,10.4,10.03,50.0,503.0,0.12421530090332032,2026-09-18 14:50:34+00:00,0.03342949882803779,10.325,SPY,2026-09-18T11:09:27.324959-04:00,759.8699951171875
SPY260930C00755000,2026-09-30,call,755.0,9.58,9.7,9.41,824.0,3551.0,0.12265891998291016,2026-09-18 14:50:56+00:00,0.03342949882803779,9.64,SPY,2026-09-18T11:09:27.324959-04:00,759.8699951171875
SPY260930C00756000,2026-09-30,call,756.0,8.84,8.96,8.85,579.0,1149.0,0.12003443450927734,2026-09-18 14:51:53+00:00,0.03342949882803779,8.9,SPY,2026-09-18T11:09:27.324959-04:00,759.8699951171875
SPY260930C00757000,2026-09-30,call,757.0,8.19,8.31,8.23,292.0,1550.0,0.1186916744995117,2026-09-18 14:53:04+00:00,0.03342949882803779,8.25,SPY,2026-09-18T11:09:27.324959-04:00,759.8699951171875
SPY260930C00758000,2026-09-30,call,758.0,7.5,7.62,7.25,14.0,1022.0,0.11625029266357423,2026-09-18 14:25:15+00:00,0.03342949882803779,7.5600000000000005,SPY,2026-09-18T11:09:27.324959-04:00,759.8699951171875
SPY260930C00759000,2026-09-30,call,759.0,6.87,6.89,6.96,180.0,1662.0,0.11271028900146485,2026-09-18 14:52:53+00:00,0.03342949882803779,6.88,SPY,2026-09-18T11:09:27.324959-04:00,759.8699951171875
SPY260930C00760000,2026-09-30,call,760.0,6.27,6.29,6.28,582.0,4442.0,0.1110318389892578,2026-09-18 14:53:20+00:00,0.03342949882803779,6.279999999999999,SPY,2026-09-18T11:09:27.324959-04:00,759.8699951171875
SPY260930C00761000,2026-09-30,call,761.0,5.68,5.7,5.66,698.0,5820.0,0.10913976806640624,2026-09-18 14:53:31+00:00,0.03342949882803779,5.6899999999999995,SPY,2026-09-18T11:09:27.324959-04:00,759.8699951171875
SPY260930C00762000,2026-09-30,call,762.0,5.13,5.17,5.14,339.0,2283.0,0.10779700805664064,2026-09-18 14:52:43+00:00,0.03342949882803779,5.15,SPY,2026-09-18T11:09:27.324959-04:00,759.8699951171875
SPY260930C00763000,2026-09-30,call,763.0,4.6,4.64,4.36,49.0,1267.0,0.10599648895263672,2026-09-18 14:46:33+00:00,0.03342949882803779,4.619999999999999,SPY,2026-09-18T11:09:27.324959-04:00,759.8699951171875
SPY260930C00764000,2026-09-30,call,764.0,4.08,4.12,4.09,339.0,1351.0,0.1038602798461914,2026-09-18 14:52:40+00:00,0.03342949882803779,4.1,SPY,2026-09-18T11:09:27.324959-04:00,759.8699951171875
SPY260930C00765000,2026-09-30,call,765.0,3.65,3.69,3.41,487.0,4648.0,0.10282269256591797,2026-09-18 14:48:33+00:00,0.03342949882803779,3.67,SPY,2026-09-18T11:09:27.324959-04:00,759.8699951171875
SPY260930C00766000,2026-09-30,call,766.0,3.18,3.22,3.01,108.0,1821.0,0.10053389709472656,2026-09-18 14:46:34+00:00,0.03342949882803779,3.2,SPY,2026-09-18T11:09:27.324959-04:00,759.8699951171875
SPY260930C00767000,2026-09-30,call,767.0,2.79,2.82,2.57,131.0,1651.0,0.0989469989013672,2026-09-18 14:43:29+00:00,0.03342949882803779,2.8049999999999997,SPY,2026-09-18T11:09:27.324959-04:00,759.8699951171875
SPY260930C00768000,2026-09-30,call,768.0,2.42,2.46,2.45,15.0,1580.0,0.09757372161865235,2026-09-18 14:10:43+00:00,0.03342949882803779,2.44,SPY,2026-09-18T11:09:27.324959-04:00,759.8699951171875
SPY260930C00769000,2026-09-30,call,769.0,2.12,2.16,2.01,112.0,2502.0,0.09687182434082033,2026-09-18 14:49:34+00:00,0.03342949882803779,2.14,SPY,2026-09-18T11:09:27.324959-04:00,759.8699951171875
SPY260930C00770000,2026-09-30,call,770.0,1.81,1.83,1.84,498.0,6999.0,0.09488820159912112,2026-09-18 14:54:11+00:00,0.03342949882803779,1.82,SPY,2026-09-18T11:09:27.324959-04:00,759.8699951171875
SPY260930C00771000,2026-09-30,call,771.0,1.56,1.58,1.58,85.0,2065.0,0.09406423522949219,2026-09-18 14:53:42+00:00,0.03342949882803779,1.57,SPY,2026-09-18T11:09:27.324959-04:00,759.8699951171875
SPY260930C00772000,2026-09-30,call,772.0,1.33,1.34,1.34,215.0,2226.0,0.09287406158447264,2026-09-18 14:53:39+00:00,0.03342949882803779,1.335,SPY,2026-09-18T11:09:27.324959-04:00,759.8699951171875
SPY260930C00773000,2026-09-30,call,773.0,1.14,1.16,1.14,272.0,2652.0,0.09266044067382811,2026-09-18 14:53:43+00:00,0.03342949882803779,1.15,SPY,2026-09-18T11:09:27.324959-04:00,759.8699951171875
SPY260930C00774000,2026-09-30,call,774.0,0.95,0.96,0.95,220.0,1676.0,0.09119561157226563,2026-09-18 14:52:50+00:00,0.03342949882803779,0.955,SPY,2026-09-18T11:09:27.324959-04:00,759.8699951171875
SPY260930C00775000,2026-09-30,call,775.0,0.79,0.81,0.7,445.0,17583.0,0.09058526611328124,2026-09-18 14:43:37+00:00,0.03342949882803779,0.8,SPY,2026-09-18T11:09:27.324959-04:00,759.8699951171875
SPY260930C00776000,2026-09-30,call,776.0,0.65,0.67,0.65,83.0,1058.0,0.08966974792480469,2026-09-18 14:52:09+00:00,0.03342949882803779,0.66,SPY,2026-09-18T11:09:27.324959-04:00,759.8699951171875
SPY260930C00777000,2026-09-30,call,777.0,0.56,0.57,0.5,53.0,3741.0,0.08960871337890625,2026-09-18 14:42:31+00:00,0.03342949882803779,0.565,SPY,2026-09-18T11:09:27.324959-04:00,759.8699951171875
SPY260930C00778000,2026-09-30,call,778.0,0.46,0.47,0.45,855.0,2861.0,0.08899836791992188,2026-09-18 14:52:41+00:00,0.03342949882803779,0.46499999999999997,SPY,2026-09-18T11:09:27.324959-04:00,759.8699951171875
SPY260930C00779000,2026-09-30,call,779.0,0.37,0.39,0.38,2511.0,5224.0,0.08863216064453125,2026-09-18 14:53:11+00:00,0.03342949882803779,0.38,SPY,2026-09-18T11:09:27.324959-04:00,759.8699951171875
SPY260930C00780000,2026-09-30,call,780.0,0.31,0.32,0.31,730.0,18881.0,0.08826595336914064,2026-09-18 14:53:32+00:00,0.03342949882803779,0.315,SPY,2026-09-18T11:09:27.324959-04:00,759.8699951171875
SPY260930C00781000,2026-09-30,call,781.0,0.26,0.27,0.23,322.0,2269.0,0.08851009155273437,2026-09-18 14:33:16+00:00,0.03342949882803779,0.265,SPY,2026-09-18T11:09:27.324959-04:00,759.8699951171875
SPY260930C00782000,2026-09-30,call,782.0,0.22,0.23,0.21,206.0,1845.0,0.088876298828125,2026-09-18 14:24:29+00:00,0.03342949882803779,0.225,SPY,2026-09-18T11:09:27.324959-04:00,759.8699951171875
SPY260930C00783000,2026-09-30,call,783.0,0.19,0.2,0.2,88.0,1214.0,0.08960871337890625,2026-09-18 14:53:53+00:00,0.03342949882803779,0.195,SPY,2026-09-18T11:09:27.324959-04:00,759.8699951171875
SPY260930C00784000,2026-09-30,call,784.0,0.16,0.17,0.2,433.0,1657.0,0.09009698974609376,2026-09-18 13:46:49+00:00,0.03342949882803779,0.165,SPY,2026-09-18T11:09:27.324959-04:00,759.8699951171875
SPY260930C00785000,2026-09-30,call,785.0,0.13,0.14,0.14,335.0,5402.0,0.09009698974609376,2026-09-18 14:53:42+00:00,0.03342949882803779,0.135,SPY,2026-09-18T11:09:27.324959-04:00,759.8699951171875
SPY260930C00786000,2026-09-30,call,786.0,0.12,0.13,0.11,11.0,21442.0,0.09180595703125,2026-09-18 14:17:15+00:00,0.03342949882803779,0.125,SPY,2026-09-18T11:09:27.324959-04:00,759.8699951171875
SPY260930C00787000,2026-09-30,call,787.0,0.1,0.11,0.13,510.0,2837.0,0.0922942333984375,2026-09-18 13:45:34+00:00,0.03342949882803779,0.10500000000000001,SPY,2026-09-18T11:09:27.324959-04:00,759.8699951171875
SPY260930C00788000,2026-09-30,call,788.0,0.08,0.09,0.09,142.0,1415.0,0.0922942333984375,2026-09-18 14:53:42+00:00,0.03342949882803779,0.08499999999999999,SPY,2026-09-18T11:09:27.324959-04:00,759.8699951171875
SPY260930C00789000,2026-09-30,call,789.0,0.08,0.09,0.08,6.0,3823.0,0.09497975341796877,2026-09-18 14:09:50+00:00,0.03342949882803779,0.08499999999999999,SPY,2026-09-18T11:09:27.324959-04:00,759.8699951171875
SPY260930C00790000,2026-09-30,call,790.0,0.06,0.07,0.07,906.0,12617.0,0.0942473388671875,2026-09-18 14:38:23+00:00,0.03342949882803779,0.065,SPY,2026-09-18T11:09:27.324959-04:00,759.8699951171875
SPY260930C00791000,2026-09-30,call,791.0,0.06,0.07,0.06,24.0,1467.0,0.09668872070312501,2026-09-18 14:14:50+00:00,0.03342949882803779,0.065,SPY,2026-09-18T11:09:27.324959-04:00,759.8699951171875
SPY260930C00792000,2026-09-30,call,792.0,0.06,0.07,0.05,4.0,1690.0,0.09961837890625,2026-09-18 14:22:36+00:00,0.03342949882803779,0.065,SPY,2026-09-18T11:09:27.324959-04:00,759.8699951171875
SPY260930C00793000,2026-09-30,call,793.0,0.05,0.06,0.08,378.0,1863.0,0.1001066552734375,2026-09-17 19:27:34+00:00,0.03342949882803779,0.055,SPY,2026-09-18T11:09:27.324959-04:00,759.8699951171875
SPY260930C00794000,2026-09-30,call,794.0,0.04,0.05,0.05,251.0,3611.0,0.1001066552734375,2026-09-18 14:46:44+00:00,0.03342949882803779,0.045,SPY,2026-09-18T11:09:27.324959-04:00,759.8699951171875
SPY260930C00795000,2026-09-30,call,795.0,0.04,0.05,0.04,13.0,5029.0,0.10254803710937499,2026-09-18 14:38:23+00:00,0.03342949882803779,0.045,SPY,2026-09-18T11:09:27.324959-04:00,759.8699951171875
SPY260930C00796000,2026-09-30,call,796.0,0.04,0.05,0.04,2.0,1099.0,0.1049894189453125,2026-09-18 14:25:24+00:00,0.03342949882803779,0.045,SPY,2026-09-18T11:09:27.324959-04:00,759.8699951171875
SPY260930C00797000,2026-09-30,call,797.0,0.04,0.05,0.04,2.0,988.0,0.10743080078125,2026-09-18 14:46:52+00:00,0.03342949882803779,0.045,SPY,2026-09-18T11:09:27.324959-04:00,759.8699951171875
SPY260930C00798000,2026-09-30,call,798.0,0.04,0.05,0.04,20.0,1126.0,0.1098721826171875,2026-09-16 19:24:55+00:00,0.03342949882803779,0.045,SPY,2026-09-18T11:09:27.324959-04:00,759.8699951171875
SPY260930C00799000,2026-09-30,call,799.0,0.04,0.05,0.04,1.0,1369.0,0.11231356445312499,2026-09-17 19:58:58+00:00,0.03342949882803779,0.045,SPY,2026-09-18T11:09:27.324959-04:00,759.8699951171875
SPY260930C00800000,2026-09-30,call,800.0,0.03,0.04,0.04,589.0,61144.0,0.11182528808593749,2026-09-18 14:52:57+00:00,0.03342949882803779,0.035,SPY,2026-09-18T11:09:27.324959-04:00,759.8699951171875
SPY260930C00801000,2026-09-30,call,801.0,0.03,0.04,0.04,5.0,1782.0,0.11426666992187501,2026-09-18 14:15:18+00:00,0.03342949882803779,0.035,SPY,2026-09-18T11:09:27.324959-04:00,759.8699951171875
SPY260930C00802000,2026-09-30,call,802.0,0.03,0.04,0.04,4.0,829.0,0.1167080517578125,2026-09-18 14:08:05+00:00,0.03342949882803779,0.035,SPY,2026-09-18T11:09:27.324959-04:00,759.8699951171875
SPY260930C00803000,2026-09-30,call,803.0,0.02,0.03,0.05,1.0,3033.0,0.11524322265625,2026-09-17 18:59:02+00:00,0.03342949882803779,0.025,SPY,2026-09-18T11:09:27.324959-04:00,759.8699951171875
SPY260930C00804000,2026-09-30,call,804.0,0.03,0.04,0.05,11.0,729.0,0.1211025390625,2026-09-17 19:18:14+00:00,0.03342949882803779,0.035,SPY,2026-09-18T11:09:27.324959-04:00,759.8699951171875
SPY260930C00805000,2026-09-30,call,805.0,0.03,0.04,0.02,26.0,4638.0,0.124032197265625,2026-09-18 14:27:59+00:00,0.03342949882803779,0.035,SPY,2026-09-18T11:09:27.324959-04:00,759.8699951171875
SPY260930C00806000,2026-09-30,call,806.0,0.02,0.03,0.04,1.0,1236.0,0.12207909179687501,2026-09-17 19:06:08+00:00,0.03342949882803779,0.025,SPY,2026-09-18T11:09:27.324959-04:00,759.8699951171875
SPY260930C00807000,2026-09-30,call,807.0,0.02,0.03,0.04,5.0,2417.0,0.124032197265625,2026-09-16 19:50:00+00:00,0.03342949882803779,0.025,SPY,2026-09-18T11:09:27.324959-04:00,759.8699951171875
SPY260930C00808000,2026-09-30,call,808.0,0.02,0.03,0.04,2.0,618.0,0.12696185546875,2026-09-17 16:44:27+00:00,0.03342949882803779,0.025,SPY,2026-09-18T11:09:27.324959-04:00,759.8699951171875
SPY260930C00809000,2026-09-30,call,809.0,0.02,0.03,0.03,15.0,7567.0,0.1289149609375,2026-09-17 19:06:45+00:00,0.03342949882803779,0.025,SPY,2026-09-18T11:09:27.324959-04:00,759.8699951171875
SPY260930C00810000,2026-09-30,call,810.0,0.02,0.03,0.03,5.0,11228.0,0.13086806640624998,2026-09-17 19:09:47+00:00,0.03342949882803779,0.025,SPY,2026-09-18T11:09:27.324959-04:00,759.8699951171875
SPY260930C00811000,2026-09-30,call,811.0,0.02,0.03,0.03,1.0,1806.0,0.132821171875,2026-09-15 13:30:00+00:00,0.03342949882803779,0.025,SPY,2026-09-18T11:09:27.324959-04:00,759.8699951171875
SPY260930C00812000,2026-09-30,call,812.0,0.02,0.03,0.03,4.0,790.0,0.13575083007812502,2026-09-17 15:45:04+00:00,0.03342949882803779,0.025,SPY,2026-09-18T11:09:27.324959-04:00,759.8699951171875
SPY260930C00813000,2026-09-30,call,813.0,0.02,0.03,0.03,1.0,412.0,0.13770393554687502,2026-09-17 13:31:00+00:00,0.03342949882803779,0.025,SPY,2026-09-18T11:09:27.324959-04:00,759.8699951171875
SPY260930C00814000,2026-09-30,call,814.0,0.02,0.03,0.03,1.0,3568.0,0.139657041015625,2026-09-16 14:39:05+00:00,0.03342949882803779,0.025,SPY,2026-09-18T11:09:27.324959-04:00,759.8699951171875
SPY260930C00815000,2026-09-30,call,815.0,0.01,0.02,0.02,4.0,3991.0,0.13672738281250002,2026-09-18 13:47:32+00:00,0.03342949882803779,0.015,SPY,2026-09-18T11:09:27.324959-04:00,759.8699951171875
SPY260930C00816000,2026-09-30,call,816.0,0.02,0.03,0.03,10.0,3221.0,0.1445398046875,2026-09-17 19:05:18+00:00,0.03342949882803779,0.025,SPY,2026-09-18T11:09:27.324959-04:00,759.8699951171875
SPY260930C00817000,2026-09-30,call,817.0,0.02,0.03,0.02,4.0,770.0,0.14649291015625,2026-09-17 15:38:45+00:00,0.03342949882803779,0.025,SPY,2026-09-18T11:09:27.324959-04:00,759.8699951171875
SPY260930C00818000,2026-09-30,call,818.0,0.01,0.02,0.03,2.0,276.0,0.14258669921875,2026-09-17 16:13:28+00:00,0.03342949882803779,0.015,SPY,2026-09-18T11:09:27.324959-04:00,759.8699951171875
SPY260930C00819000,2026-09-30,call,819.0,0.01,0.02,0.01,4.0,2019.0,0.1445398046875,2026-09-18 14:18:56+00:00,0.03342949882803779,0.015,SPY,2026-09-18T11:09:27.324959-04:00,759.8699951171875
SPY260930C00820000,2026-09-30,call,820.0,0.01,0.02,0.01,103.0,2919.0,0.14649291015625,2026-09-18 14:34:45+00:00,0.03342949882803779,0.015,SPY,2026-09-18T11:09:27.324959-04:00,759.8699951171875
SPY260930C00821000,2026-09-30,call,821.0,0.01,0.02,0.01,200.0,713.0,0.148446015625,2026-09-18 14:34:58+00:00,0.03342949882803779,0.015,SPY,2026-09-18T11:09:27.324959-04:00,759.8699951171875
SPY260930C00822000,2026-09-30,call,822.0,0.01,0.02,0.02,200.0,201.0,0.15137567382812503,2026-09-18 14:26:24+00:00,0.03342949882803779,0.015,SPY,2026-09-18T11:09:27.324959-04:00,759.8699951171875
SPY260930C00823000,2026-09-30,call,823.0,0.01,0.02,0.01,200.0,220.0,0.15332877929687502,2026-09-18 14:20:12+00:00,0.03342949882803779,0.015,SPY,2026-09-18T11:09:27.324959-04:00,759.8699951171875
SPY260930C00824000,2026-09-30,call,824.0,0.01,0.02,0.02,2.0,3733.0,0.15528188476562502,2026-09-16 19:04:36+00:00,0.03342949882803779,0.015,SPY,2026-09-18T11:09:27.324959-04:00,759.8699951171875
SPY260930C00825000,2026-09-30,call,825.0,0.01,0.02,0.01,213.0,42249.0,0.15821154296875,2026-09-18 14:41:26+00:00,0.03342949882803779,0.015,SPY,2026-09-18T11:09:27.324959-04:00,759.8699951171875
SPY260930C00826000,2026-09-30,call,826.0,0.01,0.02,0.01,240.0,13922.0,0.1601646484375,2026-09-18 14:15:53+00:00,0.03342949882803779,0.015,SPY,2026-09-18T11:09:27.324959-04:00,759.8699951171875
SPY260930C00827000,2026-09-30,call,827.0,0.01,0.02,0.01,200.0,215.0,0.16211775390625,2026-09-18 14:13:58+00:00,0.03342949882803779,0.015,SPY,2026-09-18T11:09:27.324959-04:00,759.8699951171875
SPY260930C00828000,2026-09-30,call,828.0,0.01,0.02,0.02,101.0,1560.0,0.16407085937500002,2026-09-17 20:09:53+00:00,0.03342949882803779,0.015,SPY,2026-09-18T11:09:27.324959-04:00,759.8699951171875
SPY260930C00829000,2026-09-30,call,829.0,0.01,0.02,0.01,200.0,1315.0,0.16602396484375004,2026-09-18 14:13:24+00:00,0.03342949882803779,0.015,SPY,2026-09-18T11:09:27.324959-04:00,759.8699951171875
SPY260930C00830000,2026-09-30,call,830.0,0.01,0.02,0.01,200.0,2422.0,0.16797707031250003,2026-09-18 14:11:25+00:00,0.03342949882803779,0.015,SPY,2026-09-18T11:09:27.324959-04:00,759.8699951171875
SPY260930C00831000,2026-09-30,call,831.0,0.01,0.02,0.02,200.0,482.0,0.16993017578125003,2026-09-18 14:10:52+00:00,0.03342949882803779,0.015,SPY,2026-09-18T11:09:27.324959-04:00,759.8699951171875
SPY260930C00832000,2026-09-30,call,832.0,0.01,0.02,0.02,200.0,916.0,0.17188328125000002,2026-09-18 14:10:17+00:00,0.03342949882803779,0.015,SPY,2026-09-18T11:09:27.324959-04:00,759.8699951171875
SPY260930C00833000,2026-09-30,call,833.0,0.01,0.02,0.01,200.0,198.0,0.17383638671875,2026-09-18 14:09:24+00:00,0.03342949882803779,0.015,SPY,2026-09-18T11:09:27.324959-04:00,759.8699951171875
SPY260930C00834000,2026-09-30,call,834.0,0.01,0.02,0.02,200.0,431.0,0.1757894921875,2026-09-18 14:08:33+00:00,0.03342949882803779,0.015,SPY,2026-09-18T11:09:27.324959-04:00,759.8699951171875
SPY260930C00835000,2026-09-30,call,835.0,0.01,0.02,0.01,6.0,1080.0,0.17774259765625,2026-09-16 17:03:27+00:00,0.03342949882803779,0.015,SPY,2026-09-18T11:09:27.324959-04:00,759.8699951171875
SPY260930C00836000,2026-09-30,call,836.0,0.01,0.02,0.01,100.0,224.0,0.179695703125,2026-09-18 14:07:32+00:00,0.03342949882803779,0.015,SPY,2026-09-18T11:09:27.324959-04:00,759.8699951171875
SPY260930C00837000,2026-09-30,call,837.0,0.01,0.02,0.01,100.0,372.0,0.18164880859375,2026-09-18 14:16:48+00:00,0.03342949882803779,0.015,SPY,2026-09-18T11:09:27.324959-04:00,759.8699951171875
SPY260930C00838000,2026-09-30,call,838.0,0.01,0.02,0.01,200.0,727.0,0.18360191406249998,2026-09-18 14:16:46+00:00,0.03342949882803779,0.015,SPY,2026-09-18T11:09:27.324959-04:00,759.8699951171875
SPY260930C00839000,2026-09-30,call,839.0,0.01,0.02,0.02,96.0,738.0,0.18555501953124998,2026-09-10 14:06:43+00:00,0.03342949882803779,0.015,SPY,2026-09-18T11:09:27.324959-04:00,759.8699951171875
SPY260930C00840000,2026-09-30,call,840.0,0.01,0.02,0.01,200.0,676.0,0.187508125,2026-09-18 14:12:05+00:00,0.03342949882803779,0.015,SPY,2026-09-18T11:09:27.324959-04:00,759.8699951171875
SPY260930C00841000,2026-09-30,call,841.0,0.01,0.02,0.02,1200.0,107.0,0.18946123046875002,2026-09-18 14:00:35+00:00,0.03342949882803779,0.015,SPY,2026-09-18T11:09:27.324959-04:00,759.8699951171875
SPY260930C00842000,2026-09-30,call,842.0,0.0,0.01,0.01,1400.0,1580.0,0.179695703125,2026-09-18 14:00:16+00:00,0.03342949882803779,0.005,SPY,2026-09-18T11:09:27.324959-04:00,759.8699951171875
SPY260930C00843000,2026-09-30,call,843.0,0.0,0.01,0.02,17.0,973.0,0.18360191406249998,2026-09-11 20:00:59+00:00,0.03342949882803779,0.005,SPY,2026-09-18T11:09:27.324959-04:00,759.8699951171875
SPY260930C00844000,2026-09-30,call,844.0,0.0,0.01,0.01,2.0,225.0,0.18360191406249998,2026-09-16 16:54:51+00:00,0.03342949882803779,0.005,SPY,2026-09-18T11:09:27.324959-04:00,759.8699951171875
SPY260930C00845000,2026-09-30,call,845.0,0.0,0.01,0.01,1.0,2254.0,0.187508125,2026-09-15 15:17:50+00:00,0.03342949882803779,0.005,SPY,2026-09-18T11:09:27.324959-04:00,759.8699951171875
SPY260930C00846000,2026-09-30,call,846.0,0.0,0.01,0.01,200.0,1107.0,0.187508125,2026-09-17 15:58:51+00:00,0.03342949882803779,0.005,SPY,2026-09-18T11:09:27.324959-04:00,759.8699951171875
SPY260930C00847000,2026-09-30,call,847.0,0.0,0.01,0.02,208.0,868.0,0.1914143359375,2026-09-10 19:59:56+00:00,0.03342949882803779,0.005,SPY,2026-09-18T11:09:27.324959-04:00,759.8699951171875
SPY260930C00848000,2026-09-30,call,848.0,0.0,0.01,0.01,1.0,935.0,0.1914143359375,2026-09-11 14:20:03+00:00,0.03342949882803779,0.005,SPY,2026-09-18T11:09:27.324959-04:00,759.8699951171875
SPY260930C00849000,2026-09-30,call,849.0,0.0,0.01,0.01,100.0,886.0,0.195320546875,2026-09-18 13:42:08+00:00,0.03342949882803779,0.005,SPY,2026-09-18T11:09:27.324959-04:00,759.8699951171875
SPY260930C00850000,2026-09-30,call,850.0,0.0,0.01,0.02,52.0,5818.0,0.195320546875,2026-09-17 13:43:12+00:00,0.03342949882803779,0.005,SPY,2026-09-18T11:09:27.324959-04:00,759.8699951171875
SPY260930C00851000,2026-09-30,call,851.0,0.0,0.01,0.03,15.0,56.0,0.19727365234375,2026-08-31 16:40:32+00:00,0.03342949882803779,0.005,SPY,2026-09-18T11:09:27.324959-04:00,759.8699951171875
SPY260930C00852000,2026-09-30,call,852.0,0.0,0.01,0.02,6.0,653.0,0.1992267578125,2026-09-01 18:14:26+00:00,0.03342949882803779,0.005,SPY,2026-09-18T11:09:27.324959-04:00,759.8699951171875
SPY260930C00853000,2026-09-30,call,853.0,0.0,0.01,0.01,5.0,1443.0,0.20117986328124998,2026-09-16 19:21:57+00:00,0.03342949882803779,0.005,SPY,2026-09-18T11:09:27.324959-04:00,759.8699951171875
SPY260930C00854000,2026-09-30,call,854.0,0.0,0.01,0.03,2.0,1275.0,0.20313296874999998,2026-09-09 15:38:58+00:00,0.03342949882803779,0.005,SPY,2026-09-18T11:09:27.324959-04:00,759.8699951171875
SPY260930C00855000,2026-09-30,call,855.0,0.0,0.01,0.01,100.0,371.0,0.20508607421874997,2026-09-17 15:58:02+00:00,0.03342949882803779,0.005,SPY,2026-09-18T11:09:27.324959-04:00,759.8699951171875
SPY260930C00856000,2026-09-30,call,856.0,0.0,0.01,0.01,100.0,511.0,0.20703917968749996,2026-09-17 17:18:37+00:00,0.03342949882803779,0.005,SPY,2026-09-18T11:09:27.324959-04:00,759.8699951171875
SPY260930C00857000,2026-09-30,call,857.0,0.0,0.01,0.02,600.0,1273.0,0.20703917968749996,2026-09-01 14:39:40+00:00,0.03342949882803779,0.005,SPY,2026-09-18T11:09:27.324959-04:00,759.8699951171875
SPY260930C00858000,2026-09-30,call,858.0,0.0,0.01,0.02,20.0,1124.0,0.21094539062499998,2026-09-08 18:13:25+00:00,0.03342949882803779,0.005,SPY,2026-09-18T11:09:27.324959-04:00,759.8699951171875
SPY260930C00859000,2026-09-30,call,859.0,0.0,0.01,0.01,2.0,860.0,0.21094539062499998,2026-09-16 20:11:12+00:00,0.03342949882803779,0.005,SPY,2026-09-18T11:09:27.324959-04:00,759.8699951171875
SPY260930C00860000,2026-09-30,call,860.0,0.0,0.01,0.01,28.0,820.0,0.2148516015625,2026-09-16 16:45:16+00:00,0.03342949882803779,0.005,SPY,2026-09-18T11:09:27.324959-04:00,759.8699951171875
SPY260930C00865000,2026-09-30,call,865.0,0.0,0.01,0.01,18.0,3582.0,0.22266402343749997,2026-09-16 16:45:16+00:00,0.03342949882803779,0.005,SPY,2026-09-18T11:09:27.324959-04:00,759.8699951171875
SPY260930C00870000,2026-09-30,call,870.0,0.0,0.01,0.02,59.0,1404.0,0.2304764453125,2026-09-10 20:04:14+00:00,0.03342949882803779,0.005,SPY,2026-09-18T11:09:27.324959-04:00,759.8699951171875
SPY260930C00875000,2026-09-30,call,875.0,0.0,0.01,0.03,30.0,726.0,0.242195078125,2026-09-03 18:48:40+00:00,0.03342949882803779,0.005,SPY,2026-09-18T11:09:27.324959-04:00,759.8699951171875
SPY260930C00880000,2026-09-30,call,880.0,0.0,0.01,0.01,8.0,995.0,0.2500075,2026-09-11 18:01:05+00:00,0.03342949882803779,0.005,SPY,2026-09-18T11:09:27.324959-04:00,759.8699951171875
SPY260930C00885000,2026-09-30,call,885.0,0.0,0.01,0.01,63.0,624.0,0.257819921875,2026-09-10 14:06:20+00:00,0.03342949882803779,0.005,SPY,2026-09-18T11:09:27.324959-04:00,759.8699951171875
SPY260930C00890000,2026-09-30,call,890.0,0.0,0.01,0.01,83.0,625.0,0.26563234375,2026-09-10 18:31:59+00:00,0.03342949882803779,0.005,SPY,2026-09-18T11:09:27.324959-04:00,759.8699951171875
SPY260930C00895000,2026-09-30,call,895.0,0.0,0.01,0.02,1.0,4431.0,0.27735097656249996,2026-08-26 14:21:22+00:00,0.03342949882803779,0.005,SPY,2026-09-18T11:09:27.324959-04:00,759.8699951171875
SPY260930C00900000,2026-09-30,call,900.0,0.0,0.01,0.01,1.0,6857.0,0.28516339843749994,2026-09-17 18:36:11+00:00,0.03342949882803779,0.005,SPY,2026-09-18T11:09:27.324959-04:00,759.8699951171875
SPY260930P00375000,2026-09-30,put,375.0,0.0,0.01,0.01,20.0,15567.0,1.0625046875000002,2026-09-16 13:49:56+00:00,0.03342949882803779,0.005,SPY,2026-09-18T11:09:27.324959-04:00,759.8699951171875
SPY260930P00380000,2026-09-30,put,380.0,0.0,0.01,0.02,120.0,11609.0,1.0312548437500002,2026-09-10 18:03:45+00:00,0.03342949882803779,0.005,SPY,2026-09-18T11:09:27.324959-04:00,759.8699951171875
SPY260930P00385000,2026-09-30,put,385.0,0.0,0.01,0.01,340.0,9275.0,1.015629921875,2026-09-10 19:52:49+00:00,0.03342949882803779,0.005,SPY,2026-09-18T11:09:27.324959-04:00,759.8699951171875
SPY260930P00390000,2026-09-30,put,390.0,0.0,0.01,0.01,50.0,1739.0,0.98437515625,2026-09-09 19:58:00+00:00,0.03342949882803779,0.005,SPY,2026-09-18T11:09:27.324959-04:00,759.8699951171875
SPY260930P00395000,2026-09-30,put,395.0,0.0,0.01,0.01,1.0,3683.0,0.9687503125,2026-09-15 13:46:16+00:00,0.03342949882803779,0.005,SPY,2026-09-18T11:09:27.324959-04:00,759.8699951171875
SPY260930P00400000,2026-09-30,put,400.0,0.0,0.01,0.01,32.0,10009.0,0.9687503125,2026-09-14 13:35:22+00:00,0.03342949882803779,0.005,SPY,2026-09-18T11:09:27.324959-04:00,759.8699951171875
SPY260930P00405000,2026-09-30,put,405.0,0.0,0.01,0.01,50.0,9932.0,0.937500625,2026-09-15 15:59:49+00:00,0.03342949882803779,0.005,SPY,2026-09-18T11:09:27.324959-04:00,759.8699951171875
SPY260930P00410000,2026-09-30,put,410.0,0.0,0.01,0.01,200.0,2305.0,0.92187578125,2026-09-16 19:54:16+00:00,0.03342949882803779,0.005,SPY,2026-09-18T11:09:27.324959-04:00,759.8699951171875
SPY260930P00415000,2026-09-30,put,415.0,0.0,0.01,0.01,300.0,3557.0,0.9062509375,2026-09-16 19:56:43+00:00,0.03342949882803779,0.005,SPY,2026-09-18T11:09:27.324959-04:00,759.8699951171875
SPY260930P00420000,2026-09-30,put,420.0,0.0,0.01,0.01,24.0,894.0,0.8906260937499999,2026-09-17 13:30:02+00:00,0.03342949882803779,0.005,SPY,2026-09-18T11:09:27.324959-04:00,759.8699951171875
SPY260930P00425000,2026-09-30,put,425.0,0.0,0.01,0.02,15.0,3338.0,0.87500125,2026-09-04 19:12:22+00:00,0.03342949882803779,0.005,SPY,2026-09-18T11:09:27.324959-04:00,759.8699951171875
SPY260930P00430000,2026-09-30,put,430.0,0.0,0.01,0.01,201.0,655.0,0.85937640625,2026-09-16 18:47:32+00:00,0.03342949882803779,0.005,SPY,2026-09-18T11:09:27.324959-04:00,759.8699951171875
SPY260930P00435000,2026-09-30,put,435.0,0.0,0.01,0.01,21.0,150725.0,0.8437515624999999,2026-09-16 14:02:19+00:00,0.03342949882803779,0.005,SPY,2026-09-18T11:09:27.324959-04:00,759.8699951171875
SPY260930P00440000,2026-09-30,put,440.0,0.0,0.01,0.03,24.0,1015.0,0.8125018749999999,2026-09-02 20:01:56+00:00,0.03342949882803779,0.005,SPY,2026-09-18T11:09:27.324959-04:00,759.8699951171875
SPY260930P00445000,2026-09-30,put,445.0,0.0,0.01,0.01,12.0,592.0,0.8125018749999999,2026-09-11 13:31:46+00:00,0.03342949882803779,0.005,SPY,2026-09-18T11:09:27.324959-04:00,759.8699951171875
SPY260930P00450000,2026-09-30,put,450.0,0.0,0.01,0.02,2.0,11301.0,0.7812521875,2026-09-16 18:57:18+00:00,0.03342949882803779,0.005,SPY,2026-09-18T11:09:27.324959-04:00,759.8699951171875
SPY260930P00455000,2026-09-30,put,455.0,0.0,0.01,0.02,5.0,1210.0,0.7812521875,2026-09-15 14:40:37+00:00,0.03342949882803779,0.005,SPY,2026-09-18T11:09:27.324959-04:00,759.8699951171875
SPY260930P00460000,2026-09-30,put,460.0,0.0,0.01,0.01,1.0,1325.0,0.7500025,2026-09-15 14:09:44+00:00,0.03342949882803779,0.005,SPY,2026-09-18T11:09:27.324959-04:00,759.8699951171875
SPY260930P00465000,2026-09-30,put,465.0,0.0,0.01,0.03,10.0,251.0,0.7500025,2026-09-14 14:00:36+00:00,0.03342949882803779,0.005,SPY,2026-09-18T11:09:27.324959-04:00,759.8699951171875
SPY260930P00470000,2026-09-30,put,470.0,0.0,0.01,0.01,2.0,1835.0,0.73437765625,2026-09-18 14:16:44+00:00,0.03342949882803779,0.005,SPY,2026-09-18T11:09:27.324959-04:00,759.8699951171875
SPY260930P00475000,2026-09-30,put,475.0,0.0,0.01,0.01,100.0,1816.0,0.7187528125,2026-09-17 20:04:38+00:00,0.03342949882803779,0.005,SPY,2026-09-18T11:09:27.324959-04:00,759.8699951171875
SPY260930P00480000,2026-09-30,put,480.0,0.0,0.01,0.02,1.0,1472.0,0.70312796875,2026-09-16 16:12:20+00:00,0.03342949882803779,0.005,SPY,2026-09-18T11:09:27.324959-04:00,759.8699951171875
SPY260930P00485000,2026-09-30,put,485.0,0.0,0.01,0.03,72.0,710.0,0.6875031250000001,2026-09-15 20:03:51+00:00,0.03342949882803779,0.005,SPY,2026-09-18T11:09:27.324959-04:00,759.8699951171875
SPY260930P00490000,2026-09-30,put,490.0,0.0,0.01,0.02,20.0,1323.0,0.6718782812500002,2026-09-17 14:40:14+00:00,0.03342949882803779,0.005,SPY,2026-09-18T11:09:27.324959-04:00,759.8699951171875
SPY260930P00495000,2026-09-30,put,495.0,0.0,0.01,0.01,400.0,974.0,0.6562534375000001,2026-09-18 14:28:52+00:00,0.03342949882803779,0.005,SPY,2026-09-18T11:09:27.324959-04:00,759.8699951171875
SPY260930P00500000,2026-09-30,put,500.0,0.0,0.01,0.01,27.0,3165.0,0.64062859375,2026-09-17 14:40:30+00:00,0.03342949882803779,0.005,SPY,2026-09-18T11:09:27.324959-04:00,759.8699951171875
SPY260930P00505000,2026-09-30,put,505.0,0.0,0.01,0.01,1.0,743.0,0.6250037500000001,2026-09-17 17:36:30+00:00,0.03342949882803779,0.005,SPY,2026-09-18T11:09:27.324959-04:00,759.8699951171875
SPY260930P00510000,2026-09-30,put,510.0,0.0,0.01,0.01,1.0,637.0,0.6093789062500001,2026-09-18 14:16:44+00:00,0.03342949882803779,0.005,SPY,2026-09-18T11:09:27.324959-04:00,759.8699951171875
SPY260930P00515000,2026-09-30,put,515.0,0.01,0.02,0.01,500.0,1127.0,0.648441015625,2026-09-18 14:42:32+00:00,0.03342949882803779,0.015,SPY,2026-09-18T11:09:27.324959-04:00,759.8699951171875
SPY260930P00520000,2026-09-30,put,520.0,0.01,0.02,0.01,50.0,1366.0,0.632816171875,2026-09-18 13:32:41+00:00,0.03342949882803779,0.015,SPY,2026-09-18T11:09:27.324959-04:00,759.8699951171875
SPY260930P00525000,2026-09-30,put,525.0,0.01,0.02,0.01,2.0,936.0,0.6171913281250001,2026-09-18 13:59:35+00:00,0.03342949882803779,0.015,SPY,2026-09-18T11:09:27.324959-04:00,759.8699951171875
SPY260930P00530000,2026-09-30,put,530.0,0.01,0.02,0.05,34.0,976.0,0.6015664843750002,2026-09-16 19:39:10+00:00,0.03342949882803779,0.015,SPY,2026-09-18T11:09:27.324959-04:00,759.8699951171875
SPY260930P00535000,2026-09-30,put,535.0,0.01,0.02,0.04,40.0,301015.0,0.585941640625,2026-09-16 13:54:32+00:00,0.03342949882803779,0.015,SPY,2026-09-18T11:09:27.324959-04:00,759.8699951171875
SPY260930P00540000,2026-09-30,put,540.0,0.01,0.02,0.01,4.0,1865.0,0.570316796875,2026-09-17 13:30:04+00:00,0.03342949882803779,0.015,SPY,2026-09-18T11:09:27.324959-04:00,759.8699951171875
SPY260930P00545000,2026-09-30,put,545.0,0.01,0.02,0.03,1.0,783.0,0.5585981640625001,2026-09-17 13:34:21+00:00,0.03342949882803779,0.015,SPY,2026-09-18T11:09:27.324959-04:00,759.8699951171875
SPY260930P00550000,2026-09-30,put,550.0,0.01,0.02,0.03,47.0,1311.0,0.5468795312500001,2026-09-17 18:23:35+00:00,0.03342949882803779,0.015,SPY,2026-09-18T11:09:27.324959-04:00,759.8699951171875
SPY260930P00555000,2026-09-30,put,555.0,0.01,0.02,0.03,48.0,1101.0,0.5312546875,2026-09-17 17:39:24+00:00,0.03342949882803779,0.015,SPY,2026-09-18T11:09:27.324959-04:00,759.8699951171875
SPY260930P00560000,2026-09-30,put,560.0,0.01,0.02,0.02,6.0,1334.0,0.51562984375,2026-09-18 14:41:54+00:00,0.03342949882803779,0.015,SPY,2026-09-18T11:09:27.324959-04:00,759.8699951171875
SPY260930P00565000,2026-09-30,put,565.0,0.02,0.03,0.03,24.0,553.0,0.523442265625,2026-09-17 19:33:26+00:00,0.03342949882803779,0.025,SPY,2026-09-18T11:09:27.324959-04:00,759.8699951171875
SPY260930P00570000,2026-09-30,put,570.0,0.02,0.03,0.02,1.0,1763.0,0.507817421875,2026-09-18 14:35:22+00:00,0.03342949882803779,0.025,SPY,2026-09-18T11:09:27.324959-04:00,759.8699951171875
SPY260930P00575000,2026-09-30,put,575.0,0.02,0.03,0.03,3.0,1335.0,0.5039112109375,2026-09-18 13:59:35+00:00,0.03342949882803779,0.025,SPY,2026-09-18T11:09:27.324959-04:00,759.8699951171875
SPY260930P00580000,2026-09-30,put,580.0,0.02,0.03,0.05,3.0,2478.0,0.48828636718750007,2026-09-17 17:25:42+00:00,0.03342949882803779,0.025,SPY,2026-09-18T11:09:27.324959-04:00,759.8699951171875
SPY260930P00585000,2026-09-30,put,585.0,0.03,0.04,0.04,2.0,713.0,0.48633326171875,2026-09-17 19:05:14+00:00,0.03342949882803779,0.035,SPY,2026-09-18T11:09:27.324959-04:00,759.8699951171875
SPY260930P00590000,2026-09-30,put,590.0,0.03,0.04,0.04,2.0,8574.0,0.4726615234375,2026-09-18 14:34:24+00:00,0.03342949882803779,0.035,SPY,2026-09-18T11:09:27.324959-04:00,759.8699951171875
SPY260930P00594000,2026-09-30,put,594.0,0.03,0.04,0.1,2.0,224.0,0.46094289062500005,2026-09-11 16:15:26+00:00,0.03342949882803779,0.035,SPY,2026-09-18T11:09:27.324959-04:00,759.8699951171875
SPY260930P00595000,2026-09-30,put,595.0,0.03,0.04,0.06,4.0,528.0,0.45703667968750006,2026-09-17 17:51:07+00:00,0.03342949882803779,0.035,SPY,2026-09-18T11:09:27.324959-04:00,759.8699951171875
SPY260930P00596000,2026-09-30,put,596.0,0.03,0.04,0.13,15.0,318.0,0.45508357421875,2026-09-16 19:43:13+00:00,0.03342949882803779,0.035,SPY,2026-09-18T11:09:27.324959-04:00,759.8699951171875
SPY260930P00597000,2026-09-30,put,597.0,0.03,0.04,0.04,20.0,20623.0,0.45313046875,2026-09-17 19:59:49+00:00,0.03342949882803779,0.035,SPY,2026-09-18T11:09:27.324959-04:00,759.8699951171875
SPY260930P00598000,2026-09-30,put,598.0,0.03,0.04,0.16,29.0,7024.0,0.44922425781249997,2026-09-15 19:24:15+00:00,0.03342949882803779,0.035,SPY,2026-09-18T11:09:27.324959-04:00,759.8699951171875
SPY260930P00599000,2026-09-30,put,599.0,0.03,0.04,0.06,5.0,805.0,0.44727115234375,2026-09-17 14:54:20+00:00,0.03342949882803779,0.035,SPY,2026-09-18T11:09:27.324959-04:00,759.8699951171875
SPY260930P00600000,2026-09-30,put,600.0,0.03,0.04,0.05,71.0,29110.0,0.44336494140625,2026-09-17 19:31:55+00:00,0.03342949882803779,0.035,SPY,2026-09-18T11:09:27.324959-04:00,759.8699951171875
SPY260930P00601000,2026-09-30,put,601.0,0.03,0.04,0.05,168.0,679.0,0.4414118359375,2026-09-17 17:56:04+00:00,0.03342949882803779,0.035,SPY,2026-09-18T11:09:27.324959-04:00,759.8699951171875
SPY260930P00602000,2026-09-30,put,602.0,0.04,0.05,0.06,144.0,243.0,0.44727115234375,2026-09-17 17:34:03+00:00,0.03342949882803779,0.045,SPY,2026-09-18T11:09:27.324959-04:00,759.8699951171875
SPY260930P00603000,2026-09-30,put,603.0,0.04,0.05,0.06,72.0,461.0,0.445318046875,2026-09-17 18:15:45+00:00,0.03342949882803779,0.045,SPY,2026-09-18T11:09:27.324959-04:00,759.8699951171875
SPY260930P00604000,2026-09-30,put,604.0,0.04,0.05,0.06,11397.0,10320.0,0.4414118359375,2026-09-17 18:57:25+00:00,0.03342949882803779,0.045,SPY,2026-09-18T11:09:27.324959-04:00,759.8699951171875
SPY260930P00605000,2026-09-30,put,605.0,0.04,0.05,0.06,10779.0,9841.0,0.43945873046875,2026-09-17 18:57:26+00:00,0.03342949882803779,0.045,SPY,2026-09-18T11:09:27.324959-04:00,759.8699951171875
SPY260930P00606000,2026-09-30,put,606.0,0.04,0.05,0.07,2.0,851.0,0.43555251953125,2026-09-17 16:43:51+00:00,0.03342949882803779,0.045,SPY,2026-09-18T11:09:27.324959-04:00,759.8699951171875
SPY260930P00607000,2026-09-30,put,607.0,0.04,0.05,0.16,52.0,74.0,0.4335994140625,2026-09-16 19:11:16+00:00,0.03342949882803779,0.045,SPY,2026-09-18T11:09:27.324959-04:00,759.8699951171875
SPY260930P00608000,2026-09-30,put,608.0,0.04,0.05,0.17,43.0,479.0,0.42969320312500003,2026-09-16 19:11:17+00:00,0.03342949882803779,0.045,SPY,2026-09-18T11:09:27.324959-04:00,759.8699951171875
SPY260930P00609000,2026-09-30,put,609.0,0.04,0.05,0.2,36.0,252.0,0.42774009765625004,2026-09-16 19:25:26+00:00,0.03342949882803779,0.045,SPY,2026-09-18T11:09:27.324959-04:00,759.8699951171875
SPY260930P00610000,2026-09-30,put,610.0,0.04,0.05,0.04,8.0,1311.0,0.42383388671875,2026-09-18 14:26:20+00:00,0.03342949882803779,0.045,SPY,2026-09-18T11:09:27.324959-04:00,759.8699951171875
SPY260930P00611000,2026-09-30,put,611.0,0.04,0.05,0.16,2.0,469.0,0.42188078125,2026-09-16 19:10:32+00:00,0.03342949882803779,0.045,SPY,2026-09-18T11:09:27.324959-04:00,759.8699951171875
SPY260930P00612000,2026-09-30,put,612.0,0.04,0.05,0.18,126.0,381.0,0.41797457031249996,2026-09-16 19:12:54+00:00,0.03342949882803779,0.045,SPY,2026-09-18T11:09:27.324959-04:00,759.8699951171875
SPY260930P00613000,2026-09-30,put,613.0,0.04,0.05,0.04,1.0,445.0,0.41602146484374997,2026-09-17 15:23:36+00:00,0.03342949882803779,0.045,SPY,2026-09-18T11:09:27.324959-04:00,759.8699951171875
SPY260930P00614000,2026-09-30,put,614.0,0.04,0.05,0.19,78.0,173.0,0.41211525390625,2026-09-16 19:17:02+00:00,0.03342949882803779,0.045,SPY,2026-09-18T11:09:27.324959-04:00,759.8699951171875
SPY260930P00615000,2026-09-30,put,615.0,0.05,0.06,0.06,1.0,824.0,0.41797457031249996,2026-09-17 19:53:05+00:00,0.03342949882803779,0.055,SPY,2026-09-18T11:09:27.324959-04:00,759.8699951171875
SPY260930P00616000,2026-09-30,put,616.0,0.05,0.06,0.18,1.0,210.0,0.414068359375,2026-09-16 19:32:25+00:00,0.03342949882803779,0.055,SPY,2026-09-18T11:09:27.324959-04:00,759.8699951171875
SPY260930P00617000,2026-09-30,put,617.0,0.05,0.06,0.14,3.0,347.0,0.41211525390625,2026-09-16 18:52:13+00:00,0.03342949882803779,0.055,SPY,2026-09-18T11:09:27.324959-04:00,759.8699951171875
SPY260930P00618000,2026-09-30,put,618.0,0.05,0.06,0.05,1.0,288.0,0.40820904296875,2026-09-17 19:32:30+00:00,0.03342949882803779,0.055,SPY,2026-09-18T11:09:27.324959-04:00,759.8699951171875
SPY260930P00619000,2026-09-30,put,619.0,0.05,0.06,0.07,151.0,1111.0,0.4062559375,2026-09-17 19:32:28+00:00,0.03342949882803779,0.055,SPY,2026-09-18T11:09:27.324959-04:00,759.8699951171875
SPY260930P00620000,2026-09-30,put,620.0,0.05,0.06,0.06,1.0,3384.0,0.4023497265625,2026-09-17 17:31:24+00:00,0.03342949882803779,0.055,SPY,2026-09-18T11:09:27.324959-04:00,759.8699951171875
SPY260930P00621000,2026-09-30,put,621.0,0.05,0.06,0.08,288.0,489.0,0.40039662109375,2026-09-17 18:15:44+00:00,0.03342949882803779,0.055,SPY,2026-09-18T11:09:27.324959-04:00,759.8699951171875
SPY260930P00622000,2026-09-30,put,622.0,0.05,0.06,0.08,288.0,681.0,0.397466962890625,2026-09-17 18:36:51+00:00,0.03342949882803779,0.055,SPY,2026-09-18T11:09:27.324959-04:00,759.8699951171875
SPY260930P00623000,2026-09-30,put,623.0,0.05,0.06,0.05,1.0,444.0,0.39453730468750003,2026-09-18 13:37:17+00:00,0.03342949882803779,0.055,SPY,2026-09-18T11:09:27.324959-04:00,759.8699951171875
SPY260930P00624000,2026-09-30,put,624.0,0.05,0.06,0.07,6.0,376.0,0.39160764648437496,2026-09-17 19:46:56+00:00,0.03342949882803779,0.055,SPY,2026-09-18T11:09:27.324959-04:00,759.8699951171875
SPY260930P00625000,2026-09-30,put,625.0,0.06,0.07,0.08,18.0,3016.0,0.39453730468750003,2026-09-17 19:46:56+00:00,0.03342949882803779,0.065,SPY,2026-09-18T11:09:27.324959-04:00,759.8699951171875
SPY260930P00626000,2026-09-30,put,626.0,0.05,0.06,0.21,1.0,511.0,0.3857483300781249,2026-09-14 19:36:13+00:00,0.03342949882803779,0.055,SPY,2026-09-18T11:09:27.324959-04:00,759.8699951171875
SPY260930P00627000,2026-09-30,put,627.0,0.05,0.06,0.07,1.0,524.0,0.38281867187499996,2026-09-17 13:30:00+00:00,0.03342949882803779,0.055,SPY,2026-09-18T11:09:27.324959-04:00,759.8699951171875
SPY260930P00628000,2026-09-30,put,628.0,0.06,0.07,0.05,1.0,145.0,0.3857483300781249,2026-09-18 13:37:17+00:00,0.03342949882803779,0.065,SPY,2026-09-18T11:09:27.324959-04:00,759.8699951171875
SPY260930P00629000,2026-09-30,put,629.0,0.06,0.07,0.24,42.0,328.0,0.38281867187499996,2026-09-16 19:30:22+00:00,0.03342949882803779,0.065,SPY,2026-09-18T11:09:27.324959-04:00,759.8699951171875
SPY260930P00630000,2026-09-30,put,630.0,0.06,0.07,0.09,8.0,3635.0,0.379889013671875,2026-09-17 17:09:51+00:00,0.03342949882803779,0.065,SPY,2026-09-18T11:09:27.324959-04:00,759.8699951171875
SPY260930P00631000,2026-09-30,put,631.0,0.06,0.07,0.11,1.0,147.0,0.37695935546875,2026-09-17 14:01:10+00:00,0.03342949882803779,0.065,SPY,2026-09-18T11:09:27.324959-04:00,759.8699951171875
SPY260930P00632000,2026-09-30,put,632.0,0.06,0.07,0.21,10.0,228.0,0.37500625,2026-09-16 18:57:52+00:00,0.03342949882803779,0.065,SPY,2026-09-18T11:09:27.324959-04:00,759.8699951171875
SPY260930P00633000,2026-09-30,put,633.0,0.06,0.07,0.21,5.0,477.0,0.3711000390625,2026-09-16 18:58:46+00:00,0.03342949882803779,0.065,SPY,2026-09-18T11:09:27.324959-04:00,759.8699951171875
SPY260930P00634000,2026-09-30,put,634.0,0.06,0.07,0.06,1.0,236.0,0.36914693359375,2026-09-18 13:37:53+00:00,0.03342949882803779,0.065,SPY,2026-09-18T11:09:27.324959-04:00,759.8699951171875
SPY260930P00635000,2026-09-30,put,635.0,0.07,0.08,0.1,6.0,150662.0,0.3711000390625,2026-09-17 16:09:27+00:00,0.03342949882803779,0.07500000000000001,SPY,2026-09-18T11:09:27.324959-04:00,759.8699951171875
SPY260930P00636000,2026-09-30,put,636.0,0.07,0.08,0.24,30.0,205.0,0.36817038085937503,2026-09-16 19:41:58+00:00,0.03342949882803779,0.07500000000000001,SPY,2026-09-18T11:09:27.324959-04:00,759.8699951171875
SPY260930P00637000,2026-09-30,put,637.0,0.07,0.08,0.27,5.0,516.0,0.36524072265625,2026-09-16 19:12:58+00:00,0.03342949882803779,0.07500000000000001,SPY,2026-09-18T11:09:27.324959-04:00,759.8699951171875
SPY260930P00638000,2026-09-30,put,638.0,0.07,0.08,0.07,7.0,139.0,0.362311064453125,2026-09-18 13:30:26+00:00,0.03342949882803779,0.07500000000000001,SPY,2026-09-18T11:09:27.324959-04:00,759.8699951171875
SPY260930P00639000,2026-09-30,put,639.0,0.07,0.08,0.07,1.0,136.0,0.35938140625,2026-09-18 13:37:53+00:00,0.03342949882803779,0.07500000000000001,SPY,2026-09-18T11:09:27.324959-04:00,759.8699951171875
SPY260930P00640000,2026-09-30,put,640.0,0.07,0.08,0.07,2.0,3703.0,0.35645174804687496,2026-09-18 14:40:20+00:00,0.03342949882803779,0.07500000000000001,SPY,2026-09-18T11:09:27.324959-04:00,759.8699951171875
SPY260930P00641000,2026-09-30,put,641.0,0.07,0.08,0.23,5.0,379.0,0.35352208984374994,2026-09-16 18:56:01+00:00,0.03342949882803779,0.07500000000000001,SPY,2026-09-18T11:09:27.324959-04:00,759.8699951171875
SPY260930P00642000,2026-09-30,put,642.0,0.08,0.09,0.11,2.0,88.0,0.35547519531249994,2026-09-17 19:41:45+00:00,0.03342949882803779,0.08499999999999999,SPY,2026-09-18T11:09:27.324959-04:00,759.8699951171875
SPY260930P00643000,2026-09-30,put,643.0,0.07,0.08,0.11,1.0,278.0,0.34766277343749996,2026-09-17 18:32:37+00:00,0.03342949882803779,0.07500000000000001,SPY,2026-09-18T11:09:27.324959-04:00,759.8699951171875
SPY260930P00644000,2026-09-30,put,644.0,0.08,0.09,0.13,1.0,402.0,0.34961587890624996,2026-09-17 13:46:59+00:00,0.03342949882803779,0.08499999999999999,SPY,2026-09-18T11:09:27.324959-04:00,759.8699951171875
SPY260930P00645000,2026-09-30,put,645.0,0.08,0.09,0.08,2.0,762.0,0.34668622070312494,2026-09-18 14:10:53+00:00,0.03342949882803779,0.08499999999999999,SPY,2026-09-18T11:09:27.324959-04:00,759.8699951171875
SPY260930P00646000,2026-09-30,put,646.0,0.08,0.09,0.13,1.0,452.0,0.3437565625,2026-09-17 13:49:59+00:00,0.03342949882803779,0.08499999999999999,SPY,2026-09-18T11:09:27.324959-04:00,759.8699951171875
SPY260930P00647000,2026-09-30,put,647.0,0.08,0.09,0.11,1.0,303.0,0.340826904296875,2026-09-17 19:58:01+00:00,0.03342949882803779,0.08499999999999999,SPY,2026-09-18T11:09:27.324959-04:00,759.8699951171875
SPY260930P00648000,2026-09-30,put,648.0,0.08,0.09,0.08,1.0,673.0,0.33789724609375,2026-09-18 14:38:34+00:00,0.03342949882803779,0.08499999999999999,SPY,2026-09-18T11:09:27.324959-04:00,759.8699951171875
SPY260930P00649000,2026-09-30,put,649.0,0.08,0.09,0.13,1.0,705.0,0.334967587890625,2026-09-17 14:35:58+00:00,0.03342949882803779,0.08499999999999999,SPY,2026-09-18T11:09:27.324959-04:00,759.8699951171875
SPY260930P00650000,2026-09-30,put,650.0,0.09,0.1,0.1,12.0,3859.0,0.335944140625,2026-09-18 14:38:34+00:00,0.03342949882803779,0.095,SPY,2026-09-18T11:09:27.324959-04:00,759.8699951171875
SPY260930P00651000,2026-09-30,put,651.0,0.09,0.1,0.13,1.0,443.0,0.33301448242187504,2026-09-17 13:38:24+00:00,0.03342949882803779,0.095,SPY,2026-09-18T11:09:27.324959-04:00,759.8699951171875
SPY260930P00652000,2026-09-30,put,652.0,0.09,0.1,0.29,7.0,220.0,0.33008482421874996,2026-09-11 19:33:45+00:00,0.03342949882803779,0.095,SPY,2026-09-18T11:09:27.324959-04:00,759.8699951171875
SPY260930P00653000,2026-09-30,put,653.0,0.09,0.1,0.29,5.0,131.0,0.327155166015625,2026-09-04 14:36:29+00:00,0.03342949882803779,0.095,SPY,2026-09-18T11:09:27.324959-04:00,759.8699951171875
SPY260930P00654000,2026-09-30,put,654.0,0.09,0.1,0.27,6.0,29.0,0.3242255078124999,2026-09-11 13:54:56+00:00,0.03342949882803779,0.095,SPY,2026-09-18T11:09:27.324959-04:00,759.8699951171875
SPY260930P00655000,2026-09-30,put,655.0,0.09,0.1,0.13,12.0,755.0,0.32129584960937496,2026-09-17 20:01:46+00:00,0.03342949882803779,0.095,SPY,2026-09-18T11:09:27.324959-04:00,759.8699951171875
SPY260930P00656000,2026-09-30,put,656.0,0.1,0.11,0.35,11.0,198.0,0.32227240234374993,2026-09-16 19:32:44+00:00,0.03342949882803779,0.10500000000000001,SPY,2026-09-18T11:09:27.324959-04:00,759.8699951171875
SPY260930P00657000,2026-09-30,put,657.0,0.1,0.11,0.26,1.0,882.0,0.3188544677734374,2026-09-16 16:31:36+00:00,0.03342949882803779,0.10500000000000001,SPY,2026-09-18T11:09:27.324959-04:00,759.8699951171875
SPY260930P00658000,2026-09-30,put,658.0,0.1,0.11,0.14,3.0,1294.0,0.31592480957031244,2026-09-17 20:01:46+00:00,0.03342949882803779,0.10500000000000001,SPY,2026-09-18T11:09:27.324959-04:00,759.8699951171875
SPY260930P00659000,2026-09-30,put,659.0,0.1,0.11,0.11,1.0,738.0,0.3129951513671875,2026-09-18 14:40:22+00:00,0.03342949882803779,0.10500000000000001,SPY,2026-09-18T11:09:27.324959-04:00,759.8699951171875
SPY260930P00660000,2026-09-30,put,660.0,0.11,0.12,0.1,4.0,7914.0,0.313483427734375,2026-09-18 13:31:20+00:00,0.03342949882803779,0.11499999999999999,SPY,2026-09-18T11:09:27.324959-04:00,759.8699951171875
SPY260930P00661000,2026-09-30,put,661.0,0.11,0.12,0.12,1.0,413.0,0.31055376953124997,2026-09-14 18:58:16+00:00,0.03342949882803779,0.11499999999999999,SPY,2026-09-18T11:09:27.324959-04:00,759.8699951171875
SPY260930P00662000,2026-09-30,put,662.0,0.11,0.12,0.15,2.0,228.0,0.30762411132812495,2026-09-17 20:01:46+00:00,0.03342949882803779,0.11499999999999999,SPY,2026-09-18T11:09:27.324959-04:00,759.8699951171875
SPY260930P00663000,2026-09-30,put,663.0,0.11,0.12,0.12,1.0,315.0,0.304694453125,2026-09-18 14:41:07+00:00,0.03342949882803779,0.11499999999999999,SPY,2026-09-18T11:09:27.324959-04:00,759.8699951171875
SPY260930P00664000,2026-09-30,put,664.0,0.12,0.13,0.43,7.0,1018.0,0.304694453125,2026-09-16 19:32:02+00:00,0.03342949882803779,0.125,SPY,2026-09-18T11:09:27.324959-04:00,759.8699951171875
SPY260930P00665000,2026-09-30,put,665.0,0.12,0.13,0.18,29.0,1598.0,0.3012765185546875,2026-09-17 15:42:16+00:00,0.03342949882803779,0.125,SPY,2026-09-18T11:09:27.324959-04:00,759.8699951171875
SPY260930P00666000,2026-09-30,put,666.0,0.12,0.13,0.18,35.0,313.0,0.29834686035156244,2026-09-17 15:53:12+00:00,0.03342949882803779,0.125,SPY,2026-09-18T11:09:27.324959-04:00,759.8699951171875
SPY260930P00667000,2026-09-30,put,667.0,0.12,0.13,0.18,84.0,433.0,0.2954172021484375,2026-09-17 17:34:19+00:00,0.03342949882803779,0.125,SPY,2026-09-18T11:09:27.324959-04:00,759.8699951171875
SPY260930P00668000,2026-09-30,put,668.0,0.13,0.14,0.18,25.0,424.0,0.2954172021484375,2026-09-17 18:15:45+00:00,0.03342949882803779,0.135,SPY,2026-09-18T11:09:27.324959-04:00,759.8699951171875
SPY260930P00669000,2026-09-30,put,669.0,0.13,0.14,0.18,108.0,585.0,0.2919992675781249,2026-09-17 18:42:27+00:00,0.03342949882803779,0.135,SPY,2026-09-18T11:09:27.324959-04:00,759.8699951171875
SPY260930P00670000,2026-09-30,put,670.0,0.13,0.14,0.14,1.0,3345.0,0.2890696093749999,2026-09-18 14:01:55+00:00,0.03342949882803779,0.135,SPY,2026-09-18T11:09:27.324959-04:00,759.8699951171875
SPY260930P00671000,2026-09-30,put,671.0,0.13,0.14,0.14,5.0,342.0,0.28613995117187496,2026-09-18 13:30:03+00:00,0.03342949882803779,0.135,SPY,2026-09-18T11:09:27.324959-04:00,759.8699951171875
SPY260930P00672000,2026-09-30,put,672.0,0.13,0.14,0.59,25.0,659.0,0.28321029296874994,2026-09-16 19:29:04+00:00,0.03342949882803779,0.135,SPY,2026-09-18T11:09:27.324959-04:00,759.8699951171875
SPY260930P00673000,2026-09-30,put,673.0,0.14,0.15,0.18,4.0,1742.0,0.2827220166015625,2026-09-17 19:51:59+00:00,0.03342949882803779,0.14500000000000002,SPY,2026-09-18T11:09:27.324959-04:00,759.8699951171875
SPY260930P00674000,2026-09-30,put,674.0,0.15,0.16,0.19,8.0,897.0,0.282233740234375,2026-09-17 20:01:45+00:00,0.03342949882803779,0.155,SPY,2026-09-18T11:09:27.324959-04:00,759.8699951171875
SPY260930P00675000,2026-09-30,put,675.0,0.14,0.15,0.16,24.0,9851.0,0.27686270019531245,2026-09-18 14:36:02+00:00,0.03342949882803779,0.14500000000000002,SPY,2026-09-18T11:09:27.324959-04:00,759.8699951171875
SPY260930P00676000,2026-09-30,put,676.0,0.15,0.16,0.15,1.0,1340.0,0.2758861474609374,2026-09-18 13:58:21+00:00,0.03342949882803779,0.155,SPY,2026-09-18T11:09:27.324959-04:00,759.8699951171875
SPY260930P00677000,2026-09-30,put,677.0,0.15,0.16,0.17,1.0,1346.0,0.27295648925781246,2026-09-18 14:04:55+00:00,0.03342949882803779,0.155,SPY,2026-09-18T11:09:27.324959-04:00,759.8699951171875
SPY260930P00678000,2026-09-30,put,678.0,0.15,0.16,0.2,22.0,1526.0,0.2700268310546875,2026-09-17 19:52:06+00:00,0.03342949882803779,0.155,SPY,2026-09-18T11:09:27.324959-04:00,759.8699951171875
SPY260930P00679000,2026-09-30,put,679.0,0.16,0.17,0.16,1.0,893.0,0.2690502783203125,2026-09-18 13:58:30+00:00,0.03342949882803779,0.165,SPY,2026-09-18T11:09:27.324959-04:00,759.8699951171875
SPY260930P00680000,2026-09-30,put,680.0,0.16,0.17,0.17,3.0,8831.0,0.2661206201171875,2026-09-18 13:59:02+00:00,0.03342949882803779,0.165,SPY,2026-09-18T11:09:27.324959-04:00,759.8699951171875
SPY260930P00681000,2026-09-30,put,681.0,0.16,0.17,0.24,84.0,694.0,0.26270268554687504,2026-09-17 18:08:51+00:00,0.03342949882803779,0.165,SPY,2026-09-18T11:09:27.324959-04:00,759.8699951171875
SPY260930P00682000,2026-09-30,put,682.0,0.17,0.18,0.19,38.0,714.0,0.2617261328125,2026-09-18 14:08:41+00:00,0.03342949882803779,0.175,SPY,2026-09-18T11:09:27.324959-04:00,759.8699951171875
SPY260930P00683000,2026-09-30,put,683.0,0.17,0.18,0.19,39.0,335.0,0.25879647460937505,2026-09-18 14:26:44+00:00,0.03342949882803779,0.175,SPY,2026-09-18T11:09:27.324959-04:00,759.8699951171875
SPY260930P00684000,2026-09-30,put,684.0,0.18,0.19,0.2,3.0,435.0,0.257819921875,2026-09-18 14:05:11+00:00,0.03342949882803779,0.185,SPY,2026-09-18T11:09:27.324959-04:00,759.8699951171875
SPY260930P00685000,2026-09-30,put,685.0,0.19,0.2,0.19,198.0,2248.0,0.2563550927734375,2026-09-18 14:14:16+00:00,0.03342949882803779,0.195,SPY,2026-09-18T11:09:27.324959-04:00,759.8699951171875
SPY260930P00686000,2026-09-30,put,686.0,0.19,0.2,0.26,16.0,224.0,0.2534254345703125,2026-09-17 17:06:45+00:00,0.03342949882803779,0.195,SPY,2026-09-18T11:09:27.324959-04:00,759.8699951171875
SPY260930P00687000,2026-09-30,put,687.0,0.2,0.21,0.26,4.0,1669.0,0.25196060546875,2026-09-17 18:34:24+00:00,0.03342949882803779,0.20500000000000002,SPY,2026-09-18T11:09:27.324959-04:00,759.8699951171875
SPY260930P00688000,2026-09-30,put,688.0,0.2,0.21,0.25,37.0,905.0,0.24878680908203127,2026-09-17 20:08:44+00:00,0.03342949882803779,0.20500000000000002,SPY,2026-09-18T11:09:27.324959-04:00,759.8699951171875
SPY260930P00689000,2026-09-30,put,689.0,0.2,0.21,0.29,1.0,699.0,0.2456130126953125,2026-09-17 14:45:33+00:00,0.03342949882803779,0.20500000000000002,SPY,2026-09-18T11:09:27.324959-04:00,759.8699951171875
SPY260930P00690000,2026-09-30,put,690.0,0.2,0.21,0.24,22.0,7055.0,0.24268335449218748,2026-09-18 14:02:07+00:00,0.03342949882803779,0.20500000000000002,SPY,2026-09-18T11:09:27.324959-04:00,759.8699951171875
SPY260930P00691000,2026-09-30,put,691.0,0.21,0.22,0.94,33.0,2056.0,0.24097438720703124,2026-09-16 19:29:04+00:00,0.03342949882803779,0.215,SPY,2026-09-18T11:09:27.324959-04:00,759.8699951171875
SPY260930P00692000,2026-09-30,put,692.0,0.22,0.23,0.27,2.0,332.0,0.2395095581054687,2026-09-17 19:54:30+00:00,0.03342949882803779,0.225,SPY,2026-09-18T11:09:27.324959-04:00,759.8699951171875
SPY260930P00693000,2026-09-30,put,693.0,0.23,0.24,0.28,2.0,445.0,0.23780059082031246,2026-09-17 19:54:21+00:00,0.03342949882803779,0.235,SPY,2026-09-18T11:09:27.324959-04:00,759.8699951171875
SPY260930P00694000,2026-09-30,put,694.0,0.23,0.24,0.22,1.0,297.0,0.23462679443359374,2026-09-18 13:31:15+00:00,0.03342949882803779,0.235,SPY,2026-09-18T11:09:27.324959-04:00,759.8699951171875
SPY260930P00695000,2026-09-30,put,695.0,0.24,0.25,0.24,31.0,4177.0,0.2329178271484375,2026-09-18 14:39:11+00:00,0.03342949882803779,0.245,SPY,2026-09-18T11:09:27.324959-04:00,759.8699951171875
SPY260930P00696000,2026-09-30,put,696.0,0.25,0.26,0.24,2.0,270.0,0.23120885986328127,2026-09-18 13:31:17+00:00,0.03342949882803779,0.255,SPY,2026-09-18T11:09:27.324959-04:00,759.8699951171875
SPY260930P00697000,2026-09-30,put,697.0,0.24,0.25,0.28,36.0,3715.0,0.22657023437499998,2026-09-18 14:06:10+00:00,0.03342949882803779,0.245,SPY,2026-09-18T11:09:27.324959-04:00,759.8699951171875
SPY260930P00698000,2026-09-30,put,698.0,0.26,0.27,0.26,15.0,282.0,0.2260819580078125,2026-09-18 14:39:12+00:00,0.03342949882803779,0.265,SPY,2026-09-18T11:09:27.324959-04:00,759.8699951171875
SPY260930P00699000,2026-09-30,put,699.0,0.26,0.27,0.38,2.0,4280.0,0.22266402343749997,2026-09-17 16:16:53+00:00,0.03342949882803779,0.265,SPY,2026-09-18T11:09:27.324959-04:00,759.8699951171875
SPY260930P00700000,2026-09-30,put,700.0,0.27,0.28,0.28,71.0,20193.0,0.22071091796874998,2026-09-18 14:51:12+00:00,0.03342949882803779,0.275,SPY,2026-09-18T11:09:27.324959-04:00,759.8699951171875
SPY260930P00701000,2026-09-30,put,701.0,0.27,0.28,0.29,1.0,1194.0,0.21753712158203126,2026-09-17 19:43:26+00:00,0.03342949882803779,0.275,SPY,2026-09-18T11:09:27.324959-04:00,759.8699951171875
SPY260930P00702000,2026-09-30,put,702.0,0.29,0.3,0.3,2.0,1083.0,0.21680470703125,2026-09-18 13:40:04+00:00,0.03342949882803779,0.295,SPY,2026-09-18T11:09:27.324959-04:00,759.8699951171875
SPY260930P00703000,2026-09-30,put,703.0,0.29,0.3,0.3,81.0,1940.0,0.2133867724609375,2026-09-18 13:31:15+00:00,0.03342949882803779,0.295,SPY,2026-09-18T11:09:27.324959-04:00,759.8699951171875
SPY260930P00704000,2026-09-30,put,704.0,0.31,0.32,0.33,2.0,652.0,0.2124102197265625,2026-09-18 14:43:33+00:00,0.03342949882803779,0.315,SPY,2026-09-18T11:09:27.324959-04:00,759.8699951171875
SPY260930P00705000,2026-09-30,put,705.0,0.31,0.32,0.34,1.0,3540.0,0.2092364233398437,2026-09-18 13:30:15+00:00,0.03342949882803779,0.315,SPY,2026-09-18T11:09:27.324959-04:00,759.8699951171875
SPY260930P00706000,2026-09-30,put,706.0,0.32,0.33,0.37,1.0,585.0,0.2067950415039062,2026-09-18 14:04:28+00:00,0.03342949882803779,0.325,SPY,2026-09-18T11:09:27.324959-04:00,759.8699951171875
SPY260930P00707000,2026-09-30,put,707.0,0.34,0.35,0.39,1.0,21248.0,0.20557435058593748,2026-09-18 14:03:40+00:00,0.03342949882803779,0.345,SPY,2026-09-18T11:09:27.324959-04:00,759.8699951171875
SPY260930P00708000,2026-09-30,put,708.0,0.34,0.35,0.37,2.0,1278.0,0.20227848510742186,2026-09-18 14:31:36+00:00,0.03342949882803779,0.345,SPY,2026-09-18T11:09:27.324959-04:00,759.8699951171875
SPY260930P00709000,2026-09-30,put,709.0,0.36,0.37,0.45,143.0,1499.0,0.20093572509765623,2026-09-17 19:57:11+00:00,0.03342949882803779,0.365,SPY,2026-09-18T11:09:27.324959-04:00,759.8699951171875
SPY260930P00710000,2026-09-30,put,710.0,0.37,0.38,0.4,218.0,13674.0,0.19849434326171872,2026-09-18 14:22:32+00:00,0.03342949882803779,0.375,SPY,2026-09-18T11:09:27.324959-04:00,759.8699951171875
SPY260930P00711000,2026-09-30,put,711.0,0.39,0.4,0.42,107.0,1057.0,0.19678537597656248,2026-09-18 14:18:43+00:00,0.03342949882803779,0.395,SPY,2026-09-18T11:09:27.324959-04:00,759.8699951171875
SPY260930P00712000,2026-09-30,put,712.0,0.39,0.4,0.45,29.0,1236.0,0.19336744140625,2026-09-18 14:07:22+00:00,0.03342949882803779,0.395,SPY,2026-09-18T11:09:27.324959-04:00,759.8699951171875
SPY260930P00713000,2026-09-30,put,713.0,0.41,0.42,0.42,100.0,936.0,0.19165847412109377,2026-09-18 13:48:20+00:00,0.03342949882803779,0.415,SPY,2026-09-18T11:09:27.324959-04:00,759.8699951171875
SPY260930P00714000,2026-09-30,put,714.0,0.43,0.44,0.54,4.0,951.0,0.18994950683593753,2026-09-17 19:45:18+00:00,0.03342949882803779,0.435,SPY,2026-09-18T11:09:27.324959-04:00,759.8699951171875
SPY260930P00715000,2026-09-30,put,715.0,0.45,0.46,0.47,56.0,6589.0,0.18799640136718748,2026-09-18 14:31:39+00:00,0.03342949882803779,0.455,SPY,2026-09-18T11:09:27.324959-04:00,759.8699951171875
SPY260930P00716000,2026-09-30,put,716.0,0.47,0.48,0.5,166.0,1442.0,0.1860432958984375,2026-09-18 14:36:22+00:00,0.03342949882803779,0.475,SPY,2026-09-18T11:09:27.324959-04:00,759.8699951171875
SPY260930P00717000,2026-09-30,put,717.0,0.48,0.49,0.5,7.0,839.0,0.18311363769531247,2026-09-18 14:12:12+00:00,0.03342949882803779,0.485,SPY,2026-09-18T11:09:27.324959-04:00,759.8699951171875
SPY260930P00718000,2026-09-30,put,718.0,0.5,0.51,0.56,14.0,1005.0,0.1810384631347656,2026-09-18 14:15:54+00:00,0.03342949882803779,0.505,SPY,2026-09-18T11:09:27.324959-04:00,759.8699951171875
SPY260930P00719000,2026-09-30,put,719.0,0.51,0.52,0.54,4.0,995.0,0.1782308740234375,2026-09-18 14:38:53+00:00,0.03342949882803779,0.515,SPY,2026-09-18T11:09:27.324959-04:00,759.8699951171875
SPY260930P00720000,2026-09-30,put,720.0,0.55,0.56,0.57,221.0,14433.0,0.1772543212890625,2026-09-18 14:39:11+00:00,0.03342949882803779,0.555,SPY,2026-09-18T11:09:27.324959-04:00,759.8699951171875
SPY260930P00721000,2026-09-30,put,721.0,0.57,0.58,0.64,16.0,1914.0,0.1749350085449219,2026-09-18 14:15:54+00:00,0.03342949882803779,0.575,SPY,2026-09-18T11:09:27.324959-04:00,759.8699951171875
SPY260930P00722000,2026-09-30,put,722.0,0.6,0.61,0.58,9.0,1928.0,0.17310397216796874,2026-09-18 13:47:32+00:00,0.03342949882803779,0.605,SPY,2026-09-18T11:09:27.324959-04:00,759.8699951171875
SPY260930P00723000,2026-09-30,put,723.0,0.63,0.64,0.61,12.0,703.0,0.17115086669921875,2026-09-18 13:41:17+00:00,0.03342949882803779,0.635,SPY,2026-09-18T11:09:27.324959-04:00,759.8699951171875
SPY260930P00724000,2026-09-30,put,724.0,0.66,0.67,0.64,36.0,1570.0,0.1690756921386719,2026-09-18 13:31:14+00:00,0.03342949882803779,0.665,SPY,2026-09-18T11:09:27.324959-04:00,759.8699951171875
SPY260930P00725000,2026-09-30,put,725.0,0.69,0.7,0.7,72.0,16777.0,0.16700051757812504,2026-09-18 14:51:34+00:00,0.03342949882803779,0.695,SPY,2026-09-18T11:09:27.324959-04:00,759.8699951171875
SPY260930P00726000,2026-09-30,put,726.0,0.72,0.73,0.75,40.0,1056.0,0.16480327392578126,2026-09-18 14:38:53+00:00,0.03342949882803779,0.725,SPY,2026-09-18T11:09:27.324959-04:00,759.8699951171875
SPY260930P00727000,2026-09-30,put,727.0,0.74,0.76,0.83,28.0,1193.0,0.16248396118164063,2026-09-18 14:08:44+00:00,0.03342949882803779,0.75,SPY,2026-09-18T11:09:27.324959-04:00,759.8699951171875
SPY260930P00728000,2026-09-30,put,728.0,0.8,0.81,0.82,7.0,1099.0,0.16101913208007812,2026-09-18 13:41:17+00:00,0.03342949882803779,0.805,SPY,2026-09-18T11:09:27.324959-04:00,759.8699951171875
SPY260930P00729000,2026-09-30,put,729.0,0.83,0.85,0.9,79.0,1944.0,0.15894395751953128,2026-09-18 14:23:48+00:00,0.03342949882803779,0.84,SPY,2026-09-18T11:09:27.324959-04:00,759.8699951171875
SPY260930P00730000,2026-09-30,put,730.0,0.88,0.89,0.88,340.0,29874.0,0.15674671386718753,2026-09-18 14:53:07+00:00,0.03342949882803779,0.885,SPY,2026-09-18T11:09:27.324959-04:00,759.8699951171875
SPY260930P00731000,2026-09-30,put,731.0,0.92,0.93,1.0,46.0,1812.0,0.1544274011230469,2026-09-18 14:23:48+00:00,0.03342949882803779,0.925,SPY,2026-09-18T11:09:27.324959-04:00,759.8699951171875
SPY260930P00732000,2026-09-30,put,732.0,0.98,0.99,1.0,404.0,1729.0,0.152901537475586,2026-09-18 14:51:32+00:00,0.03342949882803779,0.985,SPY,2026-09-18T11:09:27.324959-04:00,759.8699951171875
SPY260930P00733000,2026-09-30,put,733.0,1.03,1.05,1.07,35.0,1000.0,0.1511315356445313,2026-09-18 14:50:13+00:00,0.03342949882803779,1.04,SPY,2026-09-18T11:09:27.324959-04:00,759.8699951171875
SPY260930P00734000,2026-09-30,put,734.0,1.1,1.11,1.17,80.0,1758.0,0.14930049926757813,2026-09-18 14:23:48+00:00,0.03342949882803779,1.105,SPY,2026-09-18T11:09:27.324959-04:00,759.8699951171875
SPY260930P00735000,2026-09-30,put,735.0,1.16,1.18,1.16,160.0,14137.0,0.1475915319824219,2026-09-18 14:53:30+00:00,0.03342949882803779,1.17,SPY,2026-09-18T11:09:27.324959-04:00,759.8699951171875
SPY260930P00736000,2026-09-30,put,736.0,1.2,1.22,1.28,2619.0,16120.0,0.14466187377929687,2026-09-18 14:40:22+00:00,0.03342949882803779,1.21,SPY,2026-09-18T11:09:27.324959-04:00,759.8699951171875
SPY260930P00737000,2026-09-30,put,737.0,1.28,1.29,1.43,84.0,10140.0,0.14270876831054688,2026-09-18 14:26:03+00:00,0.03342949882803779,1.2850000000000001,SPY,2026-09-18T11:09:27.324959-04:00,759.8699951171875
SPY260930P00738000,2026-09-30,put,738.0,1.37,1.38,1.42,41.0,1335.0,0.14118290466308597,2026-09-18 14:50:13+00:00,0.03342949882803779,1.375,SPY,2026-09-18T11:09:27.324959-04:00,759.8699951171875
SPY260930P00739000,2026-09-30,put,739.0,1.45,1.46,1.61,10.0,1923.0,0.13916876464843753,2026-09-18 14:26:02+00:00,0.03342949882803779,1.455,SPY,2026-09-18T11:09:27.324959-04:00,759.8699951171875
SPY260930P00740000,2026-09-30,put,740.0,1.54,1.55,1.55,160.0,24010.0,0.13727669372558599,2026-09-18 14:53:24+00:00,0.03342949882803779,1.545,SPY,2026-09-18T11:09:27.324959-04:00,759.8699951171875
SPY260930P00741000,2026-09-30,put,741.0,1.64,1.65,1.85,6.0,1286.0,0.1355066918945313,2026-09-18 14:16:27+00:00,0.03342949882803779,1.645,SPY,2026-09-18T11:09:27.324959-04:00,759.8699951171875
SPY260930P00742000,2026-09-30,put,742.0,1.73,1.74,1.8,1645.0,1210.0,0.13324841369628904,2026-09-18 14:50:17+00:00,0.03342949882803779,1.7349999999999999,SPY,2026-09-18T11:09:27.324959-04:00,759.8699951171875
SPY260930P00743000,2026-09-30,put,743.0,1.85,1.87,1.94,20.0,1964.0,0.131844619140625,2026-09-18 14:39:20+00:00,0.03342949882803779,1.86,SPY,2026-09-18T11:09:27.324959-04:00,759.8699951171875
SPY260930P00744000,2026-09-30,put,744.0,1.97,1.98,1.96,151.0,1365.0,0.12970841003417968,2026-09-18 14:52:59+00:00,0.03342949882803779,1.975,SPY,2026-09-18T11:09:27.324959-04:00,759.8699951171875
SPY260930P00745000,2026-09-30,put,745.0,2.1,2.11,2.15,551.0,23097.0,0.12787737365722657,2026-09-18 14:51:22+00:00,0.03342949882803779,2.105,SPY,2026-09-18T11:09:27.324959-04:00,759.8699951171875
SPY260930P00746000,2026-09-30,put,746.0,2.25,2.26,2.23,48.0,1973.0,0.12625995819091795,2026-09-18 14:53:16+00:00,0.03342949882803779,2.255,SPY,2026-09-18T11:09:27.324959-04:00,759.8699951171875
SPY260930P00747000,2026-09-30,put,747.0,2.39,2.4,2.49,281.0,2365.0,0.12415426635742188,2026-09-18 14:40:41+00:00,0.03342949882803779,2.395,SPY,2026-09-18T11:09:27.324959-04:00,759.8699951171875
SPY260930P00748000,2026-09-30,put,748.0,2.54,2.56,2.53,97.0,1340.0,0.12226219543457033,2026-09-18 14:52:55+00:00,0.03342949882803779,2.55,SPY,2026-09-18T11:09:27.324959-04:00,759.8699951171875
SPY260930P00749000,2026-09-30,put,749.0,2.72,2.74,2.75,416.0,850.0,0.12055322814941406,2026-09-18 14:52:11+00:00,0.03342949882803779,2.7300000000000004,SPY,2026-09-18T11:09:27.324959-04:00,759.8699951171875
SPY260930P00750000,2026-09-30,put,750.0,2.89,2.92,2.97,2042.0,21788.0,0.11853908813476563,2026-09-18 14:51:22+00:00,0.03342949882803779,2.9050000000000002,SPY,2026-09-18T11:09:27.324959-04:00,759.8699951171875
SPY260930P00751000,2026-09-30,put,751.0,3.09,3.12,3.38,182.0,1176.0,0.11664701721191406,2026-09-18 14:43:29+00:00,0.03342949882803779,3.105,SPY,2026-09-18T11:09:27.324959-04:00,759.8699951171875
SPY260930P00752000,2026-09-30,put,752.0,3.31,3.35,3.45,92.0,4982.0,0.11502960174560548,2026-09-18 14:39:19+00:00,0.03342949882803779,3.33,SPY,2026-09-18T11:09:27.324959-04:00,759.8699951171875
SPY260930P00753000,2026-09-30,put,753.0,3.54,3.58,3.59,699.0,1182.0,0.1131070135498047,2026-09-18 14:52:30+00:00,0.03342949882803779,3.56,SPY,2026-09-18T11:09:27.324959-04:00,759.8699951171875
SPY260930P00754000,2026-09-30,put,754.0,3.82,3.86,4.17,1181.0,6388.0,0.11179477081298828,2026-09-18 14:45:07+00:00,0.03342949882803779,3.84,SPY,2026-09-18T11:09:27.324959-04:00,759.8699951171875
SPY260930P00755000,2026-09-30,put,755.0,4.09,4.13,4.12,777.0,14052.0,0.1099026998901367,2026-09-18 14:52:09+00:00,0.03342949882803779,4.109999999999999,SPY,2026-09-18T11:09:27.324959-04:00,759.8699951171875
SPY260930P00756000,2026-09-30,put,756.0,4.36,4.4,4.45,275.0,2119.0,0.10764442169189453,2026-09-18 14:50:51+00:00,0.03342949882803779,4.380000000000001,SPY,2026-09-18T11:09:27.324959-04:00,759.8699951171875
SPY260930P00757000,2026-09-30,put,757.0,4.71,4.74,4.97,290.0,7588.0,0.10627114440917969,2026-09-18 14:48:47+00:00,0.03342949882803779,4.725,SPY,2026-09-18T11:09:27.324959-04:00,759.8699951171875
SPY260930P00758000,2026-09-30,put,758.0,5.01,5.04,5.0,175.0,1253.0,0.10376872802734374,2026-09-18 14:53:03+00:00,0.03342949882803779,5.025,SPY,2026-09-18T11:09:27.324959-04:00,759.8699951171875
SPY260930P00759000,2026-09-30,put,759.0,5.37,5.4,5.6,931.0,1280.0,0.10187665710449219,2026-09-18 14:50:24+00:00,0.03342949882803779,5.385,SPY,2026-09-18T11:09:27.324959-04:00,759.8699951171875
SPY260930P00760000,2026-09-30,put,760.0,5.79,5.81,5.76,868.0,11031.0,0.10044234527587889,2026-09-18 14:54:07+00:00,0.03342949882803779,5.8,SPY,2026-09-18T11:09:27.324959-04:00,759.8699951171875
SPY260930P00761000,2026-09-30,put,761.0,6.2,6.23,6.18,2368.0,29163.0,0.09867234344482423,2026-09-18 14:53:19+00:00,0.03342949882803779,6.215,SPY,2026-09-18T11:09:27.324959-04:00,759.8699951171875
SPY260930P00762000,2026-09-30,put,762.0,6.62,6.67,6.61,684.0,1724.0,0.09671923797607423,2026-09-18 14:52:47+00:00,0.03342949882803779,6.645,SPY,2026-09-18T11:09:27.324959-04:00,759.8699951171875
SPY260930P00763000,2026-09-30,put,763.0,7.03,7.13,7.5,56.0,1482.0,0.09461354614257814,2026-09-18 14:42:29+00:00,0.03342949882803779,7.08,SPY,2026-09-18T11:09:27.324959-04:00,759.8699951171875
SPY260930P00764000,2026-09-30,put,764.0,7.5,7.64,8.15,180.0,1128.0,0.09281302703857422,2026-09-18 14:43:20+00:00,0.03342949882803779,7.57,SPY,2026-09-18T11:09:27.324959-04:00,759.8699951171875
SPY260930P00765000,2026-09-30,put,765.0,8.1,8.24,8.78,117.0,1789.0,0.09208061248779298,2026-09-18 14:45:13+00:00,0.03342949882803779,8.17,SPY,2026-09-18T11:09:27.324959-04:00,759.8699951171875
SPY260930P00766000,2026-09-30,put,766.0,8.67,8.82,9.4,22.0,2168.0,0.09037164520263671,2026-09-18 14:43:57+00:00,0.03342949882803779,8.745000000000001,SPY,2026-09-18T11:09:27.324959-04:00,759.8699951171875
SPY260930P00767000,2026-09-30,put,767.0,9.23,9.41,9.95,15.0,1755.0,0.0882049188232422,2026-09-18 14:36:23+00:00,0.03342949882803779,9.32,SPY,2026-09-18T11:09:27.324959-04:00,759.8699951171875
SPY260930P00768000,2026-09-30,put,768.0,9.99,10.14,10.5,17.0,609.0,0.08823543609619142,2026-09-18 14:20:37+00:00,0.03342949882803779,10.065000000000001,SPY,2026-09-18T11:09:27.324959-04:00,759.8699951171875
SPY260930P00769000,2026-09-30,put,769.0,10.57,10.75,10.97,279.0,1531.0,0.08497008789062502,2026-09-18 14:28:53+00:00,0.03342949882803779,10.66,SPY,2026-09-18T11:09:27.324959-04:00,759.8699951171875
SPY260930P00770000,2026-09-30,put,770.0,11.35,11.55,11.85,37.0,5919.0,0.08530577789306643,2026-09-18 14:29:23+00:00,0.03342949882803779,11.45,SPY,2026-09-18T11:09:27.324959-04:00,759.8699951171875
SPY260930P00771000,2026-09-30,put,771.0,12.05,12.3,11.67,1.0,1019.0,0.08377991424560549,2026-09-17 17:15:46+00:00,0.03342949882803779,12.175,SPY,2026-09-18T11:09:27.324959-04:00,759.8699951171875
SPY260930P00772000,2026-09-30,put,772.0,12.9,13.14,12.34,47.0,1335.0,0.08399353515625002,2026-09-17 18:06:39+00:00,0.03342949882803779,13.02,SPY,2026-09-18T11:09:27.324959-04:00,759.8699951171875
SPY260930P00773000,2026-09-30,put,773.0,13.69,13.97,13.27,40.0,802.0,0.08326112060546878,2026-09-17 16:44:17+00:00,0.03342949882803779,13.83,SPY,2026-09-18T11:09:27.324959-04:00,759.8699951171875
SPY260930P00774000,2026-09-30,put,774.0,14.53,15.87,14.67,21.0,430.0,0.11271028900146485,2026-09-18 14:51:46+00:00,0.03342949882803779,15.2,SPY,2026-09-18T11:09:27.324959-04:00,759.8699951171875
SPY260930P00775000,2026-09-30,put,775.0,14.2,17.44,16.62,15.0,11737.0,0.13150892913818357,2026-09-18 14:16:19+00:00,0.03342949882803779,15.82,SPY,2026-09-18T11:09:27.324959-04:00,759.8699951171875
SPY260930P00776000,2026-09-30,put,776.0,15.11,18.34,17.92,1.0,360.0,0.13404186279296876,2026-09-17 14:08:05+00:00,0.03342949882803779,16.725,SPY,2026-09-18T11:09:27.324959-04:00,759.8699951171875
SPY260930P00777000,2026-09-30,put,777.0,16.15,19.26,17.43,5.0,319.0,0.1368799691772461,2026-09-18 14:47:09+00:00,0.03342949882803779,17.705,SPY,2026-09-18T11:09:27.324959-04:00,759.8699951171875
SPY260930P00778000,2026-09-30,put,778.0,16.92,20.2,19.1,10.0,288.0,0.14008428283691404,2026-09-18 14:46:47+00:00,0.03342949882803779,18.560000000000002,SPY,2026-09-18T11:09:27.324959-04:00,759.8699951171875
SPY260930P00779000,2026-09-30,put,779.0,18.04,21.16,22.88,4.0,128.0,0.1437158383178711,2026-09-10 15:32:16+00:00,0.03342949882803779,19.6,SPY,2026-09-18T11:09:27.324959-04:00,759.8699951171875
SPY260930P00780000,2026-09-30,put,780.0,18.89,22.1,19.92,1.0,576.0,0.14673704833984375,2026-09-17 17:28:00+00:00,0.03342949882803779,20.495,SPY,2026-09-18T11:09:27.324959-04:00,759.8699951171875
SPY260930P00781000,2026-09-30,put,781.0,19.98,23.1,20.0,1.0,25.0,0.15125360473632815,2026-09-17 19:43:24+00:00,0.03342949882803779,21.54,SPY,2026-09-18T11:09:27.324959-04:00,759.8699951171875
SPY260930P00782000,2026-09-30,put,782.0,20.8,24.11,22.35,5.0,82.0,0.15601429931640626,2026-09-18 14:47:09+00:00,0.03342949882803779,22.455,SPY,2026-09-18T11:09:27.324959-04:00,759.8699951171875
SPY260930P00783000,2026-09-30,put,783.0,21.83,25.07,27.38,1.0,14.0,0.15931016479492188,2026-09-15 18:58:02+00:00,0.03342949882803779,23.45,SPY,2026-09-18T11:09:27.324959-04:00,759.8699951171875
SPY260930P00784000,2026-09-30,put,784.0,22.92,26.1,24.88,7.0,40.0,0.1645591357421875,2026-09-18 14:28:31+00:00,0.03342949882803779,24.51,SPY,2026-09-18T11:09:27.324959-04:00,759.8699951171875
SPY260930P00785000,2026-09-30,put,785.0,23.57,27.27,25.58,22.0,105.0,0.17377535217285156,2026-09-17 13:41:22+00:00,0.03342949882803779,25.42,SPY,2026-09-18T11:09:27.324959-04:00,759.8699951171875
SPY260930P00786000,2026-09-30,put,786.0,24.18,28.25,33.92,2.0,21.0,0.17762052856445312,2026-09-16 19:53:46+00:00,0.03342949882803779,26.215,SPY,2026-09-18T11:09:27.324959-04:00,759.8699951171875
SPY260930P00787000,2026-09-30,put,787.0,25.39,29.2,29.71,1.0,6.0,0.1804891522216797,2026-09-14 13:33:58+00:00,0.03342949882803779,27.295,SPY,2026-09-18T11:09:27.324959-04:00,759.8699951171875
SPY260930P00788000,2026-09-30,put,788.0,26.18,30.21,22.2,1.0,10.0,0.18506674316406246,2026-09-08 15:30:09+00:00,0.03342949882803779,28.195,SPY,2026-09-18T11:09:27.324959-04:00,759.8699951171875
SPY260930P00789000,2026-09-30,put,789.0,27.18,31.21,26.5,3.0,29.0,0.18933916137695314,2026-09-09 13:30:11+00:00,0.03342949882803779,29.195,SPY,2026-09-18T11:09:27.324959-04:00,759.8699951171875
SPY260930P00790000,2026-09-30,put,790.0,28.38,32.2,34.02,1.0,37.0,0.19324537231445313,2026-09-15 19:04:53+00:00,0.03342949882803779,30.29,SPY,2026-09-18T11:09:27.324959-04:00,759.8699951171875
SPY260930P00791000,2026-09-30,put,791.0,29.45,33.36,38.64,1.0,2.0,0.20227848510742186,2026-09-16 19:58:51+00:00,0.03342949882803779,31.405,SPY,2026-09-18T11:09:27.324959-04:00,759.8699951171875
SPY260930P00792000,2026-09-30,put,792.0,30.18,34.18,23.5,6.0,3.0,0.20099675964355468,2026-08-27 19:57:59+00:00,0.03342949882803779,32.18,SPY,2026-09-18T11:09:27.324959-04:00,759.8699951171875
SPY260930P00793000,2026-09-30,put,793.0,31.34,35.26,24.5,1.0,4.0,0.20764952514648435,2026-09-03 13:41:21+00:00,0.03342949882803779,33.3,SPY,2026-09-18T11:09:27.324959-04:00,759.8699951171875
SPY260930P00794000,2026-09-30,put,794.0,32.18,36.21,37.3,6.0,13.0,0.21021297607421874,2026-09-10 13:30:57+00:00,0.03342949882803779,34.195,SPY,2026-09-18T11:09:27.324959-04:00,759.8699951171875
SPY260930P00795000,2026-09-30,put,795.0,33.2,37.19,26.85,2.0,20.0,0.21363091064453127,2026-09-03 13:43:57+00:00,0.03342949882803779,35.195,SPY,2026-09-18T11:09:27.324959-04:00,759.8699951171875
SPY260930P00796000,2026-09-30,put,796.0,34.36,38.25,43.64,1.0,1.0,0.2196122961425781,2026-09-16 19:55:33+00:00,0.03342949882803779,36.305,SPY,2026-09-18T11:09:27.324959-04:00,759.8699951171875
SPY260930P00797000,2026-09-30,put,797.0,35.18,39.2,36.0,0.0,0.0,0.22205367797851558,2026-09-01 13:33:03+00:00,0.03342949882803779,37.19,SPY,2026-09-18T11:09:27.324959-04:00,759.8699951171875
SPY260930P00798000,2026-09-30,put,798.0,36.18,40.2,26.99,2.0,3.0,0.2260819580078125,2026-09-03 16:29:57+00:00,0.03342949882803779,38.19,SPY,2026-09-18T11:09:27.324959-04:00,759.8699951171875
SPY260930P00799000,2026-09-30,put,799.0,37.18,41.32,41.07,0.0,2.0,0.23401644897460935,2026-09-10 15:31:10+00:00,0.03342949882803779,39.25,SPY,2026-09-18T11:09:27.324959-04:00,759.8699951171875
SPY260930P00800000,2026-09-30,put,800.0,38.25,42.09,39.5,1.0,281.0,0.23023230712890624,2026-09-17 20:14:02+00:00,0.03342949882803779,40.17,SPY,2026-09-18T11:09:27.324959-04:00,759.8699951171875
SPY260930P00802000,2026-09-30,put,802.0,40.38,44.42,40.65,1.0,3.0,0.2492140509033203,2026-09-01 13:30:10+00:00,0.03342949882803779,42.400000000000006,SPY,2026-09-18T11:09:27.324959-04:00,759.8699951171875
SPY260930P00804000,2026-09-30,put,804.0,39.11,41.86,61.59,1.0,0.0,1.0000000000000003e-05,2026-07-02 16:56:05+00:00,0.03342949882803779,40.485,SPY,2026-09-18T11:09:27.324959-04:00,759.8699951171875
SPY260930P00805000,2026-09-30,put,805.0,43.25,47.32,47.52,1.0,2.0,0.25763681823730467,2026-09-10 13:42:12+00:00,0.03342949882803779,45.285,SPY,2026-09-18T11:09:27.324959-04:00,759.8699951171875
SPY260930P00806000,2026-09-30,put,806.0,44.34,48.26,50.11,1.0,3.0,0.2594068200683594,2026-09-10 13:55:37+00:00,0.03342949882803779,46.3,SPY,2026-09-18T11:09:27.324959-04:00,759.8699951171875
SPY260930P00808000,2026-09-30,put,808.0,46.18,50.2,38.01,2.0,0.0,0.26489992919921873,2026-08-19 17:19:22+00:00,0.03342949882803779,48.19,SPY,2026-09-18T11:09:27.324959-04:00,759.8699951171875
SPY260930P00809000,2026-09-30,put,809.0,38.58,42.1,78.07,0.0,0.0,1.0000000000000003e-05,2026-07-29 19:51:37+00:00,0.03342949882803779,40.34,SPY,2026-09-18T11:09:27.324959-04:00,759.8699951171875
SPY260930P00810000,2026-09-30,put,810.0,48.18,52.2,49.0,1.0,14.0,0.27246821289062495,2026-09-17 16:22:14+00:00,0.03342949882803779,50.19,SPY,2026-09-18T11:09:27.324959-04:00,759.8699951171875
SPY260930P00812000,2026-09-30,put,812.0,50.18,54.25,46.78,0.0,1.0,0.28174546386718746,2026-08-25 14:16:42+00:00,0.03342949882803779,52.215,SPY,2026-09-18T11:09:27.324959-04:00,759.8699951171875
SPY260930P00815000,2026-09-30,put,815.0,53.18,57.21,65.4,2.0,1.0,0.2913889221191405,2026-09-16 19:19:13+00:00,0.03342949882803779,55.195,SPY,2026-09-18T11:09:27.324959-04:00,759.8699951171875
SPY260930P00820000,2026-09-30,put,820.0,58.21,62.09,57.23,1.0,0.0,0.30475548767089844,2026-09-11 14:45:07+00:00,0.03342949882803779,60.150000000000006,SPY,2026-09-18T11:09:27.324959-04:00,759.8699951171875
SPY260930P00823000,2026-09-30,put,823.0,61.18,65.25,49.71,0.0,0.0,0.3219061950683593,2026-08-11 13:36:49+00:00,0.03342949882803779,63.215,SPY,2026-09-18T11:09:27.324959-04:00,759.8699951171875
SPY260930P00825000,2026-09-30,put,825.0,63.34,67.26,68.4,1.0,4.0,0.3293524096679687,2026-09-16 18:33:11+00:00,0.03342949882803779,65.30000000000001,SPY,2026-09-18T11:09:27.324959-04:00,759.8699951171875
SPY260930P00828000,2026-09-30,put,828.0,66.24,70.1,71.4,0.0,4.0,0.3332586206054688,2026-09-10 19:29:50+00:00,0.03342949882803779,68.16999999999999,SPY,2026-09-18T11:09:27.324959-04:00,759.8699951171875
SPY260930P00845000,2026-09-30,put,845.0,104.72,108.09,137.07,1.0,0.0,0.8855907437133789,2026-04-20 19:49:11+00:00,0.03342949882803779,106.405,SPY,2026-09-18T11:09:27.324959-04:00,759.8699951171875
SPY260930P00850000,2026-09-30,put,850.0,88.5,92.05,81.0,1.0,1.0,0.40405869384765625,2026-09-04 15:53:33+00:00,0.03342949882803779,90.275,SPY,2026-09-18T11:09:27.324959-04:00,759.8699951171875
SPY260930P00855000,2026-09-30,put,855.0,115.66,118.93,181.01,1.0,0.0,0.9511723632812499,2026-04-08 19:59:48+00:00,0.03342949882803779,117.295,SPY,2026-09-18T11:09:27.324959-04:00,759.8699951171875
SPY260930P00870000,2026-09-30,put,870.0,108.5,112.05,101.19,0.0,0.0,0.4664359997558594,2026-08-18 17:04:02+00:00,0.03342949882803779,110.275,SPY,2026-09-18T11:09:27.324959-04:00,759.8699951171875
SPY260930P00885000,2026-09-30,put,885.0,191.05,194.7,207.9,0.0,0.0,1.9540712745666504,2025-11-04 17:07:45+00:00,0.03342949882803779,192.875,SPY,2026-09-18T11:09:27.324959-04:00,759.8699951171875
SPY260930P00895000,2026-09-30,put,895.0,133.5,137.05,138.32,4.0,4.0,0.5399215930175782,2026-09-10 19:20:34+00:00,0.03342949882803779,135.275,SPY,2026-09-18T11:09:27.324959-04:00,759.8699951171875
SPY260930P00900000,2026-09-30,put,900.0,146.5,149.69,160.4,1.0,0.0,0.7929097857666016,2026-05-15 15:56:32+00:00,0.03342949882803779,148.095,SPY,2026-09-18T11:09:27.324959-04:00,759.8699951171875
SPY261009C00500000,2026-10-09,call,500.0,258.86,262.95,264.06,0.0,0.0,0.8449722534179687,2026-09-09 14:33:42+00:00,0.05808703307461314,260.905,SPY,2026-09-18T11:09:27.324959-04:00,759.8699951171875
SPY261009C00520000,2026-10-09,call,520.0,239.07,243.0,248.11,0.0,0.0,0.7902853002929688,2026-09-08 18:28:49+00:00,0.05808703307461314,241.035,SPY,2026-09-18T11:09:27.324959-04:00,759.8699951171875
SPY261009C00550000,2026-10-09,call,550.0,209.16,213.12,220.46,2.0,0.0,0.6981231359863282,2026-09-04 19:35:21+00:00,0.05808703307461314,211.14,SPY,2026-09-18T11:09:27.324959-04:00,759.8699951171875
SPY261009C00555000,2026-10-09,call,555.0,204.17,208.14,210.04,1.0,0.0,0.6826203613281252,2026-09-11 19:58:33+00:00,0.05808703307461314,206.15499999999997,SPY,2026-09-18T11:09:27.324959-04:00,759.8699951171875
SPY261009C00560000,2026-10-09,call,560.0,199.12,202.9,206.28,0.0,0.0,0.6525913647460939,2026-09-02 17:57:47+00:00,0.05808703307461314,201.01,SPY,2026-09-18T11:09:27.324959-04:00,759.8699951171875
SPY261009C00565000,2026-10-09,call,565.0,194.15,198.17,197.19,0.0,0.0,0.6499058447265625,2026-09-01 18:29:13+00:00,0.05808703307461314,196.16,SPY,2026-09-18T11:09:27.324959-04:00,759.8699951171875
SPY261009C00575000,2026-10-09,call,575.0,184.23,188.22,193.63,2.0,2.0,0.6223182299804688,2026-09-08 13:58:19+00:00,0.05808703307461314,186.225,SPY,2026-09-18T11:09:27.324959-04:00,759.8699951171875
SPY261009C00580000,2026-10-09,call,580.0,179.19,183.25,177.78,2.0,0.0,0.6054726953125001,2026-09-15 14:22:47+00:00,0.05808703307461314,181.22,SPY,2026-09-18T11:09:27.324959-04:00,759.8699951171875
SPY261009C00585000,2026-10-09,call,585.0,174.24,178.25,176.83,2.0,0.0,0.5911906115722658,2026-09-17 15:37:14+00:00,0.05808703307461314,176.245,SPY,2026-09-18T11:09:27.324959-04:00,759.8699951171875
SPY261009C00590000,2026-10-09,call,590.0,169.24,173.02,168.21,2.0,0.0,0.5659223095703125,2026-09-10 13:56:17+00:00,0.05808703307461314,171.13,SPY,2026-09-18T11:09:27.324959-04:00,759.8699951171875
SPY261009C00595000,2026-10-09,call,595.0,164.32,168.28,166.82,74.0,289.0,0.5627485131835939,2026-09-17 15:35:20+00:00,0.05808703307461314,166.3,SPY,2026-09-18T11:09:27.324959-04:00,759.8699951171875
SPY261009C00600000,2026-10-09,call,600.0,159.34,163.33,161.84,2.0,46.0,0.549076774902344,2026-09-17 15:35:32+00:00,0.05808703307461314,161.335,SPY,2026-09-18T11:09:27.324959-04:00,759.8699951171875
SPY261009C00605000,2026-10-09,call,605.0,154.29,157.98,152.68,100.0,373.0,0.5185595019531251,2026-09-15 14:23:26+00:00,0.05808703307461314,156.135,SPY,2026-09-18T11:09:27.324959-04:00,759.8699951171875
SPY261009C00610000,2026-10-09,call,610.0,149.41,153.28,144.18,27.0,23.0,0.51758294921875,2026-09-16 19:54:51+00:00,0.05808703307461314,151.345,SPY,2026-09-18T11:09:27.324959-04:00,759.8699951171875
SPY261009C00615000,2026-10-09,call,615.0,144.37,148.24,139.12,1.0,253.0,0.5984537225341797,2026-09-16 19:55:17+00:00,0.05808703307461314,146.305,SPY,2026-09-18T11:09:27.324959-04:00,759.8699951171875
SPY261009C00620000,2026-10-09,call,620.0,139.39,143.16,140.9,4.0,6.0,0.5770305969238281,2026-09-18 14:28:07+00:00,0.05808703307461314,141.27499999999998,SPY,2026-09-18T11:09:27.324959-04:00,759.8699951171875
SPY261009C00630000,2026-10-09,call,630.0,129.52,133.19,131.0,1.0,5.0,0.5423629748535157,2026-09-17 14:01:44+00:00,0.05808703307461314,131.35500000000002,SPY,2026-09-18T11:09:27.324959-04:00,759.8699951171875
SPY261009C00635000,2026-10-09,call,635.0,124.33,128.24,124.74,11.0,32.0,0.526371923828125,2026-09-10 15:57:19+00:00,0.05808703307461314,126.285,SPY,2026-09-18T11:09:27.324959-04:00,759.8699951171875
SPY261009C00640000,2026-10-09,call,640.0,119.44,123.18,119.97,2.0,47.0,0.5062305236816407,2026-09-16 14:15:07+00:00,0.05808703307461314,121.31,SPY,2026-09-18T11:09:27.324959-04:00,759.8699951171875
SPY261009C00650000,2026-10-09,call,650.0,109.63,113.59,112.73,1.0,294.0,0.48511257080078124,2026-09-17 19:03:22+00:00,0.05808703307461314,111.61,SPY,2026-09-18T11:09:27.324959-04:00,759.8699951171875
SPY261009C00655000,2026-10-09,call,655.0,104.51,108.3,106.12,4.0,2.0,0.45715874877929696,2026-09-16 15:17:34+00:00,0.05808703307461314,106.405,SPY,2026-09-18T11:09:27.324959-04:00,759.8699951171875
SPY261009C00660000,2026-10-09,call,660.0,99.57,103.48,102.73,10.0,64.0,0.445318046875,2026-09-14 19:20:58+00:00,0.05808703307461314,101.525,SPY,2026-09-18T11:09:27.324959-04:00,759.8699951171875
SPY261009C00665000,2026-10-09,call,665.0,94.8,98.63,97.6,1.0,5.0,0.4321345849609375,2026-09-17 17:19:49+00:00,0.05808703307461314,96.715,SPY,2026-09-18T11:09:27.324959-04:00,759.8699951171875
SPY261009C00670000,2026-10-09,call,670.0,89.75,93.72,90.0,4.0,27.0,0.4168149139404296,2026-09-16 14:23:46+00:00,0.05808703307461314,91.735,SPY,2026-09-18T11:09:27.324959-04:00,759.8699951171875
SPY261009C00675000,2026-10-09,call,675.0,84.86,88.83,84.93,200.0,102.0,0.4018614501953125,2026-09-16 14:32:46+00:00,0.05808703307461314,86.845,SPY,2026-09-18T11:09:27.324959-04:00,759.8699951171875
SPY261009C00680000,2026-10-09,call,680.0,79.86,83.84,83.54,4.0,1262.0,0.383795224609375,2026-09-16 13:30:05+00:00,0.05808703307461314,81.85,SPY,2026-09-18T11:09:27.324959-04:00,759.8699951171875
SPY261009C00685000,2026-10-09,call,685.0,74.93,78.73,76.22,6.0,10.0,0.36237209899902345,2026-09-17 14:07:23+00:00,0.05808703307461314,76.83000000000001,SPY,2026-09-18T11:09:27.324959-04:00,759.8699951171875
SPY261009C00690000,2026-10-09,call,690.0,70.0,73.85,73.8,1.0,16.0,0.3472355316162109,2026-09-17 19:53:38+00:00,0.05808703307461314,71.925,SPY,2026-09-18T11:09:27.324959-04:00,759.8699951171875
SPY261009C00695000,2026-10-09,call,695.0,64.92,68.76,68.5,10.0,1113.0,0.32636171691894533,2026-09-17 17:05:24+00:00,0.05808703307461314,66.84,SPY,2026-09-18T11:09:27.324959-04:00,759.8699951171875
SPY261009C00700000,2026-10-09,call,700.0,60.43,63.7,61.83,109.0,457.0,0.3062813513183594,2026-09-18 14:10:11+00:00,0.05808703307461314,62.065,SPY,2026-09-18T11:09:27.324959-04:00,759.8699951171875
SPY261009C00705000,2026-10-09,call,705.0,55.48,59.04,56.87,3.0,77.0,0.295905478515625,2026-09-18 14:29:13+00:00,0.05808703307461314,57.26,SPY,2026-09-18T11:09:27.324959-04:00,759.8699951171875
SPY261009C00710000,2026-10-09,call,710.0,50.68,54.14,53.96,27.0,24.0,0.2790904611206054,2026-09-17 18:25:01+00:00,0.05808703307461314,52.41,SPY,2026-09-18T11:09:27.324959-04:00,759.8699951171875
SPY261009C00715000,2026-10-09,call,715.0,46.16,49.23,49.2,13.0,17.0,0.2617261328125,2026-09-17 20:10:36+00:00,0.05808703307461314,47.69499999999999,SPY,2026-09-18T11:09:27.324959-04:00,759.8699951171875
SPY261009C00720000,2026-10-09,call,720.0,41.27,44.63,44.62,13.0,27.0,0.25025163818359375,2026-09-17 19:58:15+00:00,0.05808703307461314,42.95,SPY,2026-09-18T11:09:27.324959-04:00,759.8699951171875
SPY261009C00721000,2026-10-09,call,721.0,40.14,43.74,36.75,3.0,10.0,0.24842060180664063,2026-09-16 20:02:42+00:00,0.05808703307461314,41.94,SPY,2026-09-18T11:09:27.324959-04:00,759.8699951171875
SPY261009C00723000,2026-10-09,call,723.0,38.68,41.74,40.5,4.0,11.0,0.2402724899291992,2026-09-17 13:36:30+00:00,0.05808703307461314,40.21,SPY,2026-09-18T11:09:27.324959-04:00,759.8699951171875
SPY261009C00724000,2026-10-09,call,724.0,39.17,39.45,38.63,1.0,8.0,0.20990780334472653,2026-09-18 14:18:22+00:00,0.05808703307461314,39.31,SPY,2026-09-18T11:09:27.324959-04:00,759.8699951171875
SPY261009C00725000,2026-10-09,call,725.0,38.16,39.99,39.35,2.0,221.0,0.23688507263183595,2026-09-18 13:37:56+00:00,0.05808703307461314,39.075,SPY,2026-09-18T11:09:27.324959-04:00,759.8699951171875
SPY261009C00726000,2026-10-09,call,726.0,37.24,39.06,32.32,32.0,42.0,0.23401644897460935,2026-09-16 20:02:45+00:00,0.05808703307461314,38.150000000000006,SPY,2026-09-18T11:09:27.324959-04:00,759.8699951171875
SPY261009C00727000,2026-10-09,call,727.0,34.56,37.67,34.04,6.0,40.0,0.22248091979980467,2026-09-16 18:38:27+00:00,0.05808703307461314,36.115,SPY,2026-09-18T11:09:27.324959-04:00,759.8699951171875
SPY261009C00728000,2026-10-09,call,728.0,35.48,37.18,30.53,90.0,498.0,0.2278519598388672,2026-09-16 20:02:08+00:00,0.05808703307461314,36.33,SPY,2026-09-18T11:09:27.324959-04:00,759.8699951171875
SPY261009C00729000,2026-10-09,call,729.0,34.51,36.29,34.0,2.0,91.0,0.225593681640625,2026-09-18 14:03:57+00:00,0.05808703307461314,35.4,SPY,2026-09-18T11:09:27.324959-04:00,759.8699951171875
SPY261009C00730000,2026-10-09,call,730.0,33.51,35.32,33.13,2.0,339.0,0.22184005706787108,2026-09-18 14:45:46+00:00,0.05808703307461314,34.415,SPY,2026-09-18T11:09:27.324959-04:00,759.8699951171875
SPY261009C00731000,2026-10-09,call,731.0,32.71,32.97,30.56,2.0,3.0,0.19263502685546874,2026-09-15 16:13:13+00:00,0.05808703307461314,32.84,SPY,2026-09-18T11:09:27.324959-04:00,759.8699951171875
SPY261009C00732000,2026-10-09,call,732.0,31.8,33.52,27.19,32.0,33.0,0.2167131552124023,2026-09-16 20:01:24+00:00,0.05808703307461314,32.660000000000004,SPY,2026-09-18T11:09:27.324959-04:00,759.8699951171875
SPY261009C00733000,2026-10-09,call,733.0,30.93,31.15,26.31,28.0,35.0,0.18778278045654295,2026-09-16 20:01:35+00:00,0.05808703307461314,31.04,SPY,2026-09-18T11:09:27.324959-04:00,759.8699951171875
SPY261009C00734000,2026-10-09,call,734.0,30.02,31.74,25.43,1.0,163.0,0.21170832244873045,2026-09-16 19:59:51+00:00,0.05808703307461314,30.88,SPY,2026-09-18T11:09:27.324959-04:00,759.8699951171875
SPY261009C00735000,2026-10-09,call,735.0,29.14,30.46,30.09,19.0,1163.0,0.20246158874511716,2026-09-18 13:48:36+00:00,0.05808703307461314,29.8,SPY,2026-09-18T11:09:27.324959-04:00,759.8699951171875
SPY261009C00736000,2026-10-09,call,736.0,28.14,29.97,23.12,5.0,285.0,0.20658142059326168,2026-09-16 19:49:10+00:00,0.05808703307461314,29.055,SPY,2026-09-18T11:09:27.324959-04:00,759.8699951171875
SPY261009C00737000,2026-10-09,call,737.0,27.27,29.08,28.84,10.0,13.0,0.20383486602783202,2026-09-17 17:08:39+00:00,0.05808703307461314,28.174999999999997,SPY,2026-09-18T11:09:27.324959-04:00,759.8699951171875
SPY261009C00738000,2026-10-09,call,738.0,26.35,26.58,27.53,10.0,45.0,0.17414155944824222,2026-09-17 19:58:15+00:00,0.05808703307461314,26.465,SPY,2026-09-18T11:09:27.324959-04:00,759.8699951171875
SPY261009C00739000,2026-10-09,call,739.0,25.55,25.76,26.68,2.0,117.0,0.1727987994384766,2026-09-17 14:25:18+00:00,0.05808703307461314,25.655,SPY,2026-09-18T11:09:27.324959-04:00,759.8699951171875
SPY261009C00740000,2026-10-09,call,740.0,24.67,24.88,24.44,1.0,1020.0,0.17035741760253909,2026-09-18 14:09:31+00:00,0.05808703307461314,24.775,SPY,2026-09-18T11:09:27.324959-04:00,759.8699951171875
SPY261009C00741000,2026-10-09,call,741.0,23.81,24.02,19.97,4.0,90.0,0.16816017395019534,2026-09-16 20:05:42+00:00,0.05808703307461314,23.915,SPY,2026-09-18T11:09:27.324959-04:00,759.8699951171875
SPY261009C00742000,2026-10-09,call,742.0,22.96,23.16,24.61,2.0,68.0,0.16584086120605473,2026-09-17 18:28:11+00:00,0.05808703307461314,23.060000000000002,SPY,2026-09-18T11:09:27.324959-04:00,759.8699951171875
SPY261009C00743000,2026-10-09,call,743.0,22.11,22.32,18.42,21.0,24.0,0.1637351693725586,2026-09-16 20:11:18+00:00,0.05808703307461314,22.215,SPY,2026-09-18T11:09:27.324959-04:00,759.8699951171875
SPY261009C00744000,2026-10-09,call,744.0,21.3,21.49,15.71,45.0,70.0,0.16169051208496094,2026-09-16 19:22:21+00:00,0.05808703307461314,21.395,SPY,2026-09-18T11:09:27.324959-04:00,759.8699951171875
SPY261009C00745000,2026-10-09,call,745.0,20.41,20.61,19.91,1.0,1479.0,0.15876085388183597,2026-09-18 14:05:12+00:00,0.05808703307461314,20.509999999999998,SPY,2026-09-18T11:09:27.324959-04:00,759.8699951171875
SPY261009C00746000,2026-10-09,call,746.0,19.64,19.84,19.85,2.0,30.0,0.1574180938720703,2026-09-17 15:11:06+00:00,0.05808703307461314,19.740000000000002,SPY,2026-09-18T11:09:27.324959-04:00,759.8699951171875
SPY261009C00747000,2026-10-09,call,747.0,18.87,19.07,18.5,20.0,308.0,0.15592274749755858,2026-09-18 14:08:40+00:00,0.05808703307461314,18.97,SPY,2026-09-18T11:09:27.324959-04:00,759.8699951171875
SPY261009C00748000,2026-10-09,call,748.0,18.06,18.23,19.89,5.0,265.0,0.15323722747802737,2026-09-17 19:54:40+00:00,0.05808703307461314,18.145,SPY,2026-09-18T11:09:27.324959-04:00,759.8699951171875
SPY261009C00749000,2026-10-09,call,749.0,17.25,17.42,17.45,2.0,77.0,0.15088739746093754,2026-09-18 14:01:12+00:00,0.05808703307461314,17.335,SPY,2026-09-18T11:09:27.324959-04:00,759.8699951171875
SPY261009C00750000,2026-10-09,call,750.0,16.47,16.6,16.18,14.0,655.0,0.1482629119873047,2026-09-18 14:33:36+00:00,0.05808703307461314,16.535,SPY,2026-09-18T11:09:27.324959-04:00,759.8699951171875
SPY261009C00751000,2026-10-09,call,751.0,15.73,15.87,15.86,2.0,36.0,0.1467980828857422,2026-09-18 13:58:10+00:00,0.05808703307461314,15.8,SPY,2026-09-18T11:09:27.324959-04:00,759.8699951171875
SPY261009C00752000,2026-10-09,call,752.0,14.96,15.12,15.04,254.0,248.0,0.14487549468994143,2026-09-18 14:00:46+00:00,0.05808703307461314,15.04,SPY,2026-09-18T11:09:27.324959-04:00,759.8699951171875
SPY261009C00753000,2026-10-09,call,753.0,14.22,14.36,15.69,12.0,54.0,0.14266299240112307,2026-09-17 18:14:33+00:00,0.05808703307461314,14.29,SPY,2026-09-18T11:09:27.324959-04:00,759.8699951171875
SPY261009C00754000,2026-10-09,call,754.0,13.51,13.65,13.18,10.0,90.0,0.14096928375244144,2026-09-18 14:03:18+00:00,0.05808703307461314,13.58,SPY,2026-09-18T11:09:27.324959-04:00,759.8699951171875
SPY261009C00755000,2026-10-09,call,755.0,12.79,12.9,12.85,4.0,503.0,0.13855841918945314,2026-09-18 14:11:09+00:00,0.05808703307461314,12.844999999999999,SPY,2026-09-18T11:09:27.324959-04:00,759.8699951171875
SPY261009C00756000,2026-10-09,call,756.0,12.06,12.2,11.63,4.0,378.0,0.13666634826660157,2026-09-18 14:17:11+00:00,0.05808703307461314,12.129999999999999,SPY,2026-09-18T11:09:27.324959-04:00,759.8699951171875
SPY261009C00757000,2026-10-09,call,757.0,11.45,11.56,13.0,622.0,432.0,0.135399881439209,2026-09-17 19:06:55+00:00,0.05808703307461314,11.504999999999999,SPY,2026-09-18T11:09:27.324959-04:00,759.8699951171875
SPY261009C00758000,2026-10-09,call,758.0,10.75,10.87,10.41,19.0,1341.0,0.13324841369628904,2026-09-18 14:34:24+00:00,0.05808703307461314,10.809999999999999,SPY,2026-09-18T11:09:27.324959-04:00,759.8699951171875
SPY261009C00759000,2026-10-09,call,759.0,10.13,10.22,9.88,141.0,823.0,0.13144789459228517,2026-09-18 14:49:06+00:00,0.05808703307461314,10.175,SPY,2026-09-18T11:09:27.324959-04:00,759.8699951171875
SPY261009C00760000,2026-10-09,call,760.0,9.52,9.56,9.55,139.0,1375.0,0.12928116821289062,2026-09-18 14:52:52+00:00,0.05808703307461314,9.54,SPY,2026-09-18T11:09:27.324959-04:00,759.8699951171875
SPY261009C00761000,2026-10-09,call,761.0,8.9,8.95,8.69,21.0,1210.0,0.12757220092773439,2026-09-18 14:49:41+00:00,0.05808703307461314,8.925,SPY,2026-09-18T11:09:27.324959-04:00,759.8699951171875
SPY261009C00762000,2026-10-09,call,762.0,8.27,8.31,8.0,92.0,2146.0,0.12525288818359376,2026-09-18 14:42:28+00:00,0.05808703307461314,8.29,SPY,2026-09-18T11:09:27.324959-04:00,759.8699951171875
SPY261009C00763000,2026-10-09,call,763.0,7.74,7.79,7.75,110.0,1066.0,0.12429159408569337,2026-09-18 14:53:53+00:00,0.05808703307461314,7.765000000000001,SPY,2026-09-18T11:09:27.324959-04:00,759.8699951171875
SPY261009C00764000,2026-10-09,call,764.0,7.14,7.19,7.06,151.0,1236.0,0.12200279861450197,2026-09-18 14:39:12+00:00,0.05808703307461314,7.165,SPY,2026-09-18T11:09:27.324959-04:00,759.8699951171875
SPY261009C00765000,2026-10-09,call,765.0,6.65,6.69,6.68,55.0,773.0,0.12082788360595703,2026-09-18 14:52:55+00:00,0.05808703307461314,6.67,SPY,2026-09-18T11:09:27.324959-04:00,759.8699951171875
SPY261009C00766000,2026-10-09,call,766.0,6.11,6.15,5.88,256.0,1945.0,0.11881374359130858,2026-09-18 14:48:08+00:00,0.05808703307461314,6.130000000000001,SPY,2026-09-18T11:09:27.324959-04:00,759.8699951171875
SPY261009C00767000,2026-10-09,call,767.0,5.63,5.67,5.38,46.0,634.0,0.11737943176269532,2026-09-18 14:47:50+00:00,0.05808703307461314,5.65,SPY,2026-09-18T11:09:27.324959-04:00,759.8699951171875
SPY261009C00768000,2026-10-09,call,768.0,5.16,5.21,5.14,46.0,942.0,0.11594511993408202,2026-09-18 14:51:31+00:00,0.05808703307461314,5.1850000000000005,SPY,2026-09-18T11:09:27.324959-04:00,759.8699951171875
SPY261009C00769000,2026-10-09,call,769.0,4.74,4.78,4.69,66.0,896.0,0.11463287719726564,2026-09-18 14:52:16+00:00,0.05808703307461314,4.76,SPY,2026-09-18T11:09:27.324959-04:00,759.8699951171875
SPY261009C00770000,2026-10-09,call,770.0,4.32,4.35,4.33,76.0,2703.0,0.11301546173095703,2026-09-18 14:52:06+00:00,0.05808703307461314,4.335,SPY,2026-09-18T11:09:27.324959-04:00,759.8699951171875
SPY261009C00771000,2026-10-09,call,771.0,3.96,4.0,3.81,15.0,826.0,0.11231356445312499,2026-09-18 14:33:04+00:00,0.05808703307461314,3.98,SPY,2026-09-18T11:09:27.324959-04:00,759.8699951171875
SPY261009C00772000,2026-10-09,call,772.0,3.6,3.64,3.55,125.0,707.0,0.11115390808105467,2026-09-18 14:23:37+00:00,0.05808703307461314,3.62,SPY,2026-09-18T11:09:27.324959-04:00,759.8699951171875
SPY261009C00773000,2026-10-09,call,773.0,3.24,3.28,3.21,12.0,714.0,0.10965856170654298,2026-09-18 14:29:05+00:00,0.05808703307461314,3.26,SPY,2026-09-18T11:09:27.324959-04:00,759.8699951171875
SPY261009C00774000,2026-10-09,call,774.0,2.92,2.97,2.77,34.0,964.0,0.10865149169921876,2026-09-18 14:36:23+00:00,0.05808703307461314,2.9450000000000003,SPY,2026-09-18T11:09:27.324959-04:00,759.8699951171875
SPY261009C00775000,2026-10-09,call,775.0,2.63,2.65,2.53,145.0,1866.0,0.1071256280517578,2026-09-18 14:47:11+00:00,0.05808703307461314,2.6399999999999997,SPY,2026-09-18T11:09:27.324959-04:00,759.8699951171875
SPY261009C00776000,2026-10-09,call,776.0,2.38,2.41,2.39,71.0,474.0,0.10669838623046876,2026-09-18 14:52:50+00:00,0.05808703307461314,2.395,SPY,2026-09-18T11:09:27.324959-04:00,759.8699951171875
SPY261009C00777000,2026-10-09,call,777.0,2.13,2.16,2.16,89.0,935.0,0.10572183349609374,2026-09-18 14:52:53+00:00,0.05808703307461314,2.145,SPY,2026-09-18T11:09:27.324959-04:00,759.8699951171875
SPY261009C00778000,2026-10-09,call,778.0,1.91,1.93,1.89,50.0,1294.0,0.10483683258056639,2026-09-18 14:51:37+00:00,0.05808703307461314,1.92,SPY,2026-09-18T11:09:27.324959-04:00,759.8699951171875
SPY261009C00779000,2026-10-09,call,779.0,1.69,1.71,1.6,58.0,1173.0,0.10376872802734374,2026-09-18 14:37:14+00:00,0.05808703307461314,1.7,SPY,2026-09-18T11:09:27.324959-04:00,759.8699951171875
SPY261009C00780000,2026-10-09,call,780.0,1.51,1.54,1.51,313.0,2359.0,0.10346355529785155,2026-09-18 14:52:08+00:00,0.05808703307461314,1.525,SPY,2026-09-18T11:09:27.324959-04:00,759.8699951171875
SPY261009C00781000,2026-10-09,call,781.0,1.35,1.37,1.35,28.0,1031.0,0.10279217529296875,2026-09-18 14:52:42+00:00,0.05808703307461314,1.36,SPY,2026-09-18T11:09:27.324959-04:00,759.8699951171875
SPY261009C00782000,2026-10-09,call,782.0,1.19,1.21,1.14,30.0,931.0,0.10205976074218749,2026-09-18 14:49:08+00:00,0.05808703307461314,1.2,SPY,2026-09-18T11:09:27.324959-04:00,759.8699951171875
SPY261009C00783000,2026-10-09,call,783.0,1.06,1.08,1.0,96.0,813.0,0.10175458801269531,2026-09-18 14:43:34+00:00,0.05808703307461314,1.07,SPY,2026-09-18T11:09:27.324959-04:00,759.8699951171875
SPY261009C00784000,2026-10-09,call,784.0,0.95,0.97,0.94,18.0,695.0,0.10169355346679687,2026-09-18 14:52:40+00:00,0.05808703307461314,0.96,SPY,2026-09-18T11:09:27.324959-04:00,759.8699951171875
SPY261009C00785000,2026-10-09,call,785.0,0.83,0.85,0.83,637.0,1779.0,0.10102217346191406,2026-09-18 14:52:31+00:00,0.05808703307461314,0.84,SPY,2026-09-18T11:09:27.324959-04:00,759.8699951171875
SPY261009C00786000,2026-10-09,call,786.0,0.74,0.76,0.71,117.0,1213.0,0.10096113891601563,2026-09-18 14:34:04+00:00,0.05808703307461314,0.75,SPY,2026-09-18T11:09:27.324959-04:00,759.8699951171875
SPY261009C00787000,2026-10-09,call,787.0,0.66,0.67,0.63,308.0,526.0,0.100594931640625,2026-09-18 14:33:46+00:00,0.05808703307461314,0.665,SPY,2026-09-18T11:09:27.324959-04:00,759.8699951171875
SPY261009C00788000,2026-10-09,call,788.0,0.58,0.59,0.59,48.0,646.0,0.1002897589111328,2026-09-18 14:52:55+00:00,0.05808703307461314,0.585,SPY,2026-09-18T11:09:27.324959-04:00,759.8699951171875
SPY261009C00789000,2026-10-09,call,789.0,0.51,0.53,0.52,24.0,640.0,0.10053389709472656,2026-09-18 14:52:40+00:00,0.05808703307461314,0.52,SPY,2026-09-18T11:09:27.324959-04:00,759.8699951171875
SPY261009C00790000,2026-10-09,call,790.0,0.46,0.47,0.47,179.0,2268.0,0.10047286254882812,2026-09-18 14:53:57+00:00,0.05808703307461314,0.46499999999999997,SPY,2026-09-18T11:09:27.324959-04:00,759.8699951171875
SPY261009C00791000,2026-10-09,call,791.0,0.41,0.42,0.4,25.0,740.0,0.10065596618652344,2026-09-18 14:03:22+00:00,0.05808703307461314,0.415,SPY,2026-09-18T11:09:27.324959-04:00,759.8699951171875
SPY261009C00792000,2026-10-09,call,792.0,0.35,0.37,0.43,83.0,746.0,0.100594931640625,2026-09-18 13:47:25+00:00,0.05808703307461314,0.36,SPY,2026-09-18T11:09:27.324959-04:00,759.8699951171875
SPY261009C00793000,2026-10-09,call,793.0,0.32,0.34,0.34,17.0,1071.0,0.10132734619140624,2026-09-18 14:10:45+00:00,0.05808703307461314,0.33,SPY,2026-09-18T11:09:27.324959-04:00,759.8699951171875
SPY261009C00794000,2026-10-09,call,794.0,0.29,0.3,0.31,6.0,818.0,0.10132734619140624,2026-09-18 14:23:45+00:00,0.05808703307461314,0.295,SPY,2026-09-18T11:09:27.324959-04:00,759.8699951171875
SPY261009C00795000,2026-10-09,call,795.0,0.25,0.27,0.27,11.0,1240.0,0.10169355346679687,2026-09-18 14:42:14+00:00,0.05808703307461314,0.26,SPY,2026-09-18T11:09:27.324959-04:00,759.8699951171875
SPY261009C00796000,2026-10-09,call,796.0,0.23,0.24,0.24,28.0,634.0,0.10181562255859375,2026-09-18 14:02:11+00:00,0.05808703307461314,0.235,SPY,2026-09-18T11:09:27.324959-04:00,759.8699951171875
SPY261009C00797000,2026-10-09,call,797.0,0.22,0.23,0.27,3.0,1726.0,0.10340252075195311,2026-09-17 20:10:42+00:00,0.05808703307461314,0.225,SPY,2026-09-18T11:09:27.324959-04:00,759.8699951171875
SPY261009C00798000,2026-10-09,call,798.0,0.19,0.2,0.21,1.0,485.0,0.10315838256835935,2026-09-18 14:14:58+00:00,0.05808703307461314,0.195,SPY,2026-09-18T11:09:27.324959-04:00,759.8699951171875
SPY261009C00799000,2026-10-09,call,799.0,0.17,0.18,0.18,574.0,663.0,0.10352458984374999,2026-09-18 14:31:22+00:00,0.05808703307461314,0.175,SPY,2026-09-18T11:09:27.324959-04:00,759.8699951171875
SPY261009C00800000,2026-10-09,call,800.0,0.16,0.17,0.16,10541.0,18507.0,0.10474528076171874,2026-09-18 14:52:45+00:00,0.05808703307461314,0.165,SPY,2026-09-18T11:09:27.324959-04:00,759.8699951171875
SPY261009C00801000,2026-10-09,call,801.0,0.14,0.15,0.21,932.0,1636.0,0.10486734985351562,2026-09-17 18:06:20+00:00,0.05808703307461314,0.14500000000000002,SPY,2026-09-18T11:09:27.324959-04:00,759.8699951171875
SPY261009C00802000,2026-10-09,call,802.0,0.13,0.14,0.14,255.0,586.0,0.10584390258789061,2026-09-18 14:53:42+00:00,0.05808703307461314,0.135,SPY,2026-09-18T11:09:27.324959-04:00,759.8699951171875
SPY261009C00803000,2026-10-09,call,803.0,0.12,0.13,0.14,8.0,264.0,0.10669838623046876,2026-09-18 14:02:12+00:00,0.05808703307461314,0.125,SPY,2026-09-18T11:09:27.324959-04:00,759.8699951171875
SPY261009C00804000,2026-10-09,call,804.0,0.11,0.12,0.12,142.0,345.0,0.10743080078125,2026-09-18 14:31:30+00:00,0.05808703307461314,0.11499999999999999,SPY,2026-09-18T11:09:27.324959-04:00,759.8699951171875
SPY261009C00805000,2026-10-09,call,805.0,0.11,0.12,0.12,118.0,1471.0,0.10962804443359375,2026-09-18 14:46:25+00:00,0.05808703307461314,0.11499999999999999,SPY,2026-09-18T11:09:27.324959-04:00,759.8699951171875
SPY261009C00806000,2026-10-09,call,806.0,0.1,0.11,0.14,40.0,239.0,0.11011632080078124,2026-09-17 19:32:31+00:00,0.05808703307461314,0.10500000000000001,SPY,2026-09-18T11:09:27.324959-04:00,759.8699951171875
SPY261009C00807000,2026-10-09,call,807.0,0.09,0.1,0.13,40.0,427.0,0.11084873535156249,2026-09-17 16:31:02+00:00,0.05808703307461314,0.095,SPY,2026-09-18T11:09:27.324959-04:00,759.8699951171875
SPY261009C00808000,2026-10-09,call,808.0,0.09,0.1,0.12,7.0,482.0,0.1128018408203125,2026-09-16 18:29:32+00:00,0.05808703307461314,0.095,SPY,2026-09-18T11:09:27.324959-04:00,759.8699951171875
SPY261009C00809000,2026-10-09,call,809.0,0.08,0.09,0.13,1.0,222.0,0.11304597900390626,2026-09-18 13:30:03+00:00,0.05808703307461314,0.08499999999999999,SPY,2026-09-18T11:09:27.324959-04:00,759.8699951171875
SPY261009C00810000,2026-10-09,call,810.0,0.08,0.09,0.09,32.0,660.0,0.11499908447265625,2026-09-18 14:10:53+00:00,0.05808703307461314,0.08499999999999999,SPY,2026-09-18T11:09:27.324959-04:00,759.8699951171875
SPY261009C00811000,2026-10-09,call,811.0,0.08,0.09,0.1,292.0,388.0,0.1167080517578125,2026-09-17 13:31:23+00:00,0.05808703307461314,0.08499999999999999,SPY,2026-09-18T11:09:27.324959-04:00,759.8699951171875
SPY261009C00812000,2026-10-09,call,812.0,0.07,0.08,0.08,2.0,660.0,0.11695218994140624,2026-09-18 14:36:12+00:00,0.05808703307461314,0.07500000000000001,SPY,2026-09-18T11:09:27.324959-04:00,759.8699951171875
SPY261009C00813000,2026-10-09,call,813.0,0.07,0.08,0.1,2.0,85.0,0.1186611572265625,2026-09-16 15:49:35+00:00,0.05808703307461314,0.07500000000000001,SPY,2026-09-18T11:09:27.324959-04:00,759.8699951171875
SPY261009C00814000,2026-10-09,call,814.0,0.06,0.07,0.09,16.0,1277.0,0.1186611572265625,2026-09-17 17:17:29+00:00,0.05808703307461314,0.065,SPY,2026-09-18T11:09:27.324959-04:00,759.8699951171875
SPY261009C00815000,2026-10-09,call,815.0,0.06,0.07,0.07,1.0,167.0,0.1206142626953125,2026-09-18 14:15:47+00:00,0.05808703307461314,0.065,SPY,2026-09-18T11:09:27.324959-04:00,759.8699951171875
SPY261009C00816000,2026-10-09,call,816.0,0.06,0.07,0.08,13.0,82.0,0.12256736816406251,2026-09-17 16:34:46+00:00,0.05808703307461314,0.065,SPY,2026-09-18T11:09:27.324959-04:00,759.8699951171875
SPY261009C00817000,2026-10-09,call,817.0,0.06,0.07,0.09,1.0,75.0,0.124032197265625,2026-09-14 16:39:18+00:00,0.05808703307461314,0.065,SPY,2026-09-18T11:09:27.324959-04:00,759.8699951171875
SPY261009C00818000,2026-10-09,call,818.0,0.05,0.06,0.06,1.0,48.0,0.1235439208984375,2026-09-16 18:37:15+00:00,0.05808703307461314,0.055,SPY,2026-09-18T11:09:27.324959-04:00,759.8699951171875
SPY261009C00819000,2026-10-09,call,819.0,0.05,0.06,0.06,7.0,32.0,0.12549702636718751,2026-09-16 18:46:33+00:00,0.05808703307461314,0.055,SPY,2026-09-18T11:09:27.324959-04:00,759.8699951171875
SPY261009C00820000,2026-10-09,call,820.0,0.05,0.06,0.07,1.0,495.0,0.1274501318359375,2026-09-17 13:30:04+00:00,0.05808703307461314,0.055,SPY,2026-09-18T11:09:27.324959-04:00,759.8699951171875
SPY261009C00821000,2026-10-09,call,821.0,0.05,0.06,0.05,400.0,530.0,0.1289149609375,2026-09-15 15:00:14+00:00,0.05808703307461314,0.055,SPY,2026-09-18T11:09:27.324959-04:00,759.8699951171875
SPY261009C00822000,2026-10-09,call,822.0,0.04,0.05,0.06,3.0,425.0,0.127938408203125,2026-09-17 18:39:56+00:00,0.05808703307461314,0.045,SPY,2026-09-18T11:09:27.324959-04:00,759.8699951171875
SPY261009C00823000,2026-10-09,call,823.0,0.04,0.05,0.04,25.0,151.0,0.129891513671875,2026-09-16 19:19:57+00:00,0.05808703307461314,0.045,SPY,2026-09-18T11:09:27.324959-04:00,759.8699951171875
SPY261009C00824000,2026-10-09,call,824.0,0.04,0.05,0.06,10.0,136.0,0.131844619140625,2026-09-17 16:34:47+00:00,0.05808703307461314,0.045,SPY,2026-09-18T11:09:27.324959-04:00,759.8699951171875
SPY261009C00825000,2026-10-09,call,825.0,0.04,0.05,0.04,19.0,260.0,0.1333094482421875,2026-09-18 14:21:18+00:00,0.05808703307461314,0.045,SPY,2026-09-18T11:09:27.324959-04:00,759.8699951171875
SPY261009C00830000,2026-10-09,call,830.0,0.03,0.04,0.04,1.0,206.0,0.13868048828125001,2026-09-18 13:30:01+00:00,0.05808703307461314,0.035,SPY,2026-09-18T11:09:27.324959-04:00,759.8699951171875
SPY261009C00835000,2026-10-09,call,835.0,0.02,0.03,0.04,66.0,301.0,0.14258669921875,2026-09-17 16:56:59+00:00,0.05808703307461314,0.025,SPY,2026-09-18T11:09:27.324959-04:00,759.8699951171875
SPY261009C00840000,2026-10-09,call,840.0,0.02,0.03,0.03,8.0,696.0,0.15039912109375003,2026-09-17 15:57:56+00:00,0.05808703307461314,0.025,SPY,2026-09-18T11:09:27.324959-04:00,759.8699951171875
SPY261009C00845000,2026-10-09,call,845.0,0.01,0.02,0.04,28.0,56.0,0.15235222656250003,2026-09-11 19:54:09+00:00,0.05808703307461314,0.015,SPY,2026-09-18T11:09:27.324959-04:00,759.8699951171875
SPY261009C00850000,2026-10-09,call,850.0,0.01,0.02,0.02,26.0,161.0,0.1601646484375,2026-09-18 13:32:22+00:00,0.05808703307461314,0.015,SPY,2026-09-18T11:09:27.324959-04:00,759.8699951171875
SPY261009C00855000,2026-10-09,call,855.0,0.01,0.02,0.03,2.0,70.0,0.16797707031250003,2026-09-09 15:25:05+00:00,0.05808703307461314,0.015,SPY,2026-09-18T11:09:27.324959-04:00,759.8699951171875
SPY261009C00860000,2026-10-09,call,860.0,0.01,0.02,0.01,1.0,35.0,0.174812939453125,2026-09-16 15:59:16+00:00,0.05808703307461314,0.015,SPY,2026-09-18T11:09:27.324959-04:00,759.8699951171875
SPY261009C00865000,2026-10-09,call,865.0,0.01,0.02,0.02,1.0,91.0,0.18164880859375,2026-09-10 18:07:31+00:00,0.05808703307461314,0.015,SPY,2026-09-18T11:09:27.324959-04:00,759.8699951171875
SPY261009C00870000,2026-10-09,call,870.0,0.01,0.02,0.03,0.0,24.0,0.18946123046875002,2026-09-03 14:08:11+00:00,0.05808703307461314,0.015,SPY,2026-09-18T11:09:27.324959-04:00,759.8699951171875
SPY261009C00875000,2026-10-09,call,875.0,0.0,0.01,0.02,0.0,1.0,0.18555501953124998,2026-08-31 17:51:08+00:00,0.05808703307461314,0.005,SPY,2026-09-18T11:09:27.324959-04:00,759.8699951171875
SPY261009C00930000,2026-10-09,call,930.0,,0.01,0.01,0.0,1.0,0.257819921875,2026-09-09 14:26:41+00:00,0.05808703307461314,,SPY,2026-09-18T11:09:27.324959-04:00,759.8699951171875
SPY261009P00500000,2026-10-09,put,500.0,0.03,0.04,0.04,26.0,157.0,0.570316796875,2026-09-17 16:01:08+00:00,0.05808703307461314,0.035,SPY,2026-09-18T11:09:27.324959-04:00,759.8699951171875
SPY261009P00505000,2026-10-09,put,505.0,0.03,0.04,0.1,3.0,181.0,0.5585981640625001,2026-09-09 15:00:03+00:00,0.05808703307461314,0.035,SPY,2026-09-18T11:09:27.324959-04:00,759.8699951171875
SPY261009P00510000,2026-10-09,put,510.0,0.03,0.04,0.04,241.0,583.0,0.5468795312500001,2026-09-17 18:37:50+00:00,0.05808703307461314,0.035,SPY,2026-09-18T11:09:27.324959-04:00,759.8699951171875
SPY261009P00515000,2026-10-09,put,515.0,0.04,0.05,0.04,25.0,237.0,0.5468795312500001,2026-09-18 14:44:02+00:00,0.05808703307461314,0.045,SPY,2026-09-18T11:09:27.324959-04:00,759.8699951171875
SPY261009P00520000,2026-10-09,put,520.0,0.04,0.05,0.04,16.0,40.0,0.53320779296875,2026-09-18 14:52:47+00:00,0.05808703307461314,0.045,SPY,2026-09-18T11:09:27.324959-04:00,759.8699951171875
SPY261009P00525000,2026-10-09,put,525.0,0.04,0.05,0.05,78.0,182.0,0.5214891601562499,2026-09-17 19:37:14+00:00,0.05808703307461314,0.045,SPY,2026-09-18T11:09:27.324959-04:00,759.8699951171875
SPY261009P00530000,2026-10-09,put,530.0,0.05,0.06,0.09,10.0,116.0,0.51758294921875,2026-09-16 13:54:47+00:00,0.05808703307461314,0.055,SPY,2026-09-18T11:09:27.324959-04:00,759.8699951171875
SPY261009P00535000,2026-10-09,put,535.0,0.05,0.06,0.06,20.0,121.0,0.50586431640625,2026-09-18 14:49:25+00:00,0.05808703307461314,0.055,SPY,2026-09-18T11:09:27.324959-04:00,759.8699951171875
SPY261009P00540000,2026-10-09,put,540.0,0.06,0.07,0.07,1.0,12.0,0.5019581054687501,2026-09-17 16:07:48+00:00,0.05808703307461314,0.065,SPY,2026-09-18T11:09:27.324959-04:00,759.8699951171875
SPY261009P00545000,2026-10-09,put,545.0,0.06,0.07,0.08,100.0,101.0,0.49219257812500006,2026-09-17 13:33:43+00:00,0.05808703307461314,0.065,SPY,2026-09-18T11:09:27.324959-04:00,759.8699951171875
SPY261009P00550000,2026-10-09,put,550.0,0.07,0.08,0.14,1.0,33.0,0.48633326171875,2026-09-11 16:15:37+00:00,0.05808703307461314,0.07500000000000001,SPY,2026-09-18T11:09:27.324959-04:00,759.8699951171875
SPY261009P00555000,2026-10-09,put,555.0,0.07,0.08,0.23,1.0,322.0,0.47363807617187503,2026-09-16 19:28:39+00:00,0.05808703307461314,0.07500000000000001,SPY,2026-09-18T11:09:27.324959-04:00,759.8699951171875
SPY261009P00560000,2026-10-09,put,560.0,0.08,0.09,0.18,54.0,506.0,0.46680220703125,2026-09-14 18:58:16+00:00,0.05808703307461314,0.08499999999999999,SPY,2026-09-18T11:09:27.324959-04:00,759.8699951171875
SPY261009P00565000,2026-10-09,put,565.0,0.09,0.1,0.09,10.0,54.0,0.459966337890625,2026-09-18 14:35:11+00:00,0.05808703307461314,0.095,SPY,2026-09-18T11:09:27.324959-04:00,759.8699951171875
SPY261009P00570000,2026-10-09,put,570.0,0.09,0.1,0.23,5.0,131.0,0.44727115234375,2026-09-16 19:37:18+00:00,0.05808703307461314,0.095,SPY,2026-09-18T11:09:27.324959-04:00,759.8699951171875
SPY261009P00575000,2026-10-09,put,575.0,0.1,0.11,0.11,2.0,17.0,0.43945873046875,2026-09-18 13:56:33+00:00,0.05808703307461314,0.10500000000000001,SPY,2026-09-18T11:09:27.324959-04:00,759.8699951171875
SPY261009P00580000,2026-10-09,put,580.0,0.11,0.12,0.13,26.0,252.0,0.43164630859375,2026-09-17 18:36:55+00:00,0.05808703307461314,0.11499999999999999,SPY,2026-09-18T11:09:27.324959-04:00,759.8699951171875
SPY261009P00585000,2026-10-09,put,585.0,0.12,0.13,0.27,2.0,4.0,0.422857333984375,2026-09-15 18:29:13+00:00,0.05808703307461314,0.125,SPY,2026-09-18T11:09:27.324959-04:00,759.8699951171875
SPY261009P00590000,2026-10-09,put,590.0,0.13,0.14,0.14,100.0,157.0,0.414068359375,2026-09-17 19:52:58+00:00,0.05808703307461314,0.135,SPY,2026-09-18T11:09:27.324959-04:00,759.8699951171875
SPY261009P00595000,2026-10-09,put,595.0,0.14,0.15,0.17,1.0,13.0,0.40430283203125,2026-09-17 13:35:45+00:00,0.05808703307461314,0.14500000000000002,SPY,2026-09-18T11:09:27.324959-04:00,759.8699951171875
SPY261009P00600000,2026-10-09,put,600.0,0.15,0.16,0.3,32.0,189.0,0.39502558105468755,2026-09-16 20:00:07+00:00,0.05808703307461314,0.155,SPY,2026-09-18T11:09:27.324959-04:00,759.8699951171875
SPY261009P00605000,2026-10-09,put,605.0,0.16,0.17,0.34,214.0,285.0,0.3852600537109374,2026-09-16 19:51:19+00:00,0.05808703307461314,0.165,SPY,2026-09-18T11:09:27.324959-04:00,759.8699951171875
SPY261009P00610000,2026-10-09,put,610.0,0.17,0.18,0.18,2.0,261.0,0.3754945263671875,2026-09-18 13:30:01+00:00,0.05808703307461314,0.175,SPY,2026-09-18T11:09:27.324959-04:00,759.8699951171875
SPY261009P00615000,2026-10-09,put,615.0,0.18,0.19,0.22,190.0,218.0,0.3657289990234375,2026-09-17 14:51:24+00:00,0.05808703307461314,0.185,SPY,2026-09-18T11:09:27.324959-04:00,759.8699951171875
SPY261009P00620000,2026-10-09,put,620.0,0.2,0.21,0.2,25.0,233.0,0.35767243896484374,2026-09-18 13:32:20+00:00,0.05808703307461314,0.20500000000000002,SPY,2026-09-18T11:09:27.324959-04:00,759.8699951171875
SPY261009P00625000,2026-10-09,put,625.0,0.21,0.22,0.21,1.0,829.0,0.34717449707031245,2026-09-18 14:47:29+00:00,0.05808703307461314,0.215,SPY,2026-09-18T11:09:27.324959-04:00,759.8699951171875
SPY261009P00630000,2026-10-09,put,630.0,0.23,0.24,0.24,1.0,649.0,0.3386296606445312,2026-09-18 13:57:13+00:00,0.05808703307461314,0.235,SPY,2026-09-18T11:09:27.324959-04:00,759.8699951171875
SPY261009P00635000,2026-10-09,put,635.0,0.25,0.26,0.27,2.0,229.0,0.32959654785156245,2026-09-18 14:15:51+00:00,0.05808703307461314,0.255,SPY,2026-09-18T11:09:27.324959-04:00,759.8699951171875
SPY261009P00640000,2026-10-09,put,640.0,0.27,0.28,0.27,4.0,305.0,0.32031929687499994,2026-09-18 14:34:17+00:00,0.05808703307461314,0.275,SPY,2026-09-18T11:09:27.324959-04:00,759.8699951171875
SPY261009P00645000,2026-10-09,put,645.0,0.29,0.3,0.3,32.0,283.0,0.31055376953124997,2026-09-18 14:06:41+00:00,0.05808703307461314,0.295,SPY,2026-09-18T11:09:27.324959-04:00,759.8699951171875
SPY261009P00650000,2026-10-09,put,650.0,0.31,0.32,0.33,95.0,635.0,0.30054410400390624,2026-09-18 14:31:06+00:00,0.05808703307461314,0.315,SPY,2026-09-18T11:09:27.324959-04:00,759.8699951171875
SPY261009P00655000,2026-10-09,put,655.0,0.33,0.34,0.31,11.0,193.0,0.2902903002929687,2026-09-18 13:30:02+00:00,0.05808703307461314,0.335,SPY,2026-09-18T11:09:27.324959-04:00,759.8699951171875
SPY261009P00660000,2026-10-09,put,660.0,0.36,0.37,0.37,10.0,410.0,0.2810130493164062,2026-09-18 14:01:14+00:00,0.05808703307461314,0.365,SPY,2026-09-18T11:09:27.324959-04:00,759.8699951171875
SPY261009P00665000,2026-10-09,put,665.0,0.39,0.4,0.43,9.0,600.0,0.27136959106445313,2026-09-18 14:17:50+00:00,0.05808703307461314,0.395,SPY,2026-09-18T11:09:27.324959-04:00,759.8699951171875
SPY261009P00670000,2026-10-09,put,670.0,0.44,0.45,0.46,12.0,2916.0,0.26319096191406255,2026-09-18 14:18:27+00:00,0.05808703307461314,0.445,SPY,2026-09-18T11:09:27.324959-04:00,759.8699951171875
SPY261009P00675000,2026-10-09,put,675.0,0.48,0.49,0.49,8.0,1337.0,0.2536695727539063,2026-09-18 14:34:17+00:00,0.05808703307461314,0.485,SPY,2026-09-18T11:09:27.324959-04:00,759.8699951171875
SPY261009P00680000,2026-10-09,put,680.0,0.52,0.53,0.53,31.0,1075.0,0.24353783813476562,2026-09-18 14:50:32+00:00,0.05808703307461314,0.525,SPY,2026-09-18T11:09:27.324959-04:00,759.8699951171875
SPY261009P00685000,2026-10-09,put,685.0,0.57,0.59,0.59,27.0,260.0,0.23450472534179687,2026-09-18 13:36:42+00:00,0.05808703307461314,0.58,SPY,2026-09-18T11:09:27.324959-04:00,759.8699951171875
SPY261009P00690000,2026-10-09,put,690.0,0.64,0.65,0.68,22.0,2811.0,0.22486126708984372,2026-09-18 14:27:05+00:00,0.05808703307461314,0.645,SPY,2026-09-18T11:09:27.324959-04:00,759.8699951171875
SPY261009P00695000,2026-10-09,put,695.0,0.72,0.73,0.75,104.0,2443.0,0.2157060852050781,2026-09-18 14:46:16+00:00,0.05808703307461314,0.725,SPY,2026-09-18T11:09:27.324959-04:00,759.8699951171875
SPY261009P00700000,2026-10-09,put,700.0,0.81,0.82,0.86,1068.0,2534.0,0.20642883422851557,2026-09-18 14:46:15+00:00,0.05808703307461314,0.815,SPY,2026-09-18T11:09:27.324959-04:00,759.8699951171875
SPY261009P00705000,2026-10-09,put,705.0,0.92,0.94,1.0,60.0,2353.0,0.19770089416503905,2026-09-18 14:20:35+00:00,0.05808703307461314,0.9299999999999999,SPY,2026-09-18T11:09:27.324959-04:00,759.8699951171875
SPY261009P00710000,2026-10-09,put,710.0,1.07,1.08,1.17,277.0,3202.0,0.18872881591796875,2026-09-18 14:18:27+00:00,0.05808703307461314,1.0750000000000002,SPY,2026-09-18T11:09:27.324959-04:00,759.8699951171875
SPY261009P00715000,2026-10-09,put,715.0,1.25,1.26,1.36,55.0,1913.0,0.1801839794921875,2026-09-18 14:45:24+00:00,0.05808703307461314,1.255,SPY,2026-09-18T11:09:27.324959-04:00,759.8699951171875
SPY261009P00720000,2026-10-09,put,720.0,1.47,1.49,1.47,51.0,1652.0,0.17188328125000002,2026-09-18 14:52:40+00:00,0.05808703307461314,1.48,SPY,2026-09-18T11:09:27.324959-04:00,759.8699951171875
SPY261009P00721000,2026-10-09,put,721.0,1.54,1.55,1.58,90.0,930.0,0.17041845214843754,2026-09-18 14:49:27+00:00,0.05808703307461314,1.545,SPY,2026-09-18T11:09:27.324959-04:00,759.8699951171875
SPY261009P00722000,2026-10-09,put,722.0,1.59,1.6,1.64,1.0,915.0,0.16864845031738285,2026-09-18 14:10:15+00:00,0.05808703307461314,1.5950000000000002,SPY,2026-09-18T11:09:27.324959-04:00,759.8699951171875
SPY261009P00723000,2026-10-09,put,723.0,1.64,1.66,1.72,2.0,401.0,0.16706155212402346,2026-09-18 14:38:40+00:00,0.05808703307461314,1.65,SPY,2026-09-18T11:09:27.324959-04:00,759.8699951171875
SPY261009P00724000,2026-10-09,put,724.0,1.71,1.73,1.77,19.0,408.0,0.1656577575683594,2026-09-18 14:40:18+00:00,0.05808703307461314,1.72,SPY,2026-09-18T11:09:27.324959-04:00,759.8699951171875
SPY261009P00725000,2026-10-09,put,725.0,1.77,1.78,1.83,104.0,1512.0,0.16364361755371098,2026-09-18 14:49:24+00:00,0.05808703307461314,1.775,SPY,2026-09-18T11:09:27.324959-04:00,759.8699951171875
SPY261009P00726000,2026-10-09,put,726.0,1.84,1.85,1.97,8.0,753.0,0.16208723663330077,2026-09-18 14:04:47+00:00,0.05808703307461314,1.8450000000000002,SPY,2026-09-18T11:09:27.324959-04:00,759.8699951171875
SPY261009P00727000,2026-10-09,put,727.0,1.91,1.92,1.88,36.0,631.0,0.1604698211669922,2026-09-18 14:52:53+00:00,0.05808703307461314,1.915,SPY,2026-09-18T11:09:27.324959-04:00,759.8699951171875
SPY261009P00728000,2026-10-09,put,728.0,1.97,1.99,1.99,89.0,593.0,0.15873033660888675,2026-09-18 14:52:02+00:00,0.05808703307461314,1.98,SPY,2026-09-18T11:09:27.324959-04:00,759.8699951171875
SPY261009P00729000,2026-10-09,put,729.0,2.04,2.06,2.09,11.0,861.0,0.15692981750488283,2026-09-18 14:51:24+00:00,0.05808703307461314,2.05,SPY,2026-09-18T11:09:27.324959-04:00,759.8699951171875
SPY261009P00730000,2026-10-09,put,730.0,2.13,2.15,2.21,490.0,1552.0,0.15552602294921875,2026-09-18 14:49:24+00:00,0.05808703307461314,2.1399999999999997,SPY,2026-09-18T11:09:27.324959-04:00,759.8699951171875
SPY261009P00731000,2026-10-09,put,731.0,2.21,2.23,2.26,10.0,490.0,0.15378653839111328,2026-09-18 14:51:24+00:00,0.05808703307461314,2.2199999999999998,SPY,2026-09-18T11:09:27.324959-04:00,759.8699951171875
SPY261009P00732000,2026-10-09,put,732.0,2.31,2.32,2.49,56.0,418.0,0.15216912292480472,2026-09-18 14:43:36+00:00,0.05808703307461314,2.315,SPY,2026-09-18T11:09:27.324959-04:00,759.8699951171875
SPY261009P00733000,2026-10-09,put,733.0,2.38,2.4,2.5,39.0,325.0,0.15027705200195315,2026-09-18 14:47:16+00:00,0.05808703307461314,2.3899999999999997,SPY,2026-09-18T11:09:27.324959-04:00,759.8699951171875
SPY261009P00734000,2026-10-09,put,734.0,2.5,2.52,2.7,21.0,239.0,0.1491173956298828,2026-09-18 14:43:37+00:00,0.05808703307461314,2.51,SPY,2026-09-18T11:09:27.324959-04:00,759.8699951171875
SPY261009P00735000,2026-10-09,put,735.0,2.61,2.63,2.71,3693.0,11109.0,0.1476220492553711,2026-09-18 14:47:16+00:00,0.05808703307461314,2.62,SPY,2026-09-18T11:09:27.324959-04:00,759.8699951171875
SPY261009P00736000,2026-10-09,put,736.0,2.72,2.74,2.82,18.0,610.0,0.1460351510620117,2026-09-18 14:47:16+00:00,0.05808703307461314,2.7300000000000004,SPY,2026-09-18T11:09:27.324959-04:00,759.8699951171875
SPY261009P00737000,2026-10-09,put,737.0,2.83,2.85,2.82,16.0,498.0,0.14432618377685547,2026-09-18 14:53:01+00:00,0.05808703307461314,2.84,SPY,2026-09-18T11:09:27.324959-04:00,759.8699951171875
SPY261009P00738000,2026-10-09,put,738.0,2.94,2.96,3.17,50.0,433.0,0.14249514739990232,2026-09-18 14:43:33+00:00,0.05808703307461314,2.95,SPY,2026-09-18T11:09:27.324959-04:00,759.8699951171875
SPY261009P00739000,2026-10-09,put,739.0,3.08,3.1,3.12,11.0,1028.0,0.14115238739013675,2026-09-18 14:51:37+00:00,0.05808703307461314,3.09,SPY,2026-09-18T11:09:27.324959-04:00,759.8699951171875
SPY261009P00740000,2026-10-09,put,740.0,3.21,3.23,3.21,181.0,1982.0,0.1394739373779297,2026-09-18 14:53:18+00:00,0.05808703307461314,3.2199999999999998,SPY,2026-09-18T11:09:27.324959-04:00,759.8699951171875
SPY261009P00741000,2026-10-09,put,741.0,3.35,3.37,3.55,11.0,343.0,0.13785652191162112,2026-09-18 14:21:21+00:00,0.05808703307461314,3.3600000000000003,SPY,2026-09-18T11:09:27.324959-04:00,759.8699951171875
SPY261009P00742000,2026-10-09,put,742.0,3.49,3.52,3.49,14.0,808.0,0.13626962371826173,2026-09-18 14:53:01+00:00,0.05808703307461314,3.505,SPY,2026-09-18T11:09:27.324959-04:00,759.8699951171875
SPY261009P00743000,2026-10-09,put,743.0,3.66,3.68,3.93,20.0,231.0,0.1347437600708008,2026-09-18 14:44:04+00:00,0.05808703307461314,3.67,SPY,2026-09-18T11:09:27.324959-04:00,759.8699951171875
SPY261009P00744000,2026-10-09,put,744.0,3.82,3.84,3.96,27.0,287.0,0.13306531005859373,2026-09-18 14:49:22+00:00,0.05808703307461314,3.83,SPY,2026-09-18T11:09:27.324959-04:00,759.8699951171875
SPY261009P00745000,2026-10-09,put,745.0,3.99,4.03,4.11,57.0,1437.0,0.13175306732177733,2026-09-18 14:50:41+00:00,0.05808703307461314,4.01,SPY,2026-09-18T11:09:27.324959-04:00,759.8699951171875
SPY261009P00746000,2026-10-09,put,746.0,4.17,4.22,4.18,5.0,564.0,0.1302577209472656,2026-09-18 14:53:20+00:00,0.05808703307461314,4.195,SPY,2026-09-18T11:09:27.324959-04:00,759.8699951171875
SPY261009P00747000,2026-10-09,put,747.0,4.36,4.4,4.37,71.0,888.0,0.1284572018432617,2026-09-18 14:53:19+00:00,0.05808703307461314,4.380000000000001,SPY,2026-09-18T11:09:27.324959-04:00,759.8699951171875
SPY261009P00748000,2026-10-09,put,748.0,4.56,4.61,4.82,77.0,465.0,0.12696185546875,2026-09-18 14:23:37+00:00,0.05808703307461314,4.585,SPY,2026-09-18T11:09:27.324959-04:00,759.8699951171875
SPY261009P00749000,2026-10-09,put,749.0,4.78,4.81,5.08,8.0,2826.0,0.12516133636474608,2026-09-18 14:07:10+00:00,0.05808703307461314,4.795,SPY,2026-09-18T11:09:27.324959-04:00,759.8699951171875
SPY261009P00750000,2026-10-09,put,750.0,5.01,5.04,5.09,101.0,5073.0,0.12363547271728516,2026-09-18 14:51:28+00:00,0.05808703307461314,5.025,SPY,2026-09-18T11:09:27.324959-04:00,759.8699951171875
SPY261009P00751000,2026-10-09,put,751.0,5.22,5.25,5.53,47.0,540.0,0.12165184997558594,2026-09-18 14:15:44+00:00,0.05808703307461314,5.234999999999999,SPY,2026-09-18T11:09:27.324959-04:00,759.8699951171875
SPY261009P00752000,2026-10-09,put,752.0,5.48,5.53,5.8,244.0,2015.0,0.12049219360351562,2026-09-18 14:15:01+00:00,0.05808703307461314,5.505000000000001,SPY,2026-09-18T11:09:27.324959-04:00,759.8699951171875
SPY261009P00753000,2026-10-09,put,753.0,5.73,5.77,5.88,3084.0,20136.0,0.11853908813476563,2026-09-18 14:49:48+00:00,0.05808703307461314,5.75,SPY,2026-09-18T11:09:27.324959-04:00,759.8699951171875
SPY261009P00754000,2026-10-09,put,754.0,6.02,6.07,6.07,437.0,1046.0,0.11725736267089844,2026-09-18 14:52:00+00:00,0.05808703307461314,6.045,SPY,2026-09-18T11:09:27.324959-04:00,759.8699951171875
SPY261009P00755000,2026-10-09,put,755.0,6.34,6.37,6.32,659.0,1624.0,0.11576201629638672,2026-09-18 14:53:18+00:00,0.05808703307461314,6.355,SPY,2026-09-18T11:09:27.324959-04:00,759.8699951171875
SPY261009P00756000,2026-10-09,put,756.0,6.63,6.67,6.82,91.0,548.0,0.11405304901123048,2026-09-18 14:50:41+00:00,0.05808703307461314,6.65,SPY,2026-09-18T11:09:27.324959-04:00,759.8699951171875
SPY261009P00757000,2026-10-09,put,757.0,6.98,7.03,7.16,356.0,734.0,0.11292390991210938,2026-09-18 14:50:41+00:00,0.05808703307461314,7.005000000000001,SPY,2026-09-18T11:09:27.324959-04:00,759.8699951171875
SPY261009P00758000,2026-10-09,put,758.0,7.31,7.34,7.35,287.0,747.0,0.11090976989746093,2026-09-18 14:51:55+00:00,0.05808703307461314,7.324999999999999,SPY,2026-09-18T11:09:27.324959-04:00,759.8699951171875
SPY261009P00759000,2026-10-09,put,759.0,7.69,7.75,7.83,68.0,722.0,0.10996373443603515,2026-09-18 14:50:12+00:00,0.05808703307461314,7.720000000000001,SPY,2026-09-18T11:09:27.324959-04:00,759.8699951171875
SPY261009P00760000,2026-10-09,put,760.0,8.07,8.12,8.0,488.0,1719.0,0.1082547671508789,2026-09-18 14:52:52+00:00,0.05808703307461314,8.094999999999999,SPY,2026-09-18T11:09:27.324959-04:00,759.8699951171875
SPY261009P00761000,2026-10-09,put,761.0,8.48,8.53,8.73,250.0,376.0,0.10680519668579103,2026-09-18 14:46:25+00:00,0.05808703307461314,8.504999999999999,SPY,2026-09-18T11:09:27.324959-04:00,759.8699951171875
SPY261009P00762000,2026-10-09,put,762.0,8.85,8.91,8.94,67.0,1058.0,0.1046842462158203,2026-09-18 14:51:31+00:00,0.05808703307461314,8.879999999999999,SPY,2026-09-18T11:09:27.324959-04:00,759.8699951171875
SPY261009P00763000,2026-10-09,put,763.0,9.29,9.35,9.32,91.0,1735.0,0.1030668307495117,2026-09-18 14:52:44+00:00,0.05808703307461314,9.32,SPY,2026-09-18T11:09:27.324959-04:00,759.8699951171875
SPY261009P00764000,2026-10-09,put,764.0,9.71,9.76,9.84,95.0,608.0,0.1007475180053711,2026-09-18 13:57:39+00:00,0.05808703307461314,9.735,SPY,2026-09-18T11:09:27.324959-04:00,759.8699951171875
SPY261009P00765000,2026-10-09,put,765.0,10.2,10.31,10.88,167.0,452.0,0.10001510345458985,2026-09-18 14:17:51+00:00,0.05808703307461314,10.254999999999999,SPY,2026-09-18T11:09:27.324959-04:00,759.8699951171875
SPY261009P00766000,2026-10-09,put,766.0,10.69,10.83,11.15,196.0,463.0,0.09858079162597656,2026-09-18 14:14:28+00:00,0.05808703307461314,10.76,SPY,2026-09-18T11:09:27.324959-04:00,759.8699951171875
SPY261009P00767000,2026-10-09,put,767.0,11.27,11.41,11.22,109.0,809.0,0.09763475616455078,2026-09-18 13:54:54+00:00,0.05808703307461314,11.34,SPY,2026-09-18T11:09:27.324959-04:00,759.8699951171875
SPY261009P00768000,2026-10-09,put,768.0,11.77,11.94,12.26,1.0,533.0,0.09562061614990236,2026-09-18 14:09:31+00:00,0.05808703307461314,11.855,SPY,2026-09-18T11:09:27.324959-04:00,759.8699951171875
SPY261009P00769000,2026-10-09,put,769.0,12.36,12.54,13.13,3.0,225.0,0.09427785614013673,2026-09-18 14:45:13+00:00,0.05808703307461314,12.45,SPY,2026-09-18T11:09:27.324959-04:00,759.8699951171875
SPY261009P00770000,2026-10-09,put,770.0,13.03,13.15,12.93,4.0,550.0,0.09269095794677734,2026-09-18 13:56:21+00:00,0.05808703307461314,13.09,SPY,2026-09-18T11:09:27.324959-04:00,759.8699951171875
SPY261009P00771000,2026-10-09,put,771.0,13.62,13.75,14.4,5.0,525.0,0.0905242315673828,2026-09-18 14:07:54+00:00,0.05808703307461314,13.684999999999999,SPY,2026-09-18T11:09:27.324959-04:00,759.8699951171875
SPY261009P00772000,2026-10-09,put,772.0,14.29,14.48,15.1,8.0,144.0,0.09006647247314453,2026-09-18 14:07:54+00:00,0.05808703307461314,14.385,SPY,2026-09-18T11:09:27.324959-04:00,759.8699951171875
SPY261009P00773000,2026-10-09,put,773.0,14.98,15.18,14.69,34.0,281.0,0.08869319519042969,2026-09-18 13:52:06+00:00,0.05808703307461314,15.08,SPY,2026-09-18T11:09:27.324959-04:00,759.8699951171875
SPY261009P00774000,2026-10-09,put,774.0,15.71,15.91,15.81,2.0,60.0,0.08744198699951172,2026-09-17 14:27:08+00:00,0.05808703307461314,15.81,SPY,2026-09-18T11:09:27.324959-04:00,759.8699951171875
SPY261009P00775000,2026-10-09,put,775.0,16.43,16.66,17.14,20.0,353.0,0.08609922698974612,2026-09-18 14:16:19+00:00,0.05808703307461314,16.545,SPY,2026-09-18T11:09:27.324959-04:00,759.8699951171875
SPY261009P00776000,2026-10-09,put,776.0,17.22,17.45,17.94,92.0,51.0,0.08512267425537112,2026-09-18 14:06:42+00:00,0.05808703307461314,17.335,SPY,2026-09-18T11:09:27.324959-04:00,759.8699951171875
SPY261009P00777000,2026-10-09,put,777.0,18.01,20.04,17.77,5.0,39.0,0.11963770996093749,2026-09-17 17:13:21+00:00,0.05808703307461314,19.025,SPY,2026-09-18T11:09:27.324959-04:00,759.8699951171875
SPY261009P00778000,2026-10-09,put,778.0,18.83,20.84,18.98,1.0,36.0,0.11988184814453123,2026-09-17 14:24:41+00:00,0.05808703307461314,19.835,SPY,2026-09-18T11:09:27.324959-04:00,759.8699951171875
SPY261009P00779000,2026-10-09,put,779.0,19.65,21.68,18.19,1.0,0.0,0.12064477996826173,2026-09-11 13:50:41+00:00,0.05808703307461314,20.665,SPY,2026-09-18T11:09:27.324959-04:00,759.8699951171875
SPY261009P00780000,2026-10-09,put,780.0,19.35,22.55,19.49,17.0,112.0,0.12183495361328125,2026-09-17 19:44:56+00:00,0.05808703307461314,20.950000000000003,SPY,2026-09-18T11:09:27.324959-04:00,759.8699951171875
SPY261009P00781000,2026-10-09,put,781.0,20.25,23.47,20.5,1.0,6.0,0.12384909362792969,2026-09-17 19:56:52+00:00,0.05808703307461314,21.86,SPY,2026-09-18T11:09:27.324959-04:00,759.8699951171875
SPY261009P00783000,2026-10-09,put,783.0,22.06,25.3,27.6,6.0,4.0,0.12741961456298828,2026-09-15 14:30:45+00:00,0.05808703307461314,23.68,SPY,2026-09-18T11:09:27.324959-04:00,759.8699951171875
SPY261009P00784000,2026-10-09,put,784.0,23.12,26.24,28.63,0.0,2.0,0.1295863409423828,2026-09-10 19:20:49+00:00,0.05808703307461314,24.68,SPY,2026-09-18T11:09:27.324959-04:00,759.8699951171875
SPY261009P00785000,2026-10-09,put,785.0,23.64,27.22,28.65,4.0,6.0,0.13254651641845705,2026-09-15 14:15:50+00:00,0.05808703307461314,25.43,SPY,2026-09-18T11:09:27.324959-04:00,759.8699951171875
SPY261009P00786000,2026-10-09,put,786.0,24.6,28.16,19.96,3.0,3.0,0.1345606564331055,2026-09-04 16:00:05+00:00,0.05808703307461314,26.380000000000003,SPY,2026-09-18T11:09:27.324959-04:00,759.8699951171875
SPY261009P00787000,2026-10-09,put,787.0,25.58,29.13,25.66,1.0,4.0,0.13721565917968753,2026-09-09 13:50:33+00:00,0.05808703307461314,27.354999999999997,SPY,2026-09-18T11:09:27.324959-04:00,759.8699951171875
SPY261009P00788000,2026-10-09,put,788.0,26.6,30.28,23.27,1.0,3.0,0.14386842468261718,2026-09-08 16:08:17+00:00,0.05808703307461314,28.44,SPY,2026-09-18T11:09:27.324959-04:00,759.8699951171875
SPY261009P00790000,2026-10-09,put,790.0,28.53,32.08,31.0,4.0,24.0,0.14576049560546872,2026-09-14 15:36:50+00:00,0.05808703307461314,30.305,SPY,2026-09-18T11:09:27.324959-04:00,759.8699951171875
SPY261009P00791000,2026-10-09,put,791.0,29.57,33.1,34.65,0.0,2.0,0.14945308563232423,2026-09-10 18:03:25+00:00,0.05808703307461314,31.335,SPY,2026-09-18T11:09:27.324959-04:00,759.8699951171875
SPY261009P00792000,2026-10-09,put,792.0,30.26,34.07,35.0,3.0,6.0,0.15192498474121097,2026-09-14 15:00:32+00:00,0.05808703307461314,32.165,SPY,2026-09-18T11:09:27.324959-04:00,759.8699951171875
SPY261009P00793000,2026-10-09,put,793.0,31.35,35.28,34.9,2.0,1.0,0.16010361389160155,2026-09-14 13:42:43+00:00,0.05808703307461314,33.315,SPY,2026-09-18T11:09:27.324959-04:00,759.8699951171875
SPY261009P00794000,2026-10-09,put,794.0,32.44,36.2,26.2,4.0,2.0,0.16138533935546873,2026-09-04 17:25:27+00:00,0.05808703307461314,34.32,SPY,2026-09-18T11:09:27.324959-04:00,759.8699951171875
SPY261009P00795000,2026-10-09,put,795.0,33.5,37.42,37.79,1.0,5.0,0.16980810668945315,2026-09-14 13:37:43+00:00,0.05808703307461314,35.46,SPY,2026-09-18T11:09:27.324959-04:00,759.8699951171875
SPY261009P00800000,2026-10-09,put,800.0,38.35,42.26,42.88,1.0,2.0,0.18146570495605469,2026-09-15 14:10:05+00:00,0.05808703307461314,40.305,SPY,2026-09-18T11:09:27.324959-04:00,759.8699951171875
SPY261009P00802000,2026-10-09,put,802.0,40.42,44.19,45.55,0.0,4.0,0.18567708862304685,2026-09-10 16:34:56+00:00,0.05808703307461314,42.305,SPY,2026-09-18T11:09:27.324959-04:00,759.8699951171875
SPY261009P00803000,2026-10-09,put,803.0,41.37,45.27,46.53,4.0,4.0,0.19080399047851562,2026-09-10 16:34:48+00:00,0.05808703307461314,43.32,SPY,2026-09-18T11:09:27.324959-04:00,759.8699951171875
SPY261009P00804000,2026-10-09,put,804.0,42.35,46.23,40.58,1.0,1.0,0.19275709594726562,2026-09-09 14:23:42+00:00,0.05808703307461314,44.29,SPY,2026-09-18T11:09:27.324959-04:00,759.8699951171875
SPY261009P00805000,2026-10-09,put,805.0,43.18,47.21,47.77,1.0,1.0,0.19516796051025392,2026-09-14 14:42:05+00:00,0.05808703307461314,45.195,SPY,2026-09-18T11:09:27.324959-04:00,759.8699951171875
SPY261009P00806000,2026-10-09,put,806.0,44.49,48.41,44.71,0.0,1.0,0.20343814147949218,2026-09-01 17:18:19+00:00,0.05808703307461314,46.45,SPY,2026-09-18T11:09:27.324959-04:00,759.8699951171875
SPY261009P00810000,2026-10-09,put,810.0,48.28,52.18,48.2,0.0,4.0,0.2089312506103515,2026-09-01 13:50:08+00:00,0.05808703307461314,50.230000000000004,SPY,2026-09-18T11:09:27.324959-04:00,759.8699951171875
SPY261009P00814000,2026-10-09,put,814.0,52.26,56.09,47.81,0.0,1.0,0.21772022521972656,2026-08-31 19:39:51+00:00,0.05808703307461314,54.175,SPY,2026-09-18T11:09:27.324959-04:00,759.8699951171875
SPY261009P00821000,2026-10-09,put,821.0,59.38,63.42,59.6,4.0,5.0,0.24701680725097658,2026-09-14 16:59:20+00:00,0.05808703307461314,61.400000000000006,SPY,2026-09-18T11:09:27.324959-04:00,759.8699951171875
SPY261009P00822000,2026-10-09,put,822.0,60.35,64.38,65.41,0.0,6.0,0.24860370544433597,2026-09-10 18:09:56+00:00,0.05808703307461314,62.364999999999995,SPY,2026-09-18T11:09:27.324959-04:00,759.8699951171875
SPY261009P00823000,2026-10-09,put,823.0,61.38,65.42,66.41,0.0,3.0,0.2525709509277344,2026-09-10 18:09:56+00:00,0.05808703307461314,63.400000000000006,SPY,2026-09-18T11:09:27.324959-04:00,759.8699951171875
SPY261009P00824000,2026-10-09,put,824.0,62.38,66.42,55.47,1.0,1.0,0.2553785400390626,2026-09-08 13:30:22+00:00,0.05808703307461314,64.4,SPY,2026-09-18T11:09:27.324959-04:00,759.8699951171875
SPY261009P00825000,2026-10-09,put,825.0,63.38,67.42,68.4,0.0,10.0,0.2581250946044922,2026-09-10 16:34:56+00:00,0.05808703307461314,65.4,SPY,2026-09-18T11:09:27.324959-04:00,759.8699951171875
SPY261009P00830000,2026-10-09,put,830.0,68.38,72.42,73.4,0.0,2.0,0.27173579833984374,2026-09-10 18:09:56+00:00,0.05808703307461314,70.4,SPY,2026-09-18T11:09:27.324959-04:00,759.8699951171875
SPY261009P00835000,2026-10-09,put,835.0,73.35,77.38,78.39,0.0,2.0,0.2838206384277343,2026-09-10 18:09:56+00:00,0.05808703307461314,75.365,SPY,2026-09-18T11:09:27.324959-04:00,759.8699951171875
SPY261009P00840000,2026-10-09,put,840.0,78.22,82.2,83.38,0.0,4.0,0.29090064575195307,2026-09-10 18:10:06+00:00,0.05808703307461314,80.21000000000001,SPY,2026-09-18T11:09:27.324959-04:00,759.8699951171875
SPY261016C00300000,2026-10-16,call,300.0,458.73,462.45,463.08,50.0,0.0,1.439455927734375,2026-09-17 19:19:43+00:00,0.07726511526639396,460.59000000000003,SPY,2026-09-18T11:09:27.324959-04:00,759.8699951171875
SPY261016C00305000,2026-10-16,call,305.0,453.75,457.39,458.88,2.0,62.0,1.410647478027344,2026-09-09 14:33:42+00:00,0.07726511526639396,455.57,SPY,2026-09-18T11:09:27.324959-04:00,759.8699951171875
SPY261016C00310000,2026-10-16,call,310.0,448.41,452.21,457.48,0.0,0.0,1.3085972070312497,2026-08-20 15:13:31+00:00,0.07726511526639396,450.31,SPY,2026-09-18T11:09:27.324959-04:00,759.8699951171875
SPY261016C00315000,2026-10-16,call,315.0,443.35,447.23,447.83,5.0,0.0,1.2793004785156248,2026-09-17 19:34:37+00:00,0.07726511526639396,445.29,SPY,2026-09-18T11:09:27.324959-04:00,759.8699951171875
SPY261016C00320000,2026-10-16,call,320.0,438.47,442.44,447.65,0.0,0.0,1.3105503222656247,2026-08-20 15:15:59+00:00,0.07726511526639396,440.45500000000004,SPY,2026-09-18T11:09:27.324959-04:00,759.8699951171875
SPY261016C00325000,2026-10-16,call,325.0,433.47,437.26,442.67,0.0,0.0,1.26172244140625,2026-08-20 15:15:59+00:00,0.07726511526639396,435.365,SPY,2026-09-18T11:09:27.324959-04:00,759.8699951171875
SPY261016C00330000,2026-10-16,call,330.0,428.84,432.55,437.51,15.0,0.0,1.325686965332031,2026-08-20 15:13:32+00:00,0.07726511526639396,430.695,SPY,2026-09-18T11:09:27.324959-04:00,759.8699951171875
SPY261016C00335000,2026-10-16,call,335.0,423.81,427.5,432.71,15.0,0.0,1.2949254003906248,2026-08-20 15:15:59+00:00,0.07726511526639396,425.655,SPY,2026-09-18T11:09:27.324959-04:00,759.8699951171875
SPY261016C00340000,2026-10-16,call,340.0,0.0,0.0,415.74,0.0,0.0,1.0000000000000003e-05,2026-05-28 14:12:58+00:00,0.07726511526639396,0.0,SPY,2026-09-18T11:09:27.324959-04:00,759.8699951171875
SPY261016C00350000,2026-10-16,call,350.0,408.9,412.62,409.44,3.0,0.0,1.2519568652343749,2026-09-14 15:25:23+00:00,0.07726511526639396,410.76,SPY,2026-09-18T11:09:27.324959-04:00,759.8699951171875
SPY261016C00360000,2026-10-16,call,360.0,398.58,402.37,411.77,3.0,0.0,1.1489300366210937,2026-09-03 15:13:36+00:00,0.07726511526639396,400.475,SPY,2026-09-18T11:09:27.324959-04:00,759.8699951171875
SPY261016C00365000,2026-10-16,call,365.0,398.31,400.99,388.48,0.0,1.0,1.5789815972900387,2026-07-13 14:16:50+00:00,0.07726511526639396,399.65,SPY,2026-09-18T11:09:27.324959-04:00,759.8699951171875
SPY261016C00390000,2026-10-16,call,390.0,368.68,372.46,369.2,0.0,1.0,1.0556687841796877,2026-09-10 15:58:23+00:00,0.07726511526639396,370.57,SPY,2026-09-18T11:09:27.324959-04:00,759.8699951171875
SPY261016C00400000,2026-10-16,call,400.0,359.05,362.93,375.11,2.0,0.0,1.0896041613769532,2026-08-10 15:41:32+00:00,0.07726511526639396,360.99,SPY,2026-09-18T11:09:27.324959-04:00,759.8699951171875
SPY261016C00405000,2026-10-16,call,405.0,351.06,354.54,335.63,0.0,1.0,1.0000000000000003e-05,2026-06-12 13:40:45+00:00,0.07726511526639396,352.8,SPY,2026-09-18T11:09:27.324959-04:00,759.8699951171875
SPY261016C00410000,2026-10-16,call,410.0,346.11,349.62,330.56,0.0,1.0,1.0000000000000003e-05,2026-06-12 13:40:46+00:00,0.07726511526639396,347.865,SPY,2026-09-18T11:09:27.324959-04:00,759.8699951171875
SPY261016C00420000,2026-10-16,call,420.0,338.75,342.56,352.54,4.0,0.0,0.9636234106445312,2026-08-27 16:42:13+00:00,0.07726511526639396,340.655,SPY,2026-09-18T11:09:27.324959-04:00,759.8699951171875
SPY261016C00440000,2026-10-16,call,440.0,323.5,326.28,298.33,0.0,1.0,1.237552640380859,2026-06-24 18:48:49+00:00,0.07726511526639396,324.89,SPY,2026-09-18T11:09:27.324959-04:00,759.8699951171875
SPY261016C00445000,2026-10-16,call,445.0,314.09,317.88,314.16,36.0,0.0,0.9250495776367188,2026-09-10 16:50:13+00:00,0.07726511526639396,315.985,SPY,2026-09-18T11:09:27.324959-04:00,759.8699951171875
SPY261016C00450000,2026-10-16,call,450.0,309.19,312.91,313.0,6.0,2.0,0.9157723266601563,2026-09-14 17:12:24+00:00,0.07726511526639396,311.05,SPY,2026-09-18T11:09:27.324959-04:00,759.8699951171875
SPY261016C00465000,2026-10-16,call,465.0,294.28,298.04,298.0,9.0,0.0,0.8771984936523438,2026-09-14 17:12:16+00:00,0.07726511526639396,296.15999999999997,SPY,2026-09-18T11:09:27.324959-04:00,759.8699951171875
SPY261016C00480000,2026-10-16,call,480.0,279.14,283.11,283.04,8.0,0.0,0.8233660241699219,2026-09-14 17:12:24+00:00,0.07726511526639396,281.125,SPY,2026-09-18T11:09:27.324959-04:00,759.8699951171875
SPY261016C00485000,2026-10-16,call,485.0,274.36,278.12,278.24,11.0,0.0,0.8186053295898437,2026-09-14 16:48:31+00:00,0.07726511526639396,276.24,SPY,2026-09-18T11:09:27.324959-04:00,759.8699951171875
SPY261016C00495000,2026-10-16,call,495.0,264.31,268.07,273.4,0.0,0.0,0.7812521875,2026-09-08 15:31:54+00:00,0.07726511526639396,266.19,SPY,2026-09-18T11:09:27.324959-04:00,759.8699951171875
SPY261016C00500000,2026-10-16,call,500.0,259.41,263.29,259.96,4.0,23.0,0.7799094274902343,2026-09-15 13:30:39+00:00,0.07726511526639396,261.35,SPY,2026-09-18T11:09:27.324959-04:00,759.8699951171875
SPY261016C00505000,2026-10-16,call,505.0,254.31,258.13,263.54,36.0,0.0,0.7521997436523438,2026-09-08 15:21:01+00:00,0.07726511526639396,256.22,SPY,2026-09-18T11:09:27.324959-04:00,759.8699951171875
SPY261016C00510000,2026-10-16,call,510.0,249.46,253.33,250.68,1.0,1.0,0.7517114672851561,2026-09-18 14:20:53+00:00,0.07726511526639396,251.395,SPY,2026-09-18T11:09:27.324959-04:00,759.8699951171875
SPY261016C00515000,2026-10-16,call,515.0,244.35,248.18,248.17,43.0,43.0,0.7246121289062499,2026-09-09 17:06:50+00:00,0.07726511526639396,246.265,SPY,2026-09-18T11:09:27.324959-04:00,759.8699951171875
SPY261016C00520000,2026-10-16,call,520.0,239.32,243.32,230.82,1.0,73.0,0.7137479797363282,2026-09-16 19:21:22+00:00,0.07726511526639396,241.32,SPY,2026-09-18T11:09:27.324959-04:00,759.8699951171875
SPY261016C00525000,2026-10-16,call,525.0,234.48,238.23,238.21,43.0,5.0,0.7010527941894531,2026-09-09 17:06:50+00:00,0.07726511526639396,236.355,SPY,2026-09-18T11:09:27.324959-04:00,759.8699951171875
SPY261016C00530000,2026-10-16,call,530.0,229.56,233.42,232.98,1.0,84.0,0.6960479614257813,2026-09-17 19:50:28+00:00,0.07726511526639396,231.49,SPY,2026-09-18T11:09:27.324959-04:00,759.8699951171875
SPY261016C00535000,2026-10-16,call,535.0,224.52,228.27,221.33,1.0,0.0,0.6733431103515627,2026-09-16 20:06:41+00:00,0.07726511526639396,226.395,SPY,2026-09-18T11:09:27.324959-04:00,759.8699951171875
SPY261016C00540000,2026-10-16,call,540.0,224.3,227.04,213.41,1.0,2.0,0.86914193359375,2026-06-30 17:51:41+00:00,0.07726511526639396,225.67000000000002,SPY,2026-09-18T11:09:27.324959-04:00,759.8699951171875
SPY261016C00545000,2026-10-16,call,545.0,0.0,0.0,203.0,0.0,0.0,1.0000000000000003e-05,2026-05-20 17:27:13+00:00,0.07726511526639396,0.0,SPY,2026-09-18T11:09:27.324959-04:00,759.8699951171875
SPY261016C00550000,2026-10-16,call,550.0,209.59,213.08,217.85,1.0,2.0,0.6232947827148438,2026-09-08 19:34:07+00:00,0.07726511526639396,211.335,SPY,2026-09-18T11:09:27.324959-04:00,759.8699951171875
SPY261016C00555000,2026-10-16,call,555.0,204.66,208.09,199.43,1.0,3.0,0.6112099426269533,2026-09-16 19:55:28+00:00,0.07726511526639396,206.375,SPY,2026-09-18T11:09:27.324959-04:00,759.8699951171875
SPY261016C00560000,2026-10-16,call,560.0,199.71,203.56,202.44,4.0,30.0,0.6140175317382813,2026-09-17 19:21:08+00:00,0.07726511526639396,201.635,SPY,2026-09-18T11:09:27.324959-04:00,759.8699951171875
SPY261016C00565000,2026-10-16,call,565.0,194.72,198.16,194.39,7.0,12.0,0.5860637097167969,2026-09-10 17:15:06+00:00,0.07726511526639396,196.44,SPY,2026-09-18T11:09:27.324959-04:00,759.8699951171875
SPY261016C00570000,2026-10-16,call,570.0,189.73,193.46,191.34,2.0,24.0,0.5814250842285156,2026-09-18 14:22:48+00:00,0.07726511526639396,191.595,SPY,2026-09-18T11:09:27.324959-04:00,759.8699951171875
SPY261016C00575000,2026-10-16,call,575.0,184.76,188.64,187.93,49.0,50.0,0.5728802478027344,2026-09-17 19:32:23+00:00,0.07726511526639396,186.7,SPY,2026-09-18T11:09:27.324959-04:00,759.8699951171875
SPY261016C00580000,2026-10-16,call,580.0,179.8,183.53,182.97,2.0,22.0,0.5559126440429689,2026-09-17 18:17:28+00:00,0.07726511526639396,181.66500000000002,SPY,2026-09-18T11:09:27.324959-04:00,759.8699951171875
SPY261016C00585000,2026-10-16,call,585.0,174.83,178.7,169.6,5.0,24.0,0.5468795312500001,2026-09-16 20:08:53+00:00,0.07726511526639396,176.765,SPY,2026-09-18T11:09:27.324959-04:00,759.8699951171875
SPY261016C00590000,2026-10-16,call,590.0,169.85,173.71,167.6,5.0,282.0,0.5328415856933593,2026-09-15 16:11:05+00:00,0.07726511526639396,171.78,SPY,2026-09-18T11:09:27.324959-04:00,759.8699951171875
SPY261016C00595000,2026-10-16,call,595.0,164.9,168.76,166.46,2.0,57.0,0.5207567456054687,2026-09-14 18:29:07+00:00,0.07726511526639396,166.82999999999998,SPY,2026-09-18T11:09:27.324959-04:00,759.8699951171875
SPY261016C00600000,2026-10-16,call,600.0,159.93,163.37,163.1,64.0,422.0,0.5739788696289063,2026-09-17 18:54:04+00:00,0.07726511526639396,161.65,SPY,2026-09-18T11:09:27.324959-04:00,759.8699951171875
SPY261016C00605000,2026-10-16,call,605.0,154.98,158.83,150.06,6.0,44.0,0.5746502496337891,2026-09-16 19:02:47+00:00,0.07726511526639396,156.905,SPY,2026-09-18T11:09:27.324959-04:00,759.8699951171875
SPY261016C00610000,2026-10-16,call,610.0,150.03,153.86,152.54,24.0,73.0,0.5593916131591796,2026-09-17 15:55:16+00:00,0.07726511526639396,151.945,SPY,2026-09-18T11:09:27.324959-04:00,759.8699951171875
SPY261016C00615000,2026-10-16,call,615.0,145.14,148.73,148.55,12.0,211.0,0.538639867553711,2026-09-17 19:59:40+00:00,0.07726511526639396,146.935,SPY,2026-09-18T11:09:27.324959-04:00,759.8699951171875
SPY261016C00620000,2026-10-16,call,620.0,140.06,143.94,131.65,15.0,193.0,0.5294846856689455,2026-09-16 19:23:42+00:00,0.07726511526639396,142.0,SPY,2026-09-18T11:09:27.324959-04:00,759.8699951171875
SPY261016C00625000,2026-10-16,call,625.0,135.1,138.98,138.65,10.0,238.0,0.5145922564697265,2026-09-18 13:30:04+00:00,0.07726511526639396,137.04,SPY,2026-09-18T11:09:27.324959-04:00,759.8699951171875
SPY261016C00630000,2026-10-16,call,630.0,130.14,134.02,131.5,1.0,53.0,0.4996387927246094,2026-09-18 14:20:42+00:00,0.07726511526639396,132.07999999999998,SPY,2026-09-18T11:09:27.324959-04:00,759.8699951171875
SPY261016C00635000,2026-10-16,call,635.0,125.18,129.01,128.88,5.0,4348.0,0.4830984307861329,2026-09-17 19:55:57+00:00,0.07726511526639396,127.095,SPY,2026-09-18T11:09:27.324959-04:00,759.8699951171875
SPY261016C00640000,2026-10-16,call,640.0,120.28,124.11,123.88,33.0,422.0,0.4699760034179688,2026-09-17 18:24:14+00:00,0.07726511526639396,122.195,SPY,2026-09-18T11:09:27.324959-04:00,759.8699951171875
SPY261016C00645000,2026-10-16,call,645.0,115.29,118.95,117.94,19.0,249.0,0.44910218872070307,2026-09-17 17:28:15+00:00,0.07726511526639396,117.12,SPY,2026-09-18T11:09:27.324959-04:00,759.8699951171875
SPY261016C00650000,2026-10-16,call,650.0,110.34,113.78,113.33,1.0,334.0,0.42816733947753904,2026-09-17 15:29:57+00:00,0.07726511526639396,112.06,SPY,2026-09-18T11:09:27.324959-04:00,759.8699951171875
SPY261016C00655000,2026-10-16,call,655.0,105.39,109.27,108.13,9.0,33.0,0.42590906127929695,2026-09-17 19:55:00+00:00,0.07726511526639396,107.33,SPY,2026-09-18T11:09:27.324959-04:00,759.8699951171875
SPY261016C00660000,2026-10-16,call,660.0,100.49,104.26,103.74,11.0,286.0,0.40939921661376955,2026-09-17 19:46:10+00:00,0.07726511526639396,102.375,SPY,2026-09-18T11:09:27.324959-04:00,759.8699951171875
SPY261016C00665000,2026-10-16,call,665.0,95.55,99.4,98.86,4.0,475.0,0.39679558288574224,2026-09-14 19:38:47+00:00,0.07726511526639396,97.475,SPY,2026-09-18T11:09:27.324959-04:00,759.8699951171875
SPY261016C00670000,2026-10-16,call,670.0,90.83,94.32,93.76,1.0,500.0,0.3784852191162109,2026-09-18 13:51:06+00:00,0.07726511526639396,92.57499999999999,SPY,2026-09-18T11:09:27.324959-04:00,759.8699951171875
SPY261016C00675000,2026-10-16,call,675.0,85.68,89.41,88.96,23.0,108.0,0.36438623901367195,2026-09-17 19:28:10+00:00,0.07726511526639396,87.545,SPY,2026-09-18T11:09:27.324959-04:00,759.8699951171875
SPY261016C00680000,2026-10-16,call,680.0,80.76,84.56,84.26,4.0,2417.0,0.3515079498291015,2026-09-17 19:29:17+00:00,0.07726511526639396,82.66,SPY,2026-09-18T11:09:27.324959-04:00,759.8699951171875
SPY261016C00685000,2026-10-16,call,685.0,75.94,79.1,76.76,300.0,1548.0,0.3244086114501953,2026-09-16 14:20:32+00:00,0.07726511526639396,77.52,SPY,2026-09-18T11:09:27.324959-04:00,759.8699951171875
SPY261016C00690000,2026-10-16,call,690.0,71.19,74.71,72.42,1.0,1197.0,0.321723091430664,2026-09-18 14:15:35+00:00,0.07726511526639396,72.94999999999999,SPY,2026-09-18T11:09:27.324959-04:00,759.8699951171875
SPY261016C00695000,2026-10-16,call,695.0,66.27,69.85,69.43,2.0,1075.0,0.3078987667846679,2026-09-17 18:18:26+00:00,0.07726511526639396,68.06,SPY,2026-09-18T11:09:27.324959-04:00,759.8699951171875
SPY261016C00700000,2026-10-16,call,700.0,62.53,65.16,63.07,28.0,916.0,0.29715668670654294,2026-09-18 14:24:28+00:00,0.07726511526639396,63.845,SPY,2026-09-18T11:09:27.324959-04:00,759.8699951171875
SPY261016C00701000,2026-10-16,call,701.0,60.59,63.77,60.97,2.0,34.0,0.2859568475341796,2026-09-16 14:25:49+00:00,0.07726511526639396,62.18000000000001,SPY,2026-09-18T11:09:27.324959-04:00,759.8699951171875
SPY261016C00702000,2026-10-16,call,702.0,59.37,62.72,62.9,4.0,75.0,0.2815623602294921,2026-09-17 20:10:19+00:00,0.07726511526639396,61.045,SPY,2026-09-18T11:09:27.324959-04:00,759.8699951171875
SPY261016C00703000,2026-10-16,call,703.0,58.46,61.88,51.8,25.0,29.0,0.28137925659179686,2026-09-16 19:19:20+00:00,0.07726511526639396,60.17,SPY,2026-09-18T11:09:27.324959-04:00,759.8699951171875
SPY261016C00704000,2026-10-16,call,704.0,57.74,60.83,60.59,6.0,74.0,0.27695425201416013,2026-09-17 20:01:36+00:00,0.07726511526639396,59.285,SPY,2026-09-18T11:09:27.324959-04:00,759.8699951171875
SPY261016C00705000,2026-10-16,call,705.0,56.98,60.07,58.48,38.0,305.0,0.2782054602050781,2026-09-18 14:53:11+00:00,0.07726511526639396,58.525,SPY,2026-09-18T11:09:27.324959-04:00,759.8699951171875
SPY261016C00706000,2026-10-16,call,706.0,55.64,59.17,58.15,3.0,25.0,0.27664907928466786,2026-09-17 13:40:09+00:00,0.07726511526639396,57.405,SPY,2026-09-18T11:09:27.324959-04:00,759.8699951171875
SPY261016C00707000,2026-10-16,call,707.0,54.69,58.26,55.97,1.0,42.0,0.27484856018066406,2026-09-14 13:48:46+00:00,0.07726511526639396,56.474999999999994,SPY,2026-09-18T11:09:27.324959-04:00,759.8699951171875
SPY261016C00708000,2026-10-16,call,708.0,53.73,57.34,56.74,1.0,16.0,0.2728649374389648,2026-09-17 18:22:32+00:00,0.07726511526639396,55.535,SPY,2026-09-18T11:09:27.324959-04:00,759.8699951171875
SPY261016C00709000,2026-10-16,call,709.0,52.79,56.11,66.69,4.0,6.0,0.26508303283691403,2026-08-27 16:27:11+00:00,0.07726511526639396,54.45,SPY,2026-09-18T11:09:27.324959-04:00,759.8699951171875
SPY261016C00710000,2026-10-16,call,710.0,51.83,55.42,53.47,1.0,1186.0,0.2672802764892578,2026-09-18 14:24:28+00:00,0.07726511526639396,53.625,SPY,2026-09-18T11:09:27.324959-04:00,759.8699951171875
SPY261016C00711000,2026-10-16,call,711.0,51.13,53.72,47.15,3.0,9.0,0.25086198364257806,2026-09-16 19:55:55+00:00,0.07726511526639396,52.425,SPY,2026-09-18T11:09:27.324959-04:00,759.8699951171875
SPY261016C00712000,2026-10-16,call,712.0,49.93,53.54,51.63,1.0,329.0,0.26236699554443366,2026-09-16 17:38:20+00:00,0.07726511526639396,51.735,SPY,2026-09-18T11:09:27.324959-04:00,759.8699951171875
SPY261016C00713000,2026-10-16,call,713.0,48.98,52.59,50.69,1.0,9.0,0.2596814755249024,2026-09-10 18:05:12+00:00,0.07726511526639396,50.785,SPY,2026-09-18T11:09:27.324959-04:00,759.8699951171875
SPY261016C00714000,2026-10-16,call,714.0,49.14,50.97,51.31,92.0,194.0,0.24506370178222658,2026-09-17 18:26:45+00:00,0.07726511526639396,50.055,SPY,2026-09-18T11:09:27.324959-04:00,759.8699951171875
SPY261016C00715000,2026-10-16,call,715.0,47.41,50.71,50.33,64.0,363.0,0.25461560821533213,2026-09-17 19:24:34+00:00,0.07726511526639396,49.06,SPY,2026-09-18T11:09:27.324959-04:00,759.8699951171875
SPY261016C00716000,2026-10-16,call,716.0,47.96,49.77,47.65,1.0,19.0,0.25202164001464844,2026-09-16 14:05:12+00:00,0.07726511526639396,48.865,SPY,2026-09-18T11:09:27.324959-04:00,759.8699951171875
SPY261016C00717000,2026-10-16,call,717.0,46.99,48.83,48.33,1.0,8.0,0.2494276718139648,2026-09-17 19:44:16+00:00,0.07726511526639396,47.91,SPY,2026-09-18T11:09:27.324959-04:00,759.8699951171875
SPY261016C00718000,2026-10-16,call,718.0,46.13,47.88,46.01,1.0,31.0,0.24662008270263674,2026-09-14 14:47:59+00:00,0.07726511526639396,47.005,SPY,2026-09-18T11:09:27.324959-04:00,759.8699951171875
SPY261016C00719000,2026-10-16,call,719.0,45.15,46.97,50.85,1.0,12.0,0.24445335632324222,2026-09-01 14:49:08+00:00,0.07726511526639396,46.06,SPY,2026-09-18T11:09:27.324959-04:00,759.8699951171875
SPY261016C00720000,2026-10-16,call,720.0,44.24,46.04,45.2,2.0,549.0,0.24195093994140626,2026-09-18 13:48:38+00:00,0.07726511526639396,45.14,SPY,2026-09-18T11:09:27.324959-04:00,759.8699951171875
SPY261016C00721000,2026-10-16,call,721.0,43.23,45.11,44.65,17.0,54.0,0.23938748901367185,2026-09-17 17:51:47+00:00,0.07726511526639396,44.17,SPY,2026-09-18T11:09:27.324959-04:00,759.8699951171875
SPY261016C00722000,2026-10-16,call,722.0,42.34,44.19,39.89,1.0,78.0,0.23694610717773437,2026-09-15 15:03:24+00:00,0.07726511526639396,43.265,SPY,2026-09-18T11:09:27.324959-04:00,759.8699951171875
SPY261016C00723000,2026-10-16,call,723.0,41.42,43.27,43.27,1.0,20.0,0.23447420806884767,2026-09-17 13:30:23+00:00,0.07726511526639396,42.345,SPY,2026-09-18T11:09:27.324959-04:00,759.8699951171875
SPY261016C00724000,2026-10-16,call,724.0,40.47,42.35,42.1,2.0,13.0,0.2319717916870117,2026-09-17 19:27:50+00:00,0.07726511526639396,41.41,SPY,2026-09-18T11:09:27.324959-04:00,759.8699951171875
SPY261016C00725000,2026-10-16,call,725.0,39.6,39.85,40.9,2.0,1123.0,0.20395693511962887,2026-09-18 13:38:29+00:00,0.07726511526639396,39.725,SPY,2026-09-18T11:09:27.324959-04:00,759.8699951171875
SPY261016C00726000,2026-10-16,call,726.0,38.65,40.53,39.49,4.0,26.0,0.22718057983398435,2026-09-17 16:27:08+00:00,0.07726511526639396,39.59,SPY,2026-09-18T11:09:27.324959-04:00,759.8699951171875
SPY261016C00727000,2026-10-16,call,727.0,37.78,39.62,37.29,1.0,92.0,0.22470868072509764,2026-09-18 14:18:22+00:00,0.07726511526639396,38.7,SPY,2026-09-18T11:09:27.324959-04:00,759.8699951171875
SPY261016C00728000,2026-10-16,call,728.0,36.96,37.22,30.26,3.0,182.0,0.1990741714477539,2026-09-16 19:30:48+00:00,0.07726511526639396,37.09,SPY,2026-09-18T11:09:27.324959-04:00,759.8699951171875
SPY261016C00729000,2026-10-16,call,729.0,36.0,37.82,38.87,18.0,42.0,0.2199785034179687,2026-09-14 16:47:36+00:00,0.07726511526639396,36.91,SPY,2026-09-18T11:09:27.324959-04:00,759.8699951171875
SPY261016C00730000,2026-10-16,call,730.0,35.1,35.36,34.6,1.0,1088.0,0.1938252005004883,2026-09-18 14:34:24+00:00,0.07726511526639396,35.230000000000004,SPY,2026-09-18T11:09:27.324959-04:00,759.8699951171875
SPY261016C00731000,2026-10-16,call,731.0,34.25,36.03,32.75,1.0,285.0,0.21518729156494143,2026-09-15 17:02:15+00:00,0.07726511526639396,35.14,SPY,2026-09-18T11:09:27.324959-04:00,759.8699951171875
SPY261016C00732000,2026-10-16,call,732.0,33.34,35.15,34.38,10.0,140.0,0.21292901336669923,2026-09-17 17:31:41+00:00,0.07726511526639396,34.245000000000005,SPY,2026-09-18T11:09:27.324959-04:00,759.8699951171875
SPY261016C00733000,2026-10-16,call,733.0,32.4,34.27,26.14,3.0,158.0,0.2106402178955078,2026-09-16 19:16:10+00:00,0.07726511526639396,33.335,SPY,2026-09-18T11:09:27.324959-04:00,759.8699951171875
SPY261016C00734000,2026-10-16,call,734.0,31.52,31.77,31.18,5.0,223.0,0.1848226049804687,2026-09-18 14:34:16+00:00,0.07726511526639396,31.645,SPY,2026-09-18T11:09:27.324959-04:00,759.8699951171875
SPY261016C00735000,2026-10-16,call,735.0,30.74,30.95,30.41,11.0,2686.0,0.18357139678955076,2026-09-18 14:26:24+00:00,0.07726511526639396,30.845,SPY,2026-09-18T11:09:27.324959-04:00,759.8699951171875
SPY261016C00736000,2026-10-16,call,736.0,29.82,31.65,30.91,1.0,158.0,0.20371279693603517,2026-09-17 14:26:59+00:00,0.07726511526639396,30.735,SPY,2026-09-18T11:09:27.324959-04:00,759.8699951171875
SPY261016C00737000,2026-10-16,call,737.0,28.97,30.79,30.97,3.0,181.0,0.2014850360107422,2026-09-17 20:10:38+00:00,0.07726511526639396,29.88,SPY,2026-09-18T11:09:27.324959-04:00,759.8699951171875
SPY261016C00738000,2026-10-16,call,738.0,28.12,28.33,29.46,9.0,411.0,0.17704070037841796,2026-09-17 18:50:45+00:00,0.07726511526639396,28.225,SPY,2026-09-18T11:09:27.324959-04:00,759.8699951171875
SPY261016C00739000,2026-10-16,call,739.0,27.27,27.49,27.8,3.0,658.0,0.17520966400146482,2026-09-18 13:51:54+00:00,0.07726511526639396,27.38,SPY,2026-09-18T11:09:27.324959-04:00,759.8699951171875
SPY261016C00740000,2026-10-16,call,740.0,26.44,26.59,25.85,132.0,5104.0,0.1724631094360352,2026-09-18 14:17:15+00:00,0.07726511526639396,26.515,SPY,2026-09-18T11:09:27.324959-04:00,759.8699951171875
SPY261016C00741000,2026-10-16,call,741.0,25.65,25.86,21.78,3.0,458.0,0.1719748330688477,2026-09-16 20:05:42+00:00,0.07726511526639396,25.755,SPY,2026-09-18T11:09:27.324959-04:00,759.8699951171875
SPY261016C00742000,2026-10-16,call,742.0,24.79,24.95,24.51,2.0,247.0,0.16895362304687503,2026-09-18 14:39:27+00:00,0.07726511526639396,24.869999999999997,SPY,2026-09-18T11:09:27.324959-04:00,759.8699951171875
SPY261016C00743000,2026-10-16,call,743.0,24.0,24.19,23.69,1.0,475.0,0.16788551849365235,2026-09-18 14:39:27+00:00,0.07726511526639396,24.095,SPY,2026-09-18T11:09:27.324959-04:00,759.8699951171875
SPY261016C00744000,2026-10-16,call,744.0,23.15,23.34,24.54,2.0,192.0,0.1655051712036133,2026-09-17 19:59:07+00:00,0.07726511526639396,23.244999999999997,SPY,2026-09-18T11:09:27.324959-04:00,759.8699951171875
SPY261016C00745000,2026-10-16,call,745.0,22.31,22.51,22.1,24.0,2657.0,0.16330792755126955,2026-09-18 14:40:30+00:00,0.07726511526639396,22.41,SPY,2026-09-18T11:09:27.324959-04:00,759.8699951171875
SPY261016C00746000,2026-10-16,call,746.0,21.58,21.75,21.37,3.0,257.0,0.1619346502685547,2026-09-18 14:39:42+00:00,0.07726511526639396,21.665,SPY,2026-09-18T11:09:27.324959-04:00,759.8699951171875
SPY261016C00747000,2026-10-16,call,747.0,20.78,20.92,21.23,2.0,248.0,0.1595543029785156,2026-09-18 13:53:37+00:00,0.07726511526639396,20.85,SPY,2026-09-18T11:09:27.324959-04:00,759.8699951171875
SPY261016C00748000,2026-10-16,call,748.0,19.96,20.1,19.53,1.0,183.0,0.157234990234375,2026-09-18 14:34:26+00:00,0.07726511526639396,20.03,SPY,2026-09-18T11:09:27.324959-04:00,759.8699951171875
SPY261016C00749000,2026-10-16,call,749.0,19.22,19.38,20.44,25.0,373.0,0.15604481658935548,2026-09-17 16:30:08+00:00,0.07726511526639396,19.299999999999997,SPY,2026-09-18T11:09:27.324959-04:00,759.8699951171875
SPY261016C00750000,2026-10-16,call,750.0,18.46,18.55,18.52,141.0,8666.0,0.15338981384277345,2026-09-18 14:53:46+00:00,0.07726511526639396,18.505000000000003,SPY,2026-09-18T11:09:27.324959-04:00,759.8699951171875
SPY261016C00751000,2026-10-16,call,751.0,17.68,17.82,19.25,68.0,388.0,0.1518639501953125,2026-09-17 19:57:48+00:00,0.07726511526639396,17.75,SPY,2026-09-18T11:09:27.324959-04:00,759.8699951171875
SPY261016C00752000,2026-10-16,call,752.0,16.95,17.08,16.68,3.0,463.0,0.15009394836425782,2026-09-18 14:06:28+00:00,0.07726511526639396,17.015,SPY,2026-09-18T11:09:27.324959-04:00,759.8699951171875
SPY261016C00753000,2026-10-16,call,753.0,16.23,16.39,17.35,5.0,408.0,0.14879696426391603,2026-09-18 13:30:03+00:00,0.07726511526639396,16.310000000000002,SPY,2026-09-18T11:09:27.324959-04:00,759.8699951171875
SPY261016C00754000,2026-10-16,call,754.0,15.5,15.6,15.16,5.0,779.0,0.14618773742675778,2026-09-18 14:46:52+00:00,0.07726511526639396,15.55,SPY,2026-09-18T11:09:27.324959-04:00,759.8699951171875
SPY261016C00755000,2026-10-16,call,755.0,14.8,14.92,14.54,22.0,4375.0,0.14475342559814453,2026-09-18 14:32:13+00:00,0.07726511526639396,14.86,SPY,2026-09-18T11:09:27.324959-04:00,759.8699951171875
SPY261016C00756000,2026-10-16,call,756.0,14.08,14.23,13.85,98.0,1030.0,0.1430749755859375,2026-09-18 14:46:33+00:00,0.07726511526639396,14.155000000000001,SPY,2026-09-18T11:09:27.324959-04:00,759.8699951171875
SPY261016C00757000,2026-10-16,call,757.0,13.45,13.58,13.04,49.0,847.0,0.14173221557617188,2026-09-18 14:44:33+00:00,0.07726511526639396,13.515,SPY,2026-09-18T11:09:27.324959-04:00,759.8699951171875
SPY261016C00758000,2026-10-16,call,758.0,12.81,12.89,12.75,73.0,1486.0,0.1397791101074219,2026-09-18 14:51:41+00:00,0.07726511526639396,12.850000000000001,SPY,2026-09-18T11:09:27.324959-04:00,759.8699951171875
SPY261016C00759000,2026-10-16,call,759.0,12.14,12.26,12.07,137.0,1199.0,0.1383753155517578,2026-09-18 14:51:16+00:00,0.07726511526639396,12.2,SPY,2026-09-18T11:09:27.324959-04:00,759.8699951171875
SPY261016C00760000,2026-10-16,call,760.0,11.5,11.55,11.6,1314.0,10211.0,0.13588815780639651,2026-09-18 14:52:52+00:00,0.07726511526639396,11.525,SPY,2026-09-18T11:09:27.324959-04:00,759.8699951171875
SPY261016C00761000,2026-10-16,call,761.0,10.9,10.93,10.82,2955.0,1488.0,0.13428600097656251,2026-09-18 14:52:33+00:00,0.07726511526639396,10.915,SPY,2026-09-18T11:09:27.324959-04:00,759.8699951171875
SPY261016C00762000,2026-10-16,call,762.0,10.3,10.33,10.23,1262.0,2027.0,0.1327753959655762,2026-09-18 14:51:36+00:00,0.07726511526639396,10.315000000000001,SPY,2026-09-18T11:09:27.324959-04:00,759.8699951171875
SPY261016C00763000,2026-10-16,call,763.0,9.73,9.78,9.65,1079.0,1786.0,0.1316615155029297,2026-09-18 14:51:51+00:00,0.07726511526639396,9.754999999999999,SPY,2026-09-18T11:09:27.324959-04:00,759.8699951171875
SPY261016C00764000,2026-10-16,call,764.0,9.12,9.17,9.04,82.0,2495.0,0.12967789276123048,2026-09-18 14:51:05+00:00,0.07726511526639396,9.145,SPY,2026-09-18T11:09:27.324959-04:00,759.8699951171875
SPY261016C00765000,2026-10-16,call,765.0,8.61,8.65,8.65,912.0,7098.0,0.12857927093505855,2026-09-18 14:53:09+00:00,0.07726511526639396,8.629999999999999,SPY,2026-09-18T11:09:27.324959-04:00,759.8699951171875
SPY261016C00766000,2026-10-16,call,766.0,8.06,8.1,8.09,266.0,6194.0,0.12693133819580077,2026-09-18 14:52:42+00:00,0.07726511526639396,8.08,SPY,2026-09-18T11:09:27.324959-04:00,759.8699951171875
SPY261016C00767000,2026-10-16,call,767.0,7.53,7.58,7.57,70.0,7513.0,0.12545125045776367,2026-09-18 14:52:41+00:00,0.07726511526639396,7.555,SPY,2026-09-18T11:09:27.324959-04:00,759.8699951171875
SPY261016C00768000,2026-10-16,call,768.0,7.05,7.09,6.86,164.0,4750.0,0.12412374908447266,2026-09-18 14:46:34+00:00,0.07726511526639396,7.07,SPY,2026-09-18T11:09:27.324959-04:00,759.8699951171875
SPY261016C00769000,2026-10-16,call,769.0,6.58,6.63,6.4,22.0,2313.0,0.12299460998535157,2026-09-18 14:37:40+00:00,0.07726511526639396,6.605,SPY,2026-09-18T11:09:27.324959-04:00,759.8699951171875
SPY261016C00770000,2026-10-16,call,770.0,6.13,6.17,6.09,1303.0,18267.0,0.12162133270263673,2026-09-18 14:52:29+00:00,0.07726511526639396,6.15,SPY,2026-09-18T11:09:27.324959-04:00,759.8699951171875
SPY261016C00771000,2026-10-16,call,771.0,5.73,5.77,5.63,107.0,3272.0,0.12082788360595703,2026-09-18 14:24:25+00:00,0.07726511526639396,5.75,SPY,2026-09-18T11:09:27.324959-04:00,759.8699951171875
SPY261016C00772000,2026-10-16,call,772.0,5.27,5.32,5.15,25.0,2662.0,0.1191646922302246,2026-09-18 14:33:01+00:00,0.07726511526639396,5.295,SPY,2026-09-18T11:09:27.324959-04:00,759.8699951171875
SPY261016C00773000,2026-10-16,call,773.0,4.89,4.94,4.76,166.0,2229.0,0.118172880859375,2026-09-18 14:50:23+00:00,0.07726511526639396,4.915,SPY,2026-09-18T11:09:27.324959-04:00,759.8699951171875
SPY261016C00774000,2026-10-16,call,774.0,4.51,4.55,4.35,66.0,1815.0,0.11684537948608398,2026-09-18 14:36:22+00:00,0.07726511526639396,4.529999999999999,SPY,2026-09-18T11:09:27.324959-04:00,759.8699951171875
SPY261016C00775000,2026-10-16,call,775.0,4.17,4.21,4.15,533.0,13145.0,0.11594511993408202,2026-09-18 14:51:39+00:00,0.07726511526639396,4.1899999999999995,SPY,2026-09-18T11:09:27.324959-04:00,759.8699951171875
SPY261016C00776000,2026-10-16,call,776.0,3.84,3.88,3.72,98.0,1747.0,0.11496856719970702,2026-09-18 14:47:28+00:00,0.07726511526639396,3.86,SPY,2026-09-18T11:09:27.324959-04:00,759.8699951171875
SPY261016C00777000,2026-10-16,call,777.0,3.55,3.59,3.49,164.0,1887.0,0.11435822174072266,2026-09-18 14:40:42+00:00,0.07726511526639396,3.57,SPY,2026-09-18T11:09:27.324959-04:00,759.8699951171875
SPY261016C00778000,2026-10-16,call,778.0,3.26,3.28,3.14,657.0,3845.0,0.11319856536865235,2026-09-18 14:47:10+00:00,0.07726511526639396,3.2699999999999996,SPY,2026-09-18T11:09:27.324959-04:00,759.8699951171875
SPY261016C00779000,2026-10-16,call,779.0,2.97,3.0,2.87,123.0,1921.0,0.11222201263427733,2026-09-18 14:47:26+00:00,0.07726511526639396,2.9850000000000003,SPY,2026-09-18T11:09:27.324959-04:00,759.8699951171875
SPY261016C00780000,2026-10-16,call,780.0,2.73,2.75,2.74,5212.0,13157.0,0.1115201153564453,2026-09-18 14:53:39+00:00,0.07726511526639396,2.74,SPY,2026-09-18T11:09:27.324959-04:00,759.8699951171875
SPY261016C00781000,2026-10-16,call,781.0,2.48,2.5,2.42,952.0,3409.0,0.11054356262207031,2026-09-18 14:46:19+00:00,0.07726511526639396,2.49,SPY,2026-09-18T11:09:27.324959-04:00,759.8699951171875
SPY261016C00782000,2026-10-16,call,782.0,2.29,2.31,2.17,137.0,2881.0,0.11036045898437499,2026-09-18 14:45:49+00:00,0.07726511526639396,2.3,SPY,2026-09-18T11:09:27.324959-04:00,759.8699951171875
SPY261016C00783000,2026-10-16,call,783.0,2.07,2.09,2.05,288.0,2292.0,0.10941442352294922,2026-09-18 14:51:32+00:00,0.07726511526639396,2.08,SPY,2026-09-18T11:09:27.324959-04:00,759.8699951171875
SPY261016C00784000,2026-10-16,call,784.0,1.9,1.91,1.82,195.0,2473.0,0.10895666442871094,2026-09-18 14:47:26+00:00,0.07726511526639396,1.9049999999999998,SPY,2026-09-18T11:09:27.324959-04:00,759.8699951171875
SPY261016C00785000,2026-10-16,call,785.0,1.71,1.73,1.73,492.0,13125.0,0.10828528442382812,2026-09-18 14:53:39+00:00,0.07726511526639396,1.72,SPY,2026-09-18T11:09:27.324959-04:00,759.8699951171875
SPY261016C00786000,2026-10-16,call,786.0,1.55,1.57,1.55,595.0,4363.0,0.1077359735107422,2026-09-18 14:52:40+00:00,0.07726511526639396,1.56,SPY,2026-09-18T11:09:27.324959-04:00,759.8699951171875
SPY261016C00787000,2026-10-16,call,787.0,1.41,1.43,1.35,627.0,2064.0,0.10743080078125,2026-09-18 14:45:06+00:00,0.07726511526639396,1.42,SPY,2026-09-18T11:09:27.324959-04:00,759.8699951171875
SPY261016C00788000,2026-10-16,call,788.0,1.28,1.3,1.29,310.0,1712.0,0.1070951107788086,2026-09-18 14:52:52+00:00,0.07726511526639396,1.29,SPY,2026-09-18T11:09:27.324959-04:00,759.8699951171875
SPY261016C00789000,2026-10-16,call,789.0,1.15,1.17,1.15,293.0,1539.0,0.10651528259277344,2026-09-18 14:52:05+00:00,0.07726511526639396,1.16,SPY,2026-09-18T11:09:27.324959-04:00,759.8699951171875
SPY261016C00790000,2026-10-16,call,790.0,1.05,1.06,1.05,5267.0,21273.0,0.10621010986328125,2026-09-18 14:52:40+00:00,0.07726511526639396,1.0550000000000002,SPY,2026-09-18T11:09:27.324959-04:00,759.8699951171875
SPY261016C00791000,2026-10-16,call,791.0,0.95,0.97,0.92,371.0,1900.0,0.10627114440917969,2026-09-18 14:35:29+00:00,0.07726511526639396,0.96,SPY,2026-09-18T11:09:27.324959-04:00,759.8699951171875
SPY261016C00792000,2026-10-16,call,792.0,0.86,0.87,0.83,417.0,2014.0,0.10578286804199218,2026-09-18 14:45:06+00:00,0.07726511526639396,0.865,SPY,2026-09-18T11:09:27.324959-04:00,759.8699951171875
SPY261016C00793000,2026-10-16,call,793.0,0.79,0.8,0.78,87.0,7321.0,0.10602700622558593,2026-09-18 14:39:11+00:00,0.07726511526639396,0.795,SPY,2026-09-18T11:09:27.324959-04:00,759.8699951171875
SPY261016C00794000,2026-10-16,call,794.0,0.71,0.73,0.69,101.0,3957.0,0.10608804077148437,2026-09-18 14:42:39+00:00,0.07726511526639396,0.72,SPY,2026-09-18T11:09:27.324959-04:00,759.8699951171875
SPY261016C00795000,2026-10-16,call,795.0,0.64,0.65,0.64,3343.0,10409.0,0.10559976440429686,2026-09-18 14:51:43+00:00,0.07726511526639396,0.645,SPY,2026-09-18T11:09:27.324959-04:00,759.8699951171875
SPY261016C00796000,2026-10-16,call,796.0,0.58,0.6,0.58,39.0,2470.0,0.10596597167968749,2026-09-18 14:08:47+00:00,0.07726511526639396,0.59,SPY,2026-09-18T11:09:27.324959-04:00,759.8699951171875
SPY261016C00797000,2026-10-16,call,797.0,0.54,0.55,0.54,701.0,11643.0,0.10621010986328125,2026-09-18 14:51:45+00:00,0.07726511526639396,0.545,SPY,2026-09-18T11:09:27.324959-04:00,759.8699951171875
SPY261016C00798000,2026-10-16,call,798.0,0.48,0.49,0.48,18.0,1679.0,0.10584390258789061,2026-09-18 14:06:09+00:00,0.07726511526639396,0.485,SPY,2026-09-18T11:09:27.324959-04:00,759.8699951171875
SPY261016C00799000,2026-10-16,call,799.0,0.45,0.46,0.43,310.0,2812.0,0.10663735168457032,2026-09-18 14:42:39+00:00,0.07726511526639396,0.455,SPY,2026-09-18T11:09:27.324959-04:00,759.8699951171875
SPY261016C00800000,2026-10-16,call,800.0,0.41,0.42,0.42,3067.0,22107.0,0.10682045532226564,2026-09-18 14:54:15+00:00,0.07726511526639396,0.415,SPY,2026-09-18T11:09:27.324959-04:00,759.8699951171875
SPY261016C00805000,2026-10-16,call,805.0,0.26,0.27,0.26,442.0,10081.0,0.10816321533203124,2026-09-18 14:48:13+00:00,0.07726511526639396,0.265,SPY,2026-09-18T11:09:27.324959-04:00,759.8699951171875
SPY261016C00810000,2026-10-16,call,810.0,0.18,0.19,0.19,144.0,15187.0,0.11133701171874999,2026-09-18 14:53:08+00:00,0.07726511526639396,0.185,SPY,2026-09-18T11:09:27.324959-04:00,759.8699951171875
SPY261016C00815000,2026-10-16,call,815.0,0.14,0.15,0.15,107.0,16309.0,0.116219775390625,2026-09-18 14:37:42+00:00,0.07726511526639396,0.14500000000000002,SPY,2026-09-18T11:09:27.324959-04:00,759.8699951171875
SPY261016C00820000,2026-10-16,call,820.0,0.1,0.11,0.12,8.0,14361.0,0.11963770996093749,2026-09-18 14:33:03+00:00,0.07726511526639396,0.10500000000000001,SPY,2026-09-18T11:09:27.324959-04:00,759.8699951171875
SPY261016C00825000,2026-10-16,call,825.0,0.08,0.09,0.09,2.0,16091.0,0.1245204736328125,2026-09-18 14:04:02+00:00,0.07726511526639396,0.08499999999999999,SPY,2026-09-18T11:09:27.324959-04:00,759.8699951171875
SPY261016C00830000,2026-10-16,call,830.0,0.07,0.08,0.07,13.0,18376.0,0.13062392822265623,2026-09-18 14:39:45+00:00,0.07726511526639396,0.07500000000000001,SPY,2026-09-18T11:09:27.324959-04:00,759.8699951171875
SPY261016C00835000,2026-10-16,call,835.0,0.05,0.06,0.06,3.0,3413.0,0.133797724609375,2026-09-18 14:39:45+00:00,0.07726511526639396,0.055,SPY,2026-09-18T11:09:27.324959-04:00,759.8699951171875
SPY261016C00840000,2026-10-16,call,840.0,0.04,0.05,0.06,26.0,3068.0,0.1381922119140625,2026-09-18 14:23:15+00:00,0.07726511526639396,0.045,SPY,2026-09-18T11:09:27.324959-04:00,759.8699951171875
SPY261016C00845000,2026-10-16,call,845.0,0.04,0.05,0.05,2.0,1886.0,0.145516357421875,2026-09-17 13:30:01+00:00,0.07726511526639396,0.045,SPY,2026-09-18T11:09:27.324959-04:00,759.8699951171875
SPY261016C00850000,2026-10-16,call,850.0,0.03,0.04,0.04,4.0,9894.0,0.149422568359375,2026-09-18 14:47:20+00:00,0.07726511526639396,0.035,SPY,2026-09-18T11:09:27.324959-04:00,759.8699951171875
SPY261016C00855000,2026-10-16,call,855.0,0.02,0.03,0.03,2.0,714.0,0.15137567382812503,2026-09-18 14:22:00+00:00,0.07726511526639396,0.025,SPY,2026-09-18T11:09:27.324959-04:00,759.8699951171875
SPY261016C00860000,2026-10-16,call,860.0,0.02,0.03,0.03,48.0,2031.0,0.15821154296875,2026-09-17 20:11:59+00:00,0.07726511526639396,0.025,SPY,2026-09-18T11:09:27.324959-04:00,759.8699951171875
SPY261016C00865000,2026-10-16,call,865.0,0.01,0.02,0.03,1.0,509.0,0.15821154296875,2026-09-18 13:33:37+00:00,0.07726511526639396,0.015,SPY,2026-09-18T11:09:27.324959-04:00,759.8699951171875
SPY261016C00870000,2026-10-16,call,870.0,0.01,0.02,0.02,1.0,2233.0,0.165047412109375,2026-09-16 13:30:00+00:00,0.07726511526639396,0.015,SPY,2026-09-18T11:09:27.324959-04:00,759.8699951171875
SPY261016C00875000,2026-10-16,call,875.0,0.01,0.02,0.02,3.0,1434.0,0.17188328125000002,2026-09-17 15:02:33+00:00,0.07726511526639396,0.015,SPY,2026-09-18T11:09:27.324959-04:00,759.8699951171875
SPY261016C00880000,2026-10-16,call,880.0,0.01,0.02,0.02,10.0,433.0,0.17774259765625,2026-09-14 13:38:27+00:00,0.07726511526639396,0.015,SPY,2026-09-18T11:09:27.324959-04:00,759.8699951171875
SPY261016C00885000,2026-10-16,call,885.0,0.01,0.02,0.01,7.0,2389.0,0.18360191406249998,2026-09-17 18:16:05+00:00,0.07726511526639396,0.015,SPY,2026-09-18T11:09:27.324959-04:00,759.8699951171875
SPY261016C00890000,2026-10-16,call,890.0,0.01,0.02,0.03,2.0,2596.0,0.18946123046875002,2026-09-08 13:52:09+00:00,0.07726511526639396,0.015,SPY,2026-09-18T11:09:27.324959-04:00,759.8699951171875
SPY261016C00895000,2026-10-16,call,895.0,0.0,0.01,0.01,100.0,462.0,0.18360191406249998,2026-09-18 14:00:04+00:00,0.07726511526639396,0.005,SPY,2026-09-18T11:09:27.324959-04:00,759.8699951171875
SPY261016C00900000,2026-10-16,call,900.0,0.0,0.01,0.01,102.0,3063.0,0.1914143359375,2026-09-15 20:08:43+00:00,0.07726511526639396,0.005,SPY,2026-09-18T11:09:27.324959-04:00,759.8699951171875
SPY261016C00905000,2026-10-16,call,905.0,0.0,0.01,0.01,9.0,106.0,0.195320546875,2026-09-17 15:51:08+00:00,0.07726511526639396,0.005,SPY,2026-09-18T11:09:27.324959-04:00,759.8699951171875
SPY261016C00910000,2026-10-16,call,910.0,0.0,0.01,0.01,276.0,3867.0,0.20313296874999998,2026-09-15 17:31:04+00:00,0.07726511526639396,0.005,SPY,2026-09-18T11:09:27.324959-04:00,759.8699951171875
SPY261016C00915000,2026-10-16,call,915.0,0.0,0.01,0.01,9.0,3971.0,0.20703917968749996,2026-09-16 20:01:46+00:00,0.07726511526639396,0.005,SPY,2026-09-18T11:09:27.324959-04:00,759.8699951171875
SPY261016C00920000,2026-10-16,call,920.0,0.0,0.01,0.01,280.0,368.0,0.2148516015625,2026-09-14 16:46:21+00:00,0.07726511526639396,0.005,SPY,2026-09-18T11:09:27.324959-04:00,759.8699951171875
SPY261016C00925000,2026-10-16,call,925.0,0.0,0.01,0.01,280.0,360.0,0.21875781249999998,2026-09-14 16:46:24+00:00,0.07726511526639396,0.005,SPY,2026-09-18T11:09:27.324959-04:00,759.8699951171875
SPY261016C00930000,2026-10-16,call,930.0,0.0,0.01,0.01,1.0,371.0,0.22266402343749997,2026-09-11 13:30:51+00:00,0.07726511526639396,0.005,SPY,2026-09-18T11:09:27.324959-04:00,759.8699951171875
SPY261016C00935000,2026-10-16,call,935.0,0.0,0.01,0.01,1.0,598.0,0.2304764453125,2026-09-15 15:20:35+00:00,0.07726511526639396,0.005,SPY,2026-09-18T11:09:27.324959-04:00,759.8699951171875
SPY261016C00940000,2026-10-16,call,940.0,0.0,0.01,0.01,28.0,1022.0,0.23438265625,2026-09-08 14:43:42+00:00,0.07726511526639396,0.005,SPY,2026-09-18T11:09:27.324959-04:00,759.8699951171875
SPY261016C00945000,2026-10-16,call,945.0,0.0,0.01,0.02,1101.0,1136.0,0.242195078125,2026-08-24 19:14:01+00:00,0.07726511526639396,0.005,SPY,2026-09-18T11:09:27.324959-04:00,759.8699951171875
SPY261016C00950000,2026-10-16,call,950.0,0.0,0.01,0.01,200.0,1177.0,0.2461012890625,2026-09-10 13:42:49+00:00,0.07726511526639396,0.005,SPY,2026-09-18T11:09:27.324959-04:00,759.8699951171875
SPY261016C00955000,2026-10-16,call,955.0,0.0,0.01,0.01,1.0,18.0,0.2500075,2026-09-01 14:03:48+00:00,0.07726511526639396,0.005,SPY,2026-09-18T11:09:27.324959-04:00,759.8699951171875
SPY261016C00960000,2026-10-16,call,960.0,0.0,0.01,0.01,596.0,1188.0,0.257819921875,2026-09-02 14:47:54+00:00,0.07726511526639396,0.005,SPY,2026-09-18T11:09:27.324959-04:00,759.8699951171875
SPY261016C00965000,2026-10-16,call,965.0,0.0,0.01,0.01,206.0,785.0,0.2617261328125,2026-09-04 20:08:29+00:00,0.07726511526639396,0.005,SPY,2026-09-18T11:09:27.324959-04:00,759.8699951171875
SPY261016C00970000,2026-10-16,call,970.0,0.0,0.01,0.01,10.0,782.0,0.26563234375,2026-09-08 15:29:45+00:00,0.07726511526639396,0.005,SPY,2026-09-18T11:09:27.324959-04:00,759.8699951171875
SPY261016C00975000,2026-10-16,call,975.0,0.0,0.01,0.01,745.0,1299.0,0.273444765625,2026-09-04 20:14:50+00:00,0.07726511526639396,0.005,SPY,2026-09-18T11:09:27.324959-04:00,759.8699951171875
SPY261016C00980000,2026-10-16,call,980.0,0.0,0.01,0.05,532.0,290.0,0.27735097656249996,2026-08-04 14:11:08+00:00,0.07726511526639396,0.005,SPY,2026-09-18T11:09:27.324959-04:00,759.8699951171875
SPY261016C00985000,2026-10-16,call,985.0,0.0,0.01,0.01,407.0,595.0,0.28125718749999995,2026-08-28 19:59:44+00:00,0.07726511526639396,0.005,SPY,2026-09-18T11:09:27.324959-04:00,759.8699951171875
SPY261016C00990000,2026-10-16,call,990.0,0.0,0.01,0.01,407.0,628.0,0.2890696093749999,2026-08-28 19:59:44+00:00,0.07726511526639396,0.005,SPY,2026-09-18T11:09:27.324959-04:00,759.8699951171875
SPY261016C00995000,2026-10-16,call,995.0,0.0,0.01,0.01,1.0,72.0,0.2929758203124999,2026-08-25 15:10:26+00:00,0.07726511526639396,0.005,SPY,2026-09-18T11:09:27.324959-04:00,759.8699951171875
SPY261016C01000000,2026-10-16,call,1000.0,0.0,0.01,0.01,1.0,1252.0,0.29688203124999996,2026-09-14 20:11:13+00:00,0.07726511526639396,0.005,SPY,2026-09-18T11:09:27.324959-04:00,759.8699951171875
SPY261016P00300000,2026-10-16,put,300.0,0.0,0.01,0.01,2.0,5205.0,0.9062509375,2026-09-15 17:31:03+00:00,0.07726511526639396,0.005,SPY,2026-09-18T11:09:27.324959-04:00,759.8699951171875
SPY261016P00305000,2026-10-16,put,305.0,0.0,0.01,0.01,700.0,2490.0,0.9062509375,2026-09-16 20:11:05+00:00,0.07726511526639396,0.005,SPY,2026-09-18T11:09:27.324959-04:00,759.8699951171875
SPY261016P00310000,2026-10-16,put,310.0,0.0,0.01,0.01,220.0,4501.0,0.87500125,2026-09-15 18:43:06+00:00,0.07726511526639396,0.005,SPY,2026-09-18T11:09:27.324959-04:00,759.8699951171875
SPY261016P00315000,2026-10-16,put,315.0,0.0,0.01,0.01,600.0,3539.0,0.87500125,2026-09-16 20:14:45+00:00,0.07726511526639396,0.005,SPY,2026-09-18T11:09:27.324959-04:00,759.8699951171875
SPY261016P00320000,2026-10-16,put,320.0,0.0,0.01,0.02,1641.0,2456.0,0.85937640625,2026-08-27 19:36:40+00:00,0.07726511526639396,0.005,SPY,2026-09-18T11:09:27.324959-04:00,759.8699951171875
SPY261016P00325000,2026-10-16,put,325.0,0.0,0.01,0.02,106.0,434.0,0.8437515624999999,2026-09-10 17:58:54+00:00,0.07726511526639396,0.005,SPY,2026-09-18T11:09:27.324959-04:00,759.8699951171875
SPY261016P00330000,2026-10-16,put,330.0,0.0,0.01,0.01,200.0,4675.0,0.8281267187499999,2026-09-17 16:13:20+00:00,0.07726511526639396,0.005,SPY,2026-09-18T11:09:27.324959-04:00,759.8699951171875
SPY261016P00335000,2026-10-16,put,335.0,0.0,0.01,0.01,2.0,1158.0,0.8125018749999999,2026-09-17 13:30:11+00:00,0.07726511526639396,0.005,SPY,2026-09-18T11:09:27.324959-04:00,759.8699951171875
SPY261016P00340000,2026-10-16,put,340.0,0.0,0.01,0.03,400.0,673.0,0.79687703125,2026-09-10 15:40:04+00:00,0.07726511526639396,0.005,SPY,2026-09-18T11:09:27.324959-04:00,759.8699951171875
SPY261016P00345000,2026-10-16,put,345.0,0.0,0.01,0.02,200.0,1045.0,0.7812521875,2026-09-11 19:55:46+00:00,0.07726511526639396,0.005,SPY,2026-09-18T11:09:27.324959-04:00,759.8699951171875
SPY261016P00350000,2026-10-16,put,350.0,0.0,0.01,0.02,10.0,6258.0,0.7656273437500001,2026-09-15 17:24:19+00:00,0.07726511526639396,0.005,SPY,2026-09-18T11:09:27.324959-04:00,759.8699951171875
SPY261016P00355000,2026-10-16,put,355.0,0.0,0.01,0.02,110.0,11301.0,0.7500025,2026-09-15 16:20:57+00:00,0.07726511526639396,0.005,SPY,2026-09-18T11:09:27.324959-04:00,759.8699951171875
SPY261016P00360000,2026-10-16,put,360.0,0.0,0.01,0.01,952.0,5728.0,0.7500025,2026-09-17 19:47:00+00:00,0.07726511526639396,0.005,SPY,2026-09-18T11:09:27.324959-04:00,759.8699951171875
SPY261016P00365000,2026-10-16,put,365.0,0.0,0.01,0.01,48.0,1815.0,0.73437765625,2026-09-17 13:41:25+00:00,0.07726511526639396,0.005,SPY,2026-09-18T11:09:27.324959-04:00,759.8699951171875
SPY261016P00370000,2026-10-16,put,370.0,0.01,0.02,0.02,10.0,10612.0,0.773439765625,2026-09-18 14:33:37+00:00,0.07726511526639396,0.015,SPY,2026-09-18T11:09:27.324959-04:00,759.8699951171875
SPY261016P00375000,2026-10-16,put,375.0,0.01,0.02,0.02,140.0,6869.0,0.7578149218750001,2026-09-16 16:48:27+00:00,0.07726511526639396,0.015,SPY,2026-09-18T11:09:27.324959-04:00,759.8699951171875
SPY261016P00380000,2026-10-16,put,380.0,0.01,0.02,0.03,28.0,1913.0,0.7500025,2026-09-16 19:39:17+00:00,0.07726511526639396,0.015,SPY,2026-09-18T11:09:27.324959-04:00,759.8699951171875
SPY261016P00385000,2026-10-16,put,385.0,0.01,0.02,0.04,31.0,3791.0,0.73437765625,2026-09-16 19:32:22+00:00,0.07726511526639396,0.015,SPY,2026-09-18T11:09:27.324959-04:00,759.8699951171875
SPY261016P00390000,2026-10-16,put,390.0,0.01,0.02,0.03,100.0,4633.0,0.7187528125,2026-09-11 14:11:32+00:00,0.07726511526639396,0.015,SPY,2026-09-18T11:09:27.324959-04:00,759.8699951171875
SPY261016P00395000,2026-10-16,put,395.0,0.01,0.02,0.02,2440.0,4123.0,0.710940390625,2026-09-17 15:12:47+00:00,0.07726511526639396,0.015,SPY,2026-09-18T11:09:27.324959-04:00,759.8699951171875
SPY261016P00400000,2026-10-16,put,400.0,0.01,0.02,0.02,1.0,21657.0,0.6953155468750001,2026-09-18 14:36:22+00:00,0.07726511526639396,0.015,SPY,2026-09-18T11:09:27.324959-04:00,759.8699951171875
SPY261016P00405000,2026-10-16,put,405.0,0.01,0.02,0.02,25.0,3749.0,0.6796907031250001,2026-09-18 13:33:58+00:00,0.07726511526639396,0.015,SPY,2026-09-18T11:09:27.324959-04:00,759.8699951171875
SPY261016P00410000,2026-10-16,put,410.0,0.01,0.02,0.01,86.0,12728.0,0.6718782812500002,2026-09-18 14:31:21+00:00,0.07726511526639396,0.015,SPY,2026-09-18T11:09:27.324959-04:00,759.8699951171875
SPY261016P00415000,2026-10-16,put,415.0,0.01,0.02,0.04,84.0,964.0,0.6562534375000001,2026-09-16 18:58:45+00:00,0.07726511526639396,0.015,SPY,2026-09-18T11:09:27.324959-04:00,759.8699951171875
SPY261016P00420000,2026-10-16,put,420.0,0.02,0.03,0.03,1.0,1486.0,0.6718782812500002,2026-09-16 19:51:41+00:00,0.07726511526639396,0.025,SPY,2026-09-18T11:09:27.324959-04:00,759.8699951171875
SPY261016P00425000,2026-10-16,put,425.0,0.02,0.03,0.02,124.0,154944.0,0.6562534375000001,2026-09-17 17:46:12+00:00,0.07726511526639396,0.025,SPY,2026-09-18T11:09:27.324959-04:00,759.8699951171875
SPY261016P00430000,2026-10-16,put,430.0,0.02,0.03,0.03,134.0,15652.0,0.6445348046875,2026-09-17 18:19:04+00:00,0.07726511526639396,0.025,SPY,2026-09-18T11:09:27.324959-04:00,759.8699951171875
SPY261016P00435000,2026-10-16,put,435.0,0.02,0.03,0.03,48.0,1209.0,0.632816171875,2026-09-17 17:41:23+00:00,0.07726511526639396,0.025,SPY,2026-09-18T11:09:27.324959-04:00,759.8699951171875
SPY261016P00440000,2026-10-16,put,440.0,0.02,0.03,0.04,90.0,534.0,0.6210975390625001,2026-09-18 14:24:47+00:00,0.07726511526639396,0.025,SPY,2026-09-18T11:09:27.324959-04:00,759.8699951171875
SPY261016P00445000,2026-10-16,put,445.0,0.03,0.04,0.06,163.0,4472.0,0.6250037500000001,2026-09-16 19:10:21+00:00,0.07726511526639396,0.035,SPY,2026-09-18T11:09:27.324959-04:00,759.8699951171875
SPY261016P00450000,2026-10-16,put,450.0,0.03,0.04,0.03,80.0,1541.0,0.6132851171875001,2026-09-17 16:17:50+00:00,0.07726511526639396,0.035,SPY,2026-09-18T11:09:27.324959-04:00,759.8699951171875
SPY261016P00455000,2026-10-16,put,455.0,0.03,0.04,0.03,161.0,2947.0,0.6015664843750002,2026-09-17 19:10:06+00:00,0.07726511526639396,0.035,SPY,2026-09-18T11:09:27.324959-04:00,759.8699951171875
SPY261016P00460000,2026-10-16,put,460.0,0.03,0.04,0.04,231.0,1834.0,0.5898478515625001,2026-09-18 14:45:59+00:00,0.07726511526639396,0.035,SPY,2026-09-18T11:09:27.324959-04:00,759.8699951171875
SPY261016P00465000,2026-10-16,put,465.0,0.04,0.05,0.04,151.0,2817.0,0.5898478515625001,2026-09-18 13:33:19+00:00,0.07726511526639396,0.045,SPY,2026-09-18T11:09:27.324959-04:00,759.8699951171875
SPY261016P00470000,2026-10-16,put,470.0,0.04,0.05,0.05,201.0,4165.0,0.57812921875,2026-09-17 19:47:02+00:00,0.07726511526639396,0.045,SPY,2026-09-18T11:09:27.324959-04:00,759.8699951171875
SPY261016P00475000,2026-10-16,put,475.0,0.04,0.05,0.05,4.0,257.0,0.5664105859375,2026-09-18 14:50:08+00:00,0.07726511526639396,0.045,SPY,2026-09-18T11:09:27.324959-04:00,759.8699951171875
SPY261016P00480000,2026-10-16,put,480.0,0.05,0.06,0.06,20.0,2233.0,0.5644574804687501,2026-09-18 13:57:27+00:00,0.07726511526639396,0.055,SPY,2026-09-18T11:09:27.324959-04:00,759.8699951171875
SPY261016P00485000,2026-10-16,put,485.0,0.05,0.06,0.08,1.0,134.0,0.55273884765625,2026-09-16 13:30:02+00:00,0.07726511526639396,0.055,SPY,2026-09-18T11:09:27.324959-04:00,759.8699951171875
SPY261016P00490000,2026-10-16,put,490.0,0.05,0.06,0.07,10.0,79.0,0.5410202148437502,2026-09-17 19:02:08+00:00,0.07726511526639396,0.055,SPY,2026-09-18T11:09:27.324959-04:00,759.8699951171875
SPY261016P00495000,2026-10-16,put,495.0,0.06,0.07,0.12,41.0,229.0,0.5390671093750001,2026-09-16 20:01:45+00:00,0.07726511526639396,0.065,SPY,2026-09-18T11:09:27.324959-04:00,759.8699951171875
SPY261016P00500000,2026-10-16,put,500.0,0.07,0.08,0.07,12.0,3946.0,0.534184345703125,2026-09-17 19:50:27+00:00,0.07726511526639396,0.07500000000000001,SPY,2026-09-18T11:09:27.324959-04:00,759.8699951171875
SPY261016P00505000,2026-10-16,put,505.0,0.07,0.08,0.14,263.0,479.0,0.5224657128906249,2026-09-16 19:59:33+00:00,0.07726511526639396,0.07500000000000001,SPY,2026-09-18T11:09:27.324959-04:00,759.8699951171875
SPY261016P00510000,2026-10-16,put,510.0,0.07,0.08,0.08,10.0,1512.0,0.5107470800781251,2026-09-17 19:11:46+00:00,0.07726511526639396,0.07500000000000001,SPY,2026-09-18T11:09:27.324959-04:00,759.8699951171875
SPY261016P00515000,2026-10-16,put,515.0,0.08,0.09,0.09,3.0,337.0,0.5048877636718749,2026-09-17 18:30:54+00:00,0.07726511526639396,0.08499999999999999,SPY,2026-09-18T11:09:27.324959-04:00,759.8699951171875
SPY261016P00520000,2026-10-16,put,520.0,0.09,0.1,0.1,35.0,948.0,0.5019581054687501,2026-09-17 19:59:51+00:00,0.07726511526639396,0.095,SPY,2026-09-18T11:09:27.324959-04:00,759.8699951171875
SPY261016P00525000,2026-10-16,put,525.0,0.1,0.11,0.11,1.0,301531.0,0.495122236328125,2026-09-18 14:16:35+00:00,0.07726511526639396,0.10500000000000001,SPY,2026-09-18T11:09:27.324959-04:00,759.8699951171875
SPY261016P00530000,2026-10-16,put,530.0,0.1,0.11,0.1,2.0,827.0,0.48340360351562506,2026-09-18 13:56:44+00:00,0.07726511526639396,0.10500000000000001,SPY,2026-09-18T11:09:27.324959-04:00,759.8699951171875
SPY261016P00535000,2026-10-16,put,535.0,0.11,0.12,0.12,1.0,631.0,0.476567734375,2026-09-18 13:37:25+00:00,0.07726511526639396,0.11499999999999999,SPY,2026-09-18T11:09:27.324959-04:00,759.8699951171875
SPY261016P00540000,2026-10-16,put,540.0,0.12,0.13,0.11,45.0,4900.0,0.4687553125,2026-09-18 13:32:23+00:00,0.07726511526639396,0.125,SPY,2026-09-18T11:09:27.324959-04:00,759.8699951171875
SPY261016P00545000,2026-10-16,put,545.0,0.13,0.14,0.15,19.0,692.0,0.46094289062500005,2026-09-17 16:25:03+00:00,0.07726511526639396,0.135,SPY,2026-09-18T11:09:27.324959-04:00,759.8699951171875
SPY261016P00550000,2026-10-16,put,550.0,0.14,0.15,0.14,1.0,12520.0,0.45313046875,2026-09-18 13:49:00+00:00,0.07726511526639396,0.14500000000000002,SPY,2026-09-18T11:09:27.324959-04:00,759.8699951171875
SPY261016P00555000,2026-10-16,put,555.0,0.15,0.16,0.16,10.0,567.0,0.44482977050781247,2026-09-18 14:48:57+00:00,0.07726511526639396,0.155,SPY,2026-09-18T11:09:27.324959-04:00,759.8699951171875
SPY261016P00560000,2026-10-16,put,560.0,0.16,0.17,0.18,52.0,370.0,0.436529072265625,2026-09-17 19:43:42+00:00,0.07726511526639396,0.165,SPY,2026-09-18T11:09:27.324959-04:00,759.8699951171875
SPY261016P00565000,2026-10-16,put,565.0,0.17,0.18,0.18,10.0,858.0,0.42774009765625004,2026-09-17 19:54:01+00:00,0.07726511526639396,0.175,SPY,2026-09-18T11:09:27.324959-04:00,759.8699951171875
SPY261016P00570000,2026-10-16,put,570.0,0.19,0.2,0.2,52.0,853.0,0.42139250488281255,2026-09-17 19:35:54+00:00,0.07726511526639396,0.195,SPY,2026-09-18T11:09:27.324959-04:00,759.8699951171875
SPY261016P00575000,2026-10-16,put,575.0,0.19,0.2,0.2,1.0,1265.0,0.4101621484375,2026-09-18 13:44:52+00:00,0.07726511526639396,0.195,SPY,2026-09-18T11:09:27.324959-04:00,759.8699951171875
SPY261016P00580000,2026-10-16,put,580.0,0.21,0.22,0.22,2.0,1769.0,0.40332627929687503,2026-09-18 14:17:01+00:00,0.07726511526639396,0.215,SPY,2026-09-18T11:09:27.324959-04:00,759.8699951171875
SPY261016P00585000,2026-10-16,put,585.0,0.22,0.23,0.23,5.0,1804.0,0.3940490283203125,2026-09-17 18:45:18+00:00,0.07726511526639396,0.225,SPY,2026-09-18T11:09:27.324959-04:00,759.8699951171875
SPY261016P00590000,2026-10-16,put,590.0,0.24,0.25,0.24,5.0,3207.0,0.38672488281249995,2026-09-18 14:13:59+00:00,0.07726511526639396,0.245,SPY,2026-09-18T11:09:27.324959-04:00,759.8699951171875
SPY261016P00595000,2026-10-16,put,595.0,0.26,0.27,0.25,1.0,1690.0,0.3789124609375,2026-09-18 13:32:25+00:00,0.07726511526639396,0.265,SPY,2026-09-18T11:09:27.324959-04:00,759.8699951171875
SPY261016P00600000,2026-10-16,put,600.0,0.27,0.28,0.28,1023.0,12035.0,0.36914693359375,2026-09-18 14:48:35+00:00,0.07726511526639396,0.275,SPY,2026-09-18T11:09:27.324959-04:00,759.8699951171875
SPY261016P00605000,2026-10-16,put,605.0,0.3,0.31,0.29,4.0,2517.0,0.36255520263671875,2026-09-18 13:46:38+00:00,0.07726511526639396,0.305,SPY,2026-09-18T11:09:27.324959-04:00,759.8699951171875
SPY261016P00610000,2026-10-16,put,610.0,0.31,0.32,0.32,5.0,3706.0,0.352545537109375,2026-09-18 14:51:10+00:00,0.07726511526639396,0.315,SPY,2026-09-18T11:09:27.324959-04:00,759.8699951171875
SPY261016P00615000,2026-10-16,put,615.0,0.34,0.35,0.33,5.0,1241.0,0.3452213916015625,2026-09-18 13:45:02+00:00,0.07726511526639396,0.345,SPY,2026-09-18T11:09:27.324959-04:00,759.8699951171875
SPY261016P00620000,2026-10-16,put,620.0,0.36,0.37,0.36,9.0,4284.0,0.3364324169921875,2026-09-18 13:46:53+00:00,0.07726511526639396,0.365,SPY,2026-09-18T11:09:27.324959-04:00,759.8699951171875
SPY261016P00625000,2026-10-16,put,625.0,0.39,0.4,0.4,41.0,156877.0,0.3283758569335937,2026-09-18 14:19:29+00:00,0.07726511526639396,0.395,SPY,2026-09-18T11:09:27.324959-04:00,759.8699951171875
SPY261016P00630000,2026-10-16,put,630.0,0.41,0.42,0.43,6.0,33352.0,0.31909860595703116,2026-09-18 14:07:28+00:00,0.07726511526639396,0.415,SPY,2026-09-18T11:09:27.324959-04:00,759.8699951171875
SPY261016P00635000,2026-10-16,put,635.0,0.44,0.45,0.44,5.0,2570.0,0.31055376953124997,2026-09-18 13:53:04+00:00,0.07726511526639396,0.445,SPY,2026-09-18T11:09:27.324959-04:00,759.8699951171875
SPY261016P00640000,2026-10-16,put,640.0,0.47,0.48,0.48,7.0,6246.0,0.30188686401367193,2026-09-18 14:33:37+00:00,0.07726511526639396,0.475,SPY,2026-09-18T11:09:27.324959-04:00,759.8699951171875
SPY261016P00645000,2026-10-16,put,645.0,0.51,0.52,0.56,895.0,5404.0,0.2937082348632812,2026-09-17 18:41:25+00:00,0.07726511526639396,0.515,SPY,2026-09-18T11:09:27.324959-04:00,759.8699951171875
SPY261016P00650000,2026-10-16,put,650.0,0.55,0.56,0.58,507.0,25232.0,0.2854075366210937,2026-09-18 14:16:26+00:00,0.07726511526639396,0.555,SPY,2026-09-18T11:09:27.324959-04:00,759.8699951171875
SPY261016P00655000,2026-10-16,put,655.0,0.58,0.59,0.57,3.0,14070.0,0.2758861474609374,2026-09-18 13:33:52+00:00,0.07726511526639396,0.585,SPY,2026-09-18T11:09:27.324959-04:00,759.8699951171875
SPY261016P00660000,2026-10-16,put,660.0,0.63,0.64,0.66,846.0,14206.0,0.26758544921875,2026-09-18 14:42:56+00:00,0.07726511526639396,0.635,SPY,2026-09-18T11:09:27.324959-04:00,759.8699951171875
SPY261016P00665000,2026-10-16,put,665.0,0.67,0.68,0.71,7.0,4576.0,0.25818612915039063,2026-09-18 14:02:13+00:00,0.07726511526639396,0.675,SPY,2026-09-18T11:09:27.324959-04:00,759.8699951171875
SPY261016P00670000,2026-10-16,put,670.0,0.74,0.76,0.77,1264.0,16057.0,0.25110612182617187,2026-09-18 14:36:06+00:00,0.07726511526639396,0.75,SPY,2026-09-18T11:09:27.324959-04:00,759.8699951171875
SPY261016P00675000,2026-10-16,put,675.0,0.8,0.82,0.84,216.0,14284.0,0.242195078125,2026-09-18 14:27:02+00:00,0.07726511526639396,0.81,SPY,2026-09-18T11:09:27.324959-04:00,759.8699951171875
SPY261016P00680000,2026-10-16,put,680.0,0.9,0.91,0.93,1462.0,28072.0,0.23444369079589844,2026-09-18 14:23:15+00:00,0.07726511526639396,0.905,SPY,2026-09-18T11:09:27.324959-04:00,759.8699951171875
SPY261016P00685000,2026-10-16,put,685.0,0.97,0.98,1.04,3748.0,4663.0,0.22510540527343748,2026-09-18 14:25:41+00:00,0.07726511526639396,0.975,SPY,2026-09-18T11:09:27.324959-04:00,759.8699951171875
SPY261016P00690000,2026-10-16,put,690.0,1.07,1.09,1.08,644.0,12872.0,0.21717091430664062,2026-09-18 14:53:21+00:00,0.07726511526639396,1.08,SPY,2026-09-18T11:09:27.324959-04:00,759.8699951171875
SPY261016P00695000,2026-10-16,put,695.0,1.2,1.21,1.26,159.0,7977.0,0.2089312506103515,2026-09-18 14:42:40+00:00,0.07726511526639396,1.205,SPY,2026-09-18T11:09:27.324959-04:00,759.8699951171875
SPY261016P00700000,2026-10-16,put,700.0,1.34,1.36,1.35,782.0,32918.0,0.20099675964355468,2026-09-18 14:52:39+00:00,0.07726511526639396,1.35,SPY,2026-09-18T11:09:27.324959-04:00,759.8699951171875
SPY261016P00701000,2026-10-16,put,701.0,1.37,1.38,1.44,80.0,2782.0,0.19898261962890623,2026-09-18 14:27:03+00:00,0.07726511526639396,1.375,SPY,2026-09-18T11:09:27.324959-04:00,759.8699951171875
SPY261016P00702000,2026-10-16,put,702.0,1.41,1.42,1.44,3.0,1174.0,0.19763985961914063,2026-09-18 13:55:05+00:00,0.07726511526639396,1.415,SPY,2026-09-18T11:09:27.324959-04:00,759.8699951171875
SPY261016P00703000,2026-10-16,put,703.0,1.45,1.47,1.46,271.0,1268.0,0.19654123779296873,2026-09-18 14:54:09+00:00,0.07726511526639396,1.46,SPY,2026-09-18T11:09:27.324959-04:00,759.8699951171875
SPY261016P00704000,2026-10-16,put,704.0,1.49,1.5,1.53,53.0,1545.0,0.19477123596191404,2026-09-18 14:01:34+00:00,0.07726511526639396,1.495,SPY,2026-09-18T11:09:27.324959-04:00,759.8699951171875
SPY261016P00705000,2026-10-16,put,705.0,1.52,1.54,1.6,1192.0,14218.0,0.19324537231445313,2026-09-18 14:42:40+00:00,0.07726511526639396,1.53,SPY,2026-09-18T11:09:27.324959-04:00,759.8699951171875
SPY261016P00706000,2026-10-16,put,706.0,1.56,1.57,1.61,12.0,1107.0,0.1914143359375,2026-09-18 14:12:24+00:00,0.07726511526639396,1.565,SPY,2026-09-18T11:09:27.324959-04:00,759.8699951171875
SPY261016P00707000,2026-10-16,put,707.0,1.6,1.61,1.67,8.0,1048.0,0.18982743774414065,2026-09-18 14:23:49+00:00,0.07726511526639396,1.605,SPY,2026-09-18T11:09:27.324959-04:00,759.8699951171875
SPY261016P00708000,2026-10-16,put,708.0,1.64,1.65,1.71,17.0,2937.0,0.18817950500488279,2026-09-18 14:34:08+00:00,0.07726511526639396,1.645,SPY,2026-09-18T11:09:27.324959-04:00,759.8699951171875
SPY261016P00709000,2026-10-16,put,709.0,1.68,1.69,1.75,5.0,1666.0,0.186531572265625,2026-09-18 14:40:58+00:00,0.07726511526639396,1.685,SPY,2026-09-18T11:09:27.324959-04:00,759.8699951171875
SPY261016P00710000,2026-10-16,put,710.0,1.74,1.76,1.76,1412.0,14220.0,0.18567708862304685,2026-09-18 14:50:03+00:00,0.07726511526639396,1.75,SPY,2026-09-18T11:09:27.324959-04:00,759.8699951171875
SPY261016P00711000,2026-10-16,put,711.0,1.78,1.79,1.86,120.0,3789.0,0.18366294860839844,2026-09-18 14:23:49+00:00,0.07726511526639396,1.7850000000000001,SPY,2026-09-18T11:09:27.324959-04:00,759.8699951171875
SPY261016P00712000,2026-10-16,put,712.0,1.83,1.85,1.91,34.0,1201.0,0.18238122314453126,2026-09-18 14:23:48+00:00,0.07726511526639396,1.84,SPY,2026-09-18T11:09:27.324959-04:00,759.8699951171875
SPY261016P00713000,2026-10-16,put,713.0,1.89,1.9,1.93,31.0,1316.0,0.18079432495117187,2026-09-18 14:39:16+00:00,0.07726511526639396,1.895,SPY,2026-09-18T11:09:27.324959-04:00,759.8699951171875
SPY261016P00714000,2026-10-16,put,714.0,1.94,1.96,2.03,30.0,4573.0,0.17945156494140624,2026-09-18 14:02:13+00:00,0.07726511526639396,1.95,SPY,2026-09-18T11:09:27.324959-04:00,759.8699951171875
SPY261016P00715000,2026-10-16,put,715.0,2.0,2.02,1.99,2024.0,9695.0,0.1780477703857422,2026-09-18 14:52:38+00:00,0.07726511526639396,2.01,SPY,2026-09-18T11:09:27.324959-04:00,759.8699951171875
SPY261016P00716000,2026-10-16,put,716.0,2.05,2.06,2.17,116.0,11269.0,0.176064147644043,2026-09-18 14:43:29+00:00,0.07726511526639396,2.0549999999999997,SPY,2026-09-18T11:09:27.324959-04:00,759.8699951171875
SPY261016P00717000,2026-10-16,put,717.0,2.11,2.12,2.03,1.0,1461.0,0.17456880126953128,2026-09-17 19:58:54+00:00,0.07726511526639396,2.115,SPY,2026-09-18T11:09:27.324959-04:00,759.8699951171875
SPY261016P00718000,2026-10-16,put,718.0,2.16,2.18,2.19,119.0,4842.0,0.1729819030761719,2026-09-18 14:51:02+00:00,0.07726511526639396,2.17,SPY,2026-09-18T11:09:27.324959-04:00,759.8699951171875
SPY261016P00719000,2026-10-16,put,719.0,2.24,2.25,2.34,9.0,1446.0,0.1715781085205078,2026-09-18 14:42:38+00:00,0.07726511526639396,2.245,SPY,2026-09-18T11:09:27.324959-04:00,759.8699951171875
SPY261016P00720000,2026-10-16,put,720.0,2.3,2.31,2.3,619.0,33509.0,0.1698996585083008,2026-09-18 14:52:48+00:00,0.07726511526639396,2.3049999999999997,SPY,2026-09-18T11:09:27.324959-04:00,759.8699951171875
SPY261016P00721000,2026-10-16,put,721.0,2.38,2.4,2.48,35.0,935.0,0.16883155395507815,2026-09-18 14:33:23+00:00,0.07726511526639396,2.3899999999999997,SPY,2026-09-18T11:09:27.324959-04:00,759.8699951171875
SPY261016P00722000,2026-10-16,put,722.0,2.45,2.48,2.56,28.0,20855.0,0.16748879394531252,2026-09-18 14:48:23+00:00,0.07726511526639396,2.465,SPY,2026-09-18T11:09:27.324959-04:00,759.8699951171875
SPY261016P00723000,2026-10-16,put,723.0,2.54,2.55,2.63,212.0,5423.0,0.16584086120605473,2026-09-18 14:14:26+00:00,0.07726511526639396,2.545,SPY,2026-09-18T11:09:27.324959-04:00,759.8699951171875
SPY261016P00724000,2026-10-16,put,724.0,2.6,2.61,2.64,4092.0,29473.0,0.1639182730102539,2026-09-18 14:50:10+00:00,0.07726511526639396,2.605,SPY,2026-09-18T11:09:27.324959-04:00,759.8699951171875
SPY261016P00725000,2026-10-16,put,725.0,2.68,2.7,2.71,2134.0,44189.0,0.16257551300048828,2026-09-18 14:51:19+00:00,0.07726511526639396,2.6900000000000004,SPY,2026-09-18T11:09:27.324959-04:00,759.8699951171875
SPY261016P00726000,2026-10-16,put,726.0,2.75,2.77,2.86,8.0,10398.0,0.1607749938964844,2026-09-18 14:12:50+00:00,0.07726511526639396,2.76,SPY,2026-09-18T11:09:27.324959-04:00,759.8699951171875
SPY261016P00727000,2026-10-16,put,727.0,2.86,2.88,2.87,82.0,12307.0,0.1596763720703125,2026-09-18 14:52:15+00:00,0.07726511526639396,2.87,SPY,2026-09-18T11:09:27.324959-04:00,759.8699951171875
SPY261016P00728000,2026-10-16,put,728.0,2.96,2.98,3.04,24.0,24147.0,0.1583030947875977,2026-09-18 14:39:16+00:00,0.07726511526639396,2.9699999999999998,SPY,2026-09-18T11:09:27.324959-04:00,759.8699951171875
SPY261016P00729000,2026-10-16,put,729.0,3.06,3.07,3.23,62.0,2089.0,0.15668567932128907,2026-09-18 14:45:51+00:00,0.07726511526639396,3.065,SPY,2026-09-18T11:09:27.324959-04:00,759.8699951171875
SPY261016P00730000,2026-10-16,put,730.0,3.15,3.16,3.16,4080.0,43666.0,0.15497671203613284,2026-09-18 14:53:21+00:00,0.07726511526639396,3.1550000000000002,SPY,2026-09-18T11:09:27.324959-04:00,759.8699951171875
SPY261016P00731000,2026-10-16,put,731.0,3.25,3.27,3.45,10.0,1598.0,0.15357291748046875,2026-09-18 14:43:29+00:00,0.07726511526639396,3.26,SPY,2026-09-18T11:09:27.324959-04:00,759.8699951171875
SPY261016P00732000,2026-10-16,put,732.0,3.37,3.39,3.52,41.0,36522.0,0.15226067474365235,2026-09-18 14:35:52+00:00,0.07726511526639396,3.38,SPY,2026-09-18T11:09:27.324959-04:00,759.8699951171875
SPY261016P00733000,2026-10-16,put,733.0,3.46,3.48,3.47,79.0,3754.0,0.1503686038208008,2026-09-18 14:53:08+00:00,0.07726511526639396,3.4699999999999998,SPY,2026-09-18T11:09:27.324959-04:00,759.8699951171875
SPY261016P00734000,2026-10-16,put,734.0,3.61,3.62,3.81,21.0,3510.0,0.14920894744873048,2026-09-18 14:36:22+00:00,0.07726511526639396,3.615,SPY,2026-09-18T11:09:27.324959-04:00,759.8699951171875
SPY261016P00735000,2026-10-16,put,735.0,3.72,3.75,3.74,866.0,27223.0,0.14780515289306645,2026-09-18 14:52:38+00:00,0.07726511526639396,3.7350000000000003,SPY,2026-09-18T11:09:27.324959-04:00,759.8699951171875
SPY261016P00736000,2026-10-16,put,736.0,3.86,3.88,3.95,17.0,26681.0,0.1463403237915039,2026-09-18 14:49:30+00:00,0.07726511526639396,3.87,SPY,2026-09-18T11:09:27.324959-04:00,759.8699951171875
SPY261016P00737000,2026-10-16,put,737.0,3.99,4.01,4.08,120.0,3236.0,0.14475342559814453,2026-09-18 14:49:36+00:00,0.07726511526639396,4.0,SPY,2026-09-18T11:09:27.324959-04:00,759.8699951171875
SPY261016P00738000,2026-10-16,put,738.0,4.15,4.17,4.11,73.0,6584.0,0.1435327346801758,2026-09-18 14:53:08+00:00,0.07726511526639396,4.16,SPY,2026-09-18T11:09:27.324959-04:00,759.8699951171875
SPY261016P00739000,2026-10-16,put,739.0,4.3,4.31,4.53,173.0,2823.0,0.1419458364868164,2026-09-18 14:43:29+00:00,0.07726511526639396,4.305,SPY,2026-09-18T11:09:27.324959-04:00,759.8699951171875
SPY261016P00740000,2026-10-16,put,740.0,4.43,4.45,4.42,1776.0,31086.0,0.14023686920166017,2026-09-18 14:52:53+00:00,0.07726511526639396,4.4399999999999995,SPY,2026-09-18T11:09:27.324959-04:00,759.8699951171875
SPY261016P00741000,2026-10-16,put,741.0,4.61,4.64,4.59,504.0,3620.0,0.13916876464843753,2026-09-18 14:53:08+00:00,0.07726511526639396,4.625,SPY,2026-09-18T11:09:27.324959-04:00,759.8699951171875
SPY261016P00742000,2026-10-16,put,742.0,4.78,4.81,4.96,26.0,6257.0,0.13770393554687502,2026-09-18 14:48:50+00:00,0.07726511526639396,4.795,SPY,2026-09-18T11:09:27.324959-04:00,759.8699951171875
SPY261016P00743000,2026-10-16,put,743.0,4.93,4.98,5.05,15.0,2161.0,0.13613229598999022,2026-09-18 14:39:45+00:00,0.07726511526639396,4.955,SPY,2026-09-18T11:09:27.324959-04:00,759.8699951171875
SPY261016P00744000,2026-10-16,put,744.0,5.13,5.17,5.37,48.0,2601.0,0.1347437600708008,2026-09-18 14:42:38+00:00,0.07726511526639396,5.15,SPY,2026-09-18T11:09:27.324959-04:00,759.8699951171875
SPY261016P00745000,2026-10-16,put,745.0,5.35,5.39,5.34,1786.0,42311.0,0.1336146209716797,2026-09-18 14:53:33+00:00,0.07726511526639396,5.369999999999999,SPY,2026-09-18T11:09:27.324959-04:00,759.8699951171875
SPY261016P00746000,2026-10-16,put,746.0,5.51,5.56,5.74,15.0,2070.0,0.13172255004882813,2026-09-18 14:47:34+00:00,0.07726511526639396,5.535,SPY,2026-09-18T11:09:27.324959-04:00,759.8699951171875
SPY261016P00747000,2026-10-16,put,747.0,5.73,5.77,6.0,243.0,2832.0,0.1302272036743164,2026-09-18 14:37:12+00:00,0.07726511526639396,5.75,SPY,2026-09-18T11:09:27.324959-04:00,759.8699951171875
SPY261016P00748000,2026-10-16,put,748.0,5.98,6.02,6.17,53.0,2450.0,0.12915909912109375,2026-09-18 14:23:13+00:00,0.07726511526639396,6.0,SPY,2026-09-18T11:09:27.324959-04:00,759.8699951171875
SPY261016P00749000,2026-10-16,put,749.0,6.18,6.23,6.18,83.0,2002.0,0.12741961456298828,2026-09-18 14:53:09+00:00,0.07726511526639396,6.205,SPY,2026-09-18T11:09:27.324959-04:00,759.8699951171875
SPY261016P00750000,2026-10-16,put,750.0,6.42,6.45,6.44,4429.0,37975.0,0.12568013000488282,2026-09-18 14:53:31+00:00,0.07726511526639396,6.4350000000000005,SPY,2026-09-18T11:09:27.324959-04:00,759.8699951171875
SPY261016P00751000,2026-10-16,put,751.0,6.63,6.68,6.92,86.0,2147.0,0.12394064544677735,2026-09-18 14:47:34+00:00,0.07726511526639396,6.654999999999999,SPY,2026-09-18T11:09:27.324959-04:00,759.8699951171875
SPY261016P00752000,2026-10-16,put,752.0,6.96,7.01,7.3,49.0,5634.0,0.12329978271484376,2026-09-18 14:46:10+00:00,0.07726511526639396,6.984999999999999,SPY,2026-09-18T11:09:27.324959-04:00,759.8699951171875
SPY261016P00753000,2026-10-16,put,753.0,7.25,7.29,7.2,425.0,28205.0,0.1218959881591797,2026-09-18 14:53:08+00:00,0.07726511526639396,7.27,SPY,2026-09-18T11:09:27.324959-04:00,759.8699951171875
SPY261016P00754000,2026-10-16,put,754.0,7.5,7.54,7.88,192.0,1698.0,0.11995814132690427,2026-09-18 14:46:10+00:00,0.07726511526639396,7.52,SPY,2026-09-18T11:09:27.324959-04:00,759.8699951171875
SPY261016P00755000,2026-10-16,put,755.0,7.8,7.85,7.79,3788.0,16746.0,0.11860012268066406,2026-09-18 14:53:01+00:00,0.07726511526639396,7.824999999999999,SPY,2026-09-18T11:09:27.324959-04:00,759.8699951171875
SPY261016P00756000,2026-10-16,put,756.0,8.14,8.2,8.1,87.0,2131.0,0.11756253540039063,2026-09-18 14:53:08+00:00,0.07726511526639396,8.17,SPY,2026-09-18T11:09:27.324959-04:00,759.8699951171875
SPY261016P00757000,2026-10-16,put,757.0,8.41,8.46,8.43,284.0,28155.0,0.11527373992919923,2026-09-18 14:53:07+00:00,0.07726511526639396,8.435,SPY,2026-09-18T11:09:27.324959-04:00,759.8699951171875
SPY261016P00758000,2026-10-16,put,758.0,8.77,8.83,8.77,289.0,3203.0,0.1141140835571289,2026-09-18 14:53:07+00:00,0.07726511526639396,8.8,SPY,2026-09-18T11:09:27.324959-04:00,759.8699951171875
SPY261016P00759000,2026-10-16,put,759.0,9.14,9.18,9.39,663.0,2153.0,0.11255770263671874,2026-09-18 14:47:18+00:00,0.07726511526639396,9.16,SPY,2026-09-18T11:09:27.324959-04:00,759.8699951171875
SPY261016P00760000,2026-10-16,put,760.0,9.52,9.58,9.5,1690.0,15889.0,0.11138278762817383,2026-09-18 14:53:01+00:00,0.07726511526639396,9.55,SPY,2026-09-18T11:09:27.324959-04:00,759.8699951171875
SPY261016P00761000,2026-10-16,put,761.0,9.96,10.02,9.94,1075.0,1576.0,0.11048252807617187,2026-09-18 14:53:28+00:00,0.07726511526639396,9.99,SPY,2026-09-18T11:09:27.324959-04:00,759.8699951171875
SPY261016P00762000,2026-10-16,put,762.0,10.31,10.37,10.82,1088.0,2064.0,0.10833106033325196,2026-09-18 14:42:46+00:00,0.07726511526639396,10.34,SPY,2026-09-18T11:09:27.324959-04:00,759.8699951171875
SPY261016P00763000,2026-10-16,put,763.0,10.76,10.81,10.72,1022.0,2423.0,0.10703407623291016,2026-09-18 14:53:02+00:00,0.07726511526639396,10.785,SPY,2026-09-18T11:09:27.324959-04:00,759.8699951171875
SPY261016P00764000,2026-10-16,put,764.0,11.2,11.27,11.78,68.0,1485.0,0.10573709213256835,2026-09-18 14:45:25+00:00,0.07726511526639396,11.235,SPY,2026-09-18T11:09:27.324959-04:00,759.8699951171875
SPY261016P00765000,2026-10-16,put,765.0,11.65,11.72,11.89,336.0,13267.0,0.10410441802978514,2026-09-18 14:50:02+00:00,0.07726511526639396,11.685,SPY,2026-09-18T11:09:27.324959-04:00,759.8699951171875
SPY261016P00766000,2026-10-16,put,766.0,12.1,12.23,12.73,116.0,4467.0,0.10294476165771484,2026-09-18 14:18:38+00:00,0.07726511526639396,12.165,SPY,2026-09-18T11:09:27.324959-04:00,759.8699951171875
SPY261016P00767000,2026-10-16,put,767.0,12.61,12.72,13.21,3.0,5846.0,0.10132734619140624,2026-09-18 14:18:41+00:00,0.07726511526639396,12.665,SPY,2026-09-18T11:09:27.324959-04:00,759.8699951171875
SPY261016P00768000,2026-10-16,put,768.0,13.1,13.27,13.32,19.0,3532.0,0.10016768981933594,2026-09-18 14:01:19+00:00,0.07726511526639396,13.184999999999999,SPY,2026-09-18T11:09:27.324959-04:00,759.8699951171875
SPY261016P00769000,2026-10-16,put,769.0,13.66,13.82,14.2,2.0,3065.0,0.09876389526367188,2026-09-18 14:19:47+00:00,0.07726511526639396,13.74,SPY,2026-09-18T11:09:27.324959-04:00,759.8699951171875
SPY261016P00770000,2026-10-16,put,770.0,14.25,14.38,14.59,266.0,9558.0,0.09720751434326172,2026-09-18 14:40:22+00:00,0.07726511526639396,14.315000000000001,SPY,2026-09-18T11:09:27.324959-04:00,759.8699951171875
SPY261016P00771000,2026-10-16,put,771.0,14.84,15.02,14.9,1.0,1442.0,0.09641406524658203,2026-09-18 13:57:04+00:00,0.07726511526639396,14.93,SPY,2026-09-18T11:09:27.324959-04:00,759.8699951171875
SPY261016P00772000,2026-10-16,put,772.0,15.45,15.61,16.0,3.0,2212.0,0.09467458068847658,2026-09-18 14:02:13+00:00,0.07726511526639396,15.53,SPY,2026-09-18T11:09:27.324959-04:00,759.8699951171875
SPY261016P00773000,2026-10-16,put,773.0,16.07,16.26,15.93,52.0,1141.0,0.09345388977050782,2026-09-17 17:39:21+00:00,0.07726511526639396,16.165,SPY,2026-09-18T11:09:27.324959-04:00,759.8699951171875
SPY261016P00774000,2026-10-16,put,774.0,16.66,16.86,16.63,35.0,1050.0,0.09116509429931641,2026-09-17 17:39:21+00:00,0.07726511526639396,16.759999999999998,SPY,2026-09-18T11:09:27.324959-04:00,759.8699951171875
SPY261016P00775000,2026-10-16,put,775.0,17.42,17.62,17.57,66.0,6894.0,0.09092095611572265,2026-09-18 14:52:23+00:00,0.07726511526639396,17.520000000000003,SPY,2026-09-18T11:09:27.324959-04:00,759.8699951171875
SPY261016P00776000,2026-10-16,put,776.0,18.11,18.33,18.5,1.0,860.0,0.08960871337890625,2026-09-18 14:00:05+00:00,0.07726511526639396,18.22,SPY,2026-09-18T11:09:27.324959-04:00,759.8699951171875
SPY261016P00777000,2026-10-16,put,777.0,18.81,20.87,18.68,6.0,1229.0,0.11663175857543945,2026-09-17 16:19:50+00:00,0.07726511526639396,19.84,SPY,2026-09-18T11:09:27.324959-04:00,759.8699951171875
SPY261016P00778000,2026-10-16,put,778.0,19.51,21.63,18.65,12.0,590.0,0.11658598266601564,2026-09-17 19:57:00+00:00,0.07726511526639396,20.57,SPY,2026-09-18T11:09:27.324959-04:00,759.8699951171875
SPY261016P00779000,2026-10-16,put,779.0,20.37,20.62,21.1,1.0,605.0,0.08631284790039065,2026-09-18 14:07:03+00:00,0.07726511526639396,20.495,SPY,2026-09-18T11:09:27.324959-04:00,759.8699951171875
SPY261016P00780000,2026-10-16,put,780.0,21.19,21.47,21.82,1816.0,2747.0,0.08619077880859377,2026-09-18 14:47:09+00:00,0.07726511526639396,21.33,SPY,2026-09-18T11:09:27.324959-04:00,759.8699951171875
SPY261016P00781000,2026-10-16,put,781.0,21.89,22.21,21.22,4.0,346.0,0.08335267242431643,2026-09-17 19:24:35+00:00,0.07726511526639396,22.05,SPY,2026-09-18T11:09:27.324959-04:00,759.8699951171875
SPY261016P00782000,2026-10-16,put,782.0,22.71,24.87,25.25,1.0,205.0,0.1178677081298828,2026-09-15 13:55:38+00:00,0.07726511526639396,23.79,SPY,2026-09-18T11:09:27.324959-04:00,759.8699951171875
SPY261016P00783000,2026-10-16,put,783.0,23.62,25.73,23.1,83.0,167.0,0.11863063995361328,2026-09-17 18:52:23+00:00,0.07726511526639396,24.675,SPY,2026-09-18T11:09:27.324959-04:00,759.8699951171875
SPY261016P00784000,2026-10-16,put,784.0,23.46,26.33,23.94,2.0,225.0,0.1145718426513672,2026-09-17 13:32:22+00:00,0.07726511526639396,24.895,SPY,2026-09-18T11:09:27.324959-04:00,759.8699951171875
SPY261016P00785000,2026-10-16,put,785.0,24.23,27.5,26.01,1628.0,403.0,0.12067529724121094,2026-09-18 14:30:08+00:00,0.07726511526639396,25.865000000000002,SPY,2026-09-18T11:09:27.324959-04:00,759.8699951171875
SPY261016P00786000,2026-10-16,put,786.0,24.84,28.3,25.28,21.0,122.0,0.11991236541748046,2026-09-17 19:58:03+00:00,0.07726511526639396,26.57,SPY,2026-09-18T11:09:27.324959-04:00,759.8699951171875
SPY261016P00787000,2026-10-16,put,787.0,25.77,29.21,26.46,1.0,72.0,0.1211025390625,2026-09-18 13:45:03+00:00,0.07726511526639396,27.490000000000002,SPY,2026-09-18T11:09:27.324959-04:00,759.8699951171875
SPY261016P00788000,2026-10-16,put,788.0,26.75,30.4,32.75,1.0,3.0,0.12766375274658204,2026-09-16 18:36:49+00:00,0.07726511526639396,28.575,SPY,2026-09-18T11:09:27.324959-04:00,759.8699951171875
SPY261016P00789000,2026-10-16,put,789.0,27.97,31.48,31.52,2.0,17.0,0.13208875732421876,2026-09-14 15:15:15+00:00,0.07726511526639396,29.725,SPY,2026-09-18T11:09:27.324959-04:00,759.8699951171875
SPY261016P00790000,2026-10-16,put,790.0,28.84,32.32,30.98,8.0,118.0,0.131844619140625,2026-09-18 14:03:13+00:00,0.07726511526639396,30.58,SPY,2026-09-18T11:09:27.324959-04:00,759.8699951171875
SPY261016P00791000,2026-10-16,put,791.0,29.81,33.41,35.75,2.0,142.0,0.13648324462890626,2026-09-15 16:07:24+00:00,0.07726511526639396,31.61,SPY,2026-09-18T11:09:27.324959-04:00,759.8699951171875
SPY261016P00792000,2026-10-16,put,792.0,30.61,34.42,31.53,6.0,11.0,0.13953497192382813,2026-09-17 17:45:03+00:00,0.07726511526639396,32.515,SPY,2026-09-18T11:09:27.324959-04:00,759.8699951171875
SPY261016P00793000,2026-10-16,put,793.0,31.6,35.18,31.63,1.0,3.0,0.13739876281738284,2026-09-17 19:54:59+00:00,0.07726511526639396,33.39,SPY,2026-09-18T11:09:27.324959-04:00,759.8699951171875
SPY261016P00794000,2026-10-16,put,794.0,32.79,36.28,32.89,1.0,1.0,0.1422815264892578,2026-09-18 14:30:03+00:00,0.07726511526639396,34.535,SPY,2026-09-18T11:09:27.324959-04:00,759.8699951171875
SPY261016P00795000,2026-10-16,put,795.0,33.58,37.29,35.65,2.0,27.0,0.1452111846923828,2026-09-17 14:20:50+00:00,0.07726511526639396,35.435,SPY,2026-09-18T11:09:27.324959-04:00,759.8699951171875
SPY261016P00796000,2026-10-16,put,796.0,34.52,38.05,40.54,1.0,1.0,0.14273928558349608,2026-09-15 14:42:44+00:00,0.07726511526639396,36.285,SPY,2026-09-18T11:09:27.324959-04:00,759.8699951171875
SPY261016P00797000,2026-10-16,put,797.0,35.55,39.4,35.9,80.0,40.0,0.15302360656738284,2026-08-24 15:14:53+00:00,0.07726511526639396,37.474999999999994,SPY,2026-09-18T11:09:27.324959-04:00,759.8699951171875
SPY261016P00798000,2026-10-16,put,798.0,36.24,40.18,27.23,2.0,28.0,0.15097894927978522,2026-09-03 19:41:46+00:00,0.07726511526639396,38.21,SPY,2026-09-18T11:09:27.324959-04:00,759.8699951171875
SPY261016P00799000,2026-10-16,put,799.0,37.18,41.2,30.8,0.0,100.0,0.1540917111206055,2026-08-19 15:20:40+00:00,0.07726511526639396,39.19,SPY,2026-09-18T11:09:27.324959-04:00,759.8699951171875
SPY261016P00800000,2026-10-16,put,800.0,38.18,42.18,40.42,1.0,491.0,0.15628895477294924,2026-09-17 13:48:10+00:00,0.07726511526639396,40.18,SPY,2026-09-18T11:09:27.324959-04:00,759.8699951171875
SPY261016P00805000,2026-10-16,put,805.0,43.34,47.28,44.09,5.0,18.0,0.17163914306640626,2026-09-14 18:39:25+00:00,0.07726511526639396,45.31,SPY,2026-09-18T11:09:27.324959-04:00,759.8699951171875
SPY261016P00810000,2026-10-16,put,810.0,48.34,52.26,48.9,6.0,88.0,0.18396812133789062,2026-09-17 17:06:14+00:00,0.07726511526639396,50.3,SPY,2026-09-18T11:09:27.324959-04:00,759.8699951171875
SPY261016P00815000,2026-10-16,put,815.0,53.22,57.21,53.62,4.0,8.0,0.19519847778320312,2026-09-14 17:06:38+00:00,0.07726511526639396,55.215,SPY,2026-09-18T11:09:27.324959-04:00,759.8699951171875
SPY261016P00820000,2026-10-16,put,820.0,58.34,62.27,58.51,8.0,9.0,0.2089312506103515,2026-09-14 17:02:28+00:00,0.07726511526639396,60.30500000000001,SPY,2026-09-18T11:09:27.324959-04:00,759.8699951171875
SPY261016P00825000,2026-10-16,put,825.0,63.18,67.2,72.75,2.0,2.0,0.21900195068359374,2026-09-16 19:51:45+00:00,0.07726511526639396,65.19,SPY,2026-09-18T11:09:27.324959-04:00,759.8699951171875
SPY261016P00830000,2026-10-16,put,830.0,68.18,72.18,69.92,1.0,50.0,0.23011023803710937,2026-09-17 17:13:05+00:00,0.07726511526639396,70.18,SPY,2026-09-18T11:09:27.324959-04:00,759.8699951171875
SPY261016P00835000,2026-10-16,put,835.0,73.34,77.26,73.56,4.0,4.0,0.24390404541015626,2026-09-14 16:57:46+00:00,0.07726511526639396,75.30000000000001,SPY,2026-09-18T11:09:27.324959-04:00,759.8699951171875
SPY261016P00840000,2026-10-16,put,840.0,78.34,82.27,80.73,1.0,2.0,0.2555006091308594,2026-09-18 14:16:17+00:00,0.07726511526639396,80.305,SPY,2026-09-18T11:09:27.324959-04:00,759.8699951171875
SPY261016P00845000,2026-10-16,put,845.0,83.18,87.21,83.59,1.0,1.0,0.26483889465332033,2026-09-09 20:00:19+00:00,0.07726511526639396,85.195,SPY,2026-09-18T11:09:27.324959-04:00,759.8699951171875
SPY261016P00850000,2026-10-16,put,850.0,88.22,92.18,89.15,1.0,12.0,0.27484856018066406,2026-09-17 19:12:01+00:00,0.07726511526639396,90.2,SPY,2026-09-18T11:09:27.324959-04:00,759.8699951171875
SPY261016P00855000,2026-10-16,put,855.0,93.24,97.21,94.8,1.0,2.0,0.286567192993164,2026-09-17 16:15:36+00:00,0.07726511526639396,95.225,SPY,2026-09-18T11:09:27.324959-04:00,759.8699951171875
SPY261016P00865000,2026-10-16,put,865.0,103.54,107.21,99.46,1.0,0.0,0.3076851458740234,2026-08-20 14:19:47+00:00,0.07726511526639396,105.375,SPY,2026-09-18T11:09:27.324959-04:00,759.8699951171875
SPY261016P00880000,2026-10-16,put,880.0,118.56,122.34,115.9,0.0,91.0,0.3428410443115234,2026-09-11 16:57:35+00:00,0.07726511526639396,120.45,SPY,2026-09-18T11:09:27.324959-04:00,759.8699951171875
SPY261016P00895000,2026-10-16,put,895.0,133.56,137.22,133.43,4.0,4.0,0.36817038085937503,2026-09-14 17:01:17+00:00,0.07726511526639396,135.39,SPY,2026-09-18T11:09:27.324959-04:00,759.8699951171875
SPY261016P00930000,2026-10-16,put,930.0,168.56,172.22,164.9,0.0,1.0,0.43341631042480466,2026-09-02 19:18:14+00:00,0.07726511526639396,170.39,SPY,2026-09-18T11:09:27.324959-04:00,759.8699951171875
SPY261016P01000000,2026-10-16,put,1000.0,259.32,262.51,250.79,0.0,0.0,0.990509128112793,2026-06-22 14:16:54+00:00,0.07726511526639396,260.91499999999996,SPY,2026-09-18T11:09:27.324959-04:00,759.8699951171875
SPY261030C00470000,2026-10-30,call,470.0,290.07,293.88,288.79,1.0,6.0,0.7673363110351563,2026-09-15 18:13:26+00:00,0.1156212796499556,291.975,SPY,2026-09-18T11:09:27.324959-04:00,759.8699951171875
SPY261030C00475000,2026-10-30,call,475.0,285.09,288.92,294.23,3.0,15.0,0.7545190563964843,2026-09-08 13:49:58+00:00,0.1156212796499556,287.005,SPY,2026-09-18T11:09:27.324959-04:00,759.8699951171875
SPY261030C00480000,2026-10-30,call,480.0,280.14,283.96,285.74,1.0,1.0,0.7428004235839842,2026-09-11 20:07:17+00:00,0.1156212796499556,282.04999999999995,SPY,2026-09-18T11:09:27.324959-04:00,759.8699951171875
SPY261030C00490000,2026-10-30,call,490.0,270.17,274.01,274.4,1.0,71.0,0.7163114306640624,2026-09-09 19:19:36+00:00,0.1156212796499556,272.09000000000003,SPY,2026-09-18T11:09:27.324959-04:00,759.8699951171875
SPY261030C00495000,2026-10-30,call,495.0,265.22,269.07,271.78,0.0,1.0,0.7053252124023439,2026-09-11 17:18:10+00:00,0.1156212796499556,267.145,SPY,2026-09-18T11:09:27.324959-04:00,759.8699951171875
SPY261030C00500000,2026-10-30,call,500.0,260.27,264.09,263.62,2.0,2.0,0.6931183032226562,2026-09-09 16:46:10+00:00,0.1156212796499556,262.17999999999995,SPY,2026-09-18T11:09:27.324959-04:00,759.8699951171875
SPY261030C00520000,2026-10-30,call,520.0,240.42,244.24,231.85,1.0,9.0,0.6451451501464844,2026-09-16 19:21:22+00:00,0.1156212796499556,242.32999999999998,SPY,2026-09-18T11:09:27.324959-04:00,759.8699951171875
SPY261030C00530000,2026-10-30,call,530.0,229.04,232.46,212.98,0.0,2.0,0.516606396484375,2026-06-10 14:52:40+00:00,0.1156212796499556,230.75,SPY,2026-09-18T11:09:27.324959-04:00,759.8699951171875
SPY261030C00540000,2026-10-30,call,540.0,220.58,224.42,223.69,1.0,3.0,0.5985147570800782,2026-09-14 17:07:26+00:00,0.1156212796499556,222.5,SPY,2026-09-18T11:09:27.324959-04:00,759.8699951171875
SPY261030C00545000,2026-10-30,call,545.0,215.8,219.59,218.57,1.0,2.0,0.5936319934082033,2026-09-14 17:13:00+00:00,0.1156212796499556,217.695,SPY,2026-09-18T11:09:27.324959-04:00,759.8699951171875
SPY261030C00550000,2026-10-30,call,550.0,210.66,214.49,214.12,3.0,3.0,0.5748943878173829,2026-09-14 17:51:43+00:00,0.1156212796499556,212.575,SPY,2026-09-18T11:09:27.324959-04:00,759.8699951171875
SPY261030C00555000,2026-10-30,call,555.0,205.68,209.52,207.84,1.0,2.0,0.5625654095458985,2026-09-18 14:11:22+00:00,0.1156212796499556,207.60000000000002,SPY,2026-09-18T11:09:27.324959-04:00,759.8699951171875
SPY261030C00560000,2026-10-30,call,560.0,200.74,204.18,217.1,4.0,4.0,0.5433395275878907,2026-08-10 18:26:07+00:00,0.1156212796499556,202.46,SPY,2026-09-18T11:09:27.324959-04:00,759.8699951171875
SPY261030C00565000,2026-10-30,call,565.0,205.3,208.57,183.92,3.0,6.0,0.7852499502563476,2026-07-31 16:18:57+00:00,0.1156212796499556,206.935,SPY,2026-09-18T11:09:27.324959-04:00,759.8699951171875
SPY261030C00570000,2026-10-30,call,570.0,190.84,194.7,188.4,25.0,1235.0,0.5296067547607424,2026-09-15 14:51:05+00:00,0.1156212796499556,192.76999999999998,SPY,2026-09-18T11:09:27.324959-04:00,759.8699951171875
SPY261030C00575000,2026-10-30,call,575.0,185.78,189.7,186.39,1.0,32.0,0.5152636364746093,2026-09-15 14:00:18+00:00,0.1156212796499556,187.74,SPY,2026-09-18T11:09:27.324959-04:00,759.8699951171875
SPY261030C00580000,2026-10-30,call,580.0,180.84,184.74,184.14,1.0,154.0,0.5040332800292968,2026-09-17 18:17:28+00:00,0.1156212796499556,182.79000000000002,SPY,2026-09-18T11:09:27.324959-04:00,759.8699951171875
SPY261030C00585000,2026-10-30,call,585.0,175.9,179.8,170.5,25.0,9.0,0.5549360913085939,2026-09-16 19:08:21+00:00,0.1156212796499556,177.85000000000002,SPY,2026-09-18T11:09:27.324959-04:00,759.8699951171875
SPY261030C00590000,2026-10-30,call,590.0,171.04,175.0,172.76,1.0,58.0,0.5462691857910158,2026-09-18 14:39:11+00:00,0.1156212796499556,173.01999999999998,SPY,2026-09-18T11:09:27.324959-04:00,759.8699951171875
SPY261030C00595000,2026-10-30,call,595.0,166.01,169.9,169.13,44.0,315.0,0.5293626165771486,2026-09-17 18:44:00+00:00,0.1156212796499556,167.95499999999998,SPY,2026-09-18T11:09:27.324959-04:00,759.8699951171875
SPY261030C00600000,2026-10-30,call,600.0,161.2,165.27,164.17,3.0,26.0,0.5249070947265625,2026-09-17 17:15:01+00:00,0.1156212796499556,163.235,SPY,2026-09-18T11:09:27.324959-04:00,759.8699951171875
SPY261030C00605000,2026-10-30,call,605.0,156.21,160.17,149.83,1.0,10.0,0.5081836291503907,2026-09-16 19:46:46+00:00,0.1156212796499556,158.19,SPY,2026-09-18T11:09:27.324959-04:00,759.8699951171875
SPY261030C00610000,2026-10-30,call,610.0,151.34,155.25,154.97,8.0,29.0,0.4960377545166016,2026-09-17 19:52:32+00:00,0.1156212796499556,153.29500000000002,SPY,2026-09-18T11:09:27.324959-04:00,759.8699951171875
SPY261030C00615000,2026-10-30,call,615.0,146.34,150.1,147.32,1.0,4.0,0.47827670166015623,2026-09-16 13:57:48+00:00,0.1156212796499556,148.22,SPY,2026-09-18T11:09:27.324959-04:00,759.8699951171875
SPY261030C00620000,2026-10-30,call,620.0,141.46,145.25,144.38,1.0,25.0,0.4679008288574219,2026-09-17 17:21:44+00:00,0.1156212796499556,143.35500000000002,SPY,2026-09-18T11:09:27.324959-04:00,759.8699951171875
SPY261030C00625000,2026-10-30,call,625.0,141.99,145.22,138.49,2.0,0.0,0.5242967492675781,2026-07-15 13:53:22+00:00,0.1156212796499556,143.60500000000002,SPY,2026-09-18T11:09:27.324959-04:00,759.8699951171875
SPY261030C00630000,2026-10-30,call,630.0,131.56,135.44,134.59,22.0,33.0,0.4442804595947265,2026-09-17 17:12:46+00:00,0.1156212796499556,133.5,SPY,2026-09-18T11:09:27.324959-04:00,759.8699951171875
SPY261030C00635000,2026-10-30,call,635.0,126.59,130.37,129.69,24.0,156.0,0.428716650390625,2026-09-17 17:14:07+00:00,0.1156212796499556,128.48000000000002,SPY,2026-09-18T11:09:27.324959-04:00,759.8699951171875
SPY261030C00640000,2026-10-30,call,640.0,121.63,125.54,124.82,24.0,110.0,0.4184628466796875,2026-09-17 17:14:58+00:00,0.1156212796499556,123.58500000000001,SPY,2026-09-18T11:09:27.324959-04:00,759.8699951171875
SPY261030C00641000,2026-10-30,call,641.0,121.03,124.62,121.67,4.0,3239.0,0.41736422485351554,2026-09-16 14:05:29+00:00,0.1156212796499556,122.825,SPY,2026-09-18T11:09:27.324959-04:00,759.8699951171875
SPY261030C00642000,2026-10-30,call,642.0,119.75,123.17,120.47,2.0,53.0,0.4048521429443359,2026-09-15 13:53:01+00:00,0.1156212796499556,121.46000000000001,SPY,2026-09-18T11:09:27.324959-04:00,759.8699951171875
SPY261030C00645000,2026-10-30,call,645.0,116.81,120.6,119.67,2.0,21.0,0.40570662658691403,2026-09-17 17:14:25+00:00,0.1156212796499556,118.705,SPY,2026-09-18T11:09:27.324959-04:00,759.8699951171875
SPY261030C00646000,2026-10-30,call,646.0,115.97,119.74,117.68,8.0,7.0,0.40582869567871094,2026-09-16 15:27:28+00:00,0.1156212796499556,117.85499999999999,SPY,2026-09-18T11:09:27.324959-04:00,759.8699951171875
SPY261030C00648000,2026-10-30,call,648.0,113.76,117.69,114.96,0.0,1.0,0.3991759301757813,2026-09-10 15:36:26+00:00,0.1156212796499556,115.725,SPY,2026-09-18T11:09:27.324959-04:00,759.8699951171875
SPY261030C00649000,2026-10-30,call,649.0,122.68,125.95,124.55,1.0,0.0,0.5276841665649415,2026-08-04 14:38:21+00:00,0.1156212796499556,124.315,SPY,2026-09-18T11:09:27.324959-04:00,759.8699951171875
SPY261030C00650000,2026-10-30,call,650.0,112.26,115.66,112.87,17.0,86.0,0.3929504064941406,2026-09-16 17:57:00+00:00,0.1156212796499556,113.96000000000001,SPY,2026-09-18T11:09:27.324959-04:00,759.8699951171875
SPY261030C00651000,2026-10-30,call,651.0,0.0,0.0,120.1,1.0,0.0,1.0000000000000003e-05,2026-05-29 18:01:09+00:00,0.1156212796499556,0.0,SPY,2026-09-18T11:09:27.324959-04:00,759.8699951171875
SPY261030C00652000,2026-10-30,call,652.0,102.54,106.06,91.89,0.0,2.0,1.0000000000000003e-05,2026-05-05 13:37:13+00:00,0.1156212796499556,104.30000000000001,SPY,2026-09-18T11:09:27.324959-04:00,759.8699951171875
SPY261030C00654000,2026-10-30,call,654.0,107.99,111.83,121.7,0.0,4.0,0.3851074673461914,2026-08-06 16:01:13+00:00,0.1156212796499556,109.91,SPY,2026-09-18T11:09:27.324959-04:00,759.8699951171875
SPY261030C00655000,2026-10-30,call,655.0,107.2,111.0,110.53,1.0,67.0,0.385626260986328,2026-09-18 13:30:04+00:00,0.1156212796499556,109.1,SPY,2026-09-18T11:09:27.324959-04:00,759.8699951171875
SPY261030C00656000,2026-10-30,call,656.0,106.04,110.03,108.53,23.0,176.0,0.3833679827880859,2026-09-17 14:25:27+00:00,0.1156212796499556,108.035,SPY,2026-09-18T11:09:27.324959-04:00,759.8699951171875
SPY261030C00658000,2026-10-30,call,658.0,104.14,108.08,106.05,1.0,1.0,0.37863780548095705,2026-09-10 14:24:40+00:00,0.1156212796499556,106.11,SPY,2026-09-18T11:09:27.324959-04:00,759.8699951171875
SPY261030C00659000,2026-10-30,call,659.0,0.0,0.0,109.99,0.0,0.0,1.0000000000000003e-05,2026-05-28 14:12:54+00:00,0.1156212796499556,0.0,SPY,2026-09-18T11:09:27.324959-04:00,759.8699951171875
SPY261030C00660000,2026-10-30,call,660.0,102.04,105.92,103.55,1.0,74.0,0.3699098654174804,2026-09-10 14:41:13+00:00,0.1156212796499556,103.98,SPY,2026-09-18T11:09:27.324959-04:00,759.8699951171875
SPY261030C00661000,2026-10-30,call,661.0,101.05,104.99,105.9,25.0,7.0,0.3684145190429688,2026-09-09 14:18:26+00:00,0.1156212796499556,103.02,SPY,2026-09-18T11:09:27.324959-04:00,759.8699951171875
SPY261030C00662000,2026-10-30,call,662.0,104.82,106.83,99.34,6.0,7.0,0.4154111193847656,2026-05-13 15:28:25+00:00,0.1156212796499556,105.82499999999999,SPY,2026-09-18T11:09:27.324959-04:00,759.8699951171875
SPY261030C00663000,2026-10-30,call,663.0,99.4,102.83,108.05,0.0,1.0,0.3597476135253906,2026-09-08 16:48:52+00:00,0.1156212796499556,101.11500000000001,SPY,2026-09-18T11:09:27.324959-04:00,759.8699951171875
SPY261030C00664000,2026-10-30,call,664.0,98.43,101.95,108.77,1.0,1.0,0.35916778533935545,2026-08-20 16:39:03+00:00,0.1156212796499556,100.19,SPY,2026-09-18T11:09:27.324959-04:00,759.8699951171875
SPY261030C00665000,2026-10-30,call,665.0,97.42,100.98,97.83,4.0,16.0,0.35690950714111325,2026-09-16 14:23:46+00:00,0.1156212796499556,99.2,SPY,2026-09-18T11:09:27.324959-04:00,759.8699951171875
SPY261030C00666000,2026-10-30,call,666.0,99.26,102.74,93.89,1.0,2.0,0.4017393811035156,2026-06-12 16:13:16+00:00,0.1156212796499556,101.0,SPY,2026-09-18T11:09:27.324959-04:00,759.8699951171875
SPY261030C00668000,2026-10-30,call,668.0,94.72,98.06,95.08,2.0,4.0,0.3498600170898437,2026-09-16 14:15:07+00:00,0.1156212796499556,96.39,SPY,2026-09-18T11:09:27.324959-04:00,759.8699951171875
SPY261030C00669000,2026-10-30,call,669.0,93.56,97.09,93.12,1.0,2.0,0.3475712216186523,2026-09-10 14:05:27+00:00,0.1156212796499556,95.325,SPY,2026-09-18T11:09:27.324959-04:00,759.8699951171875
SPY261030C00670000,2026-10-30,call,670.0,92.49,96.07,96.17,9.0,30.0,0.3443669079589844,2026-09-17 19:53:52+00:00,0.1156212796499556,94.28,SPY,2026-09-18T11:09:27.324959-04:00,759.8699951171875
SPY261030C00671000,2026-10-30,call,671.0,91.97,95.13,91.73,2.0,0.0,0.3425969061279296,2026-09-14 14:59:57+00:00,0.1156212796499556,93.55,SPY,2026-09-18T11:09:27.324959-04:00,759.8699951171875
SPY261030C00672000,2026-10-30,call,672.0,90.97,94.18,108.72,1.0,4.0,0.34064380065917965,2026-08-11 15:10:47+00:00,0.1156212796499556,92.575,SPY,2026-09-18T11:09:27.324959-04:00,759.8699951171875
SPY261030C00673000,2026-10-30,call,673.0,89.57,93.07,93.0,1.0,29.0,0.3358525888061523,2026-09-17 13:30:28+00:00,0.1156212796499556,91.32,SPY,2026-09-18T11:09:27.324959-04:00,759.8699951171875
SPY261030C00674000,2026-10-30,call,674.0,88.64,91.91,87.35,15.0,16.0,0.3301458587646484,2026-09-15 17:39:58+00:00,0.1156212796499556,90.275,SPY,2026-09-18T11:09:27.324959-04:00,759.8699951171875
SPY261030C00675000,2026-10-30,call,675.0,88.03,91.24,86.24,1.0,5.0,0.33313655151367194,2026-09-15 17:44:07+00:00,0.1156212796499556,89.63499999999999,SPY,2026-09-18T11:09:27.324959-04:00,759.8699951171875
SPY261030C00677000,2026-10-30,call,677.0,85.67,89.11,92.26,1.0,2.0,0.3251410260009765,2026-09-11 13:38:50+00:00,0.1156212796499556,87.39,SPY,2026-09-18T11:09:27.324959-04:00,759.8699951171875
SPY261030C00678000,2026-10-30,call,678.0,84.78,88.37,94.03,2.0,2.0,0.32675844146728517,2026-08-31 18:14:33+00:00,0.1156212796499556,86.575,SPY,2026-09-18T11:09:27.324959-04:00,759.8699951171875
SPY261030C00679000,2026-10-30,call,679.0,83.73,87.07,92.51,1.0,3.0,0.31873239868164055,2026-08-31 14:17:44+00:00,0.1156212796499556,85.4,SPY,2026-09-18T11:09:27.324959-04:00,759.8699951171875
SPY261030C00680000,2026-10-30,call,680.0,82.96,85.4,86.05,77.0,116.0,0.304145142211914,2026-09-17 18:01:44+00:00,0.1156212796499556,84.18,SPY,2026-09-18T11:09:27.324959-04:00,759.8699951171875
SPY261030C00681000,2026-10-30,call,681.0,82.0,85.48,84.74,2.0,18.0,0.31998360687255856,2026-09-17 15:44:21+00:00,0.1156212796499556,83.74000000000001,SPY,2026-09-18T11:09:27.324959-04:00,759.8699951171875
SPY261030C00682000,2026-10-30,call,682.0,80.92,84.51,79.27,1.0,4.0,0.31757274230957033,2026-09-15 14:57:12+00:00,0.1156212796499556,82.715,SPY,2026-09-18T11:09:27.324959-04:00,759.8699951171875
SPY261030C00683000,2026-10-30,call,683.0,80.01,83.55,89.74,1.0,1.0,0.31534498138427725,2026-08-26 19:49:22+00:00,0.1156212796499556,81.78,SPY,2026-09-18T11:09:27.324959-04:00,759.8699951171875
SPY261030C00684000,2026-10-30,call,684.0,79.02,82.59,80.97,1.0,3.0,0.31308670318603515,2026-09-17 14:18:21+00:00,0.1156212796499556,80.805,SPY,2026-09-18T11:09:27.324959-04:00,759.8699951171875
SPY261030C00685000,2026-10-30,call,685.0,78.09,81.63,81.93,1.0,13.0,0.31082842498779295,2026-09-17 13:30:05+00:00,0.1156212796499556,79.86,SPY,2026-09-18T11:09:27.324959-04:00,759.8699951171875
SPY261030C00686000,2026-10-30,call,686.0,77.12,80.67,78.11,1.0,19.0,0.30857014678955075,2026-09-15 13:49:52+00:00,0.1156212796499556,78.89500000000001,SPY,2026-09-18T11:09:27.324959-04:00,759.8699951171875
SPY261030C00687000,2026-10-30,call,687.0,76.04,79.64,74.77,2.0,11.0,0.3051827294921875,2026-09-15 14:59:03+00:00,0.1156212796499556,77.84,SPY,2026-09-18T11:09:27.324959-04:00,759.8699951171875
SPY261030C00688000,2026-10-30,call,688.0,75.08,78.55,83.3,51.0,3096.0,0.3008187594604492,2026-09-08 19:50:00+00:00,0.1156212796499556,76.815,SPY,2026-09-18T11:09:27.324959-04:00,759.8699951171875
SPY261030C00689000,2026-10-30,call,689.0,74.26,77.8,73.16,8.0,3068.0,0.30188686401367193,2026-09-15 19:56:42+00:00,0.1156212796499556,76.03,SPY,2026-09-18T11:09:27.324959-04:00,759.8699951171875
SPY261030C00690000,2026-10-30,call,690.0,73.23,76.48,66.46,49.0,730.0,0.29386082122802726,2026-09-16 19:20:45+00:00,0.1156212796499556,74.855,SPY,2026-09-18T11:09:27.324959-04:00,759.8699951171875
SPY261030C00691000,2026-10-30,call,691.0,72.32,75.89,83.32,10.0,2.0,0.29740082489013664,2026-08-21 19:49:28+00:00,0.1156212796499556,74.10499999999999,SPY,2026-09-18T11:09:27.324959-04:00,759.8699951171875
SPY261030C00692000,2026-10-30,call,692.0,71.37,74.94,72.61,2.0,141.0,0.2952340985107421,2026-09-17 14:05:14+00:00,0.1156212796499556,73.155,SPY,2026-09-18T11:09:27.324959-04:00,759.8699951171875
SPY261030C00693000,2026-10-30,call,693.0,71.0,73.8,71.26,1.0,2005.0,0.2901071966552734,2026-09-16 14:43:46+00:00,0.1156212796499556,72.4,SPY,2026-09-18T11:09:27.324959-04:00,759.8699951171875
SPY261030C00694000,2026-10-30,call,694.0,69.65,72.8,81.76,1.0,29.0,0.2871470211791991,2026-09-04 13:38:17+00:00,0.1156212796499556,71.225,SPY,2026-09-18T11:09:27.324959-04:00,759.8699951171875
SPY261030C00695000,2026-10-30,call,695.0,68.47,72.09,70.02,1.0,1865.0,0.28861185028076164,2026-09-18 14:39:11+00:00,0.1156212796499556,70.28,SPY,2026-09-18T11:09:27.324959-04:00,759.8699951171875
SPY261030C00696000,2026-10-30,call,696.0,67.89,71.04,69.97,2.0,24.0,0.284888742980957,2026-09-17 15:34:46+00:00,0.1156212796499556,69.465,SPY,2026-09-18T11:09:27.324959-04:00,759.8699951171875
SPY261030C00697000,2026-10-30,call,697.0,67.79,70.11,67.87,2.0,8.0,0.28293563751220696,2026-09-16 13:48:51+00:00,0.1156212796499556,68.95,SPY,2026-09-18T11:09:27.324959-04:00,759.8699951171875
SPY261030C00698000,2026-10-30,call,698.0,65.68,69.25,68.81,3.0,1242.0,0.2820201193237304,2026-09-17 18:25:01+00:00,0.1156212796499556,67.465,SPY,2026-09-18T11:09:27.324959-04:00,759.8699951171875
SPY261030C00699000,2026-10-30,call,699.0,65.98,68.25,80.03,15.0,47.0,0.279029426574707,2026-09-03 19:11:33+00:00,0.1156212796499556,67.11500000000001,SPY,2026-09-18T11:09:27.324959-04:00,759.8699951171875
SPY261030C00700000,2026-10-30,call,700.0,64.74,67.36,65.98,28.0,1542.0,0.2776256320190429,2026-09-18 14:18:27+00:00,0.1156212796499556,66.05,SPY,2026-09-18T11:09:27.324959-04:00,759.8699951171875
SPY261030C00701000,2026-10-30,call,701.0,62.84,66.42,64.2,2.0,1.0,0.27545890563964837,2026-09-14 14:23:40+00:00,0.1156212796499556,64.63,SPY,2026-09-18T11:09:27.324959-04:00,759.8699951171875
SPY261030C00702000,2026-10-30,call,702.0,63.76,64.07,77.19,10.0,2.0,0.25250991638183595,2026-09-03 19:11:33+00:00,0.1156212796499556,63.91499999999999,SPY,2026-09-18T11:09:27.324959-04:00,759.8699951171875
SPY261030C00703000,2026-10-30,call,703.0,70.77,74.04,65.99,3.0,4.0,0.3920043710327148,2026-08-03 15:45:41+00:00,0.1156212796499556,72.405,SPY,2026-09-18T11:09:27.324959-04:00,759.8699951171875
SPY261030C00704000,2026-10-30,call,704.0,61.83,63.61,73.25,1.0,31.0,0.26901976104736325,2026-09-04 13:40:56+00:00,0.1156212796499556,62.72,SPY,2026-09-18T11:09:27.324959-04:00,759.8699951171875
SPY261030C00705000,2026-10-30,call,705.0,60.95,62.71,61.6,2.0,60.0,0.26737182830810546,2026-09-18 13:31:01+00:00,0.1156212796499556,61.83,SPY,2026-09-18T11:09:27.324959-04:00,759.8699951171875
SPY261030C00706000,2026-10-30,call,706.0,60.02,61.74,60.98,1.0,91.0,0.2647015669250488,2026-09-17 18:13:17+00:00,0.1156212796499556,60.88,SPY,2026-09-18T11:09:27.324959-04:00,759.8699951171875
SPY261030C00707000,2026-10-30,call,707.0,59.09,60.81,58.95,6.0,10.0,0.26258061645507813,2026-09-17 14:47:03+00:00,0.1156212796499556,59.95,SPY,2026-09-18T11:09:27.324959-04:00,759.8699951171875
SPY261030C00708000,2026-10-30,call,708.0,58.07,58.4,59.21,2.0,16.0,0.23972317901611323,2026-09-17 18:22:32+00:00,0.1156212796499556,58.235,SPY,2026-09-18T11:09:27.324959-04:00,759.8699951171875
SPY261030C00709000,2026-10-30,call,709.0,57.19,58.96,50.96,7.0,17.0,0.25843026733398444,2026-09-16 19:11:47+00:00,0.1156212796499556,58.075,SPY,2026-09-18T11:09:27.324959-04:00,759.8699951171875
SPY261030C00710000,2026-10-30,call,710.0,56.26,56.53,57.98,91.0,762.0,0.2356033471679687,2026-09-17 19:55:07+00:00,0.1156212796499556,56.394999999999996,SPY,2026-09-18T11:09:27.324959-04:00,759.8699951171875
SPY261030C00711000,2026-10-30,call,711.0,55.27,57.11,55.7,1.0,98.0,0.2541578491210938,2026-09-14 15:10:52+00:00,0.1156212796499556,56.19,SPY,2026-09-18T11:09:27.324959-04:00,759.8699951171875
SPY261030C00712000,2026-10-30,call,712.0,54.39,56.2,54.07,3.0,40.0,0.25220474365234374,2026-09-16 18:14:59+00:00,0.1156212796499556,55.295,SPY,2026-09-18T11:09:27.324959-04:00,759.8699951171875
SPY261030C00713000,2026-10-30,call,713.0,53.46,55.28,51.23,77.0,78.0,0.2500990518188476,2026-09-15 14:42:59+00:00,0.1156212796499556,54.370000000000005,SPY,2026-09-18T11:09:27.324959-04:00,759.8699951171875
SPY261030C00714000,2026-10-30,call,714.0,52.56,54.36,63.07,2.0,27.0,0.24796284271240232,2026-09-04 17:29:04+00:00,0.1156212796499556,53.46,SPY,2026-09-18T11:09:27.324959-04:00,759.8699951171875
SPY261030C00715000,2026-10-30,call,715.0,51.68,51.98,51.2,2.0,994.0,0.22660075164794918,2026-09-18 14:04:06+00:00,0.1156212796499556,51.83,SPY,2026-09-18T11:09:27.324959-04:00,759.8699951171875
SPY261030C00716000,2026-10-30,call,716.0,50.72,52.54,53.09,3.0,14.0,0.24388878677368164,2026-09-14 17:09:51+00:00,0.1156212796499556,51.629999999999995,SPY,2026-09-18T11:09:27.324959-04:00,759.8699951171875
SPY261030C00717000,2026-10-30,call,717.0,49.85,51.64,57.16,19.0,21.0,0.24195093994140626,2026-09-08 15:37:14+00:00,0.1156212796499556,50.745000000000005,SPY,2026-09-18T11:09:27.324959-04:00,759.8699951171875
SPY261030C00718000,2026-10-30,call,718.0,48.94,50.53,48.68,1.0,20.0,0.23731231445312498,2026-09-16 14:05:12+00:00,0.1156212796499556,49.735,SPY,2026-09-18T11:09:27.324959-04:00,759.8699951171875
SPY261030C00719000,2026-10-30,call,719.0,48.03,49.83,43.07,2.0,106.0,0.2378311080932617,2026-09-16 19:56:58+00:00,0.1156212796499556,48.93,SPY,2026-09-18T11:09:27.324959-04:00,759.8699951171875
SPY261030C00720000,2026-10-30,call,720.0,47.15,47.44,46.58,366.0,953.0,0.21707936248779297,2026-09-18 14:36:22+00:00,0.1156212796499556,47.295,SPY,2026-09-18T11:09:27.324959-04:00,759.8699951171875
SPY261030C00721000,2026-10-30,call,721.0,46.26,48.03,47.69,2.0,12.0,0.2337417935180664,2026-09-17 19:27:02+00:00,0.1156212796499556,47.144999999999996,SPY,2026-09-18T11:09:27.324959-04:00,759.8699951171875
SPY261030C00722000,2026-10-30,call,722.0,45.35,45.6,45.28,1.0,50.0,0.21274590972900392,2026-09-16 18:15:18+00:00,0.1156212796499556,45.475,SPY,2026-09-18T11:09:27.324959-04:00,759.8699951171875
SPY261030C00723000,2026-10-30,call,723.0,44.46,46.25,37.14,3.0,37.0,0.22977454803466796,2026-09-16 19:21:12+00:00,0.1156212796499556,45.355000000000004,SPY,2026-09-18T11:09:27.324959-04:00,759.8699951171875
SPY261030C00724000,2026-10-30,call,724.0,43.58,45.48,43.86,8.0,56.0,0.22919471984863282,2026-09-18 14:41:24+00:00,0.1156212796499556,44.53,SPY,2026-09-18T11:09:27.324959-04:00,759.8699951171875
SPY261030C00725000,2026-10-30,call,725.0,42.72,44.49,43.77,6.0,521.0,0.22592937164306642,2026-09-18 13:43:51+00:00,0.1156212796499556,43.605000000000004,SPY,2026-09-18T11:09:27.324959-04:00,759.8699951171875
SPY261030C00726000,2026-10-30,call,726.0,41.83,43.61,42.95,2.0,78.0,0.22396100753784176,2026-09-17 19:54:50+00:00,0.1156212796499556,42.72,SPY,2026-09-18T11:09:27.324959-04:00,759.8699951171875
SPY261030C00727000,2026-10-30,call,727.0,40.94,42.73,42.25,17.0,49.0,0.22196212615966793,2026-09-17 17:51:47+00:00,0.1156212796499556,41.834999999999994,SPY,2026-09-18T11:09:27.324959-04:00,759.8699951171875
SPY261030C00728000,2026-10-30,call,728.0,40.09,40.35,41.66,1.0,280.0,0.20235477828979487,2026-09-17 19:08:36+00:00,0.1156212796499556,40.22,SPY,2026-09-18T11:09:27.324959-04:00,759.8699951171875
SPY261030C00729000,2026-10-30,call,729.0,39.17,40.99,39.35,1.0,94.0,0.21807117385864255,2026-09-16 18:13:04+00:00,0.1156212796499556,40.08,SPY,2026-09-18T11:09:27.324959-04:00,759.8699951171875
SPY261030C00730000,2026-10-30,call,730.0,38.3,38.56,38.06,79.0,887.0,0.1981281359863281,2026-09-18 14:30:26+00:00,0.1156212796499556,38.43,SPY,2026-09-18T11:09:27.324959-04:00,759.8699951171875
SPY261030C00731000,2026-10-30,call,731.0,37.45,39.27,38.99,1.0,90.0,0.2142717733764648,2026-09-17 19:34:32+00:00,0.1156212796499556,38.36,SPY,2026-09-18T11:09:27.324959-04:00,759.8699951171875
SPY261030C00732000,2026-10-30,call,732.0,36.67,36.92,40.56,1.0,66.0,0.19547313323974608,2026-09-09 19:25:20+00:00,0.1156212796499556,36.795,SPY,2026-09-18T11:09:27.324959-04:00,759.8699951171875
SPY261030C00733000,2026-10-30,call,733.0,35.73,35.99,31.56,202.0,179.0,0.19281813049316404,2026-09-16 20:05:26+00:00,0.1156212796499556,35.86,SPY,2026-09-18T11:09:27.324959-04:00,759.8699951171875
SPY261030C00734000,2026-10-30,call,734.0,34.95,35.2,33.22,1.0,43.0,0.19171950866699222,2026-09-15 19:21:14+00:00,0.1156212796499556,35.075,SPY,2026-09-18T11:09:27.324959-04:00,759.8699951171875
SPY261030C00735000,2026-10-30,call,735.0,34.12,34.28,34.65,46.0,224.0,0.18911028182983397,2026-09-18 13:50:17+00:00,0.1156212796499556,34.2,SPY,2026-09-18T11:09:27.324959-04:00,759.8699951171875
SPY261030C00736000,2026-10-30,call,736.0,33.3,33.51,33.83,1.0,64.0,0.18811847045898436,2026-09-17 13:48:48+00:00,0.1156212796499556,33.405,SPY,2026-09-18T11:09:27.324959-04:00,759.8699951171875
SPY261030C00737000,2026-10-30,call,737.0,32.43,32.6,32.33,13.0,106.0,0.18555501953124998,2026-09-17 14:06:54+00:00,0.1156212796499556,32.515,SPY,2026-09-18T11:09:27.324959-04:00,759.8699951171875
SPY261030C00738000,2026-10-30,call,738.0,31.63,33.4,32.52,1.0,142.0,0.20133244964599606,2026-09-17 14:34:44+00:00,0.1156212796499556,32.515,SPY,2026-09-18T11:09:27.324959-04:00,759.8699951171875
SPY261030C00739000,2026-10-30,call,739.0,30.81,30.97,30.61,1.0,208.0,0.1823201885986328,2026-09-18 14:22:46+00:00,0.1156212796499556,30.89,SPY,2026-09-18T11:09:27.324959-04:00,759.8699951171875
SPY261030C00740000,2026-10-30,call,740.0,29.98,30.14,29.81,60.0,1784.0,0.1804891522216797,2026-09-18 14:41:24+00:00,0.1156212796499556,30.060000000000002,SPY,2026-09-18T11:09:27.324959-04:00,759.8699951171875
SPY261030C00741000,2026-10-30,call,741.0,29.18,29.35,30.7,3.0,161.0,0.17899380584716795,2026-09-17 13:30:28+00:00,0.1156212796499556,29.265,SPY,2026-09-18T11:09:27.324959-04:00,759.8699951171875
SPY261030C00742000,2026-10-30,call,742.0,27.39,28.61,29.62,58.0,336.0,0.17798673583984376,2026-09-17 16:50:49+00:00,0.1156212796499556,28.0,SPY,2026-09-18T11:09:27.324959-04:00,759.8699951171875
SPY261030C00743000,2026-10-30,call,743.0,27.59,27.81,27.6,1.0,1066.0,0.17627776855468752,2026-09-17 14:47:07+00:00,0.1156212796499556,27.7,SPY,2026-09-18T11:09:27.324959-04:00,759.8699951171875
SPY261030C00744000,2026-10-30,call,744.0,26.86,27.03,28.35,12.0,278.0,0.17472138763427736,2026-09-17 19:48:22+00:00,0.1156212796499556,26.945,SPY,2026-09-18T11:09:27.324959-04:00,759.8699951171875
SPY261030C00745000,2026-10-30,call,745.0,26.04,26.22,25.89,23.0,1065.0,0.1727987994384766,2026-09-18 14:39:14+00:00,0.1156212796499556,26.13,SPY,2026-09-18T11:09:27.324959-04:00,759.8699951171875
SPY261030C00746000,2026-10-30,call,746.0,25.24,25.47,26.76,1.0,300.0,0.17142552215576173,2026-09-17 19:48:22+00:00,0.1156212796499556,25.354999999999997,SPY,2026-09-18T11:09:27.324959-04:00,759.8699951171875
SPY261030C00747000,2026-10-30,call,747.0,24.49,24.69,24.36,140.0,178.0,0.16967077896118166,2026-09-18 14:23:29+00:00,0.1156212796499556,24.59,SPY,2026-09-18T11:09:27.324959-04:00,759.8699951171875
SPY261030C00748000,2026-10-30,call,748.0,23.74,23.94,25.41,1.0,86.0,0.16816017395019534,2026-09-17 19:55:42+00:00,0.1156212796499556,23.84,SPY,2026-09-18T11:09:27.324959-04:00,759.8699951171875
SPY261030C00749000,2026-10-30,call,749.0,22.97,23.19,22.87,218.0,376.0,0.16658853439331062,2026-09-18 14:24:06+00:00,0.1156212796499556,23.08,SPY,2026-09-18T11:09:27.324959-04:00,759.8699951171875
SPY261030C00750000,2026-10-30,call,750.0,22.21,22.4,21.99,112.0,2602.0,0.16452861846923827,2026-09-18 14:39:06+00:00,0.1156212796499556,22.305,SPY,2026-09-18T11:09:27.324959-04:00,759.8699951171875
SPY261030C00751000,2026-10-30,call,751.0,21.53,21.69,22.99,40.0,246.0,0.1632163757324219,2026-09-17 19:40:01+00:00,0.1156212796499556,21.61,SPY,2026-09-18T11:09:27.324959-04:00,759.8699951171875
SPY261030C00752000,2026-10-30,call,752.0,20.78,20.9,20.57,265.0,344.0,0.16101913208007812,2026-09-18 14:30:00+00:00,0.1156212796499556,20.84,SPY,2026-09-18T11:09:27.324959-04:00,759.8699951171875
SPY261030C00753000,2026-10-30,call,753.0,20.13,20.26,21.4,14.0,39.0,0.16022568298339845,2026-09-17 19:15:04+00:00,0.1156212796499556,20.195,SPY,2026-09-18T11:09:27.324959-04:00,759.8699951171875
SPY261030C00754000,2026-10-30,call,754.0,19.36,19.56,19.93,20.0,194.0,0.15876085388183597,2026-09-18 13:46:57+00:00,0.1156212796499556,19.46,SPY,2026-09-18T11:09:27.324959-04:00,759.8699951171875
SPY261030C00755000,2026-10-30,call,755.0,18.67,18.78,18.36,75.0,756.0,0.15644154113769532,2026-09-18 14:47:10+00:00,0.1156212796499556,18.725,SPY,2026-09-18T11:09:27.324959-04:00,759.8699951171875
SPY261030C00756000,2026-10-30,call,756.0,17.98,18.1,19.03,51.0,39.0,0.15500722930908206,2026-09-17 18:54:36+00:00,0.1156212796499556,18.04,SPY,2026-09-18T11:09:27.324959-04:00,759.8699951171875
SPY261030C00757000,2026-10-30,call,757.0,17.31,17.5,17.27,4.0,319.0,0.1542748147583008,2026-09-18 14:22:48+00:00,0.1156212796499556,17.405,SPY,2026-09-18T11:09:27.324959-04:00,759.8699951171875
SPY261030C00758000,2026-10-30,call,758.0,16.67,16.83,16.33,5.0,154.0,0.15274895111083986,2026-09-18 14:48:06+00:00,0.1156212796499556,16.75,SPY,2026-09-18T11:09:27.324959-04:00,759.8699951171875
SPY261030C00759000,2026-10-30,call,759.0,15.96,16.15,16.08,216.0,228.0,0.15105524246215823,2026-09-18 14:53:16+00:00,0.1156212796499556,16.055,SPY,2026-09-18T11:09:27.324959-04:00,759.8699951171875
SPY261030C00760000,2026-10-30,call,760.0,15.4,15.49,15.45,185.0,3460.0,0.14945308563232423,2026-09-18 14:53:58+00:00,0.1156212796499556,15.445,SPY,2026-09-18T11:09:27.324959-04:00,759.8699951171875
SPY261030C00761000,2026-10-30,call,761.0,14.72,14.79,14.72,111.0,383.0,0.14737791107177733,2026-09-18 14:51:46+00:00,0.1156212796499556,14.754999999999999,SPY,2026-09-18T11:09:27.324959-04:00,759.8699951171875
SPY261030C00762000,2026-10-30,call,762.0,14.17,14.23,13.9,10.0,284.0,0.14653868606567383,2026-09-18 14:39:11+00:00,0.1156212796499556,14.2,SPY,2026-09-18T11:09:27.324959-04:00,759.8699951171875
SPY261030C00763000,2026-10-30,call,763.0,13.56,13.61,13.3,3.0,165.0,0.1450280810546875,2026-09-18 14:15:54+00:00,0.1156212796499556,13.585,SPY,2026-09-18T11:09:27.324959-04:00,759.8699951171875
SPY261030C00764000,2026-10-30,call,764.0,12.92,12.98,12.76,5.0,277.0,0.14331911376953127,2026-09-18 14:20:41+00:00,0.1156212796499556,12.95,SPY,2026-09-18T11:09:27.324959-04:00,759.8699951171875
SPY261030C00765000,2026-10-30,call,765.0,12.35,12.42,12.01,83.0,1535.0,0.14215945739746094,2026-09-18 14:45:09+00:00,0.1156212796499556,12.385,SPY,2026-09-18T11:09:27.324959-04:00,759.8699951171875
SPY261030C00766000,2026-10-30,call,766.0,11.79,11.85,11.55,5.0,619.0,0.1408014387512207,2026-09-18 14:47:09+00:00,0.1156212796499556,11.82,SPY,2026-09-18T11:09:27.324959-04:00,759.8699951171875
SPY261030C00767000,2026-10-30,call,767.0,11.23,11.28,11.32,11.0,1027.0,0.13933660964965822,2026-09-18 14:53:44+00:00,0.1156212796499556,11.254999999999999,SPY,2026-09-18T11:09:27.324959-04:00,759.8699951171875
SPY261030C00768000,2026-10-30,call,768.0,10.71,10.77,10.68,3.0,662.0,0.13834479827880858,2026-09-18 14:13:18+00:00,0.1156212796499556,10.74,SPY,2026-09-18T11:09:27.324959-04:00,759.8699951171875
SPY261030C00769000,2026-10-30,call,769.0,10.18,10.22,10.42,2.0,308.0,0.1368189346313477,2026-09-18 13:56:12+00:00,0.1156212796499556,10.2,SPY,2026-09-18T11:09:27.324959-04:00,759.8699951171875
SPY261030C00770000,2026-10-30,call,770.0,9.67,9.71,9.66,193.0,4005.0,0.13559824371337892,2026-09-18 14:52:04+00:00,0.1156212796499556,9.690000000000001,SPY,2026-09-18T11:09:27.324959-04:00,759.8699951171875
SPY261030C00771000,2026-10-30,call,771.0,9.19,9.24,9.17,2.0,424.0,0.13462169097900395,2026-09-18 14:51:46+00:00,0.1156212796499556,9.215,SPY,2026-09-18T11:09:27.324959-04:00,759.8699951171875
SPY261030C00772000,2026-10-30,call,772.0,8.71,8.77,8.53,16.0,359.0,0.13353832778930663,2026-09-18 14:42:24+00:00,0.1156212796499556,8.74,SPY,2026-09-18T11:09:27.324959-04:00,759.8699951171875
SPY261030C00773000,2026-10-30,call,773.0,8.25,8.31,8.07,16.0,394.0,0.1324244473266602,2026-09-18 14:36:06+00:00,0.1156212796499556,8.280000000000001,SPY,2026-09-18T11:09:27.324959-04:00,759.8699951171875
SPY261030C00774000,2026-10-30,call,774.0,7.81,7.87,7.62,11.0,575.0,0.13138686004638672,2026-09-18 14:37:04+00:00,0.1156212796499556,7.84,SPY,2026-09-18T11:09:27.324959-04:00,759.8699951171875
SPY261030C00775000,2026-10-30,call,775.0,7.4,7.46,7.45,197.0,5439.0,0.13053237640380855,2026-09-18 14:52:51+00:00,0.1156212796499556,7.43,SPY,2026-09-18T11:09:27.324959-04:00,759.8699951171875
SPY261030C00776000,2026-10-30,call,776.0,7.0,7.05,6.87,9.0,1316.0,0.12954056503295897,2026-09-18 14:39:11+00:00,0.1156212796499556,7.025,SPY,2026-09-18T11:09:27.324959-04:00,759.8699951171875
SPY261030C00777000,2026-10-30,call,777.0,6.57,6.62,6.48,1.0,784.0,0.12818254638671872,2026-09-18 14:06:57+00:00,0.1156212796499556,6.595000000000001,SPY,2026-09-18T11:09:27.324959-04:00,759.8699951171875
SPY261030C00778000,2026-10-30,call,778.0,6.21,6.26,6.04,31.0,828.0,0.12746539047241212,2026-09-18 14:47:09+00:00,0.1156212796499556,6.234999999999999,SPY,2026-09-18T11:09:27.324959-04:00,759.8699951171875
SPY261030C00779000,2026-10-30,call,779.0,5.85,5.9,5.63,3.0,412.0,0.12659564819335936,2026-09-18 14:45:02+00:00,0.1156212796499556,5.875,SPY,2026-09-18T11:09:27.324959-04:00,759.8699951171875
SPY261030C00780000,2026-10-30,call,780.0,5.5,5.54,5.45,99.0,7545.0,0.1255885781860352,2026-09-18 14:51:49+00:00,0.1156212796499556,5.52,SPY,2026-09-18T11:09:27.324959-04:00,759.8699951171875
SPY261030C00781000,2026-10-30,call,781.0,5.14,5.19,5.02,43.0,751.0,0.12455099090576172,2026-09-18 14:47:10+00:00,0.1156212796499556,5.165,SPY,2026-09-18T11:09:27.324959-04:00,759.8699951171875
SPY261030C00782000,2026-10-30,call,782.0,4.85,4.89,4.72,176.0,862.0,0.12394064544677735,2026-09-18 14:47:09+00:00,0.1156212796499556,4.869999999999999,SPY,2026-09-18T11:09:27.324959-04:00,759.8699951171875
SPY261030C00783000,2026-10-30,call,783.0,4.55,4.59,4.42,26.0,21269.0,0.1231929722595215,2026-09-18 14:47:09+00:00,0.1156212796499556,4.57,SPY,2026-09-18T11:09:27.324959-04:00,759.8699951171875
SPY261030C00784000,2026-10-30,call,784.0,4.27,4.29,4.1,22.0,243.0,0.12229271270751954,2026-09-18 14:43:10+00:00,0.1156212796499556,4.279999999999999,SPY,2026-09-18T11:09:27.324959-04:00,759.8699951171875
SPY261030C00785000,2026-10-30,call,785.0,3.99,4.02,3.91,153.0,11001.0,0.12162133270263673,2026-09-18 14:51:08+00:00,0.1156212796499556,4.005,SPY,2026-09-18T11:09:27.324959-04:00,759.8699951171875
SPY261030C00786000,2026-10-30,call,786.0,3.72,3.75,3.62,36.0,274.0,0.12079736633300782,2026-09-18 14:47:09+00:00,0.1156212796499556,3.7350000000000003,SPY,2026-09-18T11:09:27.324959-04:00,759.8699951171875
SPY261030C00787000,2026-10-30,call,787.0,3.47,3.49,3.41,57.0,193.0,0.11995814132690427,2026-09-18 14:49:28+00:00,0.1156212796499556,3.4800000000000004,SPY,2026-09-18T11:09:27.324959-04:00,759.8699951171875
SPY261030C00788000,2026-10-30,call,788.0,3.26,3.28,3.18,17.0,316.0,0.11963770996093749,2026-09-18 14:41:58+00:00,0.1156212796499556,3.2699999999999996,SPY,2026-09-18T11:09:27.324959-04:00,759.8699951171875
SPY261030C00789000,2026-10-30,call,789.0,3.04,3.07,2.95,302.0,437.0,0.11917995086669922,2026-09-18 14:47:10+00:00,0.1156212796499556,3.0549999999999997,SPY,2026-09-18T11:09:27.324959-04:00,759.8699951171875
SPY261030C00790000,2026-10-30,call,790.0,2.84,2.87,2.84,287.0,6797.0,0.11875270904541015,2026-09-18 14:53:57+00:00,0.1156212796499556,2.855,SPY,2026-09-18T11:09:27.324959-04:00,759.8699951171875
SPY261030C00791000,2026-10-30,call,791.0,2.63,2.66,2.65,38.0,338.0,0.11798977722167968,2026-09-18 14:52:53+00:00,0.1156212796499556,2.645,SPY,2026-09-18T11:09:27.324959-04:00,759.8699951171875
SPY261030C00792000,2026-10-30,call,792.0,2.45,2.48,2.43,28.0,311.0,0.11756253540039063,2026-09-18 14:51:35+00:00,0.1156212796499556,2.465,SPY,2026-09-18T11:09:27.324959-04:00,759.8699951171875
SPY261030C00793000,2026-10-30,call,793.0,2.28,2.31,2.22,21.0,465.0,0.11713529357910156,2026-09-18 14:47:10+00:00,0.1156212796499556,2.295,SPY,2026-09-18T11:09:27.324959-04:00,759.8699951171875
SPY261030C00794000,2026-10-30,call,794.0,2.12,2.15,2.14,21.0,303.0,0.1167080517578125,2026-09-18 14:52:53+00:00,0.1156212796499556,2.135,SPY,2026-09-18T11:09:27.324959-04:00,759.8699951171875
SPY261030C00795000,2026-10-30,call,795.0,1.97,2.0,1.98,162.0,1216.0,0.11634184448242188,2026-09-18 14:54:09+00:00,0.1156212796499556,1.9849999999999999,SPY,2026-09-18T11:09:27.324959-04:00,759.8699951171875
SPY261030C00796000,2026-10-30,call,796.0,1.84,1.86,1.96,4.0,214.0,0.11600615447998047,2026-09-18 13:53:42+00:00,0.1156212796499556,1.85,SPY,2026-09-18T11:09:27.324959-04:00,759.8699951171875
SPY261030C00797000,2026-10-30,call,797.0,1.7,1.73,1.71,2.0,1452.0,0.11570098175048829,2026-09-18 14:30:08+00:00,0.1156212796499556,1.7149999999999999,SPY,2026-09-18T11:09:27.324959-04:00,759.8699951171875
SPY261030C00798000,2026-10-30,call,798.0,1.58,1.6,1.88,49.0,284.0,0.11524322265625,2026-09-17 20:10:01+00:00,0.1156212796499556,1.59,SPY,2026-09-18T11:09:27.324959-04:00,759.8699951171875
SPY261030C00799000,2026-10-30,call,799.0,1.48,1.49,1.52,1.0,602.0,0.1150906362915039,2026-09-18 14:00:31+00:00,0.1156212796499556,1.4849999999999999,SPY,2026-09-18T11:09:27.324959-04:00,759.8699951171875
SPY261030C00800000,2026-10-30,call,800.0,1.36,1.38,1.37,906.0,15049.0,0.1147549462890625,2026-09-18 14:54:09+00:00,0.1156212796499556,1.37,SPY,2026-09-18T11:09:27.324959-04:00,759.8699951171875
SPY261030C00801000,2026-10-30,call,801.0,1.26,1.29,1.24,6.0,877.0,0.1147549462890625,2026-09-18 14:35:28+00:00,0.1156212796499556,1.275,SPY,2026-09-18T11:09:27.324959-04:00,759.8699951171875
SPY261030C00802000,2026-10-30,call,802.0,1.18,1.2,1.3,3.0,680.0,0.11463287719726564,2026-09-18 13:48:34+00:00,0.1156212796499556,1.19,SPY,2026-09-18T11:09:27.324959-04:00,759.8699951171875
SPY261030C00803000,2026-10-30,call,803.0,1.08,1.11,1.07,283.0,2032.0,0.11438873901367189,2026-09-18 14:35:03+00:00,0.1156212796499556,1.0950000000000002,SPY,2026-09-18T11:09:27.324959-04:00,759.8699951171875
SPY261030C00804000,2026-10-30,call,804.0,1.01,1.03,0.99,259.0,810.0,0.11426666992187501,2026-09-18 14:37:06+00:00,0.1156212796499556,1.02,SPY,2026-09-18T11:09:27.324959-04:00,759.8699951171875
SPY261030C00805000,2026-10-30,call,805.0,0.93,0.95,0.92,10.0,1424.0,0.11396149719238281,2026-09-18 14:46:25+00:00,0.1156212796499556,0.94,SPY,2026-09-18T11:09:27.324959-04:00,759.8699951171875
SPY261030C00806000,2026-10-30,call,806.0,0.87,0.88,0.87,2.0,890.0,0.11383942810058593,2026-09-18 14:16:28+00:00,0.1156212796499556,0.875,SPY,2026-09-18T11:09:27.324959-04:00,759.8699951171875
SPY261030C00807000,2026-10-30,call,807.0,0.81,0.82,0.81,3.0,744.0,0.11390046264648437,2026-09-18 14:08:47+00:00,0.1156212796499556,0.815,SPY,2026-09-18T11:09:27.324959-04:00,759.8699951171875
SPY261030C00808000,2026-10-30,call,808.0,0.75,0.76,0.74,2.0,1019.0,0.11383942810058593,2026-09-18 14:50:49+00:00,0.1156212796499556,0.755,SPY,2026-09-18T11:09:27.324959-04:00,759.8699951171875
SPY261030C00809000,2026-10-30,call,809.0,0.69,0.7,0.7,2.0,581.0,0.11359528991699218,2026-09-18 14:08:47+00:00,0.1156212796499556,0.695,SPY,2026-09-18T11:09:27.324959-04:00,759.8699951171875
SPY261030C00810000,2026-10-30,call,810.0,0.64,0.66,0.63,27.0,2938.0,0.11396149719238281,2026-09-18 14:34:26+00:00,0.1156212796499556,0.65,SPY,2026-09-18T11:09:27.324959-04:00,759.8699951171875
SPY261030C00811000,2026-10-30,call,811.0,0.6,0.62,0.62,1.0,658.0,0.11426666992187501,2026-09-18 14:29:04+00:00,0.1156212796499556,0.61,SPY,2026-09-18T11:09:27.324959-04:00,759.8699951171875
SPY261030C00812000,2026-10-30,call,812.0,0.57,0.58,0.7,22.0,159.0,0.11444977355957033,2026-09-17 19:44:41+00:00,0.1156212796499556,0.575,SPY,2026-09-18T11:09:27.324959-04:00,759.8699951171875
SPY261030C00813000,2026-10-30,call,813.0,0.52,0.53,0.53,10.0,176.0,0.11414460083007813,2026-09-17 19:54:00+00:00,0.1156212796499556,0.525,SPY,2026-09-18T11:09:27.324959-04:00,759.8699951171875
SPY261030C00814000,2026-10-30,call,814.0,0.49,0.5,0.52,7.0,1397.0,0.11451080810546876,2026-09-18 14:11:46+00:00,0.1156212796499556,0.495,SPY,2026-09-18T11:09:27.324959-04:00,759.8699951171875
SPY261030C00815000,2026-10-30,call,815.0,0.46,0.47,0.47,38.0,2389.0,0.11487701538085937,2026-09-18 14:50:49+00:00,0.1156212796499556,0.46499999999999997,SPY,2026-09-18T11:09:27.324959-04:00,759.8699951171875
SPY261030C00816000,2026-10-30,call,816.0,0.43,0.44,0.42,2.0,986.0,0.11512115356445313,2026-09-18 14:49:56+00:00,0.1156212796499556,0.435,SPY,2026-09-18T11:09:27.324959-04:00,759.8699951171875
SPY261030C00817000,2026-10-30,call,817.0,0.41,0.42,0.4,2.0,1270.0,0.1157314990234375,2026-09-18 14:35:43+00:00,0.1156212796499556,0.415,SPY,2026-09-18T11:09:27.324959-04:00,759.8699951171875
SPY261030C00818000,2026-10-30,call,818.0,0.37,0.39,0.43,2.0,631.0,0.11585356811523437,2026-09-18 13:38:17+00:00,0.1156212796499556,0.38,SPY,2026-09-18T11:09:27.324959-04:00,759.8699951171875
SPY261030C00819000,2026-10-30,call,819.0,0.36,0.37,0.4,1.0,166.0,0.11634184448242188,2026-09-18 13:44:34+00:00,0.1156212796499556,0.365,SPY,2026-09-18T11:09:27.324959-04:00,759.8699951171875
SPY261030C00820000,2026-10-30,call,820.0,0.33,0.34,0.34,19.0,1376.0,0.116219775390625,2026-09-18 14:32:00+00:00,0.1156212796499556,0.335,SPY,2026-09-18T11:09:27.324959-04:00,759.8699951171875
SPY261030C00821000,2026-10-30,call,821.0,0.32,0.33,0.33,27.0,1999.0,0.117196328125,2026-09-18 14:29:27+00:00,0.1156212796499556,0.325,SPY,2026-09-18T11:09:27.324959-04:00,759.8699951171875
SPY261030C00822000,2026-10-30,call,822.0,0.29,0.3,0.34,1.0,811.0,0.11683012084960936,2026-09-17 15:01:57+00:00,0.1156212796499556,0.295,SPY,2026-09-18T11:09:27.324959-04:00,759.8699951171875
SPY261030C00823000,2026-10-30,call,823.0,0.28,0.3,0.31,1.0,53.0,0.11841701904296875,2026-09-17 13:36:45+00:00,0.1156212796499556,0.29000000000000004,SPY,2026-09-18T11:09:27.324959-04:00,759.8699951171875
SPY261030C00824000,2026-10-30,call,824.0,0.27,0.28,0.32,3.0,455.0,0.11853908813476563,2026-09-17 18:27:33+00:00,0.1156212796499556,0.275,SPY,2026-09-18T11:09:27.324959-04:00,759.8699951171875
SPY261030C00825000,2026-10-30,call,825.0,0.24,0.25,0.3,1.0,878.0,0.11792874267578124,2026-09-18 13:30:02+00:00,0.1156212796499556,0.245,SPY,2026-09-18T11:09:27.324959-04:00,759.8699951171875
SPY261030C00826000,2026-10-30,call,826.0,0.23,0.24,0.28,6.0,37.0,0.1186611572265625,2026-09-17 16:40:32+00:00,0.1156212796499556,0.235,SPY,2026-09-18T11:09:27.324959-04:00,759.8699951171875
SPY261030C00827000,2026-10-30,call,827.0,0.22,0.23,0.23,1.0,1121.0,0.11939357177734375,2026-09-16 18:42:00+00:00,0.1156212796499556,0.225,SPY,2026-09-18T11:09:27.324959-04:00,759.8699951171875
SPY261030C00828000,2026-10-30,call,828.0,0.21,0.22,0.23,1.0,33.0,0.11988184814453123,2026-09-17 13:44:03+00:00,0.1156212796499556,0.215,SPY,2026-09-18T11:09:27.324959-04:00,759.8699951171875
SPY261030C00829000,2026-10-30,call,829.0,0.2,0.21,0.14,3.0,67.0,0.1206142626953125,2026-09-16 19:18:45+00:00,0.1156212796499556,0.20500000000000002,SPY,2026-09-18T11:09:27.324959-04:00,759.8699951171875
SPY261030C00830000,2026-10-30,call,830.0,0.19,0.2,0.21,4.0,10019.0,0.1211025390625,2026-09-18 13:54:04+00:00,0.1156212796499556,0.195,SPY,2026-09-18T11:09:27.324959-04:00,759.8699951171875
SPY261030C00831000,2026-10-30,call,831.0,0.18,0.19,0.19,1.0,33.0,0.1215908154296875,2026-09-18 13:57:59+00:00,0.1156212796499556,0.185,SPY,2026-09-18T11:09:27.324959-04:00,759.8699951171875
SPY261030C00832000,2026-10-30,call,832.0,0.17,0.18,0.3,8.0,396.0,0.12207909179687501,2026-09-11 18:47:55+00:00,0.1156212796499556,0.175,SPY,2026-09-18T11:09:27.324959-04:00,759.8699951171875
SPY261030C00833000,2026-10-30,call,833.0,0.16,0.17,0.16,150.0,302.0,0.12244529907226565,2026-09-15 14:41:43+00:00,0.1156212796499556,0.165,SPY,2026-09-18T11:09:27.324959-04:00,759.8699951171875
SPY261030C00834000,2026-10-30,call,834.0,0.16,0.17,0.19,1.0,125.0,0.12378805908203125,2026-09-16 19:01:59+00:00,0.1156212796499556,0.165,SPY,2026-09-18T11:09:27.324959-04:00,759.8699951171875
SPY261030C00835000,2026-10-30,call,835.0,0.15,0.16,0.17,6.0,393.0,0.124032197265625,2026-09-18 13:54:04+00:00,0.1156212796499556,0.155,SPY,2026-09-18T11:09:27.324959-04:00,759.8699951171875
SPY261030C00840000,2026-10-30,call,840.0,0.12,0.13,0.14,115.0,734.0,0.12720599365234375,2026-09-18 13:32:11+00:00,0.1156212796499556,0.125,SPY,2026-09-18T11:09:27.324959-04:00,759.8699951171875
SPY261030C00845000,2026-10-30,call,845.0,0.1,0.11,0.13,8.0,567.0,0.13086806640624998,2026-09-17 19:26:51+00:00,0.1156212796499556,0.10500000000000001,SPY,2026-09-18T11:09:27.324959-04:00,759.8699951171875
SPY261030C00850000,2026-10-30,call,850.0,0.09,0.1,0.09,16.0,2203.0,0.13575083007812502,2026-09-18 14:18:29+00:00,0.1156212796499556,0.095,SPY,2026-09-18T11:09:27.324959-04:00,759.8699951171875
SPY261030C00855000,2026-10-30,call,855.0,0.07,0.08,0.1,5.0,954.0,0.1381922119140625,2026-09-17 19:36:13+00:00,0.1156212796499556,0.07500000000000001,SPY,2026-09-18T11:09:27.324959-04:00,759.8699951171875
SPY261030C00860000,2026-10-30,call,860.0,0.06,0.07,0.07,21.0,1597.0,0.1420984228515625,2026-09-17 16:42:29+00:00,0.1156212796499556,0.065,SPY,2026-09-18T11:09:27.324959-04:00,759.8699951171875
SPY261030C00865000,2026-10-30,call,865.0,0.05,0.06,0.05,20.0,887.0,0.145516357421875,2026-09-18 14:19:01+00:00,0.1156212796499556,0.055,SPY,2026-09-18T11:09:27.324959-04:00,759.8699951171875
SPY261030C00870000,2026-10-30,call,870.0,0.04,0.05,0.05,4.0,589.0,0.148446015625,2026-09-18 13:58:51+00:00,0.1156212796499556,0.045,SPY,2026-09-18T11:09:27.324959-04:00,759.8699951171875
SPY261030C00875000,2026-10-30,call,875.0,0.03,0.05,0.04,20.0,379.0,0.1538170556640625,2026-09-18 13:59:40+00:00,0.1156212796499556,0.04,SPY,2026-09-18T11:09:27.324959-04:00,759.8699951171875
SPY261030C00880000,2026-10-30,call,880.0,0.03,0.04,0.04,50.0,552.0,0.1557701611328125,2026-09-17 20:02:27+00:00,0.1156212796499556,0.035,SPY,2026-09-18T11:09:27.324959-04:00,759.8699951171875
SPY261030C00885000,2026-10-30,call,885.0,0.02,0.03,0.04,1.0,293.0,0.1562584375,2026-09-15 15:28:37+00:00,0.1156212796499556,0.025,SPY,2026-09-18T11:09:27.324959-04:00,759.8699951171875
SPY261030C00890000,2026-10-30,call,890.0,0.02,0.03,0.03,1.0,319.0,0.16211775390625,2026-09-17 18:12:41+00:00,0.1156212796499556,0.025,SPY,2026-09-18T11:09:27.324959-04:00,759.8699951171875
SPY261030C00895000,2026-10-30,call,895.0,0.02,0.03,0.03,2.0,159.0,0.16700051757812504,2026-09-16 15:06:40+00:00,0.1156212796499556,0.025,SPY,2026-09-18T11:09:27.324959-04:00,759.8699951171875
SPY261030C00900000,2026-10-30,call,900.0,0.01,0.02,0.01,137.0,1594.0,0.16602396484375004,2026-09-16 18:34:53+00:00,0.1156212796499556,0.015,SPY,2026-09-18T11:09:27.324959-04:00,759.8699951171875
SPY261030P00470000,2026-10-30,put,470.0,0.11,0.12,0.12,178.0,76097.0,0.5195360546875,2026-09-17 20:01:08+00:00,0.1156212796499556,0.11499999999999999,SPY,2026-09-18T11:09:27.324959-04:00,759.8699951171875
SPY261030P00475000,2026-10-30,put,475.0,0.12,0.13,0.21,19.0,128.0,0.5136767382812499,2026-09-16 19:30:20+00:00,0.1156212796499556,0.125,SPY,2026-09-18T11:09:27.324959-04:00,759.8699951171875
SPY261030P00480000,2026-10-30,put,480.0,0.12,0.13,0.21,1.0,421.0,0.5029346582031251,2026-09-09 13:45:27+00:00,0.1156212796499556,0.125,SPY,2026-09-18T11:09:27.324959-04:00,759.8699951171875
SPY261030P00485000,2026-10-30,put,485.0,0.13,0.14,0.3,6.0,45.0,0.49805189453125004,2026-09-01 19:12:37+00:00,0.1156212796499556,0.135,SPY,2026-09-18T11:09:27.324959-04:00,759.8699951171875
SPY261030P00490000,2026-10-30,put,490.0,0.14,0.15,0.22,4.0,236.0,0.49121602539062503,2026-09-14 16:23:55+00:00,0.1156212796499556,0.14500000000000002,SPY,2026-09-18T11:09:27.324959-04:00,759.8699951171875
SPY261030P00495000,2026-10-30,put,495.0,0.15,0.16,0.25,6.0,216.0,0.48438015625,2026-09-15 16:23:44+00:00,0.1156212796499556,0.155,SPY,2026-09-18T11:09:27.324959-04:00,759.8699951171875
SPY261030P00500000,2026-10-30,put,500.0,0.16,0.17,0.17,30.0,1190.0,0.477544287109375,2026-09-18 13:37:13+00:00,0.1156212796499556,0.165,SPY,2026-09-18T11:09:27.324959-04:00,759.8699951171875
SPY261030P00505000,2026-10-30,put,505.0,0.17,0.18,0.19,1.0,191.0,0.46973186523437505,2026-09-17 14:17:10+00:00,0.1156212796499556,0.175,SPY,2026-09-18T11:09:27.324959-04:00,759.8699951171875
SPY261030P00510000,2026-10-30,put,510.0,0.18,0.19,0.19,1.0,750.0,0.4624077197265626,2026-09-18 13:52:23+00:00,0.1156212796499556,0.185,SPY,2026-09-18T11:09:27.324959-04:00,759.8699951171875
SPY261030P00515000,2026-10-30,put,515.0,0.2,0.21,0.2,3.0,339.0,0.45752495605468757,2026-09-18 13:37:57+00:00,0.1156212796499556,0.20500000000000002,SPY,2026-09-18T11:09:27.324959-04:00,759.8699951171875
SPY261030P00520000,2026-10-30,put,520.0,0.2,0.21,0.2,1.0,477.0,0.4467828759765625,2026-09-18 13:34:30+00:00,0.1156212796499556,0.20500000000000002,SPY,2026-09-18T11:09:27.324959-04:00,759.8699951171875
SPY261030P00525000,2026-10-30,put,525.0,0.22,0.23,0.21,1.0,448.0,0.4414118359375,2026-09-18 13:33:01+00:00,0.1156212796499556,0.225,SPY,2026-09-18T11:09:27.324959-04:00,759.8699951171875
SPY261030P00530000,2026-10-30,put,530.0,0.24,0.25,0.26,1.0,615.0,0.43555251953125,2026-09-17 18:27:17+00:00,0.1156212796499556,0.245,SPY,2026-09-18T11:09:27.324959-04:00,759.8699951171875
SPY261030P00535000,2026-10-30,put,535.0,0.25,0.26,0.29,5.0,325.0,0.4272518212890626,2026-09-17 15:10:17+00:00,0.1156212796499556,0.255,SPY,2026-09-18T11:09:27.324959-04:00,759.8699951171875
SPY261030P00540000,2026-10-30,put,540.0,0.27,0.28,0.26,1.0,835.0,0.42090422851562503,2026-09-18 13:52:32+00:00,0.1156212796499556,0.275,SPY,2026-09-18T11:09:27.324959-04:00,759.8699951171875
SPY261030P00545000,2026-10-30,put,545.0,0.28,0.29,0.31,2.0,438.0,0.41260353027343744,2026-09-17 18:01:17+00:00,0.1156212796499556,0.28500000000000003,SPY,2026-09-18T11:09:27.324959-04:00,759.8699951171875
SPY261030P00550000,2026-10-30,put,550.0,0.3,0.31,0.31,6.0,811.0,0.4057676611328125,2026-09-18 14:43:51+00:00,0.1156212796499556,0.305,SPY,2026-09-18T11:09:27.324959-04:00,759.8699951171875
SPY261030P00555000,2026-10-30,put,555.0,0.32,0.33,0.33,1.0,447.0,0.39893179199218753,2026-09-18 14:29:29+00:00,0.1156212796499556,0.325,SPY,2026-09-18T11:09:27.324959-04:00,759.8699951171875
SPY261030P00560000,2026-10-30,put,560.0,0.34,0.35,0.33,1.0,322.0,0.3918517846679687,2026-09-18 13:52:56+00:00,0.1156212796499556,0.345,SPY,2026-09-18T11:09:27.324959-04:00,759.8699951171875
SPY261030P00565000,2026-10-30,put,565.0,0.35,0.36,0.4,2.0,211.0,0.3830628100585937,2026-09-17 13:55:11+00:00,0.1156212796499556,0.355,SPY,2026-09-18T11:09:27.324959-04:00,759.8699951171875
SPY261030P00570000,2026-10-30,put,570.0,0.38,0.39,0.4,3.0,150815.0,0.37695935546875,2026-09-18 14:03:55+00:00,0.1156212796499556,0.385,SPY,2026-09-18T11:09:27.324959-04:00,759.8699951171875
SPY261030P00575000,2026-10-30,put,575.0,0.41,0.42,0.41,4.0,1227.0,0.3706117626953125,2026-09-18 14:42:29+00:00,0.1156212796499556,0.415,SPY,2026-09-18T11:09:27.324959-04:00,759.8699951171875
SPY261030P00580000,2026-10-30,put,580.0,0.43,0.44,0.44,2.0,3672.0,0.3627993408203125,2026-09-18 14:47:08+00:00,0.1156212796499556,0.435,SPY,2026-09-18T11:09:27.324959-04:00,759.8699951171875
SPY261030P00585000,2026-10-30,put,585.0,0.45,0.46,0.47,25.0,589.0,0.3549869189453124,2026-09-17 19:39:51+00:00,0.1156212796499556,0.455,SPY,2026-09-18T11:09:27.324959-04:00,759.8699951171875
SPY261030P00590000,2026-10-30,put,590.0,0.48,0.49,0.73,336.0,958.0,0.3479069116210937,2026-09-16 20:07:32+00:00,0.1156212796499556,0.485,SPY,2026-09-18T11:09:27.324959-04:00,759.8699951171875
SPY261030P00595000,2026-10-30,put,595.0,0.51,0.52,0.53,5.0,21150.0,0.3407048352050781,2026-09-18 14:07:40+00:00,0.1156212796499556,0.515,SPY,2026-09-18T11:09:27.324959-04:00,759.8699951171875
SPY261030P00600000,2026-10-30,put,600.0,0.54,0.55,0.55,12.0,21320.0,0.33338068969726564,2026-09-18 14:51:39+00:00,0.1156212796499556,0.545,SPY,2026-09-18T11:09:27.324959-04:00,759.8699951171875
SPY261030P00605000,2026-10-30,put,605.0,0.58,0.59,0.59,65.0,992.0,0.3266668896484375,2026-09-18 13:58:00+00:00,0.1156212796499556,0.585,SPY,2026-09-18T11:09:27.324959-04:00,759.8699951171875
SPY261030P00610000,2026-10-30,put,610.0,0.62,0.63,0.64,117.0,759.0,0.3197089514160155,2026-09-18 14:10:17+00:00,0.1156212796499556,0.625,SPY,2026-09-18T11:09:27.324959-04:00,759.8699951171875
SPY261030P00615000,2026-10-30,put,615.0,0.65,0.67,0.68,7.0,664.0,0.31250687499999996,2026-09-18 14:43:16+00:00,0.1156212796499556,0.66,SPY,2026-09-18T11:09:27.324959-04:00,759.8699951171875
SPY261030P00620000,2026-10-30,put,620.0,0.7,0.72,0.73,7.0,2108.0,0.3057930749511719,2026-09-18 14:22:48+00:00,0.1156212796499556,0.71,SPY,2026-09-18T11:09:27.324959-04:00,759.8699951171875
SPY261030P00625000,2026-10-30,put,625.0,0.74,0.76,0.77,14.0,839.0,0.2981027221679687,2026-09-18 14:38:34+00:00,0.1156212796499556,0.75,SPY,2026-09-18T11:09:27.324959-04:00,759.8699951171875
SPY261030P00630000,2026-10-30,put,630.0,0.8,0.82,0.79,12.0,2010.0,0.2915109912109374,2026-09-18 13:43:17+00:00,0.1156212796499556,0.81,SPY,2026-09-18T11:09:27.324959-04:00,759.8699951171875
SPY261030P00635000,2026-10-30,put,635.0,0.85,0.87,0.9,49.0,683.0,0.284064776611328,2026-09-17 19:23:02+00:00,0.1156212796499556,0.86,SPY,2026-09-18T11:09:27.324959-04:00,759.8699951171875
SPY261030P00640000,2026-10-30,put,640.0,0.91,0.93,0.98,7.0,361.0,0.27686270019531245,2026-09-17 18:57:23+00:00,0.1156212796499556,0.92,SPY,2026-09-18T11:09:27.324959-04:00,759.8699951171875
SPY261030P00641000,2026-10-30,put,641.0,0.92,0.94,1.14,3.0,268.0,0.2752758020019531,2026-09-04 15:50:14+00:00,0.1156212796499556,0.9299999999999999,SPY,2026-09-18T11:09:27.324959-04:00,759.8699951171875
SPY261030P00642000,2026-10-30,put,642.0,0.94,0.95,1.02,1.0,130.0,0.27374993835449213,2026-09-17 18:09:28+00:00,0.1156212796499556,0.945,SPY,2026-09-18T11:09:27.324959-04:00,759.8699951171875
SPY261030P00643000,2026-10-30,put,643.0,0.95,0.97,1.3,20.0,376.0,0.2727123510742187,2026-09-11 19:22:50+00:00,0.1156212796499556,0.96,SPY,2026-09-18T11:09:27.324959-04:00,759.8699951171875
SPY261030P00644000,2026-10-30,put,644.0,0.97,0.98,0.96,1.0,401.0,0.271064418334961,2026-09-18 13:46:13+00:00,0.1156212796499556,0.975,SPY,2026-09-18T11:09:27.324959-04:00,759.8699951171875
SPY261030P00645000,2026-10-30,put,645.0,0.98,0.99,1.02,291.0,459.0,0.2694164855957031,2026-09-17 19:45:50+00:00,0.1156212796499556,0.985,SPY,2026-09-18T11:09:27.324959-04:00,759.8699951171875
SPY261030P00646000,2026-10-30,put,646.0,0.99,1.01,1.03,2.0,141.0,0.2683178637695312,2026-09-18 14:44:03+00:00,0.1156212796499556,1.0,SPY,2026-09-18T11:09:27.324959-04:00,759.8699951171875
SPY261030P00647000,2026-10-30,put,647.0,1.0,1.02,1.0,1.0,117.0,0.26673096557617193,2026-09-18 13:47:01+00:00,0.1156212796499556,1.01,SPY,2026-09-18T11:09:27.324959-04:00,759.8699951171875
SPY261030P00648000,2026-10-30,put,648.0,1.03,1.04,1.15,7.0,407.0,0.2655102746582031,2026-09-17 15:12:13+00:00,0.1156212796499556,1.0350000000000001,SPY,2026-09-18T11:09:27.324959-04:00,759.8699951171875
SPY261030P00649000,2026-10-30,put,649.0,1.03,1.05,1.15,6.0,159.0,0.26392337646484376,2026-09-17 15:20:15+00:00,0.1156212796499556,1.04,SPY,2026-09-18T11:09:27.324959-04:00,759.8699951171875
SPY261030P00650000,2026-10-30,put,650.0,1.06,1.07,1.09,19.0,15281.0,0.26270268554687504,2026-09-18 14:13:18+00:00,0.1156212796499556,1.065,SPY,2026-09-18T11:09:27.324959-04:00,759.8699951171875
SPY261030P00651000,2026-10-30,put,651.0,1.07,1.09,1.17,1.0,60.0,0.26148199462890626,2026-09-17 16:06:08+00:00,0.1156212796499556,1.08,SPY,2026-09-18T11:09:27.324959-04:00,759.8699951171875
SPY261030P00652000,2026-10-30,put,652.0,1.08,1.1,1.93,86.0,278.0,0.25977302734375,2026-09-16 19:18:51+00:00,0.1156212796499556,1.09,SPY,2026-09-18T11:09:27.324959-04:00,759.8699951171875
SPY261030P00653000,2026-10-30,put,653.0,1.1,1.11,1.19,5.0,514.0,0.2580640600585938,2026-09-17 17:51:16+00:00,0.1156212796499556,1.105,SPY,2026-09-18T11:09:27.324959-04:00,759.8699951171875
SPY261030P00654000,2026-10-30,put,654.0,1.12,1.13,1.21,1.0,175.0,0.256843369140625,2026-09-17 15:42:20+00:00,0.1156212796499556,1.125,SPY,2026-09-18T11:09:27.324959-04:00,759.8699951171875
SPY261030P00655000,2026-10-30,put,655.0,1.13,1.15,1.18,10.0,187.0,0.2555616436767578,2026-09-18 14:32:00+00:00,0.1156212796499556,1.14,SPY,2026-09-18T11:09:27.324959-04:00,759.8699951171875
SPY261030P00656000,2026-10-30,put,656.0,1.15,1.16,1.24,3.0,494.0,0.2538526763916016,2026-09-17 18:41:57+00:00,0.1156212796499556,1.1549999999999998,SPY,2026-09-18T11:09:27.324959-04:00,759.8699951171875
SPY261030P00657000,2026-10-30,put,657.0,1.18,1.2,1.27,3.0,483.0,0.2534254345703125,2026-09-17 17:15:32+00:00,0.1156212796499556,1.19,SPY,2026-09-18T11:09:27.324959-04:00,759.8699951171875
SPY261030P00658000,2026-10-30,put,658.0,1.18,1.2,2.2,6.0,84.0,0.2512281909179687,2026-09-16 19:21:40+00:00,0.1156212796499556,1.19,SPY,2026-09-18T11:09:27.324959-04:00,759.8699951171875
SPY261030P00659000,2026-10-30,put,659.0,1.2,1.22,1.74,262.0,315.0,0.24988543090820312,2026-09-16 18:51:25+00:00,0.1156212796499556,1.21,SPY,2026-09-18T11:09:27.324959-04:00,759.8699951171875
SPY261030P00660000,2026-10-30,put,660.0,1.22,1.24,1.27,98.0,989.0,0.2485426708984375,2026-09-18 14:19:33+00:00,0.1156212796499556,1.23,SPY,2026-09-18T11:09:27.324959-04:00,759.8699951171875
SPY261030P00661000,2026-10-30,put,661.0,1.25,1.27,2.26,37.0,73.0,0.2475661181640625,2026-09-16 19:29:26+00:00,0.1156212796499556,1.26,SPY,2026-09-18T11:09:27.324959-04:00,759.8699951171875
SPY261030P00662000,2026-10-30,put,662.0,1.27,1.29,1.32,12.0,246.0,0.24616232360839846,2026-09-17 19:25:01+00:00,0.1156212796499556,1.28,SPY,2026-09-18T11:09:27.324959-04:00,759.8699951171875
SPY261030P00663000,2026-10-30,put,663.0,1.28,1.3,1.33,2.0,594.0,0.24439232177734377,2026-09-18 14:20:05+00:00,0.1156212796499556,1.29,SPY,2026-09-18T11:09:27.324959-04:00,759.8699951171875
SPY261030P00664000,2026-10-30,put,664.0,1.31,1.32,1.39,1.0,837.0,0.24292749267578123,2026-09-18 14:05:30+00:00,0.1156212796499556,1.315,SPY,2026-09-18T11:09:27.324959-04:00,759.8699951171875
SPY261030P00665000,2026-10-30,put,665.0,1.33,1.34,1.38,1.0,364.0,0.2415236981201172,2026-09-18 14:25:21+00:00,0.1156212796499556,1.335,SPY,2026-09-18T11:09:27.324959-04:00,759.8699951171875
SPY261030P00666000,2026-10-30,put,666.0,1.35,1.36,1.42,188.0,192.0,0.24005886901855467,2026-09-18 14:16:04+00:00,0.1156212796499556,1.355,SPY,2026-09-18T11:09:27.324959-04:00,759.8699951171875
SPY261030P00667000,2026-10-30,put,667.0,1.38,1.4,1.43,12.0,313.0,0.2393264544677734,2026-09-17 20:00:15+00:00,0.1156212796499556,1.39,SPY,2026-09-18T11:09:27.324959-04:00,759.8699951171875
SPY261030P00668000,2026-10-30,put,668.0,1.4,1.42,1.45,1.0,54.0,0.23780059082031246,2026-09-18 14:23:36+00:00,0.1156212796499556,1.41,SPY,2026-09-18T11:09:27.324959-04:00,759.8699951171875
SPY261030P00669000,2026-10-30,put,669.0,1.41,1.43,2.28,31.0,88.0,0.23596955444335935,2026-09-14 14:29:36+00:00,0.1156212796499556,1.42,SPY,2026-09-18T11:09:27.324959-04:00,759.8699951171875
SPY261030P00670000,2026-10-30,put,670.0,1.45,1.46,1.49,108.0,76121.0,0.23480989807128905,2026-09-18 14:40:20+00:00,0.1156212796499556,1.455,SPY,2026-09-18T11:09:27.324959-04:00,759.8699951171875
SPY261030P00671000,2026-10-30,put,671.0,1.47,1.49,2.32,30.0,122.0,0.2335892071533203,2026-09-16 19:53:35+00:00,0.1156212796499556,1.48,SPY,2026-09-18T11:09:27.324959-04:00,759.8699951171875
SPY261030P00672000,2026-10-30,put,672.0,1.5,1.51,1.61,2.0,37.0,0.23206334350585936,2026-09-17 17:09:51+00:00,0.1156212796499556,1.505,SPY,2026-09-18T11:09:27.324959-04:00,759.8699951171875
SPY261030P00673000,2026-10-30,put,673.0,1.52,1.54,2.76,10.0,828.0,0.23084265258789063,2026-09-16 19:18:43+00:00,0.1156212796499556,1.53,SPY,2026-09-18T11:09:27.324959-04:00,759.8699951171875
SPY261030P00674000,2026-10-30,put,674.0,1.55,1.57,1.51,4.0,203.0,0.22956092712402343,2026-09-18 13:32:23+00:00,0.1156212796499556,1.56,SPY,2026-09-18T11:09:27.324959-04:00,759.8699951171875
SPY261030P00675000,2026-10-30,put,675.0,1.58,1.59,1.65,509.0,921.0,0.22797402893066404,2026-09-18 14:16:23+00:00,0.1156212796499556,1.585,SPY,2026-09-18T11:09:27.324959-04:00,759.8699951171875
SPY261030P00676000,2026-10-30,put,676.0,1.59,1.61,1.67,3.0,90.0,0.22632609619140626,2026-09-18 14:26:01+00:00,0.1156212796499556,1.6,SPY,2026-09-18T11:09:27.324959-04:00,759.8699951171875
SPY261030P00677000,2026-10-30,put,677.0,1.64,1.65,1.67,1.0,181.0,0.22534954345703123,2026-09-18 14:13:09+00:00,0.1156212796499556,1.645,SPY,2026-09-18T11:09:27.324959-04:00,759.8699951171875
SPY261030P00678000,2026-10-30,put,678.0,1.65,1.67,1.76,3.0,286.0,0.2237016107177734,2026-09-17 17:59:49+00:00,0.1156212796499556,1.66,SPY,2026-09-18T11:09:27.324959-04:00,759.8699951171875
SPY261030P00679000,2026-10-30,put,679.0,1.68,1.7,1.9,33.0,251.0,0.22229781616210934,2026-09-17 15:03:31+00:00,0.1156212796499556,1.69,SPY,2026-09-18T11:09:27.324959-04:00,759.8699951171875
SPY261030P00680000,2026-10-30,put,680.0,1.72,1.74,1.76,15.0,1894.0,0.22126022888183594,2026-09-18 14:49:37+00:00,0.1156212796499556,1.73,SPY,2026-09-18T11:09:27.324959-04:00,759.8699951171875
SPY261030P00681000,2026-10-30,put,681.0,1.76,1.78,1.84,1.0,277.0,0.22010057250976559,2026-09-18 14:26:01+00:00,0.1156212796499556,1.77,SPY,2026-09-18T11:09:27.324959-04:00,759.8699951171875
SPY261030P00682000,2026-10-30,put,682.0,1.8,1.82,1.82,64.0,223.0,0.21900195068359374,2026-09-17 19:51:30+00:00,0.1156212796499556,1.81,SPY,2026-09-18T11:09:27.324959-04:00,759.8699951171875
SPY261030P00683000,2026-10-30,put,683.0,1.81,1.84,2.06,1.0,1829.0,0.21723194885253905,2026-09-17 14:02:01+00:00,0.1156212796499556,1.8250000000000002,SPY,2026-09-18T11:09:27.324959-04:00,759.8699951171875
SPY261030P00684000,2026-10-30,put,684.0,1.85,1.87,1.91,11.0,537.0,0.21576711975097657,2026-09-17 19:20:12+00:00,0.1156212796499556,1.86,SPY,2026-09-18T11:09:27.324959-04:00,759.8699951171875
SPY261030P00685000,2026-10-30,put,685.0,1.89,1.91,1.97,17.0,9492.0,0.21454642883300779,2026-09-18 14:15:01+00:00,0.1156212796499556,1.9,SPY,2026-09-18T11:09:27.324959-04:00,759.8699951171875
SPY261030P00686000,2026-10-30,put,686.0,1.93,1.95,1.99,4.0,354.0,0.21332573791503906,2026-09-18 14:32:09+00:00,0.1156212796499556,1.94,SPY,2026-09-18T11:09:27.324959-04:00,759.8699951171875
SPY261030P00687000,2026-10-30,put,687.0,1.97,1.98,1.98,3.0,159.0,0.2117693569946289,2026-09-18 14:52:53+00:00,0.1156212796499556,1.975,SPY,2026-09-18T11:09:27.324959-04:00,759.8699951171875
SPY261030P00688000,2026-10-30,put,688.0,2.01,2.02,2.07,9.0,3077.0,0.2104571142578125,2026-09-18 14:35:02+00:00,0.1156212796499556,2.0149999999999997,SPY,2026-09-18T11:09:27.324959-04:00,759.8699951171875
SPY261030P00689000,2026-10-30,put,689.0,2.03,2.05,2.08,8.0,2906.0,0.20890073333740228,2026-09-17 19:46:02+00:00,0.1156212796499556,2.04,SPY,2026-09-18T11:09:27.324959-04:00,759.8699951171875
SPY261030P00690000,2026-10-30,put,690.0,2.09,2.1,2.08,50.0,3828.0,0.20783262878417966,2026-09-18 14:52:53+00:00,0.1156212796499556,2.0949999999999998,SPY,2026-09-18T11:09:27.324959-04:00,759.8699951171875
SPY261030P00691000,2026-10-30,put,691.0,2.11,2.14,2.23,4.0,160.0,0.20642883422851557,2026-09-18 14:06:45+00:00,0.1156212796499556,2.125,SPY,2026-09-18T11:09:27.324959-04:00,759.8699951171875
SPY261030P00692000,2026-10-30,put,692.0,2.16,2.18,2.11,2.0,108.0,0.20502503967285152,2026-09-18 13:34:14+00:00,0.1156212796499556,2.17,SPY,2026-09-18T11:09:27.324959-04:00,759.8699951171875
SPY261030P00693000,2026-10-30,put,693.0,2.21,2.23,2.25,133.0,1599.0,0.20386538330078124,2026-09-17 19:59:27+00:00,0.1156212796499556,2.2199999999999998,SPY,2026-09-18T11:09:27.324959-04:00,759.8699951171875
SPY261030P00694000,2026-10-30,put,694.0,2.26,2.28,2.31,58.0,187.0,0.20264469238281246,2026-09-17 19:49:22+00:00,0.1156212796499556,2.2699999999999996,SPY,2026-09-18T11:09:27.324959-04:00,759.8699951171875
SPY261030P00695000,2026-10-30,put,695.0,2.3,2.31,2.43,875.0,2230.0,0.20093572509765623,2026-09-18 14:46:13+00:00,0.1156212796499556,2.3049999999999997,SPY,2026-09-18T11:09:27.324959-04:00,759.8699951171875
SPY261030P00696000,2026-10-30,put,696.0,2.34,2.36,2.31,2.0,336.0,0.19965399963378905,2026-09-18 13:48:26+00:00,0.1156212796499556,2.3499999999999996,SPY,2026-09-18T11:09:27.324959-04:00,759.8699951171875
SPY261030P00697000,2026-10-30,put,697.0,2.4,2.43,2.44,2.0,293.0,0.19879951599121093,2026-09-17 18:20:02+00:00,0.1156212796499556,2.415,SPY,2026-09-18T11:09:27.324959-04:00,759.8699951171875
SPY261030P00698000,2026-10-30,put,698.0,2.45,2.46,2.53,11.0,983.0,0.19702951416015624,2026-09-18 14:27:49+00:00,0.1156212796499556,2.455,SPY,2026-09-18T11:09:27.324959-04:00,759.8699951171875
SPY261030P00699000,2026-10-30,put,699.0,2.5,2.53,2.56,6.0,467.0,0.1961139959716797,2026-09-18 14:01:31+00:00,0.1156212796499556,2.5149999999999997,SPY,2026-09-18T11:09:27.324959-04:00,759.8699951171875
SPY261030P00700000,2026-10-30,put,700.0,2.56,2.58,2.68,2232.0,4988.0,0.1947102014160156,2026-09-18 14:46:13+00:00,0.1156212796499556,2.5700000000000003,SPY,2026-09-18T11:09:27.324959-04:00,759.8699951171875
SPY261030P00701000,2026-10-30,put,701.0,2.62,2.64,2.72,4.0,236.0,0.19352002777099608,2026-09-18 14:06:45+00:00,0.1156212796499556,2.63,SPY,2026-09-18T11:09:27.324959-04:00,759.8699951171875
SPY261030P00702000,2026-10-30,put,702.0,2.68,2.7,2.78,5.0,416.0,0.19226881958007813,2026-09-17 16:44:58+00:00,0.1156212796499556,2.6900000000000004,SPY,2026-09-18T11:09:27.324959-04:00,759.8699951171875
SPY261030P00703000,2026-10-30,put,703.0,2.73,2.75,2.75,9.0,132.0,0.19077347320556642,2026-09-17 19:59:27+00:00,0.1156212796499556,2.74,SPY,2026-09-18T11:09:27.324959-04:00,759.8699951171875
SPY261030P00704000,2026-10-30,put,704.0,2.79,2.81,2.78,7.0,134.0,0.18946123046875002,2026-09-17 19:54:32+00:00,0.1156212796499556,2.8,SPY,2026-09-18T11:09:27.324959-04:00,759.8699951171875
SPY261030P00705000,2026-10-30,put,705.0,2.85,2.87,2.9,139.0,699.0,0.18811847045898436,2026-09-18 14:50:42+00:00,0.1156212796499556,2.8600000000000003,SPY,2026-09-18T11:09:27.324959-04:00,759.8699951171875
SPY261030P00706000,2026-10-30,put,706.0,2.89,2.92,3.02,11.0,249.0,0.18656208953857423,2026-09-18 14:47:52+00:00,0.1156212796499556,2.9050000000000002,SPY,2026-09-18T11:09:27.324959-04:00,759.8699951171875
SPY261030P00707000,2026-10-30,put,707.0,2.98,3.0,3.04,12.0,21224.0,0.18552450225830075,2026-09-18 14:10:44+00:00,0.1156212796499556,2.99,SPY,2026-09-18T11:09:27.324959-04:00,759.8699951171875
SPY261030P00708000,2026-10-30,put,708.0,3.05,3.07,3.16,4.0,158.0,0.1842732940673828,2026-09-18 14:25:45+00:00,0.1156212796499556,3.0599999999999996,SPY,2026-09-18T11:09:27.324959-04:00,759.8699951171875
SPY261030P00709000,2026-10-30,put,709.0,3.1,3.12,3.21,3.0,493.0,0.1825948440551758,2026-09-18 14:34:00+00:00,0.1156212796499556,3.1100000000000003,SPY,2026-09-18T11:09:27.324959-04:00,759.8699951171875
SPY261030P00710000,2026-10-30,put,710.0,3.18,3.2,3.29,33.0,2354.0,0.18146570495605469,2026-09-18 14:37:32+00:00,0.1156212796499556,3.1900000000000004,SPY,2026-09-18T11:09:27.324959-04:00,759.8699951171875
SPY261030P00711000,2026-10-30,put,711.0,3.26,3.28,3.32,2.0,170.0,0.1802755313110352,2026-09-18 14:10:59+00:00,0.1156212796499556,3.2699999999999996,SPY,2026-09-18T11:09:27.324959-04:00,759.8699951171875
SPY261030P00712000,2026-10-30,put,712.0,3.32,3.34,3.37,20.0,274.0,0.1786886331176758,2026-09-18 14:51:28+00:00,0.1156212796499556,3.33,SPY,2026-09-18T11:09:27.324959-04:00,759.8699951171875
SPY261030P00713000,2026-10-30,put,713.0,3.4,3.42,3.61,5.0,784.0,0.1774374249267578,2026-09-17 15:49:43+00:00,0.1156212796499556,3.41,SPY,2026-09-18T11:09:27.324959-04:00,759.8699951171875
SPY261030P00714000,2026-10-30,put,714.0,3.5,3.52,3.66,400.0,280.0,0.17646087219238282,2026-09-18 14:04:56+00:00,0.1156212796499556,3.51,SPY,2026-09-18T11:09:27.324959-04:00,759.8699951171875
SPY261030P00715000,2026-10-30,put,715.0,3.58,3.61,3.56,117.0,1350.0,0.17527069854736327,2026-09-18 14:52:55+00:00,0.1156212796499556,3.5949999999999998,SPY,2026-09-18T11:09:27.324959-04:00,759.8699951171875
SPY261030P00716000,2026-10-30,put,716.0,3.67,3.69,3.67,684.0,408.0,0.17386690399169924,2026-09-18 14:53:55+00:00,0.1156212796499556,3.6799999999999997,SPY,2026-09-18T11:09:27.324959-04:00,759.8699951171875
SPY261030P00717000,2026-10-30,put,717.0,3.75,3.77,3.78,20.0,908.0,0.17243259216308598,2026-09-18 14:51:28+00:00,0.1156212796499556,3.76,SPY,2026-09-18T11:09:27.324959-04:00,759.8699951171875
SPY261030P00718000,2026-10-30,put,718.0,3.84,3.86,3.92,25.0,556.0,0.17112034942626952,2026-09-18 14:40:50+00:00,0.1156212796499556,3.8499999999999996,SPY,2026-09-18T11:09:27.324959-04:00,759.8699951171875
SPY261030P00719000,2026-10-30,put,719.0,3.93,3.95,4.03,3.0,365.0,0.16977758941650395,2026-09-18 14:13:09+00:00,0.1156212796499556,3.9400000000000004,SPY,2026-09-18T11:09:27.324959-04:00,759.8699951171875
SPY261030P00720000,2026-10-30,put,720.0,4.02,4.03,4.12,133.0,4987.0,0.1682212084960938,2026-09-18 14:49:06+00:00,0.1156212796499556,4.025,SPY,2026-09-18T11:09:27.324959-04:00,759.8699951171875
SPY261030P00721000,2026-10-30,put,721.0,4.12,4.14,4.24,39.0,383.0,0.1670920693969727,2026-09-18 14:30:35+00:00,0.1156212796499556,4.13,SPY,2026-09-18T11:09:27.324959-04:00,759.8699951171875
SPY261030P00722000,2026-10-30,put,722.0,4.23,4.25,4.34,1.0,269.0,0.16590189575195316,2026-09-18 14:13:17+00:00,0.1156212796499556,4.24,SPY,2026-09-18T11:09:27.324959-04:00,759.8699951171875
SPY261030P00723000,2026-10-30,put,723.0,4.35,4.36,4.42,11.0,112.0,0.16465068756103518,2026-09-18 14:10:13+00:00,0.1156212796499556,4.355,SPY,2026-09-18T11:09:27.324959-04:00,759.8699951171875
SPY261030P00724000,2026-10-30,put,724.0,4.46,4.48,4.54,2.0,244.0,0.16352154846191408,2026-09-18 13:59:31+00:00,0.1156212796499556,4.470000000000001,SPY,2026-09-18T11:09:27.324959-04:00,759.8699951171875
SPY261030P00725000,2026-10-30,put,725.0,4.57,4.6,4.56,591.0,6158.0,0.1623008575439453,2026-09-18 14:54:09+00:00,0.1156212796499556,4.585,SPY,2026-09-18T11:09:27.324959-04:00,759.8699951171875
SPY261030P00726000,2026-10-30,put,726.0,4.67,4.7,4.87,5.0,238.0,0.1607749938964844,2026-09-18 14:43:10+00:00,0.1156212796499556,4.6850000000000005,SPY,2026-09-18T11:09:27.324959-04:00,759.8699951171875
SPY261030P00727000,2026-10-30,put,727.0,4.81,4.84,4.97,38.0,11556.0,0.15973740661621094,2026-09-18 14:37:06+00:00,0.1156212796499556,4.824999999999999,SPY,2026-09-18T11:09:27.324959-04:00,759.8699951171875
SPY261030P00728000,2026-10-30,put,728.0,4.89,4.93,5.01,413.0,225.0,0.15799792205810548,2026-09-18 14:40:50+00:00,0.1156212796499556,4.91,SPY,2026-09-18T11:09:27.324959-04:00,759.8699951171875
SPY261030P00729000,2026-10-30,put,729.0,5.05,5.07,5.25,16.0,229.0,0.1568382656860352,2026-09-18 14:24:54+00:00,0.1156212796499556,5.0600000000000005,SPY,2026-09-18T11:09:27.324959-04:00,759.8699951171875
SPY261030P00730000,2026-10-30,put,730.0,5.19,5.22,5.19,247.0,12337.0,0.1557701611328125,2026-09-18 14:53:34+00:00,0.1156212796499556,5.205,SPY,2026-09-18T11:09:27.324959-04:00,759.8699951171875
SPY261030P00731000,2026-10-30,put,731.0,5.31,5.34,5.49,10.0,329.0,0.1542748147583008,2026-09-18 14:08:28+00:00,0.1156212796499556,5.324999999999999,SPY,2026-09-18T11:09:27.324959-04:00,759.8699951171875
SPY261030P00732000,2026-10-30,put,732.0,5.46,5.48,5.54,6.0,633.0,0.15294731338500983,2026-09-18 14:10:44+00:00,0.1156212796499556,5.470000000000001,SPY,2026-09-18T11:09:27.324959-04:00,759.8699951171875
SPY261030P00733000,2026-10-30,put,733.0,5.61,5.64,5.72,7.0,250.0,0.1518334329223633,2026-09-18 14:40:10+00:00,0.1156212796499556,5.625,SPY,2026-09-18T11:09:27.324959-04:00,759.8699951171875
SPY261030P00734000,2026-10-30,put,734.0,5.75,5.78,5.92,6.0,405.0,0.15039912109375003,2026-09-18 14:29:59+00:00,0.1156212796499556,5.765000000000001,SPY,2026-09-18T11:09:27.324959-04:00,759.8699951171875
SPY261030P00735000,2026-10-30,put,735.0,5.92,5.94,6.16,55.0,9047.0,0.14914791290283202,2026-09-18 14:42:45+00:00,0.1156212796499556,5.93,SPY,2026-09-18T11:09:27.324959-04:00,759.8699951171875
SPY261030P00736000,2026-10-30,put,736.0,6.08,6.1,6.19,49.0,242.0,0.14783567016601565,2026-09-18 14:50:17+00:00,0.1156212796499556,6.09,SPY,2026-09-18T11:09:27.324959-04:00,759.8699951171875
SPY261030P00737000,2026-10-30,put,737.0,6.24,6.27,6.45,9.0,296.0,0.14656920333862306,2026-09-18 14:15:23+00:00,0.1156212796499556,6.255,SPY,2026-09-18T11:09:27.324959-04:00,759.8699951171875
SPY261030P00738000,2026-10-30,put,738.0,6.4,6.45,6.52,15.0,1183.0,0.1453637710571289,2026-09-18 13:59:13+00:00,0.1156212796499556,6.425000000000001,SPY,2026-09-18T11:09:27.324959-04:00,759.8699951171875
SPY261030P00739000,2026-10-30,put,739.0,6.58,6.64,6.84,9.0,772.0,0.14420411468505856,2026-09-18 14:42:39+00:00,0.1156212796499556,6.609999999999999,SPY,2026-09-18T11:09:27.324959-04:00,759.8699951171875
SPY261030P00740000,2026-10-30,put,740.0,6.78,6.83,6.88,82.0,2674.0,0.14295290649414064,2026-09-18 14:49:58+00:00,0.1156212796499556,6.805,SPY,2026-09-18T11:09:27.324959-04:00,759.8699951171875
SPY261030P00741000,2026-10-30,put,741.0,6.94,6.98,7.29,12.0,880.0,0.1411981632995606,2026-09-18 14:44:15+00:00,0.1156212796499556,6.960000000000001,SPY,2026-09-18T11:09:27.324959-04:00,759.8699951171875
SPY261030P00742000,2026-10-30,put,742.0,7.16,7.22,7.34,4.0,455.0,0.14037419692993164,2026-09-18 14:24:00+00:00,0.1156212796499556,7.1899999999999995,SPY,2026-09-18T11:09:27.324959-04:00,759.8699951171875
SPY261030P00743000,2026-10-30,put,743.0,7.38,7.44,7.7,16.0,413.0,0.1392450578308106,2026-09-18 14:16:16+00:00,0.1156212796499556,7.41,SPY,2026-09-18T11:09:27.324959-04:00,759.8699951171875
SPY261030P00744000,2026-10-30,put,744.0,7.58,7.64,7.9,2.0,577.0,0.1378260046386719,2026-09-18 14:43:09+00:00,0.1156212796499556,7.609999999999999,SPY,2026-09-18T11:09:27.324959-04:00,759.8699951171875
SPY261030P00745000,2026-10-30,put,745.0,7.79,7.85,7.93,316.0,2229.0,0.1364222100830078,2026-09-18 14:49:58+00:00,0.1156212796499556,7.82,SPY,2026-09-18T11:09:27.324959-04:00,759.8699951171875
SPY261030P00746000,2026-10-30,put,746.0,8.03,8.09,8.31,5.0,945.0,0.13526255371093754,2026-09-18 14:34:41+00:00,0.1156212796499556,8.059999999999999,SPY,2026-09-18T11:09:27.324959-04:00,759.8699951171875
SPY261030P00747000,2026-10-30,put,747.0,8.25,8.32,8.53,2.0,475.0,0.13391979370117188,2026-09-18 14:48:08+00:00,0.1156212796499556,8.285,SPY,2026-09-18T11:09:27.324959-04:00,759.8699951171875
SPY261030P00748000,2026-10-30,put,748.0,8.5,8.57,8.85,5.0,414.0,0.13269910278320313,2026-09-18 14:36:33+00:00,0.1156212796499556,8.535,SPY,2026-09-18T11:09:27.324959-04:00,759.8699951171875
SPY261030P00749000,2026-10-30,put,749.0,8.73,8.79,8.81,8.0,391.0,0.1310816873168945,2026-09-18 14:51:46+00:00,0.1156212796499556,8.76,SPY,2026-09-18T11:09:27.324959-04:00,759.8699951171875
SPY261030P00750000,2026-10-30,put,750.0,8.98,9.04,8.99,541.0,7904.0,0.12967789276123048,2026-09-18 14:52:59+00:00,0.1156212796499556,9.01,SPY,2026-09-18T11:09:27.324959-04:00,759.8699951171875
SPY261030P00751000,2026-10-30,put,751.0,9.28,9.35,9.56,6.0,811.0,0.1287928918457031,2026-09-18 14:30:28+00:00,0.1156212796499556,9.315,SPY,2026-09-18T11:09:27.324959-04:00,759.8699951171875
SPY261030P00752000,2026-10-30,put,752.0,9.54,9.59,9.82,10.0,431.0,0.12711444183349607,2026-09-18 14:35:59+00:00,0.1156212796499556,9.565,SPY,2026-09-18T11:09:27.324959-04:00,759.8699951171875
SPY261030P00753000,2026-10-30,put,753.0,9.89,9.96,10.11,10.0,149.0,0.12661090682983395,2026-09-18 14:39:11+00:00,0.1156212796499556,9.925,SPY,2026-09-18T11:09:27.324959-04:00,759.8699951171875
SPY261030P00754000,2026-10-30,put,754.0,10.15,10.22,10.57,331.0,1016.0,0.12493245681762696,2026-09-18 14:45:49+00:00,0.1156212796499556,10.185,SPY,2026-09-18T11:09:27.324959-04:00,759.8699951171875
SPY261030P00755000,2026-10-30,put,755.0,10.46,10.53,10.73,266.0,1759.0,0.12363547271728516,2026-09-18 14:48:32+00:00,0.1156212796499556,10.495000000000001,SPY,2026-09-18T11:09:27.324959-04:00,759.8699951171875
SPY261030P00756000,2026-10-30,put,756.0,10.74,10.8,10.62,1.0,439.0,0.12185021224975587,2026-09-18 13:49:43+00:00,0.1156212796499556,10.77,SPY,2026-09-18T11:09:27.324959-04:00,759.8699951171875
SPY261030P00757000,2026-10-30,put,757.0,11.07,11.14,11.55,164.0,915.0,0.12062952133178712,2026-09-18 14:42:59+00:00,0.1156212796499556,11.105,SPY,2026-09-18T11:09:27.324959-04:00,759.8699951171875
SPY261030P00758000,2026-10-30,put,758.0,11.44,11.53,11.6,30.0,937.0,0.11979029632568358,2026-09-18 14:50:55+00:00,0.1156212796499556,11.485,SPY,2026-09-18T11:09:27.324959-04:00,759.8699951171875
SPY261030P00759000,2026-10-30,put,759.0,11.86,11.94,11.88,22.0,520.0,0.1190121058654785,2026-09-18 14:51:46+00:00,0.1156212796499556,11.899999999999999,SPY,2026-09-18T11:09:27.324959-04:00,759.8699951171875
SPY261030P00760000,2026-10-30,put,760.0,12.23,12.3,12.55,147.0,7420.0,0.11762356994628906,2026-09-18 14:48:42+00:00,0.1156212796499556,12.265,SPY,2026-09-18T11:09:27.324959-04:00,759.8699951171875
SPY261030P00761000,2026-10-30,put,761.0,12.57,12.65,12.82,135.0,376.0,0.11603667175292968,2026-09-18 14:49:17+00:00,0.1156212796499556,12.61,SPY,2026-09-18T11:09:27.324959-04:00,759.8699951171875
SPY261030P00762000,2026-10-30,put,762.0,12.96,13.05,13.28,236.0,798.0,0.11478546356201172,2026-09-18 14:39:11+00:00,0.1156212796499556,13.005,SPY,2026-09-18T11:09:27.324959-04:00,759.8699951171875
SPY261030P00763000,2026-10-30,put,763.0,13.36,13.43,13.39,51.0,285.0,0.11322908264160156,2026-09-18 14:51:42+00:00,0.1156212796499556,13.395,SPY,2026-09-18T11:09:27.324959-04:00,759.8699951171875
SPY261030P00764000,2026-10-30,put,764.0,13.79,13.88,13.45,9.0,443.0,0.11219149536132811,2026-09-18 13:47:59+00:00,0.1156212796499556,13.835,SPY,2026-09-18T11:09:27.324959-04:00,759.8699951171875
SPY261030P00765000,2026-10-30,put,765.0,14.24,14.3,14.68,51.0,1392.0,0.11072666625976563,2026-09-18 14:24:17+00:00,0.1156212796499556,14.27,SPY,2026-09-18T11:09:27.324959-04:00,759.8699951171875
SPY261030P00766000,2026-10-30,put,766.0,14.7,14.8,14.27,2.0,793.0,0.1099026998901367,2026-09-18 13:47:58+00:00,0.1156212796499556,14.75,SPY,2026-09-18T11:09:27.324959-04:00,759.8699951171875
SPY261030P00767000,2026-10-30,put,767.0,15.14,15.22,15.45,16.0,333.0,0.10814795669555663,2026-09-18 14:39:11+00:00,0.1156212796499556,15.18,SPY,2026-09-18T11:09:27.324959-04:00,759.8699951171875
SPY261030P00768000,2026-10-30,put,768.0,15.61,15.8,16.17,9.0,298.0,0.10781226669311525,2026-09-18 14:08:38+00:00,0.1156212796499556,15.705,SPY,2026-09-18T11:09:27.324959-04:00,759.8699951171875
SPY261030P00769000,2026-10-30,put,769.0,16.13,16.31,15.43,46.0,297.0,0.10663735168457032,2026-09-17 19:53:40+00:00,0.1156212796499556,16.22,SPY,2026-09-18T11:09:27.324959-04:00,759.8699951171875
SPY261030P00770000,2026-10-30,put,770.0,16.65,16.83,17.19,37.0,2474.0,0.10540140213012694,2026-09-18 14:20:38+00:00,0.1156212796499556,16.74,SPY,2026-09-18T11:09:27.324959-04:00,759.8699951171875
SPY261030P00771000,2026-10-30,put,771.0,17.15,17.35,17.47,3.0,217.0,0.10399760757446289,2026-09-18 14:39:11+00:00,0.1156212796499556,17.25,SPY,2026-09-18T11:09:27.324959-04:00,759.8699951171875
SPY261030P00772000,2026-10-30,put,772.0,17.7,17.87,17.25,25.0,313.0,0.10239545074462889,2026-09-17 19:00:52+00:00,0.1156212796499556,17.785,SPY,2026-09-18T11:09:27.324959-04:00,759.8699951171875
SPY261030P00773000,2026-10-30,put,773.0,18.26,18.46,19.3,9.0,276.0,0.10135786346435546,2026-09-17 14:01:32+00:00,0.1156212796499556,18.36,SPY,2026-09-18T11:09:27.324959-04:00,759.8699951171875
SPY261030P00774000,2026-10-30,put,774.0,18.82,19.03,18.67,11.0,336.0,0.0999235516357422,2026-09-17 17:34:34+00:00,0.1156212796499556,18.925,SPY,2026-09-18T11:09:27.324959-04:00,759.8699951171875
SPY261030P00775000,2026-10-30,put,775.0,19.47,19.69,20.21,23.0,600.0,0.09928268890380859,2026-09-18 14:45:30+00:00,0.1156212796499556,19.58,SPY,2026-09-18T11:09:27.324959-04:00,759.8699951171875
SPY261030P00776000,2026-10-30,put,776.0,19.98,20.16,19.46,1.0,395.0,0.09627673751831056,2026-09-17 18:51:48+00:00,0.1156212796499556,20.07,SPY,2026-09-18T11:09:27.324959-04:00,759.8699951171875
SPY261030P00777000,2026-10-30,put,777.0,20.74,22.14,21.37,104.0,1320.0,0.11054356262207031,2026-09-18 13:49:24+00:00,0.1156212796499556,21.439999999999998,SPY,2026-09-18T11:09:27.324959-04:00,759.8699951171875
SPY261030P00778000,2026-10-30,put,778.0,21.38,21.55,21.15,5.0,86.0,0.09479664978027345,2026-09-17 15:58:57+00:00,0.1156212796499556,21.465,SPY,2026-09-18T11:09:27.324959-04:00,759.8699951171875
SPY261030P00779000,2026-10-30,put,779.0,21.95,22.17,21.43,5.0,308.0,0.092782509765625,2026-09-17 18:23:17+00:00,0.1156212796499556,22.060000000000002,SPY,2026-09-18T11:09:27.324959-04:00,759.8699951171875
SPY261030P00780000,2026-10-30,put,780.0,22.73,22.93,23.48,8.0,725.0,0.09235526794433593,2026-09-18 14:45:15+00:00,0.1156212796499556,22.83,SPY,2026-09-18T11:09:27.324959-04:00,759.8699951171875
SPY261030P00781000,2026-10-30,put,781.0,23.44,23.68,23.28,3.0,333.0,0.09159233612060547,2026-09-17 15:41:58+00:00,0.1156212796499556,23.560000000000002,SPY,2026-09-18T11:09:27.324959-04:00,759.8699951171875
SPY261030P00782000,2026-10-30,put,782.0,24.1,26.13,23.8,2.0,315.0,0.11322908264160156,2026-09-14 16:48:45+00:00,0.1156212796499556,25.115000000000002,SPY,2026-09-18T11:09:27.324959-04:00,759.8699951171875
SPY261030P00783000,2026-10-30,put,783.0,24.83,25.09,30.5,1.0,85.0,0.08799129791259766,2026-09-16 18:54:27+00:00,0.1156212796499556,24.96,SPY,2026-09-18T11:09:27.324959-04:00,759.8699951171875
SPY261030P00784000,2026-10-30,put,784.0,25.59,25.85,24.85,1.0,310.0,0.08655698608398438,2026-09-17 19:32:41+00:00,0.1156212796499556,25.72,SPY,2026-09-18T11:09:27.324959-04:00,759.8699951171875
SPY261030P00785000,2026-10-30,put,785.0,26.43,28.22,27.25,4.0,194.0,0.10941442352294922,2026-09-18 14:15:51+00:00,0.1156212796499556,27.325,SPY,2026-09-18T11:09:27.324959-04:00,759.8699951171875
SPY261030P00786000,2026-10-30,put,786.0,27.18,27.49,30.91,1.0,22.0,0.08487853607177737,2026-09-10 18:22:35+00:00,0.1156212796499556,27.335,SPY,2026-09-18T11:09:27.324959-04:00,759.8699951171875
SPY261030P00787000,2026-10-30,put,787.0,28.04,30.11,29.42,5.0,511.0,0.11301546173095703,2026-09-18 14:45:15+00:00,0.1156212796499556,29.075,SPY,2026-09-18T11:09:27.324959-04:00,759.8699951171875
SPY261030P00788000,2026-10-30,put,788.0,27.41,29.24,33.35,1.0,524.0,0.08429870788574222,2026-09-10 19:53:09+00:00,0.1156212796499556,28.325,SPY,2026-09-18T11:09:27.324959-04:00,759.8699951171875
SPY261030P00789000,2026-10-30,put,789.0,29.78,31.82,29.08,1.0,217.0,0.11374787628173827,2026-09-09 14:52:03+00:00,0.1156212796499556,30.8,SPY,2026-09-18T11:09:27.324959-04:00,759.8699951171875
SPY261030P00790000,2026-10-30,put,790.0,29.19,32.81,31.7,1.0,419.0,0.11603667175292968,2026-09-18 14:28:10+00:00,0.1156212796499556,31.0,SPY,2026-09-18T11:09:27.324959-04:00,759.8699951171875
SPY261030P00791000,2026-10-30,put,791.0,30.11,33.62,31.69,1.0,89.0,0.11548736083984376,2026-09-14 18:13:10+00:00,0.1156212796499556,31.865,SPY,2026-09-18T11:09:27.324959-04:00,759.8699951171875
SPY261030P00792000,2026-10-30,put,792.0,30.94,34.49,33.03,1.0,5.0,0.11576201629638672,2026-09-18 14:30:26+00:00,0.1156212796499556,32.715,SPY,2026-09-18T11:09:27.324959-04:00,759.8699951171875
SPY261030P00793000,2026-10-30,put,793.0,31.86,35.41,35.86,1.0,87.0,0.11676908630371094,2026-09-16 18:01:55+00:00,0.1156212796499556,33.635,SPY,2026-09-18T11:09:27.324959-04:00,759.8699951171875
SPY261030P00794000,2026-10-30,put,794.0,32.88,36.36,36.44,2.0,5.0,0.11823391540527343,2026-09-14 14:21:13+00:00,0.1156212796499556,34.620000000000005,SPY,2026-09-18T11:09:27.324959-04:00,759.8699951171875
SPY261030P00795000,2026-10-30,put,795.0,33.73,37.27,39.2,2.0,3.0,0.11896632995605468,2026-09-10 19:06:48+00:00,0.1156212796499556,35.5,SPY,2026-09-18T11:09:27.324959-04:00,759.8699951171875
SPY261030P00797000,2026-10-30,put,797.0,35.68,39.24,40.5,1.0,1.0,0.1229030581665039,2026-09-10 18:35:06+00:00,0.1156212796499556,37.46,SPY,2026-09-18T11:09:27.324959-04:00,759.8699951171875
SPY261030P00798000,2026-10-30,put,798.0,36.61,40.12,33.37,1.0,2.0,0.12293357543945313,2026-08-31 13:30:15+00:00,0.1156212796499556,38.364999999999995,SPY,2026-09-18T11:09:27.324959-04:00,759.8699951171875
SPY261030P00799000,2026-10-30,put,799.0,37.58,41.15,32.02,1.0,2.0,0.12568013000488282,2026-08-27 20:08:30+00:00,0.1156212796499556,39.364999999999995,SPY,2026-09-18T11:09:27.324959-04:00,759.8699951171875
SPY261030P00800000,2026-10-30,put,800.0,38.61,42.22,41.05,4.0,51.0,0.12912858184814452,2026-09-18 14:43:35+00:00,0.1156212796499556,40.415,SPY,2026-09-18T11:09:27.324959-04:00,759.8699951171875
SPY261030P00802000,2026-10-30,put,802.0,40.53,44.11,35.92,7.0,8.0,0.13138686004638672,2026-08-11 19:30:16+00:00,0.1156212796499556,42.32,SPY,2026-09-18T11:09:27.324959-04:00,759.8699951171875
SPY261030P00804000,2026-10-30,put,804.0,42.52,46.06,37.14,0.0,1.0,0.13465220825195315,2026-08-28 19:30:57+00:00,0.1156212796499556,44.290000000000006,SPY,2026-09-18T11:09:27.324959-04:00,759.8699951171875
SPY261030P00805000,2026-10-30,put,805.0,43.51,47.05,54.0,1.0,8.0,0.13654427917480472,2026-09-16 19:41:24+00:00,0.1156212796499556,45.28,SPY,2026-09-18T11:09:27.324959-04:00,759.8699951171875
SPY261030P00808000,2026-10-30,put,808.0,46.35,50.22,43.09,1.0,1.0,0.14618773742675778,2026-08-31 16:29:46+00:00,0.1156212796499556,48.285,SPY,2026-09-18T11:09:27.324959-04:00,759.8699951171875
SPY261030P00809000,2026-10-30,put,809.0,47.34,51.28,42.93,1.0,1.0,0.14945308563232423,2026-09-08 15:57:40+00:00,0.1156212796499556,49.31,SPY,2026-09-18T11:09:27.324959-04:00,759.8699951171875
SPY261030P00810000,2026-10-30,put,810.0,48.18,52.27,50.25,20.0,26.0,0.1513146392822266,2026-09-17 13:35:09+00:00,0.1156212796499556,50.225,SPY,2026-09-18T11:09:27.324959-04:00,759.8699951171875
SPY261030P00815000,2026-10-30,put,815.0,53.18,57.16,44.9,1.0,1.0,0.15931016479492188,2026-08-07 19:01:27+00:00,0.1156212796499556,55.17,SPY,2026-09-18T11:09:27.324959-04:00,759.8699951171875
SPY261030P00818000,2026-10-30,put,818.0,56.2,60.2,53.12,3.0,3.0,0.16614603393554692,2026-08-21 13:42:21+00:00,0.1156212796499556,58.2,SPY,2026-09-18T11:09:27.324959-04:00,759.8699951171875
SPY261030P00819000,2026-10-30,put,819.0,57.34,61.26,56.1,2.0,2.0,0.1694113821411133,2026-09-09 13:35:23+00:00,0.1156212796499556,59.3,SPY,2026-09-18T11:09:27.324959-04:00,759.8699951171875
SPY261030P00820000,2026-10-30,put,820.0,58.18,62.29,62.6,5.0,15.0,0.17206638488769532,2026-09-15 14:07:43+00:00,0.1156212796499556,60.235,SPY,2026-09-18T11:09:27.324959-04:00,759.8699951171875
SPY261030P00825000,2026-10-30,put,825.0,63.18,67.29,58.9,4.0,4.0,0.18189294677734374,2026-08-21 19:38:02+00:00,0.1156212796499556,65.235,SPY,2026-09-18T11:09:27.324959-04:00,759.8699951171875
SPY261030P00835000,2026-10-30,put,835.0,73.18,77.25,65.38,1.0,1.0,0.20011175872802733,2026-08-27 14:30:12+00:00,0.1156212796499556,75.215,SPY,2026-09-18T11:09:27.324959-04:00,759.8699951171875
SPY261030P00840000,2026-10-30,put,840.0,78.18,82.25,79.17,1.0,18.0,0.20941952697753902,2026-09-17 16:00:02+00:00,0.1156212796499556,80.215,SPY,2026-09-18T11:09:27.324959-04:00,759.8699951171875
SPY261030P00845000,2026-10-30,put,845.0,79.61,82.81,105.93,1.0,0.0,1.0000000000000003e-05,2026-07-23 20:14:36+00:00,0.1156212796499556,81.21000000000001,SPY,2026-09-18T11:09:27.324959-04:00,759.8699951171875
SPY261030P00850000,2026-10-30,put,850.0,88.18,92.21,88.46,4.0,4.0,0.22657023437499998,2026-09-14 17:01:16+00:00,0.1156212796499556,90.195,SPY,2026-09-18T11:09:27.324959-04:00,759.8699951171875
SPY261030P00855000,2026-10-30,put,855.0,114.71,118.08,131.84,1.0,0.0,0.512852771911621,2026-05-01 15:24:25+00:00,0.1156212796499556,116.395,SPY,2026-09-18T11:09:27.324959-04:00,759.8699951171875
SPY261030P00860000,2026-10-30,put,860.0,98.18,102.29,98.46,4.0,14.0,0.2462843927001953,2026-09-14 16:56:57+00:00,0.1156212796499556,100.23500000000001,SPY,2026-09-18T11:09:27.324959-04:00,759.8699951171875
SPY261030P00865000,2026-10-30,put,865.0,0.0,0.0,124.27,0.0,0.0,1.0000000000000003e-05,2026-05-21 15:43:01+00:00,0.1156212796499556,0.0,SPY,2026-09-18T11:09:27.324959-04:00,759.8699951171875
SPY261030P00875000,2026-10-30,put,875.0,113.18,117.2,113.44,4.0,4.0,0.26935545104980463,2026-09-14 17:01:16+00:00,0.1156212796499556,115.19,SPY,2026-09-18T11:09:27.324959-04:00,759.8699951171875
SPY261030P00900000,2026-10-30,put,900.0,143.85,147.3,145.02,0.0,0.0,0.42246060943603514,2026-06-15 16:32:04+00:00,0.1156212796499556,145.575,SPY,2026-09-18T11:09:27.324959-04:00,759.8699951171875
SPY261130C00475000,2026-11-30,call,475.0,287.0,290.87,292.06,2.0,1.0,0.6517368811035158,2026-08-20 20:14:25+00:00,0.2005527864992707,288.935,SPY,2026-09-18T11:09:27.324959-04:00,759.8699951171875
SPY261130C00480000,2026-11-30,call,480.0,282.06,285.96,287.22,0.0,0.0,0.6419713537597658,2026-08-20 20:08:08+00:00,0.2005527864992707,284.01,SPY,2026-09-18T11:09:27.324959-04:00,759.8699951171875
SPY261130C00485000,2026-11-30,call,485.0,277.12,280.99,282.21,0.0,25.0,0.6312903082275392,2026-08-20 20:13:45+00:00,0.2005527864992707,279.055,SPY,2026-09-18T11:09:27.324959-04:00,759.8699951171875
SPY261130C00500000,2026-11-30,call,500.0,266.95,270.07,262.32,1.0,1.0,0.7080717669677734,2026-07-15 18:10:28+00:00,0.2005527864992707,268.51,SPY,2026-09-18T11:09:27.324959-04:00,759.8699951171875
SPY261130C00520000,2026-11-30,call,520.0,242.49,246.23,241.84,4.0,6.0,0.5574385076904298,2026-09-14 14:41:01+00:00,0.2005527864992707,244.36,SPY,2026-09-18T11:09:27.324959-04:00,759.8699951171875
SPY261130C00545000,2026-11-30,call,545.0,217.98,221.89,210.84,1.0,5.0,0.5148974291992188,2026-09-16 19:34:17+00:00,0.2005527864992707,219.935,SPY,2026-09-18T11:09:27.324959-04:00,759.8699951171875
SPY261130C00550000,2026-11-30,call,550.0,213.12,216.97,219.78,2.0,4.0,0.5061694891357422,2026-09-11 14:29:33+00:00,0.2005527864992707,215.04500000000002,SPY,2026-09-18T11:09:27.324959-04:00,759.8699951171875
SPY261130C00555000,2026-11-30,call,555.0,208.15,212.05,207.07,4.0,5.0,0.5379684875488282,2026-09-10 19:06:32+00:00,0.2005527864992707,210.10000000000002,SPY,2026-09-18T11:09:27.324959-04:00,759.8699951171875
SPY261130C00560000,2026-11-30,call,560.0,212.43,215.92,192.07,1.0,3.0,0.6462132546997069,2026-07-31 16:14:31+00:00,0.2005527864992707,214.175,SPY,2026-09-18T11:09:27.324959-04:00,759.8699951171875
SPY261130C00570000,2026-11-30,call,570.0,198.5,201.64,187.96,2.0,1.0,0.5556685058593751,2026-07-22 19:44:51+00:00,0.2005527864992707,200.07,SPY,2026-09-18T11:09:27.324959-04:00,759.8699951171875
SPY261130C00575000,2026-11-30,call,575.0,197.7,201.22,205.76,1.0,2.0,0.6095620098876955,2026-08-04 19:52:43+00:00,0.2005527864992707,199.45999999999998,SPY,2026-09-18T11:09:27.324959-04:00,759.8699951171875
SPY261130C00580000,2026-11-30,call,580.0,183.71,187.6,183.04,4.0,15.0,0.48886619537353526,2026-09-14 14:41:37+00:00,0.2005527864992707,185.655,SPY,2026-09-18T11:09:27.324959-04:00,759.8699951171875
SPY261130C00585000,2026-11-30,call,585.0,178.56,182.6,177.97,15.0,7.0,0.4770560107421875,2026-09-10 14:20:03+00:00,0.2005527864992707,180.57999999999998,SPY,2026-09-18T11:09:27.324959-04:00,759.8699951171875
SPY261130C00590000,2026-11-30,call,590.0,0.0,0.0,178.49,0.0,0.0,1.0000000000000003e-05,2026-06-03 16:31:23+00:00,0.2005527864992707,0.0,SPY,2026-09-18T11:09:27.324959-04:00,759.8699951171875
SPY261130C00595000,2026-11-30,call,595.0,174.22,177.37,165.59,1.0,2.0,0.5043384527587891,2026-07-07 13:40:38+00:00,0.2005527864992707,175.79500000000002,SPY,2026-09-18T11:09:27.324959-04:00,759.8699951171875
SPY261130C00600000,2026-11-30,call,600.0,163.97,167.95,157.26,1.0,21.0,0.4478509805297851,2026-09-16 19:36:19+00:00,0.2005527864992707,165.95999999999998,SPY,2026-09-18T11:09:27.324959-04:00,759.8699951171875
SPY261130C00605000,2026-11-30,call,605.0,159.09,163.06,152.65,6.0,8.0,0.43793286682128907,2026-09-16 19:39:29+00:00,0.2005527864992707,161.075,SPY,2026-09-18T11:09:27.324959-04:00,759.8699951171875
SPY261130C00610000,2026-11-30,call,610.0,154.27,158.16,171.85,0.0,2.0,0.4278621667480469,2026-08-17 17:46:03+00:00,0.2005527864992707,156.215,SPY,2026-09-18T11:09:27.324959-04:00,759.8699951171875
SPY261130C00615000,2026-11-30,call,615.0,149.56,153.3,153.85,0.0,2.0,0.4183712948608398,2026-09-01 13:37:49+00:00,0.2005527864992707,151.43,SPY,2026-09-18T11:09:27.324959-04:00,759.8699951171875
SPY261130C00620000,2026-11-30,call,620.0,144.81,148.49,148.74,1.0,12.0,0.4095823202514648,2026-09-01 13:32:53+00:00,0.2005527864992707,146.65,SPY,2026-09-18T11:09:27.324959-04:00,759.8699951171875
SPY261130C00622000,2026-11-30,call,622.0,142.6,146.49,154.99,0.0,1.0,0.40491317749023437,2026-09-03 15:09:32+00:00,0.2005527864992707,144.54500000000002,SPY,2026-09-18T11:09:27.324959-04:00,759.8699951171875
SPY261130C00625000,2026-11-30,call,625.0,139.69,143.71,143.07,1.0,1.0,0.40112903564453123,2026-09-14 15:45:15+00:00,0.2005527864992707,141.7,SPY,2026-09-18T11:09:27.324959-04:00,759.8699951171875
SPY261130C00630000,2026-11-30,call,630.0,135.21,138.66,136.24,2.0,5.0,0.38873902282714845,2026-09-14 13:30:01+00:00,0.2005527864992707,136.935,SPY,2026-09-18T11:09:27.324959-04:00,759.8699951171875
SPY261130C00635000,2026-11-30,call,635.0,130.24,133.82,125.42,1.0,3.0,0.37933970275878903,2026-09-16 18:59:55+00:00,0.2005527864992707,132.03,SPY,2026-09-18T11:09:27.324959-04:00,759.8699951171875
SPY261130C00640000,2026-11-30,call,640.0,125.25,128.93,136.2,1.0,164.0,0.3691774508666992,2026-09-04 18:36:54+00:00,0.2005527864992707,127.09,SPY,2026-09-18T11:09:27.324959-04:00,759.8699951171875
SPY261130C00645000,2026-11-30,call,645.0,129.7,133.22,114.62,1.0,16.0,0.467580397491455,2026-07-31 19:16:15+00:00,0.2005527864992707,131.45999999999998,SPY,2026-09-18T11:09:27.324959-04:00,759.8699951171875
SPY261130C00650000,2026-11-30,call,650.0,115.64,119.3,118.6,1.0,14.0,0.3506534661865234,2026-09-17 15:58:35+00:00,0.2005527864992707,117.47,SPY,2026-09-18T11:09:27.324959-04:00,759.8699951171875
SPY261130C00655000,2026-11-30,call,655.0,110.94,114.51,112.6,2.0,799.0,0.3415593188476562,2026-09-17 13:40:24+00:00,0.2005527864992707,112.725,SPY,2026-09-18T11:09:27.324959-04:00,759.8699951171875
SPY261130C00660000,2026-11-30,call,660.0,106.22,109.78,104.89,335.0,978.0,0.3330907756042481,2026-09-15 18:45:11+00:00,0.2005527864992707,108.0,SPY,2026-09-18T11:09:27.324959-04:00,759.8699951171875
SPY261130C00665000,2026-11-30,call,665.0,101.4,105.02,100.26,321.0,1606.0,0.324103438720703,2026-09-15 19:02:10+00:00,0.2005527864992707,103.21000000000001,SPY,2026-09-18T11:09:27.324959-04:00,759.8699951171875
SPY261130C00670000,2026-11-30,call,670.0,96.71,100.25,95.5,86.0,1377.0,0.31482618774414056,2026-09-15 18:45:11+00:00,0.2005527864992707,98.47999999999999,SPY,2026-09-18T11:09:27.324959-04:00,759.8699951171875
SPY261130C00672000,2026-11-30,call,672.0,100.95,104.14,95.99,2.0,1.0,0.373480386352539,2026-07-07 18:46:31+00:00,0.2005527864992707,102.545,SPY,2026-09-18T11:09:27.324959-04:00,759.8699951171875
SPY261130C00673000,2026-11-30,call,673.0,94.14,97.43,92.7,60.0,316.0,0.3096840272521973,2026-09-15 19:13:49+00:00,0.2005527864992707,95.785,SPY,2026-09-18T11:09:27.324959-04:00,759.8699951171875
SPY261130C00674000,2026-11-30,call,674.0,92.9,96.49,96.4,7.0,108.0,0.30795980133056633,2026-09-17 19:53:52+00:00,0.2005527864992707,94.695,SPY,2026-09-18T11:09:27.324959-04:00,759.8699951171875
SPY261130C00675000,2026-11-30,call,675.0,91.96,95.55,93.91,2.0,207.0,0.306220316772461,2026-09-17 13:40:17+00:00,0.2005527864992707,93.755,SPY,2026-09-18T11:09:27.324959-04:00,759.8699951171875
SPY261130C00676000,2026-11-30,call,676.0,91.37,94.49,102.32,16.0,30.0,0.3031075549316406,2026-08-20 14:52:28+00:00,0.2005527864992707,92.93,SPY,2026-09-18T11:09:27.324959-04:00,759.8699951171875
SPY261130C00677000,2026-11-30,call,677.0,93.89,97.25,76.73,0.0,1.0,0.34101000793457037,2026-06-09 16:38:16+00:00,0.2005527864992707,95.57,SPY,2026-09-18T11:09:27.324959-04:00,759.8699951171875
SPY261130C00678000,2026-11-30,call,678.0,89.06,92.68,99.25,1.0,127.0,0.30039151763916017,2026-09-03 14:07:51+00:00,0.2005527864992707,90.87,SPY,2026-09-18T11:09:27.324959-04:00,759.8699951171875
SPY261130C00679000,2026-11-30,call,679.0,88.2,91.73,83.94,4.0,110.0,0.2985147053527832,2026-09-16 20:08:06+00:00,0.2005527864992707,89.965,SPY,2026-09-18T11:09:27.324959-04:00,759.8699951171875
SPY261130C00680000,2026-11-30,call,680.0,87.73,90.86,89.93,1.0,94.0,0.2974923767089843,2026-09-17 13:33:28+00:00,0.2005527864992707,89.295,SPY,2026-09-18T11:09:27.324959-04:00,759.8699951171875
SPY261130C00681000,2026-11-30,call,681.0,88.07,89.92,88.14,2.0,32.0,0.29572237487792963,2026-09-16 18:10:00+00:00,0.2005527864992707,88.995,SPY,2026-09-18T11:09:27.324959-04:00,759.8699951171875
SPY261130C00682000,2026-11-30,call,682.0,87.08,88.99,94.15,8.0,58.0,0.294028666229248,2026-08-20 18:05:45+00:00,0.2005527864992707,88.035,SPY,2026-09-18T11:09:27.324959-04:00,759.8699951171875
SPY261130C00683000,2026-11-30,call,683.0,86.2,88.05,92.5,4.0,40.0,0.2922128884887695,2026-08-25 14:50:36+00:00,0.2005527864992707,87.125,SPY,2026-09-18T11:09:27.324959-04:00,759.8699951171875
SPY261130C00684000,2026-11-30,call,684.0,85.23,87.12,94.14,56.0,109.0,0.29050392120361324,2026-08-20 17:05:24+00:00,0.2005527864992707,86.17500000000001,SPY,2026-09-18T11:09:27.324959-04:00,759.8699951171875
SPY261130C00685000,2026-11-30,call,685.0,84.35,86.19,76.61,6.0,28.0,0.288794953918457,2026-09-16 19:37:33+00:00,0.2005527864992707,85.27,SPY,2026-09-18T11:09:27.324959-04:00,759.8699951171875
SPY261130C00686000,2026-11-30,call,686.0,83.35,85.26,92.47,4.0,54.0,0.28707072799682615,2026-08-20 14:35:22+00:00,0.2005527864992707,84.305,SPY,2026-09-18T11:09:27.324959-04:00,759.8699951171875
SPY261130C00687000,2026-11-30,call,687.0,82.49,84.33,93.54,19.0,39.0,0.2853465020751953,2026-08-19 19:52:12+00:00,0.2005527864992707,83.41,SPY,2026-09-18T11:09:27.324959-04:00,759.8699951171875
SPY261130C00688000,2026-11-30,call,688.0,81.54,83.4,82.79,1.0,33.0,0.28359175888061516,2026-09-17 19:09:25+00:00,0.2005527864992707,82.47,SPY,2026-09-18T11:09:27.324959-04:00,759.8699951171875
SPY261130C00689000,2026-11-30,call,689.0,80.59,82.47,89.79,14.0,296.0,0.28183701568603514,2026-08-20 16:52:45+00:00,0.2005527864992707,81.53,SPY,2026-09-18T11:09:27.324959-04:00,759.8699951171875
SPY261130C00690000,2026-11-30,call,690.0,79.67,81.55,79.88,2.0,83.0,0.28018908294677725,2026-09-16 18:09:48+00:00,0.2005527864992707,80.61,SPY,2026-09-18T11:09:27.324959-04:00,759.8699951171875
SPY261130C00691000,2026-11-30,call,691.0,78.79,79.16,77.97,10.0,51.0,0.26317570327758794,2026-09-10 15:12:03+00:00,0.2005527864992707,78.975,SPY,2026-09-18T11:09:27.324959-04:00,759.8699951171875
SPY261130C00692000,2026-11-30,call,692.0,76.1,78.16,90.51,4.0,5.0,0.260749580078125,2026-08-19 14:21:39+00:00,0.2005527864992707,77.13,SPY,2026-09-18T11:09:27.324959-04:00,759.8699951171875
SPY261130C00693000,2026-11-30,call,693.0,76.92,78.78,83.68,124.0,196.0,0.27503166381835936,2026-08-20 18:16:14+00:00,0.2005527864992707,77.85,SPY,2026-09-18T11:09:27.324959-04:00,759.8699951171875
SPY261130C00694000,2026-11-30,call,694.0,76.08,77.86,83.53,4.0,14.0,0.27332269653320307,2026-08-26 19:59:30+00:00,0.2005527864992707,76.97,SPY,2026-09-18T11:09:27.324959-04:00,759.8699951171875
SPY261130C00695000,2026-11-30,call,695.0,75.05,76.94,74.98,1.0,16.0,0.27161372924804683,2026-09-14 14:21:42+00:00,0.2005527864992707,75.995,SPY,2026-09-18T11:09:27.324959-04:00,759.8699951171875
SPY261130C00696000,2026-11-30,call,696.0,74.25,74.56,80.14,3.0,102.0,0.2551191432189942,2026-08-24 14:42:25+00:00,0.2005527864992707,74.405,SPY,2026-09-18T11:09:27.324959-04:00,759.8699951171875
SPY261130C00697000,2026-11-30,call,697.0,73.24,75.11,90.26,10.0,20.0,0.2682415705871582,2026-08-07 19:35:15+00:00,0.2005527864992707,74.175,SPY,2026-09-18T11:09:27.324959-04:00,759.8699951171875
SPY261130C00698000,2026-11-30,call,698.0,72.35,72.72,81.58,13.0,13.0,0.25180801910400386,2026-08-20 15:34:18+00:00,0.2005527864992707,72.535,SPY,2026-09-18T11:09:27.324959-04:00,759.8699951171875
SPY261130C00699000,2026-11-30,call,699.0,71.47,73.29,90.15,125.0,126.0,0.2649304464721679,2026-08-17 13:33:55+00:00,0.2005527864992707,72.38,SPY,2026-09-18T11:09:27.324959-04:00,759.8699951171875
SPY261130C00700000,2026-11-30,call,700.0,69.5,70.9,71.05,11.0,326.0,0.2486647399902344,2026-09-17 16:20:00+00:00,0.2005527864992707,70.2,SPY,2026-09-18T11:09:27.324959-04:00,759.8699951171875
SPY261130C00701000,2026-11-30,call,701.0,69.62,71.47,79.72,3.0,18.0,0.26155828781127927,2026-08-20 13:48:51+00:00,0.2005527864992707,70.545,SPY,2026-09-18T11:09:27.324959-04:00,759.8699951171875
SPY261130C00702000,2026-11-30,call,702.0,67.68,69.08,84.69,24.0,24.0,0.2454451676940918,2026-08-07 16:30:45+00:00,0.2005527864992707,68.38,SPY,2026-09-18T11:09:27.324959-04:00,759.8699951171875
SPY261130C00703000,2026-11-30,call,703.0,67.82,69.66,75.95,13.0,23.0,0.25823190505981447,2026-08-20 17:34:49+00:00,0.2005527864992707,68.74,SPY,2026-09-18T11:09:27.324959-04:00,759.8699951171875
SPY261130C00704000,2026-11-30,call,704.0,66.94,67.28,78.88,1.0,11.0,0.2423781817626953,2026-08-18 14:10:30+00:00,0.2005527864992707,67.11,SPY,2026-09-18T11:09:27.324959-04:00,759.8699951171875
SPY261130C00705000,2026-11-30,call,705.0,66.02,66.29,59.04,1.0,278.0,0.23993679992675776,2026-09-16 19:19:15+00:00,0.2005527864992707,66.155,SPY,2026-09-18T11:09:27.324959-04:00,759.8699951171875
SPY261130C00706000,2026-11-30,call,706.0,65.13,66.96,82.53,34.0,40.0,0.2532728482055664,2026-08-07 19:24:55+00:00,0.2005527864992707,66.04499999999999,SPY,2026-09-18T11:09:27.324959-04:00,759.8699951171875
SPY261130C00707000,2026-11-30,call,707.0,62.44,64.57,78.02,43.0,42.0,0.2375564526367187,2026-08-19 14:50:21+00:00,0.2005527864992707,63.504999999999995,SPY,2026-09-18T11:09:27.324959-04:00,759.8699951171875
SPY261130C00708000,2026-11-30,call,708.0,63.27,64.94,69.75,4.0,12.0,0.2478712908935547,2026-08-31 18:38:25+00:00,0.2005527864992707,64.105,SPY,2026-09-18T11:09:27.324959-04:00,759.8699951171875
SPY261130C00709000,2026-11-30,call,709.0,62.46,64.28,64.51,1.0,21.0,0.24839008453369144,2026-09-14 15:57:20+00:00,0.2005527864992707,63.370000000000005,SPY,2026-09-18T11:09:27.324959-04:00,759.8699951171875
SPY261130C00710000,2026-11-30,call,710.0,61.58,63.39,60.14,4.0,158.0,0.2467574104309082,2026-09-10 14:20:35+00:00,0.2005527864992707,62.485,SPY,2026-09-18T11:09:27.324959-04:00,759.8699951171875
SPY261130C00711000,2026-11-30,call,711.0,60.65,60.93,60.16,5.0,14.0,0.2306595489501953,2026-09-10 19:57:59+00:00,0.2005527864992707,60.79,SPY,2026-09-18T11:09:27.324959-04:00,759.8699951171875
SPY261130C00712000,2026-11-30,call,712.0,59.8,61.62,77.86,4.0,30.0,0.24353783813476562,2026-08-17 13:58:55+00:00,0.2005527864992707,60.709999999999994,SPY,2026-09-18T11:09:27.324959-04:00,759.8699951171875
SPY261130C00713000,2026-11-30,call,713.0,58.91,60.74,60.04,1.0,26.0,0.24193568130493165,2026-09-17 13:31:58+00:00,0.2005527864992707,59.825,SPY,2026-09-18T11:09:27.324959-04:00,759.8699951171875
SPY261130C00714000,2026-11-30,call,714.0,58.02,58.27,73.26,10.0,10.0,0.2259751475524902,2026-08-06 13:40:04+00:00,0.2005527864992707,58.145,SPY,2026-09-18T11:09:27.324959-04:00,759.8699951171875
SPY261130C00715000,2026-11-30,call,715.0,57.17,58.98,56.1,2.0,154.0,0.23870085037231442,2026-09-16 13:48:03+00:00,0.2005527864992707,58.075,SPY,2026-09-18T11:09:27.324959-04:00,759.8699951171875
SPY261130C00716000,2026-11-30,call,716.0,56.24,58.1,65.58,1.0,155.0,0.23706817626953125,2026-09-04 19:04:39+00:00,0.2005527864992707,57.17,SPY,2026-09-18T11:09:27.324959-04:00,759.8699951171875
SPY261130C00717000,2026-11-30,call,717.0,55.4,55.74,62.36,2.0,84.0,0.22229781616210934,2026-08-31 13:43:35+00:00,0.2005527864992707,55.57,SPY,2026-09-18T11:09:27.324959-04:00,759.8699951171875
SPY261130C00718000,2026-11-30,call,718.0,54.56,54.88,47.94,1.0,59.0,0.22087876296997067,2026-09-16 19:21:59+00:00,0.2005527864992707,54.72,SPY,2026-09-18T11:09:27.324959-04:00,759.8699951171875
SPY261130C00719000,2026-11-30,call,719.0,53.69,55.5,54.34,4.0,16.0,0.23236851623535154,2026-09-14 14:17:27+00:00,0.2005527864992707,54.595,SPY,2026-09-18T11:09:27.324959-04:00,759.8699951171875
SPY261130C00720000,2026-11-30,call,720.0,52.76,54.63,53.68,6.0,403.0,0.23073584213256837,2026-09-14 13:53:38+00:00,0.2005527864992707,53.695,SPY,2026-09-18T11:09:27.324959-04:00,759.8699951171875
SPY261130C00721000,2026-11-30,call,721.0,51.97,53.77,52.95,1.0,22.0,0.2291794612121582,2026-09-17 13:35:54+00:00,0.2005527864992707,52.870000000000005,SPY,2026-09-18T11:09:27.324959-04:00,759.8699951171875
SPY261130C00722000,2026-11-30,call,722.0,51.03,52.91,52.11,1.0,25.0,0.22759256301879882,2026-09-17 13:35:54+00:00,0.2005527864992707,51.97,SPY,2026-09-18T11:09:27.324959-04:00,759.8699951171875
SPY261130C00723000,2026-11-30,call,723.0,50.21,50.44,62.78,1.0,1.0,0.2122423747253418,2026-09-03 16:12:59+00:00,0.2005527864992707,50.325,SPY,2026-09-18T11:09:27.324959-04:00,759.8699951171875
SPY261130C00724000,2026-11-30,call,724.0,49.42,51.21,49.23,4.0,175.0,0.22452557708740228,2026-09-10 19:57:59+00:00,0.2005527864992707,50.315,SPY,2026-09-18T11:09:27.324959-04:00,759.8699951171875
SPY261130C00725000,2026-11-30,call,725.0,48.54,50.36,48.44,11.0,243.0,0.22296919616699218,2026-09-10 19:44:50+00:00,0.2005527864992707,49.45,SPY,2026-09-18T11:09:27.324959-04:00,759.8699951171875
SPY261130C00726000,2026-11-30,call,726.0,47.74,47.99,57.55,1.0,213.0,0.20862607788085932,2026-09-04 17:19:30+00:00,0.2005527864992707,47.865,SPY,2026-09-18T11:09:27.324959-04:00,759.8699951171875
SPY261130C00727000,2026-11-30,call,727.0,45.55,47.17,53.86,6.0,9.0,0.20734435241699217,2026-08-31 13:43:33+00:00,0.2005527864992707,46.36,SPY,2026-09-18T11:09:27.324959-04:00,759.8699951171875
SPY261130C00728000,2026-11-30,call,728.0,46.01,46.34,45.64,1.0,227.0,0.2059558164978027,2026-09-16 17:01:14+00:00,0.2005527864992707,46.175,SPY,2026-09-18T11:09:27.324959-04:00,759.8699951171875
SPY261130C00729000,2026-11-30,call,729.0,45.16,45.37,45.25,1.0,29.0,0.20337710693359373,2026-09-02 17:24:39+00:00,0.2005527864992707,45.265,SPY,2026-09-18T11:09:27.324959-04:00,759.8699951171875
SPY261130C00730000,2026-11-30,call,730.0,44.38,44.63,44.51,2.0,662.0,0.2026752096557617,2026-09-18 14:10:13+00:00,0.2005527864992707,44.505,SPY,2026-09-18T11:09:27.324959-04:00,759.8699951171875
SPY261130C00731000,2026-11-30,call,731.0,43.53,45.35,42.39,57.0,75.0,0.2138445315551758,2026-09-16 18:47:01+00:00,0.2005527864992707,44.44,SPY,2026-09-18T11:09:27.324959-04:00,759.8699951171875
SPY261130C00732000,2026-11-30,call,732.0,40.98,43.02,40.34,30.0,351.0,0.20011175872802733,2026-09-16 18:36:46+00:00,0.2005527864992707,42.0,SPY,2026-09-18T11:09:27.324959-04:00,759.8699951171875
SPY261130C00733000,2026-11-30,call,733.0,40.38,42.2,48.35,3.0,205.0,0.19867744689941402,2026-08-31 18:56:20+00:00,0.2005527864992707,41.290000000000006,SPY,2026-09-18T11:09:27.324959-04:00,759.8699951171875
SPY261130C00734000,2026-11-30,call,734.0,39.47,41.39,46.19,1.0,47.0,0.19727365234375,2026-09-11 15:23:37+00:00,0.2005527864992707,40.43,SPY,2026-09-18T11:09:27.324959-04:00,759.8699951171875
SPY261130C00735000,2026-11-30,call,735.0,40.26,40.46,40.12,3.0,880.0,0.19489330505371094,2026-09-16 17:39:38+00:00,0.2005527864992707,40.36,SPY,2026-09-18T11:09:27.324959-04:00,759.8699951171875
SPY261130C00736000,2026-11-30,call,736.0,39.42,41.29,47.0,20.0,276.0,0.20645935150146477,2026-08-25 14:56:07+00:00,0.2005527864992707,40.355000000000004,SPY,2026-09-18T11:09:27.324959-04:00,759.8699951171875
SPY261130C00737000,2026-11-30,call,737.0,38.62,39.99,36.65,2.0,353.0,0.2010577941894531,2026-09-15 18:16:52+00:00,0.2005527864992707,39.305,SPY,2026-09-18T11:09:27.324959-04:00,759.8699951171875
SPY261130C00738000,2026-11-30,call,738.0,36.84,38.16,32.11,1.0,85.0,0.19149062911987308,2026-09-16 19:30:48+00:00,0.2005527864992707,37.5,SPY,2026-09-18T11:09:27.324959-04:00,759.8699951171875
SPY261130C00739000,2026-11-30,call,739.0,37.09,38.9,44.65,164.0,97.0,0.20206486419677733,2026-08-25 14:55:45+00:00,0.2005527864992707,37.995000000000005,SPY,2026-09-18T11:09:27.324959-04:00,759.8699951171875
SPY261130C00740000,2026-11-30,call,740.0,36.23,36.54,36.0,1.0,622.0,0.1883778672790527,2026-09-18 14:02:46+00:00,0.2005527864992707,36.385,SPY,2026-09-18T11:09:27.324959-04:00,759.8699951171875
SPY261130C00741000,2026-11-30,call,741.0,33.99,36.91,36.95,9.0,164.0,0.1959156336975098,2026-09-17 18:27:17+00:00,0.2005527864992707,35.45,SPY,2026-09-18T11:09:27.324959-04:00,759.8699951171875
SPY261130C00742000,2026-11-30,call,742.0,34.68,36.57,38.77,3.0,105.0,0.1978534805297852,2026-09-11 19:51:57+00:00,0.2005527864992707,35.625,SPY,2026-09-18T11:09:27.324959-04:00,759.8699951171875
SPY261130C00743000,2026-11-30,call,743.0,33.98,34.25,35.07,4.0,255.0,0.18454794952392578,2026-09-17 16:14:59+00:00,0.2005527864992707,34.114999999999995,SPY,2026-09-18T11:09:27.324959-04:00,759.8699951171875
SPY261130C00744000,2026-11-30,call,744.0,33.19,33.46,33.48,5.0,511.0,0.1829915686035156,2026-09-17 14:51:16+00:00,0.2005527864992707,33.325,SPY,2026-09-18T11:09:27.324959-04:00,759.8699951171875
SPY261130C00745000,2026-11-30,call,745.0,32.44,32.71,32.22,12.0,606.0,0.18170984313964844,2026-09-18 14:24:36+00:00,0.2005527864992707,32.575,SPY,2026-09-18T11:09:27.324959-04:00,759.8699951171875
SPY261130C00746000,2026-11-30,call,746.0,31.7,31.97,32.67,2.0,509.0,0.1804738935852051,2026-09-17 16:12:48+00:00,0.2005527864992707,31.835,SPY,2026-09-18T11:09:27.324959-04:00,759.8699951171875
SPY261130C00747000,2026-11-30,call,747.0,30.91,31.19,32.04,4.0,710.0,0.17888699539184572,2026-09-17 20:13:40+00:00,0.2005527864992707,31.05,SPY,2026-09-18T11:09:27.324959-04:00,759.8699951171875
SPY261130C00748000,2026-11-30,call,748.0,30.21,30.48,30.08,9.0,96.0,0.17780363220214845,2026-09-14 15:15:08+00:00,0.2005527864992707,30.345,SPY,2026-09-18T11:09:27.324959-04:00,759.8699951171875
SPY261130C00749000,2026-11-30,call,749.0,29.45,29.61,30.82,2.0,152.0,0.17546906082153318,2026-09-17 18:15:02+00:00,0.2005527864992707,29.53,SPY,2026-09-18T11:09:27.324959-04:00,759.8699951171875
SPY261130C00750000,2026-11-30,call,750.0,28.74,29.0,28.39,404.0,773.0,0.17504181900024413,2026-09-18 14:34:18+00:00,0.2005527864992707,28.869999999999997,SPY,2026-09-18T11:09:27.324959-04:00,759.8699951171875
SPY261130C00751000,2026-11-30,call,751.0,28.0,28.16,29.59,3.0,214.0,0.17285983398437502,2026-09-17 19:54:40+00:00,0.2005527864992707,28.08,SPY,2026-09-18T11:09:27.324959-04:00,759.8699951171875
SPY261130C00752000,2026-11-30,call,752.0,27.29,27.56,22.64,411.0,188.0,0.17241733352661137,2026-09-16 19:15:39+00:00,0.2005527864992707,27.424999999999997,SPY,2026-09-18T11:09:27.324959-04:00,759.8699951171875
SPY261130C00753000,2026-11-30,call,753.0,26.59,26.86,27.61,2.0,278.0,0.1711966426086426,2026-09-17 17:54:05+00:00,0.2005527864992707,26.725,SPY,2026-09-18T11:09:27.324959-04:00,759.8699951171875
SPY261130C00754000,2026-11-30,call,754.0,25.88,26.13,27.43,5.0,133.0,0.16970129623413088,2026-09-17 19:54:40+00:00,0.2005527864992707,26.005,SPY,2026-09-18T11:09:27.324959-04:00,759.8699951171875
SPY261130C00755000,2026-11-30,call,755.0,25.17,25.43,26.5,23.0,341.0,0.16838905349731448,2026-09-17 19:10:34+00:00,0.2005527864992707,25.3,SPY,2026-09-18T11:09:27.324959-04:00,759.8699951171875
SPY261130C00756000,2026-11-30,call,756.0,24.51,24.63,24.73,8.0,362.0,0.1662833616638184,2026-09-17 13:58:38+00:00,0.2005527864992707,24.57,SPY,2026-09-18T11:09:27.324959-04:00,759.8699951171875
SPY261130C00757000,2026-11-30,call,757.0,23.82,24.1,24.86,255.0,190.0,0.16613077529907233,2026-09-17 16:27:17+00:00,0.2005527864992707,23.96,SPY,2026-09-18T11:09:27.324959-04:00,759.8699951171875
SPY261130C00758000,2026-11-30,call,758.0,23.15,23.27,24.44,1.0,2189.0,0.163719910736084,2026-09-18 13:31:57+00:00,0.2005527864992707,23.21,SPY,2026-09-18T11:09:27.324959-04:00,759.8699951171875
SPY261130C00759000,2026-11-30,call,759.0,22.47,22.73,22.4,19.0,126.0,0.16339947937011723,2026-09-18 14:24:43+00:00,0.2005527864992707,22.6,SPY,2026-09-18T11:09:27.324959-04:00,759.8699951171875
SPY261130C00760000,2026-11-30,call,760.0,21.86,22.0,21.85,328.0,2491.0,0.16161421890258787,2026-09-18 14:52:37+00:00,0.2005527864992707,21.93,SPY,2026-09-18T11:09:27.324959-04:00,759.8699951171875
SPY261130C00761000,2026-11-30,call,761.0,21.22,21.35,21.3,78.0,292.0,0.16037826934814453,2026-09-18 14:10:16+00:00,0.2005527864992707,21.285,SPY,2026-09-18T11:09:27.324959-04:00,759.8699951171875
SPY261130C00762000,2026-11-30,call,762.0,20.61,20.65,20.33,11.0,599.0,0.15873033660888675,2026-09-18 14:16:18+00:00,0.2005527864992707,20.63,SPY,2026-09-18T11:09:27.324959-04:00,759.8699951171875
SPY261130C00763000,2026-11-30,call,763.0,20.0,20.09,20.0,6.0,869.0,0.15804369796752932,2026-09-18 14:13:14+00:00,0.2005527864992707,20.045,SPY,2026-09-18T11:09:27.324959-04:00,759.8699951171875
SPY261130C00764000,2026-11-30,call,764.0,19.34,19.42,19.16,16.0,416.0,0.15650257568359377,2026-09-18 14:25:03+00:00,0.2005527864992707,19.380000000000003,SPY,2026-09-18T11:09:27.324959-04:00,759.8699951171875
SPY261130C00765000,2026-11-30,call,765.0,18.76,18.83,18.38,32.0,737.0,0.1554802470397949,2026-09-18 14:43:52+00:00,0.2005527864992707,18.795,SPY,2026-09-18T11:09:27.324959-04:00,759.8699951171875
SPY261130C00766000,2026-11-30,call,766.0,18.13,18.2,19.13,67.0,189.0,0.15412222839355472,2026-09-17 19:28:53+00:00,0.2005527864992707,18.165,SPY,2026-09-18T11:09:27.324959-04:00,759.8699951171875
SPY261130C00767000,2026-11-30,call,767.0,17.58,17.65,17.38,14.0,308.0,0.1532830033874512,2026-09-18 14:50:00+00:00,0.2005527864992707,17.615,SPY,2026-09-18T11:09:27.324959-04:00,759.8699951171875
SPY261130C00768000,2026-11-30,call,768.0,16.98,17.06,16.76,3.0,538.0,0.15209282974243166,2026-09-18 14:47:22+00:00,0.2005527864992707,17.02,SPY,2026-09-18T11:09:27.324959-04:00,759.8699951171875
SPY261130C00769000,2026-11-30,call,769.0,16.43,16.52,16.13,1.0,392.0,0.1512078288269043,2026-09-18 14:05:13+00:00,0.2005527864992707,16.475,SPY,2026-09-18T11:09:27.324959-04:00,759.8699951171875
SPY261130C00770000,2026-11-30,call,770.0,15.83,15.9,15.65,11.0,1436.0,0.14968196517944338,2026-09-18 14:41:21+00:00,0.2005527864992707,15.865,SPY,2026-09-18T11:09:27.324959-04:00,759.8699951171875
SPY261130C00771000,2026-11-30,call,771.0,15.29,15.36,15.07,2.0,552.0,0.14867489517211913,2026-09-18 14:48:37+00:00,0.2005527864992707,15.325,SPY,2026-09-18T11:09:27.324959-04:00,759.8699951171875
SPY261130C00772000,2026-11-30,call,772.0,14.79,14.86,15.6,284.0,726.0,0.1479119633483887,2026-09-17 16:58:49+00:00,0.2005527864992707,14.825,SPY,2026-09-18T11:09:27.324959-04:00,759.8699951171875
SPY261130C00773000,2026-11-30,call,773.0,14.22,14.28,15.2,32.0,863.0,0.14647765151977538,2026-09-17 18:18:24+00:00,0.2005527864992707,14.25,SPY,2026-09-18T11:09:27.324959-04:00,759.8699951171875
SPY261130C00774000,2026-11-30,call,774.0,13.69,13.76,13.68,1.0,341.0,0.14542480560302734,2026-09-18 14:13:22+00:00,0.2005527864992707,13.725,SPY,2026-09-18T11:09:27.324959-04:00,759.8699951171875
SPY261130C00775000,2026-11-30,call,775.0,13.2,13.25,13.87,3.0,706.0,0.14438721832275392,2026-09-18 13:31:39+00:00,0.2005527864992707,13.225,SPY,2026-09-18T11:09:27.324959-04:00,759.8699951171875
SPY261130C00776000,2026-11-30,call,776.0,12.71,12.78,13.87,5.0,148.0,0.1435937692260742,2026-09-17 19:53:31+00:00,0.2005527864992707,12.745000000000001,SPY,2026-09-18T11:09:27.324959-04:00,759.8699951171875
SPY261130C00777000,2026-11-30,call,777.0,12.23,12.29,13.36,5.0,352.0,0.14255618194580078,2026-09-17 19:53:31+00:00,0.2005527864992707,12.26,SPY,2026-09-18T11:09:27.324959-04:00,759.8699951171875
SPY261130C00778000,2026-11-30,call,778.0,11.78,11.83,11.25,1.0,530.0,0.14170169830322266,2026-09-15 18:37:56+00:00,0.2005527864992707,11.805,SPY,2026-09-18T11:09:27.324959-04:00,759.8699951171875
SPY261130C00779000,2026-11-30,call,779.0,11.3,11.37,12.13,81.0,922.0,0.14077092147827147,2026-09-17 16:05:06+00:00,0.2005527864992707,11.335,SPY,2026-09-18T11:09:27.324959-04:00,759.8699951171875
SPY261130C00780000,2026-11-30,call,780.0,10.86,10.91,10.75,766.0,4176.0,0.13976385147094728,2026-09-18 14:41:15+00:00,0.2005527864992707,10.885,SPY,2026-09-18T11:09:27.324959-04:00,759.8699951171875
SPY261130C00781000,2026-11-30,call,781.0,10.43,10.49,10.73,1.0,668.0,0.13900091964721684,2026-09-17 13:37:12+00:00,0.2005527864992707,10.46,SPY,2026-09-18T11:09:27.324959-04:00,759.8699951171875
SPY261130C00782000,2026-11-30,call,782.0,9.99,10.06,10.63,4.0,360.0,0.13807014282226562,2026-09-17 16:58:49+00:00,0.2005527864992707,10.025,SPY,2026-09-18T11:09:27.324959-04:00,759.8699951171875
SPY261130C00783000,2026-11-30,call,783.0,9.6,9.67,10.38,1.0,246.0,0.13741402145385745,2026-09-17 18:18:24+00:00,0.2005527864992707,9.635,SPY,2026-09-18T11:09:27.324959-04:00,759.8699951171875
SPY261130C00784000,2026-11-30,call,784.0,9.19,9.25,7.11,2.0,60.0,0.1364222100830078,2026-09-16 19:10:49+00:00,0.2005527864992707,9.219999999999999,SPY,2026-09-18T11:09:27.324959-04:00,759.8699951171875
SPY261130C00785000,2026-11-30,call,785.0,8.79,8.86,8.59,2.0,831.0,0.13559824371337892,2026-09-18 14:44:42+00:00,0.2005527864992707,8.825,SPY,2026-09-18T11:09:27.324959-04:00,759.8699951171875
SPY261130C00786000,2026-11-30,call,786.0,8.43,8.49,8.34,10.0,104.0,0.1348658291625977,2026-09-18 14:08:12+00:00,0.2005527864992707,8.46,SPY,2026-09-18T11:09:27.324959-04:00,759.8699951171875
SPY261130C00787000,2026-11-30,call,787.0,8.08,8.14,7.91,1.0,27.0,0.13422496643066406,2026-09-15 15:35:06+00:00,0.2005527864992707,8.11,SPY,2026-09-18T11:09:27.324959-04:00,759.8699951171875
SPY261130C00788000,2026-11-30,call,788.0,7.7,7.76,6.47,36.0,95.0,0.13326367233276365,2026-09-16 19:59:45+00:00,0.2005527864992707,7.73,SPY,2026-09-18T11:09:27.324959-04:00,759.8699951171875
SPY261130C00789000,2026-11-30,call,789.0,7.38,7.43,7.99,2.0,962.0,0.1326380682373047,2026-09-17 16:54:36+00:00,0.2005527864992707,7.404999999999999,SPY,2026-09-18T11:09:27.324959-04:00,759.8699951171875
SPY261130C00790000,2026-11-30,call,790.0,7.04,7.09,7.45,2.0,1410.0,0.131844619140625,2026-09-18 13:49:31+00:00,0.2005527864992707,7.0649999999999995,SPY,2026-09-18T11:09:27.324959-04:00,759.8699951171875
SPY261130C00791000,2026-11-30,call,791.0,6.72,6.78,7.3,2.0,16.0,0.1312495323181152,2026-09-17 19:59:53+00:00,0.2005527864992707,6.75,SPY,2026-09-18T11:09:27.324959-04:00,759.8699951171875
SPY261130C00792000,2026-11-30,call,792.0,6.44,6.5,6.66,1.0,23.0,0.13083754913330076,2026-09-17 13:55:33+00:00,0.2005527864992707,6.470000000000001,SPY,2026-09-18T11:09:27.324959-04:00,759.8699951171875
SPY261130C00793000,2026-11-30,call,793.0,6.12,6.18,6.74,2.0,463.0,0.12999832412719725,2026-09-17 16:44:36+00:00,0.2005527864992707,6.15,SPY,2026-09-18T11:09:27.324959-04:00,759.8699951171875
SPY261130C00794000,2026-11-30,call,794.0,5.85,5.9,4.81,68.0,105.0,0.12943375457763673,2026-09-16 20:01:48+00:00,0.2005527864992707,5.875,SPY,2026-09-18T11:09:27.324959-04:00,759.8699951171875
SPY261130C00795000,2026-11-30,call,795.0,5.6,5.63,5.52,9.0,579.0,0.12888444366455076,2026-09-18 14:51:13+00:00,0.2005527864992707,5.615,SPY,2026-09-18T11:09:27.324959-04:00,759.8699951171875
SPY261130C00796000,2026-11-30,call,796.0,5.31,5.34,5.71,6.0,154.0,0.12806047729492187,2026-09-17 14:22:19+00:00,0.2005527864992707,5.324999999999999,SPY,2026-09-18T11:09:27.324959-04:00,759.8699951171875
SPY261130C00797000,2026-11-30,call,797.0,5.06,5.09,5.53,1.0,215.0,0.1275416836547852,2026-09-17 20:00:01+00:00,0.2005527864992707,5.074999999999999,SPY,2026-09-18T11:09:27.324959-04:00,759.8699951171875
SPY261130C00798000,2026-11-30,call,798.0,4.82,4.85,4.86,2.0,2.0,0.12705340728759767,2026-09-18 14:24:05+00:00,0.2005527864992707,4.835,SPY,2026-09-18T11:09:27.324959-04:00,759.8699951171875
SPY261130C00799000,2026-11-30,call,799.0,4.59,4.62,5.12,5.0,17.0,0.12659564819335936,2026-09-17 19:49:22+00:00,0.2005527864992707,4.605,SPY,2026-09-18T11:09:27.324959-04:00,759.8699951171875
SPY261130C00800000,2026-11-30,call,800.0,4.36,4.38,4.37,6.0,2276.0,0.12592426818847657,2026-09-18 14:25:34+00:00,0.2005527864992707,4.37,SPY,2026-09-18T11:09:27.324959-04:00,759.8699951171875
SPY261130C00801000,2026-11-30,call,801.0,4.16,4.19,4.12,4.0,145.0,0.12574116455078127,2026-09-18 13:41:33+00:00,0.2005527864992707,4.175000000000001,SPY,2026-09-18T11:09:27.324959-04:00,759.8699951171875
SPY261130C00802000,2026-11-30,call,802.0,3.93,3.96,3.92,3.0,22.0,0.12500875,2026-09-17 20:00:01+00:00,0.2005527864992707,3.9450000000000003,SPY,2026-09-18T11:09:27.324959-04:00,759.8699951171875
SPY261130C00803000,2026-11-30,call,803.0,3.75,3.78,3.79,1.0,30.0,0.12476461181640625,2026-09-18 14:24:05+00:00,0.2005527864992707,3.7649999999999997,SPY,2026-09-18T11:09:27.324959-04:00,759.8699951171875
SPY261130C00804000,2026-11-30,call,804.0,3.56,3.59,4.02,8.0,40.0,0.1243373699951172,2026-09-17 19:49:22+00:00,0.2005527864992707,3.575,SPY,2026-09-18T11:09:27.324959-04:00,759.8699951171875
SPY261130C00805000,2026-11-30,call,805.0,3.39,3.41,3.32,3.0,251.0,0.12394064544677735,2026-09-18 14:37:32+00:00,0.2005527864992707,3.4000000000000004,SPY,2026-09-18T11:09:27.324959-04:00,759.8699951171875
SPY261130C00806000,2026-11-30,call,806.0,3.21,3.24,3.37,2.0,20635.0,0.12360495544433595,2026-09-18 13:56:01+00:00,0.2005527864992707,3.225,SPY,2026-09-18T11:09:27.324959-04:00,759.8699951171875
SPY261130C00807000,2026-11-30,call,807.0,3.04,3.07,3.4,3.0,530.0,0.12316245498657227,2026-09-17 16:54:35+00:00,0.2005527864992707,3.0549999999999997,SPY,2026-09-18T11:09:27.324959-04:00,759.8699951171875
SPY261130C00808000,2026-11-30,call,808.0,2.88,2.9,3.23,2.0,881.0,0.12264366134643556,2026-09-17 19:25:31+00:00,0.2005527864992707,2.8899999999999997,SPY,2026-09-18T11:09:27.324959-04:00,759.8699951171875
SPY261130C00809000,2026-11-30,call,809.0,2.73,2.76,2.84,1.0,123.0,0.12244529907226565,2026-09-18 14:01:17+00:00,0.2005527864992707,2.745,SPY,2026-09-18T11:09:27.324959-04:00,759.8699951171875
SPY261130C00810000,2026-11-30,call,810.0,2.61,2.62,2.89,22.0,601.0,0.12217064361572266,2026-09-17 19:59:53+00:00,0.2005527864992707,2.615,SPY,2026-09-18T11:09:27.324959-04:00,759.8699951171875
SPY261130C00811000,2026-11-30,call,811.0,2.46,2.49,2.79,23.0,185.0,0.12195702270507813,2026-09-17 18:30:52+00:00,0.2005527864992707,2.475,SPY,2026-09-18T11:09:27.324959-04:00,759.8699951171875
SPY261130C00812000,2026-11-30,call,812.0,2.33,2.35,1.9,285.0,444.0,0.12149926361083985,2026-09-16 18:56:07+00:00,0.2005527864992707,2.34,SPY,2026-09-18T11:09:27.324959-04:00,759.8699951171875
SPY261130C00813000,2026-11-30,call,813.0,2.21,2.24,2.34,2.0,12.0,0.1214382290649414,2026-09-17 13:43:13+00:00,0.2005527864992707,2.225,SPY,2026-09-18T11:09:27.324959-04:00,759.8699951171875
SPY261130C00814000,2026-11-30,call,814.0,2.09,2.11,2.31,4.0,15.0,0.12098046997070314,2026-09-17 17:51:00+00:00,0.2005527864992707,2.0999999999999996,SPY,2026-09-18T11:09:27.324959-04:00,759.8699951171875
SPY261130C00815000,2026-11-30,call,815.0,1.98,2.0,2.18,297.0,311.0,0.1207668490600586,2026-09-18 13:44:33+00:00,0.2005527864992707,1.99,SPY,2026-09-18T11:09:27.324959-04:00,759.8699951171875
SPY261130C00816000,2026-11-30,call,816.0,1.88,1.89,1.86,2.0,25.0,0.12049219360351562,2026-09-18 14:36:06+00:00,0.2005527864992707,1.8849999999999998,SPY,2026-09-18T11:09:27.324959-04:00,759.8699951171875
SPY261130C00817000,2026-11-30,call,817.0,1.78,1.8,1.95,2.0,134.0,0.1204616763305664,2026-09-17 15:28:38+00:00,0.2005527864992707,1.79,SPY,2026-09-18T11:09:27.324959-04:00,759.8699951171875
SPY261130C00818000,2026-11-30,call,818.0,1.68,1.7,1.34,15.0,17.0,0.12018702087402343,2026-09-16 19:52:20+00:00,0.2005527864992707,1.69,SPY,2026-09-18T11:09:27.324959-04:00,759.8699951171875
SPY261130C00819000,2026-11-30,call,819.0,1.59,1.61,1.74,2.0,353.0,0.12000391723632811,2026-09-17 14:19:51+00:00,0.2005527864992707,1.6,SPY,2026-09-18T11:09:27.324959-04:00,759.8699951171875
SPY261130C00820000,2026-11-30,call,820.0,1.51,1.52,1.46,3.0,1822.0,0.11975977905273436,2026-09-18 14:43:05+00:00,0.2005527864992707,1.5150000000000001,SPY,2026-09-18T11:09:27.324959-04:00,759.8699951171875
SPY261130C00825000,2026-11-30,call,825.0,1.13,1.14,1.14,3.0,236.0,0.11878322631835936,2026-09-18 14:36:10+00:00,0.2005527864992707,1.1349999999999998,SPY,2026-09-18T11:09:27.324959-04:00,759.8699951171875
SPY261130C00830000,2026-11-30,call,830.0,0.87,0.89,0.92,5.0,1837.0,0.11914943359374999,2026-09-18 13:55:36+00:00,0.2005527864992707,0.88,SPY,2026-09-18T11:09:27.324959-04:00,759.8699951171875
SPY261130C00835000,2026-11-30,call,835.0,0.67,0.69,0.68,8.0,1156.0,0.11951564086914063,2026-09-18 14:03:15+00:00,0.2005527864992707,0.6799999999999999,SPY,2026-09-18T11:09:27.324959-04:00,759.8699951171875
SPY261130C00840000,2026-11-30,call,840.0,0.52,0.53,0.58,1.0,358.0,0.11975977905273436,2026-09-18 13:34:52+00:00,0.2005527864992707,0.525,SPY,2026-09-18T11:09:27.324959-04:00,759.8699951171875
SPY261130C00845000,2026-11-30,call,845.0,0.4,0.41,0.47,1.0,426.0,0.1203090899658203,2026-09-16 19:05:24+00:00,0.2005527864992707,0.405,SPY,2026-09-18T11:09:27.324959-04:00,759.8699951171875
SPY261130C00850000,2026-11-30,call,850.0,0.33,0.34,0.38,109.0,5179.0,0.12220116088867189,2026-09-17 19:55:17+00:00,0.2005527864992707,0.335,SPY,2026-09-18T11:09:27.324959-04:00,759.8699951171875
SPY261130C00855000,2026-11-30,call,855.0,0.27,0.28,0.28,47.0,144.0,0.12391012817382813,2026-09-17 17:54:41+00:00,0.2005527864992707,0.275,SPY,2026-09-18T11:09:27.324959-04:00,759.8699951171875
SPY261130C00860000,2026-11-30,call,860.0,0.21,0.22,0.21,6.0,659.0,0.12476461181640625,2026-09-18 14:43:05+00:00,0.2005527864992707,0.215,SPY,2026-09-18T11:09:27.324959-04:00,759.8699951171875
SPY261130C00865000,2026-11-30,call,865.0,0.18,0.19,0.19,8.0,809.0,0.12720599365234375,2026-09-18 14:15:47+00:00,0.2005527864992707,0.185,SPY,2026-09-18T11:09:27.324959-04:00,759.8699951171875
SPY261130C00870000,2026-11-30,call,870.0,0.16,0.17,0.15,7.0,1179.0,0.13013565185546871,2026-09-16 17:21:04+00:00,0.2005527864992707,0.165,SPY,2026-09-18T11:09:27.324959-04:00,759.8699951171875
SPY261130C00875000,2026-11-30,call,875.0,0.13,0.15,0.14,1.0,75.0,0.132821171875,2026-09-18 13:59:58+00:00,0.2005527864992707,0.14,SPY,2026-09-18T11:09:27.324959-04:00,759.8699951171875
SPY261130C00880000,2026-11-30,call,880.0,0.12,0.13,0.11,8.0,1127.0,0.13501841552734378,2026-09-18 14:15:47+00:00,0.2005527864992707,0.125,SPY,2026-09-18T11:09:27.324959-04:00,759.8699951171875
SPY261130C00885000,2026-11-30,call,885.0,0.09,0.11,0.11,6.0,240.0,0.13697152099609378,2026-09-17 20:06:51+00:00,0.2005527864992707,0.1,SPY,2026-09-18T11:09:27.324959-04:00,759.8699951171875
SPY261130C00890000,2026-11-30,call,890.0,0.08,0.1,0.07,1.0,259.0,0.139657041015625,2026-09-15 15:30:49+00:00,0.2005527864992707,0.09,SPY,2026-09-18T11:09:27.324959-04:00,759.8699951171875
SPY261130C00895000,2026-11-30,call,895.0,0.07,0.08,0.08,1.0,3261.0,0.14063359375,2026-09-16 17:28:10+00:00,0.2005527864992707,0.07500000000000001,SPY,2026-09-18T11:09:27.324959-04:00,759.8699951171875
SPY261130C00900000,2026-11-30,call,900.0,0.07,0.08,0.06,90.0,3990.0,0.14478394287109375,2026-09-17 16:20:00+00:00,0.2005527864992707,0.07500000000000001,SPY,2026-09-18T11:09:27.324959-04:00,759.8699951171875
SPY261130C00905000,2026-11-30,call,905.0,0.05,0.07,0.05,1.0,141.0,0.1469811865234375,2026-09-15 16:53:06+00:00,0.2005527864992707,0.060000000000000005,SPY,2026-09-18T11:09:27.324959-04:00,759.8699951171875
SPY261130C00910000,2026-11-30,call,910.0,0.05,0.06,0.05,24.0,60.0,0.148446015625,2026-09-16 14:03:37+00:00,0.2005527864992707,0.055,SPY,2026-09-18T11:09:27.324959-04:00,759.8699951171875
SPY261130C00915000,2026-11-30,call,915.0,0.04,0.06,0.05,24.0,85.0,0.15235222656250003,2026-09-17 20:07:27+00:00,0.2005527864992707,0.05,SPY,2026-09-18T11:09:27.324959-04:00,759.8699951171875
SPY261130C00920000,2026-11-30,call,920.0,0.04,0.05,0.04,24.0,302.0,0.1538170556640625,2026-09-17 15:02:15+00:00,0.2005527864992707,0.045,SPY,2026-09-18T11:09:27.324959-04:00,759.8699951171875
SPY261130P00475000,2026-11-30,put,475.0,0.34,0.35,0.34,15.0,1193.0,0.43994700683593746,2026-09-18 14:51:21+00:00,0.2005527864992707,0.345,SPY,2026-09-18T11:09:27.324959-04:00,759.8699951171875
SPY261130P00480000,2026-11-30,put,480.0,0.36,0.37,0.38,5.0,50.0,0.4338435522460938,2026-09-17 19:43:36+00:00,0.2005527864992707,0.365,SPY,2026-09-18T11:09:27.324959-04:00,759.8699951171875
SPY261130P00485000,2026-11-30,put,485.0,0.38,0.39,0.57,20.0,150.0,0.4279842358398438,2026-09-16 19:18:24+00:00,0.2005527864992707,0.385,SPY,2026-09-18T11:09:27.324959-04:00,759.8699951171875
SPY261130P00490000,2026-11-30,put,490.0,0.4,0.41,0.51,1.0,74.0,0.42188078125,2026-09-09 17:53:53+00:00,0.2005527864992707,0.405,SPY,2026-09-18T11:09:27.324959-04:00,759.8699951171875
SPY261130P00495000,2026-11-30,put,495.0,0.43,0.44,0.59,1.0,16.0,0.4167538793945312,2026-09-14 14:17:12+00:00,0.2005527864992707,0.435,SPY,2026-09-18T11:09:27.324959-04:00,759.8699951171875
SPY261130P00500000,2026-11-30,put,500.0,0.45,0.46,0.46,45.0,487.0,0.41040628662109374,2026-09-17 19:59:20+00:00,0.2005527864992707,0.455,SPY,2026-09-18T11:09:27.324959-04:00,759.8699951171875
SPY261130P00505000,2026-11-30,put,505.0,0.47,0.48,0.48,10.0,124.0,0.40381455566406255,2026-09-17 19:12:33+00:00,0.2005527864992707,0.475,SPY,2026-09-18T11:09:27.324959-04:00,759.8699951171875
SPY261130P00510000,2026-11-30,put,510.0,0.5,0.51,0.68,10.0,75.0,0.398443515625,2026-09-15 17:12:34+00:00,0.2005527864992707,0.505,SPY,2026-09-18T11:09:27.324959-04:00,759.8699951171875
SPY261130P00515000,2026-11-30,put,515.0,0.53,0.54,0.65,2.0,43.0,0.39282833740234374,2026-09-14 18:01:24+00:00,0.2005527864992707,0.535,SPY,2026-09-18T11:09:27.324959-04:00,759.8699951171875
SPY261130P00520000,2026-11-30,put,520.0,0.55,0.56,0.74,11.0,32.0,0.3859924682617187,2026-09-14 19:58:57+00:00,0.2005527864992707,0.555,SPY,2026-09-18T11:09:27.324959-04:00,759.8699951171875
SPY261130P00525000,2026-11-30,put,525.0,0.58,0.6,0.8,16.0,368.0,0.3811097045898437,2026-09-16 18:57:15+00:00,0.2005527864992707,0.59,SPY,2026-09-18T11:09:27.324959-04:00,759.8699951171875
SPY261130P00530000,2026-11-30,put,530.0,0.62,0.63,0.64,5.0,536.0,0.37500625,2026-09-17 18:35:17+00:00,0.2005527864992707,0.625,SPY,2026-09-18T11:09:27.324959-04:00,759.8699951171875
SPY261130P00535000,2026-11-30,put,535.0,0.65,0.67,0.67,2.0,192.0,0.36975727905273437,2026-09-17 16:54:01+00:00,0.2005527864992707,0.66,SPY,2026-09-18T11:09:27.324959-04:00,759.8699951171875
SPY261130P00540000,2026-11-30,put,540.0,0.68,0.7,0.82,3.0,187.0,0.36340968627929693,2026-09-11 18:10:40+00:00,0.2005527864992707,0.69,SPY,2026-09-18T11:09:27.324959-04:00,759.8699951171875
SPY261130P00545000,2026-11-30,put,545.0,0.72,0.73,0.98,7.0,65.0,0.3570620935058594,2026-09-15 18:51:41+00:00,0.2005527864992707,0.725,SPY,2026-09-18T11:09:27.324959-04:00,759.8699951171875
SPY261130P00550000,2026-11-30,put,550.0,0.76,0.77,0.8,23.0,753.0,0.3513248461914062,2026-09-17 16:17:46+00:00,0.2005527864992707,0.765,SPY,2026-09-18T11:09:27.324959-04:00,759.8699951171875
SPY261130P00555000,2026-11-30,put,555.0,0.8,0.82,0.81,10.0,552.0,0.3460758752441406,2026-09-17 13:30:01+00:00,0.2005527864992707,0.81,SPY,2026-09-18T11:09:27.324959-04:00,759.8699951171875
SPY261130P00560000,2026-11-30,put,560.0,0.84,0.86,1.11,1.0,954.0,0.3399724206542969,2026-09-14 19:58:21+00:00,0.2005527864992707,0.85,SPY,2026-09-18T11:09:27.324959-04:00,759.8699951171875
SPY261130P00565000,2026-11-30,put,565.0,0.89,0.9,1.19,2.0,593.0,0.33386896606445315,2026-09-16 19:55:54+00:00,0.2005527864992707,0.895,SPY,2026-09-18T11:09:27.324959-04:00,759.8699951171875
SPY261130P00570000,2026-11-30,put,570.0,0.94,0.95,0.98,1.0,684.0,0.32813171874999997,2026-09-18 14:02:21+00:00,0.2005527864992707,0.945,SPY,2026-09-18T11:09:27.324959-04:00,759.8699951171875
SPY261130P00575000,2026-11-30,put,575.0,0.99,1.01,1.01,38.0,768.0,0.3227606787109374,2026-09-17 19:53:54+00:00,0.2005527864992707,1.0,SPY,2026-09-18T11:09:27.324959-04:00,759.8699951171875
SPY261130P00580000,2026-11-30,put,580.0,1.05,1.07,1.09,7.0,420.0,0.3172065350341796,2026-09-18 14:48:10+00:00,0.2005527864992707,1.06,SPY,2026-09-18T11:09:27.324959-04:00,759.8699951171875
SPY261130P00581000,2026-11-30,put,581.0,1.06,1.08,1.35,0.0,18.0,0.3159858441162109,2026-08-28 15:36:21+00:00,0.2005527864992707,1.07,SPY,2026-09-18T11:09:27.324959-04:00,759.8699951171875
SPY261130P00585000,2026-11-30,put,585.0,1.11,1.12,1.09,7.0,1094.0,0.3110420458984374,2026-09-16 17:53:58+00:00,0.2005527864992707,1.1150000000000002,SPY,2026-09-18T11:09:27.324959-04:00,759.8699951171875
SPY261130P00586000,2026-11-30,put,586.0,1.12,1.14,1.22,2.0,2.0,0.31024859680175776,2026-09-04 18:43:03+00:00,0.2005527864992707,1.13,SPY,2026-09-18T11:09:27.324959-04:00,759.8699951171875
SPY261130P00587000,2026-11-30,put,587.0,1.13,1.14,1.23,1.0,1.0,0.30847859497070307,2026-09-04 18:47:19+00:00,0.2005527864992707,1.1349999999999998,SPY,2026-09-18T11:09:27.324959-04:00,759.8699951171875
SPY261130P00588000,2026-11-30,put,588.0,1.15,1.16,1.24,1.0,1.0,0.30774618041992186,2026-09-04 18:46:23+00:00,0.2005527864992707,1.1549999999999998,SPY,2026-09-18T11:09:27.324959-04:00,759.8699951171875
SPY261130P00589000,2026-11-30,put,589.0,1.15,1.17,1.31,2.0,2.0,0.3064034204101562,2026-09-08 18:32:39+00:00,0.2005527864992707,1.16,SPY,2026-09-18T11:09:27.324959-04:00,759.8699951171875
SPY261130P00590000,2026-11-30,put,590.0,1.17,1.19,1.2,5.0,478.0,0.30560997131347656,2026-09-17 13:30:27+00:00,0.2005527864992707,1.18,SPY,2026-09-18T11:09:27.324959-04:00,759.8699951171875
SPY261130P00593000,2026-11-30,put,593.0,1.21,1.23,1.63,2.0,10.0,0.3021920367431641,2026-09-15 17:53:00+00:00,0.2005527864992707,1.22,SPY,2026-09-18T11:09:27.324959-04:00,759.8699951171875
SPY261130P00595000,2026-11-30,put,595.0,1.24,1.25,1.55,252.0,432.0,0.2995675512695312,2026-09-14 19:45:22+00:00,0.2005527864992707,1.245,SPY,2026-09-18T11:09:27.324959-04:00,759.8699951171875
SPY261130P00596000,2026-11-30,put,596.0,1.25,1.26,1.87,1.0,6.0,0.298285825805664,2026-09-10 19:45:57+00:00,0.2005527864992707,1.255,SPY,2026-09-18T11:09:27.324959-04:00,759.8699951171875
SPY261130P00598000,2026-11-30,put,598.0,1.28,1.29,1.67,0.0,7.0,0.29608858215332035,2026-08-28 19:41:13+00:00,0.2005527864992707,1.2850000000000001,SPY,2026-09-18T11:09:27.324959-04:00,759.8699951171875
SPY261130P00599000,2026-11-30,put,599.0,1.29,1.3,1.33,2.0,11.0,0.2947458221435546,2026-09-17 19:04:00+00:00,0.2005527864992707,1.295,SPY,2026-09-18T11:09:27.324959-04:00,759.8699951171875
SPY261130P00600000,2026-11-30,put,600.0,1.3,1.32,1.33,1.0,514.0,0.29383030395507803,2026-09-18 14:37:56+00:00,0.2005527864992707,1.31,SPY,2026-09-18T11:09:27.324959-04:00,759.8699951171875
SPY261130P00601000,2026-11-30,put,601.0,1.32,1.34,2.02,1.0,3.0,0.29291478576660146,2026-09-16 19:21:17+00:00,0.2005527864992707,1.33,SPY,2026-09-18T11:09:27.324959-04:00,759.8699951171875
SPY261130P00603000,2026-11-30,put,603.0,1.35,1.36,1.81,6.0,17.0,0.29016823120117186,2026-09-16 18:54:28+00:00,0.2005527864992707,1.355,SPY,2026-09-18T11:09:27.324959-04:00,759.8699951171875
SPY261130P00605000,2026-11-30,put,605.0,1.39,1.4,1.87,2.0,813.0,0.28827616027832026,2026-09-15 14:45:10+00:00,0.2005527864992707,1.395,SPY,2026-09-18T11:09:27.324959-04:00,759.8699951171875
SPY261130P00606000,2026-11-30,put,606.0,1.4,1.41,2.08,0.0,9.0,0.28693340026855463,2026-08-26 17:04:25+00:00,0.2005527864992707,1.4049999999999998,SPY,2026-09-18T11:09:27.324959-04:00,759.8699951171875
SPY261130P00607000,2026-11-30,put,607.0,1.41,1.43,1.59,0.0,12.0,0.2858958129882812,2026-09-08 15:45:40+00:00,0.2005527864992707,1.42,SPY,2026-09-18T11:09:27.324959-04:00,759.8699951171875
SPY261130P00608000,2026-11-30,put,608.0,1.43,1.45,2.07,1.0,3.0,0.2849192602539062,2026-09-16 19:11:02+00:00,0.2005527864992707,1.44,SPY,2026-09-18T11:09:27.324959-04:00,759.8699951171875
SPY261130P00609000,2026-11-30,put,609.0,1.45,1.46,1.8,3.0,6.0,0.28357650024414055,2026-09-09 19:04:59+00:00,0.2005527864992707,1.455,SPY,2026-09-18T11:09:27.324959-04:00,759.8699951171875
SPY261130P00610000,2026-11-30,put,610.0,1.46,1.48,1.53,11.0,824.0,0.28253891296386713,2026-09-17 15:49:59+00:00,0.2005527864992707,1.47,SPY,2026-09-18T11:09:27.324959-04:00,759.8699951171875
SPY261130P00611000,2026-11-30,put,611.0,1.48,1.5,2.16,0.0,6.0,0.2815013256835937,2026-08-26 18:04:50+00:00,0.2005527864992707,1.49,SPY,2026-09-18T11:09:27.324959-04:00,759.8699951171875
SPY261130P00612000,2026-11-30,put,612.0,1.5,1.51,1.53,20.0,20462.0,0.28009753112792957,2026-09-17 19:59:49+00:00,0.2005527864992707,1.505,SPY,2026-09-18T11:09:27.324959-04:00,759.8699951171875
SPY261130P00614000,2026-11-30,put,614.0,1.54,1.55,2.12,2.0,5.0,0.27802235656738283,2026-09-16 18:57:41+00:00,0.2005527864992707,1.545,SPY,2026-09-18T11:09:27.324959-04:00,759.8699951171875
SPY261130P00615000,2026-11-30,put,615.0,1.55,1.56,1.6,13.0,634.0,0.2766185620117187,2026-09-17 14:27:57+00:00,0.2005527864992707,1.5550000000000002,SPY,2026-09-18T11:09:27.324959-04:00,759.8699951171875
SPY261130P00616000,2026-11-30,put,616.0,1.57,1.59,2.36,12.0,20.0,0.2758861474609374,2026-09-16 19:29:23+00:00,0.2005527864992707,1.58,SPY,2026-09-18T11:09:27.324959-04:00,759.8699951171875
SPY261130P00617000,2026-11-30,put,617.0,1.59,1.61,2.11,0.0,1.0,0.2747875256347656,2026-09-01 14:53:35+00:00,0.2005527864992707,1.6,SPY,2026-09-18T11:09:27.324959-04:00,759.8699951171875
SPY261130P00618000,2026-11-30,put,618.0,1.61,1.62,1.7,3.0,8.0,0.27332269653320307,2026-09-17 16:57:12+00:00,0.2005527864992707,1.6150000000000002,SPY,2026-09-18T11:09:27.324959-04:00,759.8699951171875
SPY261130P00619000,2026-11-30,put,619.0,1.63,1.65,1.64,8.0,9.0,0.27259028198242186,2026-09-17 13:30:01+00:00,0.2005527864992707,1.64,SPY,2026-09-18T11:09:27.324959-04:00,759.8699951171875
SPY261130P00620000,2026-11-30,put,620.0,1.65,1.66,1.7,1.0,491.0,0.2711254528808594,2026-09-18 14:02:21+00:00,0.2005527864992707,1.6549999999999998,SPY,2026-09-18T11:09:27.324959-04:00,759.8699951171875
SPY261130P00624000,2026-11-30,put,624.0,1.73,1.75,2.57,1.0,13.0,0.2669140692138672,2026-09-16 19:18:34+00:00,0.2005527864992707,1.74,SPY,2026-09-18T11:09:27.324959-04:00,759.8699951171875
SPY261130P00625000,2026-11-30,put,625.0,1.75,1.77,1.78,2.0,411.0,0.2657544128417969,2026-09-17 19:44:38+00:00,0.2005527864992707,1.76,SPY,2026-09-18T11:09:27.324959-04:00,759.8699951171875
SPY261130P00626000,2026-11-30,put,626.0,1.77,1.79,2.18,1.0,6.0,0.2645947564697265,2026-09-14 16:47:06+00:00,0.2005527864992707,1.78,SPY,2026-09-18T11:09:27.324959-04:00,759.8699951171875
SPY261130P00627000,2026-11-30,put,627.0,1.79,1.8,1.76,1.0,20.0,0.2631299273681641,2026-09-11 13:40:09+00:00,0.2005527864992707,1.795,SPY,2026-09-18T11:09:27.324959-04:00,759.8699951171875
SPY261130P00628000,2026-11-30,put,628.0,1.81,1.82,2.18,0.0,7.0,0.26197027099609377,2026-09-11 19:23:37+00:00,0.2005527864992707,1.815,SPY,2026-09-18T11:09:27.324959-04:00,759.8699951171875
SPY261130P00630000,2026-11-30,put,630.0,1.86,1.88,1.97,5.0,225.0,0.2601392346191406,2026-09-17 13:58:45+00:00,0.2005527864992707,1.87,SPY,2026-09-18T11:09:27.324959-04:00,759.8699951171875
SPY261130P00631000,2026-11-30,put,631.0,1.88,1.9,2.64,116.0,536.0,0.25891854370117195,2026-09-16 19:46:44+00:00,0.2005527864992707,1.89,SPY,2026-09-18T11:09:27.324959-04:00,759.8699951171875
SPY261130P00633000,2026-11-30,put,633.0,1.92,1.95,2.09,1.0,13.0,0.25678233459472655,2026-09-17 15:05:12+00:00,0.2005527864992707,1.935,SPY,2026-09-18T11:09:27.324959-04:00,759.8699951171875
SPY261130P00634000,2026-11-30,put,634.0,1.95,1.97,2.07,1.0,2.0,0.2555616436767578,2026-09-17 14:00:25+00:00,0.2005527864992707,1.96,SPY,2026-09-18T11:09:27.324959-04:00,759.8699951171875
SPY261130P00635000,2026-11-30,put,635.0,1.98,1.99,2.91,4.0,52.0,0.25427991821289064,2026-09-16 19:31:58+00:00,0.2005527864992707,1.9849999999999999,SPY,2026-09-18T11:09:27.324959-04:00,759.8699951171875
SPY261130P00636000,2026-11-30,put,636.0,2.0,2.02,2.79,2.0,9.0,0.2533033654785156,2026-09-16 18:57:57+00:00,0.2005527864992707,2.01,SPY,2026-09-18T11:09:27.324959-04:00,759.8699951171875
SPY261130P00637000,2026-11-30,put,637.0,2.02,2.04,2.18,99.0,100.0,0.25205215728759767,2026-09-17 14:06:34+00:00,0.2005527864992707,2.0300000000000002,SPY,2026-09-18T11:09:27.324959-04:00,759.8699951171875
SPY261130P00638000,2026-11-30,put,638.0,2.04,2.06,2.06,10.0,42.0,0.2508009490966796,2026-09-17 19:50:20+00:00,0.2005527864992707,2.05,SPY,2026-09-18T11:09:27.324959-04:00,759.8699951171875
SPY261130P00639000,2026-11-30,put,639.0,2.07,2.1,2.09,10.0,24.0,0.25003801727294916,2026-09-17 19:50:20+00:00,0.2005527864992707,2.085,SPY,2026-09-18T11:09:27.324959-04:00,759.8699951171875
SPY261130P00640000,2026-11-30,put,640.0,2.11,2.12,2.14,10.0,529.0,0.24872577453613282,2026-09-18 13:55:05+00:00,0.2005527864992707,2.115,SPY,2026-09-18T11:09:27.324959-04:00,759.8699951171875
SPY261130P00642000,2026-11-30,put,642.0,2.16,2.18,2.67,1.0,14.0,0.24665059997558597,2026-09-14 15:52:37+00:00,0.2005527864992707,2.17,SPY,2026-09-18T11:09:27.324959-04:00,759.8699951171875
SPY261130P00643000,2026-11-30,put,643.0,2.18,2.21,2.35,18.0,20.0,0.2456130126953125,2026-09-17 15:13:48+00:00,0.2005527864992707,2.1950000000000003,SPY,2026-09-18T11:09:27.324959-04:00,759.8699951171875
SPY261130P00645000,2026-11-30,put,645.0,2.24,2.27,2.25,1.0,74.0,0.24341576904296874,2026-09-18 13:36:13+00:00,0.2005527864992707,2.255,SPY,2026-09-18T11:09:27.324959-04:00,759.8699951171875
SPY261130P00646000,2026-11-30,put,646.0,2.27,2.3,2.75,2.0,4.0,0.24231714721679687,2026-09-16 14:48:28+00:00,0.2005527864992707,2.285,SPY,2026-09-18T11:09:27.324959-04:00,759.8699951171875
SPY261130P00647000,2026-11-30,put,647.0,2.29,2.32,2.82,363.0,368.0,0.24097438720703124,2026-09-14 17:28:43+00:00,0.2005527864992707,2.3049999999999997,SPY,2026-09-18T11:09:27.324959-04:00,759.8699951171875
SPY261130P00648000,2026-11-30,put,648.0,2.34,2.36,2.97,1.0,20.0,0.2401199035644531,2026-09-16 18:33:29+00:00,0.2005527864992707,2.3499999999999996,SPY,2026-09-18T11:09:27.324959-04:00,759.8699951171875
SPY261130P00649000,2026-11-30,put,649.0,2.36,2.39,2.44,15.0,64.0,0.2389602471923828,2026-09-17 16:43:33+00:00,0.2005527864992707,2.375,SPY,2026-09-18T11:09:27.324959-04:00,759.8699951171875
SPY261130P00650000,2026-11-30,put,650.0,2.39,2.42,2.44,3.0,412.0,0.2378311080932617,2026-09-18 14:37:56+00:00,0.2005527864992707,2.4050000000000002,SPY,2026-09-18T11:09:27.324959-04:00,759.8699951171875
SPY261130P00651000,2026-11-30,put,651.0,2.43,2.46,3.23,16.0,21.0,0.23688507263183595,2026-09-15 19:17:45+00:00,0.2005527864992707,2.4450000000000003,SPY,2026-09-18T11:09:27.324959-04:00,759.8699951171875
SPY261130P00652000,2026-11-30,put,652.0,2.46,2.48,3.29,52.0,210.0,0.2355117953491211,2026-09-16 18:37:16+00:00,0.2005527864992707,2.4699999999999998,SPY,2026-09-18T11:09:27.324959-04:00,759.8699951171875
SPY261130P00653000,2026-11-30,put,653.0,2.48,2.51,3.46,1.0,2.0,0.23432162170410153,2026-09-16 19:49:39+00:00,0.2005527864992707,2.495,SPY,2026-09-18T11:09:27.324959-04:00,759.8699951171875
SPY261130P00654000,2026-11-30,put,654.0,2.53,2.55,2.74,0.0,2.0,0.2333755862426758,2026-09-08 17:02:24+00:00,0.2005527864992707,2.54,SPY,2026-09-18T11:09:27.324959-04:00,759.8699951171875
SPY261130P00655000,2026-11-30,put,655.0,2.55,2.58,3.6,2.0,717.0,0.23218541259765624,2026-09-16 19:48:02+00:00,0.2005527864992707,2.565,SPY,2026-09-18T11:09:27.324959-04:00,759.8699951171875
SPY261130P00656000,2026-11-30,put,656.0,2.59,2.61,3.0,0.0,2.0,0.2309647216796875,2026-09-03 14:56:25+00:00,0.2005527864992707,2.5999999999999996,SPY,2026-09-18T11:09:27.324959-04:00,759.8699951171875
SPY261130P00657000,2026-11-30,put,657.0,2.63,2.66,2.68,2.0,1.0,0.2301712725830078,2026-09-04 13:55:51+00:00,0.2005527864992707,2.645,SPY,2026-09-18T11:09:27.324959-04:00,759.8699951171875
SPY261130P00658000,2026-11-30,put,658.0,2.67,2.7,3.27,3.0,5.0,0.2291336853027344,2026-09-11 14:39:13+00:00,0.2005527864992707,2.685,SPY,2026-09-18T11:09:27.324959-04:00,759.8699951171875
SPY261130P00659000,2026-11-30,put,659.0,2.71,2.73,3.22,43.0,55.0,0.22788247711181642,2026-09-11 14:04:36+00:00,0.2005527864992707,2.7199999999999998,SPY,2026-09-18T11:09:27.324959-04:00,759.8699951171875
SPY261130P00660000,2026-11-30,put,660.0,2.74,2.77,2.84,10.0,1081.0,0.22684488983154294,2026-09-18 14:06:04+00:00,0.2005527864992707,2.755,SPY,2026-09-18T11:09:27.324959-04:00,759.8699951171875
SPY261130P00661000,2026-11-30,put,661.0,2.78,2.8,4.35,2.0,3.0,0.22556316436767576,2026-09-16 19:24:43+00:00,0.2005527864992707,2.79,SPY,2026-09-18T11:09:27.324959-04:00,759.8699951171875
SPY261130P00662000,2026-11-30,put,662.0,2.81,2.84,2.97,2.0,1.0,0.22449505981445309,2026-09-17 16:06:40+00:00,0.2005527864992707,2.825,SPY,2026-09-18T11:09:27.324959-04:00,759.8699951171875
SPY261130P00663000,2026-11-30,put,663.0,2.86,2.89,3.11,1.0,2.0,0.22357954162597654,2026-09-17 14:07:33+00:00,0.2005527864992707,2.875,SPY,2026-09-18T11:09:27.324959-04:00,759.8699951171875
SPY261130P00664000,2026-11-30,put,664.0,2.9,2.93,4.55,4.0,12.0,0.22248091979980467,2026-09-16 19:24:43+00:00,0.2005527864992707,2.915,SPY,2026-09-18T11:09:27.324959-04:00,759.8699951171875
SPY261130P00665000,2026-11-30,put,665.0,2.94,2.97,4.04,3.0,745.0,0.2213822979736328,2026-09-16 20:14:56+00:00,0.2005527864992707,2.955,SPY,2026-09-18T11:09:27.324959-04:00,759.8699951171875
SPY261130P00666000,2026-11-30,put,666.0,3.0,3.01,3.75,8.0,11.0,0.22022264160156246,2026-09-09 15:34:36+00:00,0.2005527864992707,3.005,SPY,2026-09-18T11:09:27.324959-04:00,759.8699951171875
SPY261130P00667000,2026-11-30,put,667.0,3.03,3.06,3.04,2.0,208.0,0.21927660614013672,2026-09-17 19:57:21+00:00,0.2005527864992707,3.045,SPY,2026-09-18T11:09:27.324959-04:00,759.8699951171875
SPY261130P00668000,2026-11-30,put,668.0,3.08,3.1,4.04,2.0,40.0,0.21808643249511717,2026-09-15 16:42:27+00:00,0.2005527864992707,3.09,SPY,2026-09-18T11:09:27.324959-04:00,759.8699951171875
SPY261130P00669000,2026-11-30,put,669.0,3.12,3.15,4.29,0.0,14.0,0.2171098797607422,2026-09-10 15:05:47+00:00,0.2005527864992707,3.135,SPY,2026-09-18T11:09:27.324959-04:00,759.8699951171875
SPY261130P00670000,2026-11-30,put,670.0,3.17,3.19,3.25,2.0,532.0,0.21591970611572264,2026-09-18 14:34:52+00:00,0.2005527864992707,3.1799999999999997,SPY,2026-09-18T11:09:27.324959-04:00,759.8699951171875
SPY261130P00671000,2026-11-30,put,671.0,3.22,3.24,4.38,1.0,3.0,0.21488211883544922,2026-09-10 15:08:35+00:00,0.2005527864992707,3.2300000000000004,SPY,2026-09-18T11:09:27.324959-04:00,759.8699951171875
SPY261130P00672000,2026-11-30,put,672.0,3.26,3.28,3.94,3.0,11.0,0.2136614279174805,2026-09-16 17:47:33+00:00,0.2005527864992707,3.2699999999999996,SPY,2026-09-18T11:09:27.324959-04:00,759.8699951171875
SPY261130P00673000,2026-11-30,put,673.0,3.31,3.34,5.0,2.0,161.0,0.21277642700195312,2026-09-16 19:29:44+00:00,0.2005527864992707,3.325,SPY,2026-09-18T11:09:27.324959-04:00,759.8699951171875
SPY261130P00674000,2026-11-30,put,674.0,3.35,3.38,4.55,20.0,235.0,0.21155573608398434,2026-09-16 19:59:10+00:00,0.2005527864992707,3.365,SPY,2026-09-18T11:09:27.324959-04:00,759.8699951171875
SPY261130P00675000,2026-11-30,put,675.0,3.4,3.42,3.47,26.0,637.0,0.2102740106201172,2026-09-17 19:05:14+00:00,0.2005527864992707,3.41,SPY,2026-09-18T11:09:27.324959-04:00,759.8699951171875
SPY261130P00676000,2026-11-30,put,676.0,3.45,3.47,3.4,1.0,159.0,0.20917538879394526,2026-09-18 13:41:16+00:00,0.2005527864992707,3.46,SPY,2026-09-18T11:09:27.324959-04:00,759.8699951171875
SPY261130P00677000,2026-11-30,put,677.0,3.52,3.53,4.02,1.0,272.0,0.20822935333251946,2026-09-11 15:46:22+00:00,0.2005527864992707,3.525,SPY,2026-09-18T11:09:27.324959-04:00,759.8699951171875
SPY261130P00678000,2026-11-30,put,678.0,3.56,3.58,3.65,2.0,186.0,0.20710021423339842,2026-09-18 14:37:36+00:00,0.2005527864992707,3.5700000000000003,SPY,2026-09-18T11:09:27.324959-04:00,759.8699951171875
SPY261130P00679000,2026-11-30,put,679.0,3.62,3.65,3.76,1.0,396.0,0.20627624786376947,2026-09-17 14:34:28+00:00,0.2005527864992707,3.635,SPY,2026-09-18T11:09:27.324959-04:00,759.8699951171875
SPY261130P00680000,2026-11-30,put,680.0,3.67,3.7,3.6,1.0,389.0,0.20508607421874997,2026-09-18 13:41:16+00:00,0.2005527864992707,3.685,SPY,2026-09-18T11:09:27.324959-04:00,759.8699951171875
SPY261130P00681000,2026-11-30,put,681.0,3.73,3.76,5.77,7.0,285.0,0.20407900421142577,2026-09-16 19:21:38+00:00,0.2005527864992707,3.745,SPY,2026-09-18T11:09:27.324959-04:00,759.8699951171875
SPY261130P00682000,2026-11-30,put,682.0,3.79,3.81,4.1,2.0,28.0,0.202858313293457,2026-09-17 14:11:52+00:00,0.2005527864992707,3.8,SPY,2026-09-18T11:09:27.324959-04:00,759.8699951171875
SPY261130P00683000,2026-11-30,put,683.0,3.85,3.88,5.22,5.0,283.0,0.20194279510498048,2026-09-16 20:09:37+00:00,0.2005527864992707,3.865,SPY,2026-09-18T11:09:27.324959-04:00,759.8699951171875
SPY261130P00684000,2026-11-30,put,684.0,3.92,3.93,4.02,13.0,18846.0,0.2007221041870117,2026-09-17 18:44:11+00:00,0.2005527864992707,3.925,SPY,2026-09-18T11:09:27.324959-04:00,759.8699951171875
SPY261130P00685000,2026-11-30,put,685.0,3.97,4.0,3.89,1.0,4299.0,0.19977606872558595,2026-09-18 13:40:41+00:00,0.2005527864992707,3.9850000000000003,SPY,2026-09-18T11:09:27.324959-04:00,759.8699951171875
SPY261130P00686000,2026-11-30,put,686.0,4.03,4.05,4.06,6.0,250.0,0.19849434326171872,2026-09-17 13:30:01+00:00,0.2005527864992707,4.04,SPY,2026-09-18T11:09:27.324959-04:00,759.8699951171875
SPY261130P00687000,2026-11-30,put,687.0,4.1,4.13,5.6,3.0,9.0,0.19767037689208983,2026-09-16 19:51:41+00:00,0.2005527864992707,4.115,SPY,2026-09-18T11:09:27.324959-04:00,759.8699951171875
SPY261130P00688000,2026-11-30,put,688.0,4.14,4.17,4.31,1.0,133.0,0.19622080642700196,2026-09-17 17:28:38+00:00,0.2005527864992707,4.154999999999999,SPY,2026-09-18T11:09:27.324959-04:00,759.8699951171875
SPY261130P00689000,2026-11-30,put,689.0,4.23,4.25,5.09,1.0,224.0,0.19535106414794923,2026-09-14 16:14:07+00:00,0.2005527864992707,4.24,SPY,2026-09-18T11:09:27.324959-04:00,759.8699951171875
SPY261130P00690000,2026-11-30,put,690.0,4.3,4.32,4.41,4.0,378.0,0.19428295959472658,2026-09-18 14:46:14+00:00,0.2005527864992707,4.3100000000000005,SPY,2026-09-18T11:09:27.324959-04:00,759.8699951171875
SPY261130P00691000,2026-11-30,put,691.0,4.37,4.39,4.38,2.0,38.0,0.19321485504150393,2026-09-18 13:52:12+00:00,0.2005527864992707,4.38,SPY,2026-09-18T11:09:27.324959-04:00,759.8699951171875
SPY261130P00692000,2026-11-30,put,692.0,4.44,4.46,5.29,1.0,1115.0,0.19214675048828128,2026-09-16 14:54:16+00:00,0.2005527864992707,4.45,SPY,2026-09-18T11:09:27.324959-04:00,759.8699951171875
SPY261130P00693000,2026-11-30,put,693.0,4.51,4.54,5.72,1.0,52.0,0.19117019775390626,2026-09-14 15:25:23+00:00,0.2005527864992707,4.525,SPY,2026-09-18T11:09:27.324959-04:00,759.8699951171875
SPY261130P00694000,2026-11-30,put,694.0,4.58,4.61,6.18,2.0,73.0,0.1900410586547852,2026-09-16 19:56:23+00:00,0.2005527864992707,4.595000000000001,SPY,2026-09-18T11:09:27.324959-04:00,759.8699951171875
SPY261130P00695000,2026-11-30,put,695.0,4.66,4.68,4.61,1.0,564.0,0.18888140228271483,2026-09-18 13:36:13+00:00,0.2005527864992707,4.67,SPY,2026-09-18T11:09:27.324959-04:00,759.8699951171875
SPY261130P00696000,2026-11-30,put,696.0,4.72,4.74,4.74,1.0,14.0,0.18759967681884765,2026-09-18 13:52:12+00:00,0.2005527864992707,4.73,SPY,2026-09-18T11:09:27.324959-04:00,759.8699951171875
SPY261130P00697000,2026-11-30,put,697.0,4.79,4.82,5.72,1.0,177.0,0.186531572265625,2026-09-16 14:54:16+00:00,0.2005527864992707,4.805,SPY,2026-09-18T11:09:27.324959-04:00,759.8699951171875
SPY261130P00698000,2026-11-30,put,698.0,4.89,4.91,5.08,2.0,259.0,0.1855855368041992,2026-09-17 14:29:54+00:00,0.2005527864992707,4.9,SPY,2026-09-18T11:09:27.324959-04:00,759.8699951171875
SPY261130P00699000,2026-11-30,put,699.0,4.97,4.99,5.89,1.0,88.0,0.18448691497802733,2026-09-16 14:54:16+00:00,0.2005527864992707,4.98,SPY,2026-09-18T11:09:27.324959-04:00,759.8699951171875
SPY261130P00700000,2026-11-30,put,700.0,5.06,5.09,5.21,15.0,1279.0,0.1836324313354492,2026-09-18 14:18:56+00:00,0.2005527864992707,5.074999999999999,SPY,2026-09-18T11:09:27.324959-04:00,759.8699951171875
SPY261130P00701000,2026-11-30,put,701.0,5.13,5.16,5.03,1.0,37.0,0.18235070587158203,2026-09-16 19:41:19+00:00,0.2005527864992707,5.145,SPY,2026-09-18T11:09:27.324959-04:00,759.8699951171875
SPY261130P00702000,2026-11-30,put,702.0,5.23,5.26,5.53,1.0,118.0,0.18143518768310546,2026-09-17 13:43:48+00:00,0.2005527864992707,5.245,SPY,2026-09-18T11:09:27.324959-04:00,759.8699951171875
SPY261130P00703000,2026-11-30,put,703.0,5.31,5.34,5.46,1.0,21.0,0.18024501403808596,2026-09-17 16:17:01+00:00,0.2005527864992707,5.324999999999999,SPY,2026-09-18T11:09:27.324959-04:00,759.8699951171875
SPY261130P00704000,2026-11-30,put,704.0,5.41,5.43,5.45,1.0,206.0,0.17916165084838864,2026-09-17 18:34:25+00:00,0.2005527864992707,5.42,SPY,2026-09-18T11:09:27.324959-04:00,759.8699951171875
SPY261130P00705000,2026-11-30,put,705.0,5.5,5.52,5.63,1.0,496.0,0.1780477703857422,2026-09-18 14:25:27+00:00,0.2005527864992707,5.51,SPY,2026-09-18T11:09:27.324959-04:00,759.8699951171875
SPY261130P00706000,2026-11-30,put,706.0,5.61,5.63,5.45,1.0,249.0,0.1771322521972656,2026-09-17 15:54:54+00:00,0.2005527864992707,5.62,SPY,2026-09-18T11:09:27.324959-04:00,759.8699951171875
SPY261130P00707000,2026-11-30,put,707.0,5.68,5.72,5.97,2.0,196.0,0.1759725958251953,2026-09-17 15:27:58+00:00,0.2005527864992707,5.699999999999999,SPY,2026-09-18T11:09:27.324959-04:00,759.8699951171875
SPY261130P00708000,2026-11-30,put,708.0,5.8,5.83,7.76,2.0,42.0,0.1750265603637695,2026-09-16 19:56:47+00:00,0.2005527864992707,5.8149999999999995,SPY,2026-09-18T11:09:27.324959-04:00,759.8699951171875
SPY261130P00709000,2026-11-30,put,709.0,5.88,5.92,5.95,10.0,445.0,0.1738058694458008,2026-09-17 17:04:55+00:00,0.2005527864992707,5.9,SPY,2026-09-18T11:09:27.324959-04:00,759.8699951171875
SPY261130P00710000,2026-11-30,put,710.0,6.01,6.03,6.02,4.0,462.0,0.1727987994384766,2026-09-18 13:51:03+00:00,0.2005527864992707,6.02,SPY,2026-09-18T11:09:27.324959-04:00,759.8699951171875
SPY261130P00711000,2026-11-30,put,711.0,6.08,6.11,6.34,1.0,218.0,0.17144078079223635,2026-09-18 14:17:11+00:00,0.2005527864992707,6.095000000000001,SPY,2026-09-18T11:09:27.324959-04:00,759.8699951171875
SPY261130P00712000,2026-11-30,put,712.0,6.22,6.25,6.21,7.0,1255.0,0.17070836624145513,2026-09-17 20:14:08+00:00,0.2005527864992707,6.234999999999999,SPY,2026-09-18T11:09:27.324959-04:00,759.8699951171875
SPY261130P00713000,2026-11-30,put,713.0,6.33,6.35,6.27,2.0,108.0,0.16950293395996097,2026-09-18 13:49:27+00:00,0.2005527864992707,6.34,SPY,2026-09-18T11:09:27.324959-04:00,759.8699951171875
SPY261130P00714000,2026-11-30,put,714.0,6.43,6.47,6.74,3.0,285.0,0.16849586395263677,2026-09-17 13:35:54+00:00,0.2005527864992707,6.449999999999999,SPY,2026-09-18T11:09:27.324959-04:00,759.8699951171875
SPY261130P00715000,2026-11-30,put,715.0,6.54,6.58,6.52,109.0,388.0,0.16735146621704106,2026-09-17 19:15:27+00:00,0.2005527864992707,6.5600000000000005,SPY,2026-09-18T11:09:27.324959-04:00,759.8699951171875
SPY261130P00716000,2026-11-30,put,716.0,6.67,6.71,6.61,2.0,183.0,0.16639017211914067,2026-09-17 19:37:43+00:00,0.2005527864992707,6.6899999999999995,SPY,2026-09-18T11:09:27.324959-04:00,759.8699951171875
SPY261130P00717000,2026-11-30,put,717.0,6.77,6.8,6.62,170.0,64.0,0.16498637756347656,2026-09-18 13:34:33+00:00,0.2005527864992707,6.785,SPY,2026-09-18T11:09:27.324959-04:00,759.8699951171875
SPY261130P00718000,2026-11-30,put,718.0,6.92,6.96,7.08,2.0,365.0,0.16425396301269532,2026-09-17 15:54:54+00:00,0.2005527864992707,6.9399999999999995,SPY,2026-09-18T11:09:27.324959-04:00,759.8699951171875
SPY261130P00719000,2026-11-30,put,719.0,7.06,7.09,7.13,4.0,27.0,0.1632163757324219,2026-09-17 18:56:09+00:00,0.2005527864992707,7.074999999999999,SPY,2026-09-18T11:09:27.324959-04:00,759.8699951171875
SPY261130P00720000,2026-11-30,put,720.0,7.17,7.2,7.14,218.0,851.0,0.16191939163208008,2026-09-17 19:59:53+00:00,0.2005527864992707,7.1850000000000005,SPY,2026-09-18T11:09:27.324959-04:00,759.8699951171875
SPY261130P00721000,2026-11-30,put,721.0,7.31,7.35,8.73,1.0,194.0,0.1610038734436035,2026-09-16 18:31:56+00:00,0.2005527864992707,7.33,SPY,2026-09-18T11:09:27.324959-04:00,759.8699951171875
SPY261130P00722000,2026-11-30,put,722.0,7.44,7.48,7.38,7.0,63.0,0.1598594757080078,2026-09-17 19:39:09+00:00,0.2005527864992707,7.460000000000001,SPY,2026-09-18T11:09:27.324959-04:00,759.8699951171875
SPY261130P00723000,2026-11-30,put,723.0,7.56,7.59,7.81,34.0,314.0,0.158486198425293,2026-09-18 14:44:26+00:00,0.2005527864992707,7.574999999999999,SPY,2026-09-18T11:09:27.324959-04:00,759.8699951171875
SPY261130P00724000,2026-11-30,put,724.0,7.74,7.77,7.6,8.0,399.0,0.15775378387451172,2026-09-17 19:51:31+00:00,0.2005527864992707,7.755,SPY,2026-09-18T11:09:27.324959-04:00,759.8699951171875
SPY261130P00725000,2026-11-30,put,725.0,7.89,7.92,8.1,5.0,1403.0,0.1567161965942383,2026-09-18 14:44:42+00:00,0.2005527864992707,7.904999999999999,SPY,2026-09-18T11:09:27.324959-04:00,759.8699951171875
SPY261130P00726000,2026-11-30,put,726.0,8.01,8.05,8.23,8.0,188.0,0.15543447113037112,2026-09-18 14:24:39+00:00,0.2005527864992707,8.030000000000001,SPY,2026-09-18T11:09:27.324959-04:00,759.8699951171875
SPY261130P00727000,2026-11-30,put,727.0,8.18,8.22,8.22,1.0,20500.0,0.15450369430541994,2026-09-18 13:56:48+00:00,0.2005527864992707,8.2,SPY,2026-09-18T11:09:27.324959-04:00,759.8699951171875
SPY261130P00728000,2026-11-30,put,728.0,8.31,8.34,8.51,6.0,447.0,0.1530846411132813,2026-09-18 14:35:29+00:00,0.2005527864992707,8.325,SPY,2026-09-18T11:09:27.324959-04:00,759.8699951171875
SPY261130P00729000,2026-11-30,put,729.0,8.49,8.52,8.81,3.0,98.0,0.15216912292480472,2026-09-17 15:32:15+00:00,0.2005527864992707,8.504999999999999,SPY,2026-09-18T11:09:27.324959-04:00,759.8699951171875
SPY261130P00730000,2026-11-30,put,730.0,8.67,8.7,8.86,1.0,796.0,0.1512078288269043,2026-09-18 14:26:37+00:00,0.2005527864992707,8.684999999999999,SPY,2026-09-18T11:09:27.324959-04:00,759.8699951171875
SPY261130P00731000,2026-11-30,put,731.0,8.82,8.88,8.58,7.0,89.0,0.15021601745605473,2026-09-18 13:33:34+00:00,0.2005527864992707,8.850000000000001,SPY,2026-09-18T11:09:27.324959-04:00,759.8699951171875
SPY261130P00732000,2026-11-30,put,732.0,9.01,9.09,13.51,13.0,45.0,0.14945308563232423,2026-09-16 19:25:52+00:00,0.2005527864992707,9.05,SPY,2026-09-18T11:09:27.324959-04:00,759.8699951171875
SPY261130P00733000,2026-11-30,put,733.0,9.16,9.24,9.47,2.0,76.0,0.1481103256225586,2026-09-18 14:44:26+00:00,0.2005527864992707,9.2,SPY,2026-09-18T11:09:27.324959-04:00,759.8699951171875
SPY261130P00734000,2026-11-30,put,734.0,9.37,9.43,10.44,3.0,101.0,0.1470879969787598,2026-09-16 16:00:55+00:00,0.2005527864992707,9.399999999999999,SPY,2026-09-18T11:09:27.324959-04:00,759.8699951171875
SPY261130P00735000,2026-11-30,put,735.0,9.53,9.6,9.82,4.0,562.0,0.1458520474243164,2026-09-18 14:44:42+00:00,0.2005527864992707,9.565,SPY,2026-09-18T11:09:27.324959-04:00,759.8699951171875
SPY261130P00736000,2026-11-30,put,736.0,9.75,9.82,9.85,1.0,185.0,0.1450128224182129,2026-09-18 14:10:37+00:00,0.2005527864992707,9.785,SPY,2026-09-18T11:09:27.324959-04:00,759.8699951171875
SPY261130P00737000,2026-11-30,put,737.0,9.92,10.0,10.05,1.0,175.0,0.1437768728637695,2026-09-18 14:10:37+00:00,0.2005527864992707,9.96,SPY,2026-09-18T11:09:27.324959-04:00,759.8699951171875
SPY261130P00738000,2026-11-30,put,738.0,10.13,10.2,10.45,1.0,390.0,0.14267825103759768,2026-09-18 14:44:26+00:00,0.2005527864992707,10.165,SPY,2026-09-18T11:09:27.324959-04:00,759.8699951171875
SPY261130P00739000,2026-11-30,put,739.0,10.33,10.41,10.59,1.0,186.0,0.141610146484375,2026-09-17 14:29:54+00:00,0.2005527864992707,10.370000000000001,SPY,2026-09-18T11:09:27.324959-04:00,759.8699951171875
SPY261130P00740000,2026-11-30,put,740.0,10.57,10.63,10.95,3.0,1861.0,0.14058781784057617,2026-09-18 14:05:44+00:00,0.2005527864992707,10.600000000000001,SPY,2026-09-18T11:09:27.324959-04:00,759.8699951171875
SPY261130P00741000,2026-11-30,put,741.0,10.77,10.85,13.4,1.0,118.0,0.13951971328735352,2026-09-15 15:50:11+00:00,0.2005527864992707,10.809999999999999,SPY,2026-09-18T11:09:27.324959-04:00,759.8699951171875
SPY261130P00742000,2026-11-30,put,742.0,11.01,11.08,15.3,15.0,217.0,0.1384821260070801,2026-09-16 19:42:06+00:00,0.2005527864992707,11.045,SPY,2026-09-18T11:09:27.324959-04:00,759.8699951171875
SPY261130P00743000,2026-11-30,put,743.0,11.19,11.26,11.29,1.0,119.0,0.137002038269043,2026-09-18 13:56:45+00:00,0.2005527864992707,11.225,SPY,2026-09-18T11:09:27.324959-04:00,759.8699951171875
SPY261130P00744000,2026-11-30,put,744.0,11.46,11.55,11.77,1.0,49.0,0.1363459169006348,2026-09-18 14:26:37+00:00,0.2005527864992707,11.505,SPY,2026-09-18T11:09:27.324959-04:00,759.8699951171875
SPY261130P00745000,2026-11-30,put,745.0,11.69,11.79,12.01,2.0,342.0,0.13524729507446293,2026-09-18 14:26:37+00:00,0.2005527864992707,11.739999999999998,SPY,2026-09-18T11:09:27.324959-04:00,759.8699951171875
SPY261130P00746000,2026-11-30,put,746.0,11.94,12.03,12.5,14.0,576.0,0.1341028973388672,2026-09-17 15:03:18+00:00,0.2005527864992707,11.985,SPY,2026-09-18T11:09:27.324959-04:00,759.8699951171875
SPY261130P00747000,2026-11-30,put,747.0,12.2,12.29,12.59,13.0,72.0,0.13305005142211912,2026-09-11 19:58:14+00:00,0.2005527864992707,12.245,SPY,2026-09-18T11:09:27.324959-04:00,759.8699951171875
SPY261130P00748000,2026-11-30,put,748.0,12.46,12.56,12.74,1.0,364.0,0.1320277227783203,2026-09-17 14:45:48+00:00,0.2005527864992707,12.510000000000002,SPY,2026-09-18T11:09:27.324959-04:00,759.8699951171875
SPY261130P00749000,2026-11-30,put,749.0,12.73,12.82,12.9,3.0,453.0,0.1308833250427246,2026-09-17 14:23:35+00:00,0.2005527864992707,12.775,SPY,2026-09-18T11:09:27.324959-04:00,759.8699951171875
SPY261130P00750000,2026-11-30,put,750.0,13.0,13.09,13.27,13.0,2063.0,0.1297541859436035,2026-09-18 14:31:22+00:00,0.2005527864992707,13.045,SPY,2026-09-18T11:09:27.324959-04:00,759.8699951171875
SPY261130P00751000,2026-11-30,put,751.0,13.29,13.37,13.17,16.0,96.0,0.128640305480957,2026-09-17 18:13:03+00:00,0.2005527864992707,13.329999999999998,SPY,2026-09-18T11:09:27.324959-04:00,759.8699951171875
SPY261130P00752000,2026-11-30,put,752.0,13.57,13.68,13.98,20.0,220.0,0.12770952865600588,2026-09-18 14:02:28+00:00,0.2005527864992707,13.625,SPY,2026-09-18T11:09:27.324959-04:00,759.8699951171875
SPY261130P00753000,2026-11-30,put,753.0,13.86,13.95,14.31,1.0,76.0,0.12641254455566403,2026-09-17 19:20:11+00:00,0.2005527864992707,13.905,SPY,2026-09-18T11:09:27.324959-04:00,759.8699951171875
SPY261130P00754000,2026-11-30,put,754.0,14.21,14.31,14.3,32.0,101.0,0.12572590591430666,2026-09-18 14:51:31+00:00,0.2005527864992707,14.260000000000002,SPY,2026-09-18T11:09:27.324959-04:00,759.8699951171875
SPY261130P00755000,2026-11-30,put,755.0,14.44,14.54,14.94,9.0,317.0,0.12401693862915039,2026-09-18 14:42:49+00:00,0.2005527864992707,14.489999999999998,SPY,2026-09-18T11:09:27.324959-04:00,759.8699951171875
SPY261130P00756000,2026-11-30,put,756.0,14.81,14.91,14.57,3.0,56.0,0.12326926544189454,2026-09-17 20:11:26+00:00,0.2005527864992707,14.86,SPY,2026-09-18T11:09:27.324959-04:00,759.8699951171875
SPY261130P00757000,2026-11-30,put,757.0,15.14,15.24,15.4,3.0,368.0,0.12217064361572266,2026-09-18 14:12:28+00:00,0.2005527864992707,15.190000000000001,SPY,2026-09-18T11:09:27.324959-04:00,759.8699951171875
SPY261130P00758000,2026-11-30,put,758.0,15.51,15.62,15.63,4.0,152.0,0.12137719451904297,2026-09-18 14:51:12+00:00,0.2005527864992707,15.565,SPY,2026-09-18T11:09:27.324959-04:00,759.8699951171875
SPY261130P00759000,2026-11-30,put,759.0,15.87,15.98,16.22,2.0,223.0,0.12037012451171875,2026-09-18 14:34:18+00:00,0.2005527864992707,15.925,SPY,2026-09-18T11:09:27.324959-04:00,759.8699951171875
SPY261130P00760000,2026-11-30,put,760.0,16.19,16.28,16.53,51.0,2313.0,0.1188595195007324,2026-09-18 14:31:22+00:00,0.2005527864992707,16.235,SPY,2026-09-18T11:09:27.324959-04:00,759.8699951171875
SPY261130P00761000,2026-11-30,put,761.0,16.55,16.66,16.38,62.0,915.0,0.1178524494934082,2026-09-18 13:49:29+00:00,0.2005527864992707,16.605,SPY,2026-09-18T11:09:27.324959-04:00,759.8699951171875
SPY261130P00762000,2026-11-30,put,762.0,16.93,17.04,17.3,39.0,383.0,0.11678434494018555,2026-09-18 14:14:26+00:00,0.2005527864992707,16.985,SPY,2026-09-18T11:09:27.324959-04:00,759.8699951171875
SPY261130P00763000,2026-11-30,put,763.0,17.29,17.4,17.61,40.0,159.0,0.11548736083984376,2026-09-18 14:47:23+00:00,0.2005527864992707,17.345,SPY,2026-09-18T11:09:27.324959-04:00,759.8699951171875
SPY261130P00764000,2026-11-30,put,764.0,17.72,17.82,17.68,11.0,81.0,0.1145565840148926,2026-09-17 15:42:54+00:00,0.2005527864992707,17.77,SPY,2026-09-18T11:09:27.324959-04:00,759.8699951171875
SPY261130P00765000,2026-11-30,put,765.0,18.12,18.23,18.24,1.0,358.0,0.1134732208251953,2026-09-18 13:58:24+00:00,0.2005527864992707,18.175,SPY,2026-09-18T11:09:27.324959-04:00,759.8699951171875
SPY261130P00766000,2026-11-30,put,766.0,18.56,18.68,18.95,4.0,593.0,0.11260347854614258,2026-09-18 14:48:49+00:00,0.2005527864992707,18.619999999999997,SPY,2026-09-18T11:09:27.324959-04:00,759.8699951171875
SPY261130P00767000,2026-11-30,put,767.0,18.98,19.1,19.21,5.0,302.0,0.11142856353759764,2026-09-18 14:50:00+00:00,0.2005527864992707,19.04,SPY,2026-09-18T11:09:27.324959-04:00,759.8699951171875
SPY261130P00768000,2026-11-30,put,768.0,19.42,19.53,19.83,2.0,242.0,0.11025364852905273,2026-09-18 14:48:49+00:00,0.2005527864992707,19.475,SPY,2026-09-18T11:09:27.324959-04:00,759.8699951171875
SPY261130P00769000,2026-11-30,put,769.0,19.91,20.02,24.71,50.0,737.0,0.10942968215942384,2026-09-16 18:57:05+00:00,0.2005527864992707,19.965,SPY,2026-09-18T11:09:27.324959-04:00,759.8699951171875
SPY261130P00770000,2026-11-30,put,770.0,20.35,20.45,20.0,48.0,748.0,0.10807166351318359,2026-09-17 20:02:45+00:00,0.2005527864992707,20.4,SPY,2026-09-18T11:09:27.324959-04:00,759.8699951171875
SPY261130P00771000,2026-11-30,put,771.0,20.85,20.96,21.4,6.0,291.0,0.10721717987060547,2026-09-18 14:20:51+00:00,0.2005527864992707,20.905,SPY,2026-09-18T11:09:27.324959-04:00,759.8699951171875
SPY261130P00772000,2026-11-30,put,772.0,21.32,21.42,26.75,1.0,134.0,0.10590493713378905,2026-09-16 19:52:47+00:00,0.2005527864992707,21.37,SPY,2026-09-18T11:09:27.324959-04:00,759.8699951171875
SPY261130P00773000,2026-11-30,put,773.0,21.79,21.93,26.54,2.0,345.0,0.10486734985351562,2026-09-16 18:56:51+00:00,0.2005527864992707,21.86,SPY,2026-09-18T11:09:27.324959-04:00,759.8699951171875
SPY261130P00774000,2026-11-30,put,774.0,22.3,22.44,25.82,10.0,399.0,0.1037229521179199,2026-09-15 14:36:08+00:00,0.2005527864992707,22.37,SPY,2026-09-18T11:09:27.324959-04:00,759.8699951171875
SPY261130P00775000,2026-11-30,put,775.0,22.84,23.07,22.3,102.0,1153.0,0.10343303802490234,2026-09-17 19:43:10+00:00,0.2005527864992707,22.955,SPY,2026-09-18T11:09:27.324959-04:00,759.8699951171875
SPY261130P00776000,2026-11-30,put,776.0,23.36,23.62,27.97,1.0,101.0,0.1024107093811035,2026-09-10 14:13:39+00:00,0.2005527864992707,23.490000000000002,SPY,2026-09-18T11:09:27.324959-04:00,759.8699951171875
SPY261130P00777000,2026-11-30,put,777.0,23.91,24.17,29.48,3.0,189.0,0.1012815702819824,2026-09-16 18:57:29+00:00,0.2005527864992707,24.04,SPY,2026-09-18T11:09:27.324959-04:00,759.8699951171875
SPY261130P00778000,2026-11-30,put,778.0,24.46,24.61,19.97,145.0,150.0,0.0991148439025879,2026-09-03 19:22:50+00:00,0.2005527864992707,24.535,SPY,2026-09-18T11:09:27.324959-04:00,759.8699951171875
SPY261130P00779000,2026-11-30,put,779.0,25.11,26.61,28.7,4.0,766.0,0.10982640670776367,2026-09-15 19:00:20+00:00,0.2005527864992707,25.86,SPY,2026-09-18T11:09:27.324959-04:00,759.8699951171875
SPY261130P00780000,2026-11-30,put,780.0,25.68,25.84,24.85,313.0,427.0,0.0973295834350586,2026-09-17 19:51:09+00:00,0.2005527864992707,25.759999999999998,SPY,2026-09-18T11:09:27.324959-04:00,759.8699951171875
SPY261130P00781000,2026-11-30,put,781.0,26.27,26.44,25.78,1.0,128.0,0.09612415115356446,2026-09-17 16:38:46+00:00,0.2005527864992707,26.355,SPY,2026-09-18T11:09:27.324959-04:00,759.8699951171875
SPY261130P00782000,2026-11-30,put,782.0,26.83,27.02,24.33,2.0,2.0,0.09461354614257814,2026-08-13 16:02:31+00:00,0.2005527864992707,26.924999999999997,SPY,2026-09-18T11:09:27.324959-04:00,759.8699951171875
SPY261130P00783000,2026-11-30,put,783.0,27.52,29.51,28.3,1.0,3.0,0.1100400276184082,2026-08-25 19:16:10+00:00,0.2005527864992707,28.515,SPY,2026-09-18T11:09:27.324959-04:00,759.8699951171875
SPY261130P00785000,2026-11-30,put,785.0,27.83,30.83,28.45,1.0,153.0,0.10854468124389649,2026-09-17 16:28:24+00:00,0.2005527864992707,29.33,SPY,2026-09-18T11:09:27.324959-04:00,759.8699951171875
SPY261130P00786000,2026-11-30,put,786.0,29.52,29.81,25.63,0.0,65.0,0.09153130157470701,2026-08-28 13:50:15+00:00,0.2005527864992707,29.665,SPY,2026-09-18T11:09:27.324959-04:00,759.8699951171875
SPY261130P00787000,2026-11-30,put,787.0,30.2,30.41,28.52,0.0,1.0,0.08939509246826172,2026-09-08 18:48:58+00:00,0.2005527864992707,30.305,SPY,2026-09-18T11:09:27.324959-04:00,759.8699951171875
SPY261130P00788000,2026-11-30,put,788.0,29.75,32.93,34.1,0.0,1.0,0.10663735168457032,2026-09-10 14:24:40+00:00,0.2005527864992707,31.34,SPY,2026-09-18T11:09:27.324959-04:00,759.8699951171875
SPY261130P00789000,2026-11-30,put,789.0,31.67,31.9,28.59,31.0,32.0,0.08768612518310548,2026-09-08 15:26:42+00:00,0.2005527864992707,31.785,SPY,2026-09-18T11:09:27.324959-04:00,759.8699951171875
SPY261130P00790000,2026-11-30,put,790.0,32.4,32.71,31.64,24.0,300.0,0.08735043518066407,2026-09-17 19:03:00+00:00,0.2005527864992707,32.555,SPY,2026-09-18T11:09:27.324959-04:00,759.8699951171875
SPY261130P00791000,2026-11-30,put,791.0,31.59,33.35,30.26,0.0,1.0,0.08481750152587891,2026-09-08 17:00:24+00:00,0.2005527864992707,32.47,SPY,2026-09-18T11:09:27.324959-04:00,759.8699951171875
SPY261130P00794000,2026-11-30,put,794.0,33.96,35.72,38.55,10.0,22.0,0.08146060150146486,2026-09-10 15:12:25+00:00,0.2005527864992707,34.84,SPY,2026-09-18T11:09:27.324959-04:00,759.8699951171875
SPY261130P00795000,2026-11-30,put,795.0,34.78,36.69,35.52,1.0,46.0,0.08265077514648439,2026-09-17 18:34:55+00:00,0.2005527864992707,35.735,SPY,2026-09-18T11:09:27.324959-04:00,759.8699951171875
SPY261130P00796000,2026-11-30,put,796.0,35.62,37.47,34.2,0.0,10.0,0.08081973876953125,2026-09-08 13:53:48+00:00,0.2005527864992707,36.545,SPY,2026-09-18T11:09:27.324959-04:00,759.8699951171875
SPY261130P00800000,2026-11-30,put,800.0,39.1,42.53,51.0,28.0,50.0,0.10273114074707031,2026-09-16 19:24:10+00:00,0.2005527864992707,40.815,SPY,2026-09-18T11:09:27.324959-04:00,759.8699951171875
SPY261130P00805000,2026-11-30,put,805.0,43.72,47.25,40.82,3.0,7.0,0.10715614532470702,2026-09-08 18:40:08+00:00,0.2005527864992707,45.485,SPY,2026-09-18T11:09:27.324959-04:00,759.8699951171875
SPY261130P00810000,2026-11-30,put,810.0,50.2,52.1,50.37,1.0,78.0,0.11283235809326173,2026-09-18 14:11:00+00:00,0.2005527864992707,51.150000000000006,SPY,2026-09-18T11:09:27.324959-04:00,759.8699951171875
SPY261130P00813000,2026-11-30,put,813.0,51.53,55.05,49.03,0.0,2.0,0.11667753448486329,2026-09-02 15:07:39+00:00,0.2005527864992707,53.29,SPY,2026-09-18T11:09:27.324959-04:00,759.8699951171875
SPY261130P00815000,2026-11-30,put,815.0,53.57,57.1,47.5,1.0,12.0,0.12055322814941406,2026-08-19 13:58:27+00:00,0.2005527864992707,55.335,SPY,2026-09-18T11:09:27.324959-04:00,759.8699951171875
SPY261130P00820000,2026-11-30,put,820.0,58.31,62.14,54.82,2.0,4.0,0.1287928918457031,2026-08-21 16:49:44+00:00,0.2005527864992707,60.225,SPY,2026-09-18T11:09:27.324959-04:00,759.8699951171875
SPY261130P00825000,2026-11-30,put,825.0,63.22,67.27,56.18,1.0,19.0,0.13843635009765626,2026-08-28 19:48:15+00:00,0.2005527864992707,65.245,SPY,2026-09-18T11:09:27.324959-04:00,759.8699951171875
SPY261130P00830000,2026-11-30,put,830.0,68.22,72.26,61.0,15.0,4.0,0.14560790924072264,2026-09-04 14:49:44+00:00,0.2005527864992707,70.24000000000001,SPY,2026-09-18T11:09:27.324959-04:00,759.8699951171875
SPY261130P00835000,2026-11-30,put,835.0,64.54,68.06,98.95,0.0,1.0,1.0000000000000003e-05,2026-07-30 15:03:48+00:00,0.2005527864992707,66.30000000000001,SPY,2026-09-18T11:09:27.324959-04:00,759.8699951171875
SPY261130P00840000,2026-11-30,put,840.0,78.22,82.25,61.99,26.0,0.0,0.15976792388916017,2026-08-13 19:09:53+00:00,0.2005527864992707,80.235,SPY,2026-09-18T11:09:27.324959-04:00,759.8699951171875
SPY261130P00845000,2026-11-30,put,845.0,74.45,77.97,110.81,1.0,0.0,1.0000000000000003e-05,2026-07-29 15:40:59+00:00,0.2005527864992707,76.21000000000001,SPY,2026-09-18T11:09:27.324959-04:00,759.8699951171875
SPY261130P00850000,2026-11-30,put,850.0,84.61,87.82,110.88,1.0,0.0,1.0000000000000003e-05,2026-07-23 20:10:27+00:00,0.2005527864992707,86.215,SPY,2026-09-18T11:09:27.324959-04:00,759.8699951171875
SPY261130P00860000,2026-11-30,put,860.0,98.22,102.2,93.82,2.0,2.0,0.1860432958984375,2026-08-21 16:44:25+00:00,0.2005527864992707,100.21000000000001,SPY,2026-09-18T11:09:27.324959-04:00,759.8699951171875
SPY261130P00870000,2026-11-30,put,870.0,108.22,112.26,100.21,0.0,0.0,0.2003558969116211,2026-08-06 16:02:26+00:00,0.2005527864992707,110.24000000000001,SPY,2026-09-18T11:09:27.324959-04:00,759.8699951171875
SPY261130P00885000,2026-11-30,put,885.0,123.22,127.26,112.05,0.0,0.0,0.21936815795898437,2026-08-17 19:39:03+00:00,0.2005527864992707,125.24000000000001,SPY,2026-09-18T11:09:27.324959-04:00,759.8699951171875
SPY261130P00900000,2026-11-30,put,900.0,138.23,142.1,133.42,1.0,0.0,0.23386386260986325,2026-08-21 15:30:21+00:00,0.2005527864992707,140.165,SPY,2026-09-18T11:09:27.324959-04:00,759.8699951171875
SPY261130P00920000,2026-11-30,put,920.0,158.73,162.05,146.99,0.0,1.0,0.25583629913330086,2026-09-03 19:49:35+00:00,0.2005527864992707,160.39,SPY,2026-09-18T11:09:27.324959-04:00,759.8699951171875
SPY261231C00460000,2026-12-31,call,460.0,303.1,307.1,308.17,4.0,21.0,0.6106606317138674,2026-08-20 20:11:41+00:00,0.2854842933485857,305.1,SPY,2026-09-18T11:09:27.324959-04:00,759.8699951171875
SPY261231C00470000,2026-12-31,call,470.0,277.2,280.59,253.11,0.0,0.0,1.0000000000000003e-05,2026-04-29 19:11:01+00:00,0.2854842933485857,278.895,SPY,2026-09-18T11:09:27.324959-04:00,759.8699951171875
SPY261231C00475000,2026-12-31,call,475.0,292.87,295.99,283.28,0.0,0.0,0.6696505203247071,2026-07-09 15:19:48+00:00,0.2854842933485857,294.43,SPY,2026-09-18T11:09:27.324959-04:00,759.8699951171875
SPY261231C00480000,2026-12-31,call,480.0,266.31,269.73,276.0,2.0,1.0,1.0000000000000003e-05,2026-06-22 18:44:07+00:00,0.2854842933485857,268.02,SPY,2026-09-18T11:09:27.324959-04:00,759.8699951171875
SPY261231C00485000,2026-12-31,call,485.0,283.11,286.22,274.52,1.0,1.0,0.6499973965454101,2026-07-13 16:29:16+00:00,0.2854842933485857,284.665,SPY,2026-09-18T11:09:27.324959-04:00,759.8699951171875
SPY261231C00490000,2026-12-31,call,490.0,273.61,277.3,282.57,1.0,4.0,0.5542647113037109,2026-08-20 15:10:58+00:00,0.2854842933485857,275.45500000000004,SPY,2026-09-18T11:09:27.324959-04:00,759.8699951171875
SPY261231C00495000,2026-12-31,call,495.0,0.0,0.0,182.97,0.0,0.0,1.0000000000000003e-05,2026-03-23 13:30:37+00:00,0.2854842933485857,0.0,SPY,2026-09-18T11:09:27.324959-04:00,759.8699951171875
SPY261231C00500000,2026-12-31,call,500.0,263.84,267.82,276.92,1.0,201.0,0.5415084912109377,2026-08-27 19:43:11+00:00,0.2854842933485857,265.83,SPY,2026-09-18T11:09:27.324959-04:00,759.8699951171875
SPY261231C00505000,2026-12-31,call,505.0,0.0,0.0,170.06,10.0,0.0,1.0000000000000003e-05,2026-04-01 13:42:28+00:00,0.2854842933485857,0.0,SPY,2026-09-18T11:09:27.324959-04:00,759.8699951171875
SPY261231C00510000,2026-12-31,call,510.0,253.94,258.0,270.42,10.0,25.0,0.5234727828979492,2026-08-10 19:30:04+00:00,0.2854842933485857,255.97,SPY,2026-09-18T11:09:27.324959-04:00,759.8699951171875
SPY261231C00515000,2026-12-31,call,515.0,232.62,236.05,234.89,2.0,2.0,1.0000000000000003e-05,2026-06-23 16:03:56+00:00,0.2854842933485857,234.335,SPY,2026-09-18T11:09:27.324959-04:00,759.8699951171875
SPY261231C00520000,2026-12-31,call,520.0,244.23,248.23,249.56,2.0,18.0,0.5080005255126954,2026-09-11 15:05:03+00:00,0.2854842933485857,246.23,SPY,2026-09-18T11:09:27.324959-04:00,759.8699951171875
SPY261231C00525000,2026-12-31,call,525.0,239.33,243.32,239.76,1.0,7.0,0.5357102093505859,2026-09-15 13:49:31+00:00,0.2854842933485857,241.325,SPY,2026-09-18T11:09:27.324959-04:00,759.8699951171875
SPY261231C00530000,2026-12-31,call,530.0,0.0,0.0,233.06,2.0,0.0,1.0000000000000003e-05,2026-06-05 14:20:10+00:00,0.2854842933485857,0.0,SPY,2026-09-18T11:09:27.324959-04:00,759.8699951171875
SPY261231C00535000,2026-12-31,call,535.0,228.68,232.19,204.51,0.0,1.0,0.4948475808715821,2026-06-11 17:19:59+00:00,0.2854842933485857,230.435,SPY,2026-09-18T11:09:27.324959-04:00,759.8699951171875
SPY261231C00540000,2026-12-31,call,540.0,224.57,228.31,227.52,1.0,22.0,0.5034534518432617,2026-09-17 15:47:35+00:00,0.2854842933485857,226.44,SPY,2026-09-18T11:09:27.324959-04:00,759.8699951171875
SPY261231C00545000,2026-12-31,call,545.0,219.11,222.62,223.7,3.0,4.0,0.4815420498657227,2026-06-15 16:17:00+00:00,0.2854842933485857,220.865,SPY,2026-09-18T11:09:27.324959-04:00,759.8699951171875
SPY261231C00550000,2026-12-31,call,550.0,214.88,218.87,232.09,1.0,24.0,0.4911855081176758,2026-08-10 15:07:16+00:00,0.2854842933485857,216.875,SPY,2026-09-18T11:09:27.324959-04:00,759.8699951171875
SPY261231C00555000,2026-12-31,call,555.0,209.92,214.0,227.69,2.0,31.0,0.4826101544189454,2026-08-10 15:52:59+00:00,0.2854842933485857,211.95999999999998,SPY,2026-09-18T11:09:27.324959-04:00,759.8699951171875
SPY261231C00560000,2026-12-31,call,560.0,205.04,208.81,218.54,11.0,24.0,0.46924358886718753,2026-08-28 14:24:04+00:00,0.2854842933485857,206.925,SPY,2026-09-18T11:09:27.324959-04:00,759.8699951171875
SPY261231C00565000,2026-12-31,call,565.0,200.26,203.94,208.9,1.0,70.0,0.4607597869873047,2026-08-26 18:47:03+00:00,0.2854842933485857,202.1,SPY,2026-09-18T11:09:27.324959-04:00,759.8699951171875
SPY261231C00570000,2026-12-31,call,570.0,195.11,199.38,212.43,1.0,59.0,0.4567315069580079,2026-08-10 16:54:16+00:00,0.2854842933485857,197.245,SPY,2026-09-18T11:09:27.324959-04:00,759.8699951171875
SPY261231C00575000,2026-12-31,call,575.0,190.48,194.51,191.21,2.0,792.0,0.44812563598632804,2026-09-10 15:36:07+00:00,0.2854842933485857,192.495,SPY,2026-09-18T11:09:27.324959-04:00,759.8699951171875
SPY261231C00580000,2026-12-31,call,580.0,185.58,189.33,185.42,6.0,26.0,0.4352473468017578,2026-09-10 13:42:40+00:00,0.2854842933485857,187.455,SPY,2026-09-18T11:09:27.324959-04:00,759.8699951171875
SPY261231C00585000,2026-12-31,call,585.0,180.76,184.81,187.61,1.0,21.0,0.4314326876831055,2026-08-31 17:33:02+00:00,0.2854842933485857,182.785,SPY,2026-09-18T11:09:27.324959-04:00,759.8699951171875
SPY261231C00590000,2026-12-31,call,590.0,175.92,179.97,178.82,1.0,35.0,0.42319302398681635,2026-09-14 16:32:46+00:00,0.2854842933485857,177.945,SPY,2026-09-18T11:09:27.324959-04:00,759.8699951171875
SPY261231C00595000,2026-12-31,call,595.0,171.13,174.81,191.78,1.0,70.0,0.41080301116943363,2026-08-13 13:51:57+00:00,0.2854842933485857,172.97,SPY,2026-09-18T11:09:27.324959-04:00,759.8699951171875
SPY261231C00600000,2026-12-31,call,600.0,166.25,170.02,159.38,1.0,441.0,0.40320421020507813,2026-09-16 19:13:40+00:00,0.2854842933485857,168.135,SPY,2026-09-18T11:09:27.324959-04:00,759.8699951171875
SPY261231C00605000,2026-12-31,call,605.0,161.74,165.31,169.63,1.0,2179.0,0.3965514447021484,2026-09-08 16:18:55+00:00,0.2854842933485857,163.525,SPY,2026-09-18T11:09:27.324959-04:00,759.8699951171875
SPY261231C00610000,2026-12-31,call,610.0,156.62,160.1,167.02,1.0,388.0,0.38373419006347653,2026-09-08 13:30:33+00:00,0.2854842933485857,158.36,SPY,2026-09-18T11:09:27.324959-04:00,759.8699951171875
SPY261231C00615000,2026-12-31,call,615.0,151.81,155.38,155.33,1.0,205.0,0.37686780364990236,2026-09-09 15:47:21+00:00,0.2854842933485857,153.595,SPY,2026-09-18T11:09:27.324959-04:00,759.8699951171875
SPY261231C00620000,2026-12-31,call,620.0,147.31,150.8,149.49,6.0,269.0,0.37152728088378906,2026-09-01 18:19:14+00:00,0.2854842933485857,149.055,SPY,2026-09-18T11:09:27.324959-04:00,759.8699951171875
SPY261231C00621000,2026-12-31,call,621.0,0.0,0.0,148.58,1.0,0.0,1.0000000000000003e-05,2026-06-05 15:00:32+00:00,0.2854842933485857,0.0,SPY,2026-09-18T11:09:27.324959-04:00,759.8699951171875
SPY261231C00622000,2026-12-31,call,622.0,0.0,0.0,147.68,1.0,0.0,1.0000000000000003e-05,2026-06-05 15:00:32+00:00,0.2854842933485857,0.0,SPY,2026-09-18T11:09:27.324959-04:00,759.8699951171875
SPY261231C00623000,2026-12-31,call,623.0,0.0,0.0,146.9,1.0,0.0,1.0000000000000003e-05,2026-06-05 15:02:29+00:00,0.2854842933485857,0.0,SPY,2026-09-18T11:09:27.324959-04:00,759.8699951171875
SPY261231C00624000,2026-12-31,call,624.0,144.94,148.4,137.76,1.0,785.0,0.3810791873168945,2026-06-12 16:13:09+00:00,0.2854842933485857,146.67000000000002,SPY,2026-09-18T11:09:27.324959-04:00,759.8699951171875
SPY261231C00625000,2026-12-31,call,625.0,142.51,146.1,145.4,2.0,78.0,0.36464563583374027,2026-09-01 18:37:16+00:00,0.2854842933485857,144.305,SPY,2026-09-18T11:09:27.324959-04:00,759.8699951171875
SPY261231C00626000,2026-12-31,call,626.0,0.0,0.0,143.8,1.0,0.0,1.0000000000000003e-05,2026-06-05 15:02:47+00:00,0.2854842933485857,0.0,SPY,2026-09-18T11:09:27.324959-04:00,759.8699951171875
SPY261231C00627000,2026-12-31,call,627.0,0.0,0.0,143.61,2.0,0.0,1.0000000000000003e-05,2026-06-05 15:04:58+00:00,0.2854842933485857,0.0,SPY,2026-09-18T11:09:27.324959-04:00,759.8699951171875
SPY261231C00628000,2026-12-31,call,628.0,139.67,143.23,145.51,2.0,179.0,0.35990019989013666,2026-09-11 14:38:37+00:00,0.2854842933485857,141.45,SPY,2026-09-18T11:09:27.324959-04:00,759.8699951171875
SPY261231C00629000,2026-12-31,call,629.0,138.69,142.27,152.97,1.0,1122.0,0.3582827844238281,2026-08-06 17:26:41+00:00,0.2854842933485857,140.48000000000002,SPY,2026-09-18T11:09:27.324959-04:00,759.8699951171875
SPY261231C00630000,2026-12-31,call,630.0,137.44,141.25,149.79,10.0,350.0,0.3559939889526367,2026-08-18 15:42:31+00:00,0.2854842933485857,139.345,SPY,2026-09-18T11:09:27.324959-04:00,759.8699951171875
SPY261231C00631000,2026-12-31,call,631.0,0.0,0.0,139.73,1.0,0.0,1.0000000000000003e-05,2026-06-05 15:05:26+00:00,0.2854842933485857,0.0,SPY,2026-09-18T11:09:27.324959-04:00,759.8699951171875
SPY261231C00632000,2026-12-31,call,632.0,141.32,144.51,128.67,4.0,6.0,0.4057676611328125,2026-07-08 15:46:10+00:00,0.2854842933485857,142.915,SPY,2026-09-18T11:09:27.324959-04:00,759.8699951171875
SPY261231C00633000,2026-12-31,call,633.0,134.87,138.36,133.6,1.0,32.0,0.351019673461914,2026-09-15 15:24:49+00:00,0.2854842933485857,136.615,SPY,2026-09-18T11:09:27.324959-04:00,759.8699951171875
SPY261231C00634000,2026-12-31,call,634.0,133.89,137.5,144.95,3.0,5.0,0.3504551039123534,2026-09-04 20:00:16+00:00,0.2854842933485857,135.695,SPY,2026-09-18T11:09:27.324959-04:00,759.8699951171875
SPY261231C00635000,2026-12-31,call,635.0,132.99,136.52,133.98,2.0,50.0,0.34860880889892576,2026-09-14 14:22:17+00:00,0.2854842933485857,134.755,SPY,2026-09-18T11:09:27.324959-04:00,759.8699951171875
SPY261231C00636000,2026-12-31,call,636.0,137.56,140.76,121.71,2.0,33.0,0.3992217060852051,2026-07-23 16:26:35+00:00,0.2854842933485857,139.16,SPY,2026-09-18T11:09:27.324959-04:00,759.8699951171875
SPY261231C00637000,2026-12-31,call,637.0,123.0,126.52,111.3,2.0,14.0,0.24225611267089842,2026-05-04 15:19:55+00:00,0.2854842933485857,124.75999999999999,SPY,2026-09-18T11:09:27.324959-04:00,759.8699951171875
SPY261231C00638000,2026-12-31,call,638.0,138.96,142.49,120.33,1.0,4.0,0.4292049267578125,2026-07-30 19:59:12+00:00,0.2854842933485857,140.72500000000002,SPY,2026-09-18T11:09:27.324959-04:00,759.8699951171875
SPY261231C00639000,2026-12-31,call,639.0,128.95,132.68,136.94,6.0,22.0,0.3420170779418945,2026-09-08 19:23:12+00:00,0.2854842933485857,130.815,SPY,2026-09-18T11:09:27.324959-04:00,759.8699951171875
SPY261231C00640000,2026-12-31,call,640.0,127.92,131.72,142.47,1.0,346.0,0.3403691452026367,2026-09-03 15:52:20+00:00,0.2854842933485857,129.82,SPY,2026-09-18T11:09:27.324959-04:00,759.8699951171875
SPY261231C00641000,2026-12-31,call,641.0,127.1,130.38,145.58,1.0,18.0,0.3347234497070312,2026-08-11 14:33:38+00:00,0.2854842933485857,128.74,SPY,2026-09-18T11:09:27.324959-04:00,759.8699951171875
SPY261231C00642000,2026-12-31,call,642.0,126.31,129.82,139.9,19.0,57.0,0.3372563833618164,2026-08-28 13:51:13+00:00,0.2854842933485857,128.065,SPY,2026-09-18T11:09:27.324959-04:00,759.8699951171875
SPY261231C00643000,2026-12-31,call,643.0,125.38,128.83,139.39,5.0,13.0,0.33528801925659174,2026-08-19 13:45:48+00:00,0.2854842933485857,127.105,SPY,2026-09-18T11:09:27.324959-04:00,759.8699951171875
SPY261231C00644000,2026-12-31,call,644.0,116.99,120.51,98.1,1.0,0.0,0.24600973724365233,2026-04-17 14:25:42+00:00,0.2854842933485857,118.75,SPY,2026-09-18T11:09:27.324959-04:00,759.8699951171875
SPY261231C00645000,2026-12-31,call,645.0,123.47,127.06,137.71,2.0,59.0,0.33350275878906255,2026-09-03 15:32:32+00:00,0.2854842933485857,125.265,SPY,2026-09-18T11:09:27.324959-04:00,759.8699951171875
SPY261231C00646000,2026-12-31,call,646.0,124.97,128.43,109.11,1.0,14.0,0.3548495912170409,2026-06-11 14:25:41+00:00,0.2854842933485857,126.7,SPY,2026-09-18T11:09:27.324959-04:00,759.8699951171875
SPY261231C00647000,2026-12-31,call,647.0,130.44,133.96,126.25,1.0,17.0,0.41226784027099606,2026-08-03 20:14:07+00:00,0.2854842933485857,132.2,SPY,2026-09-18T11:09:27.324959-04:00,759.8699951171875
SPY261231C00648000,2026-12-31,call,648.0,120.63,124.18,135.04,10.0,33.0,0.3284674087524414,2026-08-28 13:44:45+00:00,0.2854842933485857,122.405,SPY,2026-09-18T11:09:27.324959-04:00,759.8699951171875
SPY261231C00649000,2026-12-31,call,649.0,119.66,123.28,137.2,2.0,57.0,0.3273687869262696,2026-08-10 17:04:51+00:00,0.2854842933485857,121.47,SPY,2026-09-18T11:09:27.324959-04:00,759.8699951171875
SPY261231C00650000,2026-12-31,call,650.0,118.68,122.27,117.18,10.0,673.0,0.32518680191040034,2026-09-15 19:53:42+00:00,0.2854842933485857,120.475,SPY,2026-09-18T11:09:27.324959-04:00,759.8699951171875
SPY261231C00651000,2026-12-31,call,651.0,123.59,126.79,118.6,100.0,74.0,0.37500625,2026-07-07 13:44:49+00:00,0.2854842933485857,125.19,SPY,2026-09-18T11:09:27.324959-04:00,759.8699951171875
SPY261231C00652000,2026-12-31,call,652.0,116.83,120.45,124.58,1.0,8.0,0.3227911959838866,2026-08-31 18:39:24+00:00,0.2854842933485857,118.64,SPY,2026-09-18T11:09:27.324959-04:00,759.8699951171875
SPY261231C00653000,2026-12-31,call,653.0,121.72,124.93,111.17,1.0,5.0,0.37172564315795903,2026-07-08 15:45:19+00:00,0.2854842933485857,123.325,SPY,2026-09-18T11:09:27.324959-04:00,759.8699951171875
SPY261231C00654000,2026-12-31,call,654.0,103.96,107.29,106.61,6.0,8.0,0.1715781085205078,2026-06-23 19:48:12+00:00,0.2854842933485857,105.625,SPY,2026-09-18T11:09:27.324959-04:00,759.8699951171875
SPY261231C00655000,2026-12-31,call,655.0,113.97,117.56,109.02,50.0,193.0,0.31757274230957033,2026-09-16 19:08:29+00:00,0.2854842933485857,115.765,SPY,2026-09-18T11:09:27.324959-04:00,759.8699951171875
SPY261231C00656000,2026-12-31,call,656.0,117.66,119.68,111.5,1.0,11.0,0.3447636325073242,2026-05-11 13:48:56+00:00,0.2854842933485857,118.67,SPY,2026-09-18T11:09:27.324959-04:00,759.8699951171875
SPY261231C00657000,2026-12-31,call,657.0,105.97,109.49,88.53,1.0,9.0,0.24898517135620118,2026-04-17 14:34:31+00:00,0.2854842933485857,107.72999999999999,SPY,2026-09-18T11:09:27.324959-04:00,759.8699951171875
SPY261231C00658000,2026-12-31,call,658.0,120.09,123.61,95.62,2.0,10.0,0.39194333648681634,2026-07-29 16:10:32+00:00,0.2854842933485857,121.85,SPY,2026-09-18T11:09:27.324959-04:00,759.8699951171875
SPY261231C00659000,2026-12-31,call,659.0,110.28,113.84,123.49,1.0,9.0,0.3118660122680663,2026-08-18 14:29:16+00:00,0.2854842933485857,112.06,SPY,2026-09-18T11:09:27.324959-04:00,759.8699951171875
SPY261231C00660000,2026-12-31,call,660.0,109.48,112.26,110.88,2.0,118.0,0.3042214353942871,2026-09-16 15:44:06+00:00,0.2854842933485857,110.87,SPY,2026-09-18T11:09:27.324959-04:00,759.8699951171875
SPY261231C00661000,2026-12-31,call,661.0,111.6,115.03,98.58,2.0,13.0,0.3368901760864258,2026-06-10 15:43:30+00:00,0.2854842933485857,113.315,SPY,2026-09-18T11:09:27.324959-04:00,759.8699951171875
SPY261231C00662000,2026-12-31,call,662.0,110.72,114.14,104.43,2.0,9.0,0.33566948516845707,2026-06-12 16:39:42+00:00,0.2854842933485857,112.43,SPY,2026-09-18T11:09:27.324959-04:00,759.8699951171875
SPY261231C00663000,2026-12-31,call,663.0,106.57,110.1,110.48,5.0,16.0,0.305869368133545,2026-09-09 20:06:09+00:00,0.2854842933485857,108.335,SPY,2026-09-18T11:09:27.324959-04:00,759.8699951171875
SPY261231C00664000,2026-12-31,call,664.0,105.74,109.21,116.63,1.0,12.0,0.30477074630737305,2026-08-20 14:44:09+00:00,0.2854842933485857,107.475,SPY,2026-09-18T11:09:27.324959-04:00,759.8699951171875
SPY261231C00665000,2026-12-31,call,665.0,104.66,108.21,100.27,4.0,275.0,0.30264979583740237,2026-09-16 18:59:53+00:00,0.2854842933485857,106.435,SPY,2026-09-18T11:09:27.324959-04:00,759.8699951171875
SPY261231C00666000,2026-12-31,call,666.0,103.77,105.77,103.66,1.0,9.0,0.28705546936035153,2026-09-15 14:20:23+00:00,0.2854842933485857,104.77,SPY,2026-09-18T11:09:27.324959-04:00,759.8699951171875
SPY261231C00667000,2026-12-31,call,667.0,102.8,106.42,110.87,1.0,19.0,0.3003304830932617,2026-08-25 14:49:04+00:00,0.2854842933485857,104.61,SPY,2026-09-18T11:09:27.324959-04:00,759.8699951171875
SPY261231C00668000,2026-12-31,call,668.0,105.44,108.86,91.32,2.0,23.0,0.3286047364807128,2026-06-10 18:41:03+00:00,0.2854842933485857,107.15,SPY,2026-09-18T11:09:27.324959-04:00,759.8699951171875
SPY261231C00669000,2026-12-31,call,669.0,107.04,110.26,100.0,2.0,213.0,0.3466251861572265,2026-07-21 16:04:00+00:00,0.2854842933485857,108.65,SPY,2026-09-18T11:09:27.324959-04:00,759.8699951171875
SPY261231C00670000,2026-12-31,call,670.0,100.06,102.04,102.5,2.0,628.0,0.2812877047729492,2026-09-17 14:23:39+00:00,0.2854842933485857,101.05000000000001,SPY,2026-09-18T11:09:27.324959-04:00,759.8699951171875
SPY261231C00671000,2026-12-31,call,671.0,99.09,102.59,93.14,24.0,240.0,0.2933267689514159,2026-09-16 19:15:41+00:00,0.2854842933485857,100.84,SPY,2026-09-18T11:09:27.324959-04:00,759.8699951171875
SPY261231C00672000,2026-12-31,call,672.0,101.95,105.42,86.78,1.0,8.0,0.32437809417724606,2026-06-09 16:37:06+00:00,0.2854842933485857,103.685,SPY,2026-09-18T11:09:27.324959-04:00,759.8699951171875
SPY261231C00673000,2026-12-31,call,673.0,103.4,106.63,94.73,2.0,9.0,0.3404454383850098,2026-07-17 18:18:58+00:00,0.2854842933485857,105.015,SPY,2026-09-18T11:09:27.324959-04:00,759.8699951171875
SPY261231C00674000,2026-12-31,call,674.0,102.5,105.73,97.65,1.0,12.0,0.3389348333740234,2026-07-07 14:10:24+00:00,0.2854842933485857,104.11500000000001,SPY,2026-09-18T11:09:27.324959-04:00,759.8699951171875
SPY261231C00675000,2026-12-31,call,675.0,95.42,97.37,88.98,5.0,758.0,0.2738567488098144,2026-09-16 19:22:25+00:00,0.2854842933485857,96.39500000000001,SPY,2026-09-18T11:09:27.324959-04:00,759.8699951171875
SPY261231C00676000,2026-12-31,call,676.0,103.34,106.87,99.4,1.0,62.0,0.3593508889770508,2026-08-03 17:30:51+00:00,0.2854842933485857,105.105,SPY,2026-09-18T11:09:27.324959-04:00,759.8699951171875
SPY261231C00677000,2026-12-31,call,677.0,93.78,97.19,111.54,1.0,24.0,0.2857279679870605,2026-08-17 18:59:51+00:00,0.2854842933485857,95.485,SPY,2026-09-18T11:09:27.324959-04:00,759.8699951171875
SPY261231C00678000,2026-12-31,call,678.0,92.69,94.71,97.08,2.0,166.0,0.2705914006042481,2026-09-09 19:49:01+00:00,0.2854842933485857,93.69999999999999,SPY,2026-09-18T11:09:27.324959-04:00,759.8699951171875
SPY261231C00679000,2026-12-31,call,679.0,91.97,95.17,91.83,1.0,12.0,0.2812266702270507,2026-09-16 18:34:37+00:00,0.2854842933485857,93.57,SPY,2026-09-18T11:09:27.324959-04:00,759.8699951171875
SPY261231C00680000,2026-12-31,call,680.0,90.83,92.88,93.68,7.0,995.0,0.267860104675293,2026-09-17 14:41:35+00:00,0.2854842933485857,91.85499999999999,SPY,2026-09-18T11:09:27.324959-04:00,759.8699951171875
SPY261231C00681000,2026-12-31,call,681.0,89.89,91.97,93.56,1.0,135.0,0.26651734466552734,2026-09-17 19:53:52+00:00,0.2854842933485857,90.93,SPY,2026-09-18T11:09:27.324959-04:00,759.8699951171875
SPY261231C00682000,2026-12-31,call,682.0,89.03,91.06,101.53,88.0,56.0,0.2651745846557617,2026-09-03 15:13:32+00:00,0.2854842933485857,90.045,SPY,2026-09-18T11:09:27.324959-04:00,759.8699951171875
SPY261231C00683000,2026-12-31,call,683.0,88.09,90.05,91.71,1.0,23.0,0.2629468237304688,2026-09-17 19:53:52+00:00,0.2854842933485857,89.07,SPY,2026-09-18T11:09:27.324959-04:00,759.8699951171875
SPY261231C00684000,2026-12-31,call,684.0,87.18,89.26,104.6,1.0,20.0,0.26262639236450197,2026-08-10 16:31:59+00:00,0.2854842933485857,88.22,SPY,2026-09-18T11:09:27.324959-04:00,759.8699951171875
SPY261231C00685000,2026-12-31,call,685.0,86.27,88.31,87.62,2.0,437.0,0.2609021664428711,2026-09-16 16:21:42+00:00,0.2854842933485857,87.28999999999999,SPY,2026-09-18T11:09:27.324959-04:00,759.8699951171875
SPY261231C00686000,2026-12-31,call,686.0,91.67,94.96,78.89,4.0,113.0,0.32059395233154286,2026-06-26 17:30:58+00:00,0.2854842933485857,93.315,SPY,2026-09-18T11:09:27.324959-04:00,759.8699951171875
SPY261231C00687000,2026-12-31,call,687.0,84.46,86.53,92.72,1.0,109.0,0.2584760432434083,2026-09-11 15:41:46+00:00,0.2854842933485857,85.495,SPY,2026-09-18T11:09:27.324959-04:00,759.8699951171875
SPY261231C00688000,2026-12-31,call,688.0,89.89,93.18,77.64,2.0,75.0,0.3175422250366211,2026-06-26 17:24:49+00:00,0.2854842933485857,91.535,SPY,2026-09-18T11:09:27.324959-04:00,759.8699951171875
SPY261231C00689000,2026-12-31,call,689.0,83.07,85.92,92.23,1.0,119.0,0.26567811965942384,2026-08-26 15:49:30+00:00,0.2854842933485857,84.495,SPY,2026-09-18T11:09:27.324959-04:00,759.8699951171875
SPY261231C00690000,2026-12-31,call,690.0,81.78,83.77,84.71,1.0,339.0,0.2540052627563477,2026-09-17 15:43:16+00:00,0.2854842933485857,82.775,SPY,2026-09-18T11:09:27.324959-04:00,759.8699951171875
SPY261231C00691000,2026-12-31,call,691.0,80.85,82.91,99.81,2.0,303.0,0.25298293411254885,2026-08-07 19:59:35+00:00,0.2854842933485857,81.88,SPY,2026-09-18T11:09:27.324959-04:00,759.8699951171875
SPY261231C00692000,2026-12-31,call,692.0,79.95,83.57,90.38,1.0,142.0,0.264304842376709,2026-09-03 13:42:06+00:00,0.2854842933485857,81.75999999999999,SPY,2026-09-18T11:09:27.324959-04:00,759.8699951171875
SPY261231C00693000,2026-12-31,call,693.0,79.62,82.12,84.56,1.0,57.0,0.25844552597045906,2026-09-09 13:40:23+00:00,0.2854842933485857,80.87,SPY,2026-09-18T11:09:27.324959-04:00,759.8699951171875
SPY261231C00694000,2026-12-31,call,694.0,78.19,80.14,96.7,2.0,30.0,0.24831379135131837,2026-08-07 19:10:03+00:00,0.2854842933485857,79.16499999999999,SPY,2026-09-18T11:09:27.324959-04:00,759.8699951171875
SPY261231C00695000,2026-12-31,call,695.0,77.42,80.54,71.73,95.0,257.0,0.2573469041442871,2026-09-16 19:42:48+00:00,0.2854842933485857,78.98,SPY,2026-09-18T11:09:27.324959-04:00,759.8699951171875
SPY261231C00696000,2026-12-31,call,696.0,78.05,78.49,72.19,2.0,861.0,0.2467421517944336,2026-09-16 19:53:09+00:00,0.2854842933485857,78.27,SPY,2026-09-18T11:09:27.324959-04:00,759.8699951171875
SPY261231C00697000,2026-12-31,call,697.0,76.09,78.91,90.28,1.0,168.0,0.2557752645874024,2026-08-19 13:34:28+00:00,0.2854842933485857,77.5,SPY,2026-09-18T11:09:27.324959-04:00,759.8699951171875
SPY261231C00698000,2026-12-31,call,698.0,74.6,76.7,82.31,1.0,172.0,0.24399559722900394,2026-08-31 16:09:37+00:00,0.2854842933485857,75.65,SPY,2026-09-18T11:09:27.324959-04:00,759.8699951171875
SPY261231C00699000,2026-12-31,call,699.0,75.39,76.61,69.71,1.0,257.0,0.24892413681030273,2026-09-16 19:54:24+00:00,0.2854842933485857,76.0,SPY,2026-09-18T11:09:27.324959-04:00,759.8699951171875
SPY261231C00700000,2026-12-31,call,700.0,73.47,74.86,75.64,1219.0,1627.0,0.24080654220581055,2026-09-17 15:51:25+00:00,0.2854842933485857,74.16499999999999,SPY,2026-09-18T11:09:27.324959-04:00,759.8699951171875
SPY261231C00701000,2026-12-31,call,701.0,73.68,73.93,77.64,1.0,209.0,0.23911283355712887,2026-09-11 15:34:50+00:00,0.2854842933485857,73.805,SPY,2026-09-18T11:09:27.324959-04:00,759.8699951171875
SPY261231C00702000,2026-12-31,call,702.0,71.07,72.99,74.66,1.0,551.0,0.23734283172607418,2026-09-14 19:50:54+00:00,0.2854842933485857,72.03,SPY,2026-09-18T11:09:27.324959-04:00,759.8699951171875
SPY261231C00703000,2026-12-31,call,703.0,70.19,73.73,73.8,1.0,278.0,0.24845111907958983,2026-09-14 19:50:54+00:00,0.2854842933485857,71.96000000000001,SPY,2026-09-18T11:09:27.324959-04:00,759.8699951171875
SPY261231C00704000,2026-12-31,call,704.0,78.1,81.52,87.43,2.0,325.0,0.31046221771240234,2026-08-05 19:40:27+00:00,0.2854842933485857,79.81,SPY,2026-09-18T11:09:27.324959-04:00,759.8699951171875
SPY261231C00705000,2026-12-31,call,705.0,70.1,70.52,74.81,2.0,527.0,0.23465731170654297,2026-09-11 15:34:11+00:00,0.2854842933485857,70.31,SPY,2026-09-18T11:09:27.324959-04:00,759.8699951171875
SPY261231C00706000,2026-12-31,call,706.0,67.59,69.6,69.0,3.0,23.0,0.23299412033081057,2026-09-17 14:06:50+00:00,0.2854842933485857,68.595,SPY,2026-09-18T11:09:27.324959-04:00,759.8699951171875
SPY261231C00707000,2026-12-31,call,707.0,68.34,69.94,63.15,28.0,132.0,0.24079128356933593,2026-09-16 19:08:11+00:00,0.2854842933485857,69.14,SPY,2026-09-18T11:09:27.324959-04:00,759.8699951171875
SPY261231C00708000,2026-12-31,call,708.0,72.53,75.76,69.49,3.0,183.0,0.28790995300292954,2026-06-30 16:31:57+00:00,0.2854842933485857,74.14500000000001,SPY,2026-09-18T11:09:27.324959-04:00,759.8699951171875
SPY261231C00709000,2026-12-31,call,709.0,66.65,67.03,76.88,1.0,15.0,0.22937782348632813,2026-08-28 18:46:37+00:00,0.2854842933485857,66.84,SPY,2026-09-18T11:09:27.324959-04:00,759.8699951171875
SPY261231C00710000,2026-12-31,call,710.0,64.2,66.02,66.93,7.0,269.0,0.22699747619628902,2026-09-17 14:41:35+00:00,0.2854842933485857,65.11,SPY,2026-09-18T11:09:27.324959-04:00,759.8699951171875
SPY261231C00711000,2026-12-31,call,711.0,63.23,65.31,62.43,2.0,179.0,0.22682963119506833,2026-09-15 14:57:36+00:00,0.2854842933485857,64.27,SPY,2026-09-18T11:09:27.324959-04:00,759.8699951171875
SPY261231C00712000,2026-12-31,call,712.0,62.39,65.78,64.97,2.0,11.0,0.23526765716552733,2026-09-17 13:34:01+00:00,0.2854842933485857,64.08500000000001,SPY,2026-09-18T11:09:27.324959-04:00,759.8699951171875
SPY261231C00713000,2026-12-31,call,713.0,61.5,63.54,63.0,2.0,33.0,0.22386945571899408,2026-09-17 14:02:43+00:00,0.2854842933485857,62.519999999999996,SPY,2026-09-18T11:09:27.324959-04:00,759.8699951171875
SPY261231C00714000,2026-12-31,call,714.0,62.32,62.75,63.05,2.0,55.0,0.2230607479858398,2026-09-17 13:34:38+00:00,0.2854842933485857,62.535,SPY,2026-09-18T11:09:27.324959-04:00,759.8699951171875
SPY261231C00715000,2026-12-31,call,715.0,61.49,61.89,62.95,6.0,1131.0,0.22173324661254878,2026-09-17 19:14:25+00:00,0.2854842933485857,61.69,SPY,2026-09-18T11:09:27.324959-04:00,759.8699951171875
SPY261231C00716000,2026-12-31,call,716.0,60.62,61.05,60.4,4.0,44.0,0.22052781433105467,2026-09-17 14:02:06+00:00,0.2854842933485857,60.834999999999994,SPY,2026-09-18T11:09:27.324959-04:00,759.8699951171875
SPY261231C00717000,2026-12-31,call,717.0,59.8,61.39,59.36,2.0,41.0,0.22771463211059567,2026-09-17 14:01:51+00:00,0.2854842933485857,60.595,SPY,2026-09-18T11:09:27.324959-04:00,759.8699951171875
SPY261231C00718000,2026-12-31,call,718.0,57.23,60.79,58.69,12.0,239.0,0.22812661529541017,2026-09-17 14:01:42+00:00,0.2854842933485857,59.01,SPY,2026-09-18T11:09:27.324959-04:00,759.8699951171875
SPY261231C00719000,2026-12-31,call,719.0,56.44,58.46,59.86,15.0,78.0,0.21630880134582517,2026-09-17 19:54:40+00:00,0.2854842933485857,57.45,SPY,2026-09-18T11:09:27.324959-04:00,759.8699951171875
SPY261231C00720000,2026-12-31,call,720.0,57.27,58.77,57.05,1.0,4045.0,0.22312178253173826,2026-09-17 19:46:52+00:00,0.2854842933485857,58.02,SPY,2026-09-18T11:09:27.324959-04:00,759.8699951171875
SPY261231C00721000,2026-12-31,call,721.0,54.74,58.39,57.42,4.0,79.0,0.22499859481811518,2026-09-17 14:43:37+00:00,0.2854842933485857,56.565,SPY,2026-09-18T11:09:27.324959-04:00,759.8699951171875
SPY261231C00722000,2026-12-31,call,722.0,53.91,56.03,54.1,2.0,199.0,0.2130815997314453,2026-09-15 16:34:19+00:00,0.2854842933485857,54.97,SPY,2026-09-18T11:09:27.324959-04:00,759.8699951171875
SPY261231C00723000,2026-12-31,call,723.0,53.08,55.19,56.26,3.0,47.0,0.21175409835815429,2026-09-17 19:59:32+00:00,0.2854842933485857,54.135,SPY,2026-09-18T11:09:27.324959-04:00,759.8699951171875
SPY261231C00724000,2026-12-31,call,724.0,52.25,54.39,55.6,4.0,242.0,0.21069362312316894,2026-09-17 14:41:16+00:00,0.2854842933485857,53.32,SPY,2026-09-18T11:09:27.324959-04:00,759.8699951171875
SPY261231C00725000,2026-12-31,call,725.0,52.08,53.57,54.63,7.0,383.0,0.20947293220520016,2026-09-17 19:59:32+00:00,0.2854842933485857,52.825,SPY,2026-09-18T11:09:27.324959-04:00,759.8699951171875
SPY261231C00730000,2026-12-31,call,730.0,47.36,49.48,49.94,10.0,866.0,0.2031634860229492,2026-09-17 15:58:14+00:00,0.2854842933485857,48.42,SPY,2026-09-18T11:09:27.324959-04:00,759.8699951171875
SPY261231C00735000,2026-12-31,call,735.0,43.89,45.51,46.17,1231.0,1934.0,0.19715158325195312,2026-09-17 15:58:14+00:00,0.2854842933485857,44.7,SPY,2026-09-18T11:09:27.324959-04:00,759.8699951171875
SPY261231C00740000,2026-12-31,call,740.0,39.9,41.5,43.0,27.0,1508.0,0.19034623138427736,2026-09-17 19:53:45+00:00,0.2854842933485857,40.7,SPY,2026-09-18T11:09:27.324959-04:00,759.8699951171875
SPY261231C00745000,2026-12-31,call,745.0,37.5,37.67,38.7,20.0,1469.0,0.18412070770263672,2026-09-17 19:29:39+00:00,0.2854842933485857,37.585,SPY,2026-09-18T11:09:27.324959-04:00,759.8699951171875
SPY261231C00750000,2026-12-31,call,750.0,33.92,34.25,33.82,36.0,3219.0,0.17983303085327146,2026-09-18 14:02:10+00:00,0.2854842933485857,34.085,SPY,2026-09-18T11:09:27.324959-04:00,759.8699951171875
SPY261231C00755000,2026-12-31,call,755.0,30.4,30.76,30.02,41.0,1156.0,0.17435518035888675,2026-09-18 14:16:55+00:00,0.2854842933485857,30.58,SPY,2026-09-18T11:09:27.324959-04:00,759.8699951171875
SPY261231C00760000,2026-12-31,call,760.0,27.08,27.43,27.11,154.0,4420.0,0.1690833214569092,2026-09-18 14:51:33+00:00,0.2854842933485857,27.255,SPY,2026-09-18T11:09:27.324959-04:00,759.8699951171875
SPY261231C00765000,2026-12-31,call,765.0,23.93,24.04,23.76,25.0,1724.0,0.1625907716369629,2026-09-18 14:41:38+00:00,0.2854842933485857,23.985,SPY,2026-09-18T11:09:27.324959-04:00,759.8699951171875
SPY261231C00770000,2026-12-31,call,770.0,21.01,21.11,20.86,7.0,1620.0,0.15798266342163086,2026-09-18 14:41:40+00:00,0.2854842933485857,21.060000000000002,SPY,2026-09-18T11:09:27.324959-04:00,759.8699951171875
SPY261231C00775000,2026-12-31,call,775.0,18.24,18.33,18.05,222.0,3037.0,0.15329826202392582,2026-09-18 14:47:09+00:00,0.2854842933485857,18.284999999999997,SPY,2026-09-18T11:09:27.324959-04:00,759.8699951171875
SPY261231C00780000,2026-12-31,call,780.0,15.7,15.79,15.6,6.0,2416.0,0.1490411024475098,2026-09-18 14:06:40+00:00,0.2854842933485857,15.745,SPY,2026-09-18T11:09:27.324959-04:00,759.8699951171875
SPY261231C00785000,2026-12-31,call,785.0,13.4,13.49,13.3,1.0,1598.0,0.14515015014648439,2026-09-18 14:50:37+00:00,0.2854842933485857,13.445,SPY,2026-09-18T11:09:27.324959-04:00,759.8699951171875
SPY261231C00790000,2026-12-31,call,790.0,11.36,11.44,11.24,26.0,2654.0,0.14170169830322266,2026-09-18 14:42:16+00:00,0.2854842933485857,11.399999999999999,SPY,2026-09-18T11:09:27.324959-04:00,759.8699951171875
SPY261231C00795000,2026-12-31,call,795.0,9.56,9.63,9.42,4.0,1315.0,0.1386499710083008,2026-09-18 14:46:50+00:00,0.2854842933485857,9.595,SPY,2026-09-18T11:09:27.324959-04:00,759.8699951171875
SPY261231C00800000,2026-12-31,call,800.0,7.95,8.03,7.85,103.0,5945.0,0.13582712326049806,2026-09-18 14:47:16+00:00,0.2854842933485857,7.99,SPY,2026-09-18T11:09:27.324959-04:00,759.8699951171875
SPY261231C00805000,2026-12-31,call,805.0,6.59,6.62,6.58,45.0,1349.0,0.13312634460449219,2026-09-18 14:39:14+00:00,0.2854842933485857,6.605,SPY,2026-09-18T11:09:27.324959-04:00,759.8699951171875
SPY261231C00810000,2026-12-31,call,810.0,5.42,5.45,5.31,86.0,2732.0,0.1310511700439453,2026-09-18 14:42:40+00:00,0.2854842933485857,5.4350000000000005,SPY,2026-09-18T11:09:27.324959-04:00,759.8699951171875
SPY261231C00815000,2026-12-31,call,815.0,4.44,4.47,4.43,1.0,3894.0,0.12937272003173828,2026-09-18 14:31:47+00:00,0.2854842933485857,4.455,SPY,2026-09-18T11:09:27.324959-04:00,759.8699951171875
SPY261231C00820000,2026-12-31,call,820.0,3.61,3.63,3.53,266.0,1529.0,0.1277553045654297,2026-09-18 14:43:07+00:00,0.2854842933485857,3.62,SPY,2026-09-18T11:09:27.324959-04:00,759.8699951171875
SPY261231C00825000,2026-12-31,call,825.0,2.92,2.95,3.03,58.0,2771.0,0.12659564819335936,2026-09-18 14:11:10+00:00,0.2854842933485857,2.935,SPY,2026-09-18T11:09:27.324959-04:00,759.8699951171875
SPY261231C00830000,2026-12-31,call,830.0,2.36,2.38,2.59,16.0,2932.0,0.12555806091308597,2026-09-17 19:07:36+00:00,0.2854842933485857,2.37,SPY,2026-09-18T11:09:27.324959-04:00,759.8699951171875
SPY261231C00835000,2026-12-31,call,835.0,1.89,1.91,2.15,4.0,3120.0,0.12464254272460937,2026-09-17 19:53:47+00:00,0.2854842933485857,1.9,SPY,2026-09-18T11:09:27.324959-04:00,759.8699951171875
SPY261231C00840000,2026-12-31,call,840.0,1.51,1.53,1.62,11.0,2232.0,0.12397116271972657,2026-09-18 13:53:49+00:00,0.2854842933485857,1.52,SPY,2026-09-18T11:09:27.324959-04:00,759.8699951171875
SPY261231C00845000,2026-12-31,call,845.0,1.22,1.24,1.21,6.0,1474.0,0.12378805908203125,2026-09-18 14:42:18+00:00,0.2854842933485857,1.23,SPY,2026-09-18T11:09:27.324959-04:00,759.8699951171875
SPY261231C00850000,2026-12-31,call,850.0,0.98,1.0,0.98,21.0,12619.0,0.12366598999023437,2026-09-18 14:36:14+00:00,0.2854842933485857,0.99,SPY,2026-09-18T11:09:27.324959-04:00,759.8699951171875
SPY261231C00855000,2026-12-31,call,855.0,0.79,0.81,0.81,20.0,1712.0,0.12378805908203125,2026-09-18 14:03:37+00:00,0.2854842933485857,0.8,SPY,2026-09-18T11:09:27.324959-04:00,759.8699951171875
SPY261231C00860000,2026-12-31,call,860.0,0.64,0.66,0.66,20.0,3259.0,0.12409323181152344,2026-09-18 14:03:37+00:00,0.2854842933485857,0.65,SPY,2026-09-18T11:09:27.324959-04:00,759.8699951171875
SPY261231C00865000,2026-12-31,call,865.0,0.53,0.55,0.53,5.0,1445.0,0.12494771545410156,2026-09-18 14:34:44+00:00,0.2854842933485857,0.54,SPY,2026-09-18T11:09:27.324959-04:00,759.8699951171875
SPY261231C00870000,2026-12-31,call,870.0,0.43,0.45,0.5,4.0,1703.0,0.12543599182128906,2026-09-17 19:59:00+00:00,0.2854842933485857,0.44,SPY,2026-09-18T11:09:27.324959-04:00,759.8699951171875
SPY261231C00875000,2026-12-31,call,875.0,0.37,0.38,0.41,1.0,649.0,0.12653461364746094,2026-09-17 16:19:51+00:00,0.2854842933485857,0.375,SPY,2026-09-18T11:09:27.324959-04:00,759.8699951171875
SPY261231C00880000,2026-12-31,call,880.0,0.31,0.33,0.36,4.0,497.0,0.12818254638671872,2026-09-18 13:30:52+00:00,0.2854842933485857,0.32,SPY,2026-09-18T11:09:27.324959-04:00,759.8699951171875
SPY261231C00885000,2026-12-31,call,885.0,0.27,0.28,0.28,3.0,1259.0,0.12928116821289062,2026-09-18 14:17:21+00:00,0.2854842933485857,0.275,SPY,2026-09-18T11:09:27.324959-04:00,759.8699951171875
SPY261231C00890000,2026-12-31,call,890.0,0.23,0.24,0.25,2.0,652.0,0.13062392822265623,2026-09-17 19:00:47+00:00,0.2854842933485857,0.235,SPY,2026-09-18T11:09:27.324959-04:00,759.8699951171875
SPY261231C00895000,2026-12-31,call,895.0,0.2,0.22,0.22,1.0,1007.0,0.13306531005859373,2026-09-17 15:13:10+00:00,0.2854842933485857,0.21000000000000002,SPY,2026-09-18T11:09:27.324959-04:00,759.8699951171875
SPY261231C00900000,2026-12-31,call,900.0,0.18,0.19,0.2,76.0,8153.0,0.1344080700683594,2026-09-18 14:02:46+00:00,0.2854842933485857,0.185,SPY,2026-09-18T11:09:27.324959-04:00,759.8699951171875
SPY261231C00905000,2026-12-31,call,905.0,0.16,0.17,0.13,2.0,490.0,0.13636117553710939,2026-09-15 14:58:09+00:00,0.2854842933485857,0.165,SPY,2026-09-18T11:09:27.324959-04:00,759.8699951171875
SPY261231C00910000,2026-12-31,call,910.0,0.15,0.16,0.16,1.0,678.0,0.13904669555664065,2026-09-18 14:00:16+00:00,0.2854842933485857,0.155,SPY,2026-09-18T11:09:27.324959-04:00,759.8699951171875
SPY261231C00915000,2026-12-31,call,915.0,0.13,0.14,0.12,6.0,549.0,0.14038945556640625,2026-09-15 20:08:26+00:00,0.2854842933485857,0.135,SPY,2026-09-18T11:09:27.324959-04:00,759.8699951171875
SPY261231C00920000,2026-12-31,call,920.0,0.12,0.13,0.15,6.0,397.0,0.14283083740234376,2026-09-10 18:54:59+00:00,0.2854842933485857,0.125,SPY,2026-09-18T11:09:27.324959-04:00,759.8699951171875
SPY261231C00925000,2026-12-31,call,925.0,0.1,0.12,0.09,307.0,302.0,0.1450280810546875,2026-09-16 19:36:43+00:00,0.2854842933485857,0.11,SPY,2026-09-18T11:09:27.324959-04:00,759.8699951171875
SPY261231C00930000,2026-12-31,call,930.0,0.09,0.11,0.12,2.0,281.0,0.1469811865234375,2026-09-18 13:50:35+00:00,0.2854842933485857,0.1,SPY,2026-09-18T11:09:27.324959-04:00,759.8699951171875
SPY261231C00935000,2026-12-31,call,935.0,0.09,0.1,0.1,6.0,137.0,0.1489342919921875,2026-09-17 19:52:00+00:00,0.2854842933485857,0.095,SPY,2026-09-18T11:09:27.324959-04:00,759.8699951171875
SPY261231C00940000,2026-12-31,call,940.0,0.08,0.09,0.07,2.0,664.0,0.1506432592773438,2026-09-16 14:52:19+00:00,0.2854842933485857,0.08499999999999999,SPY,2026-09-18T11:09:27.324959-04:00,759.8699951171875
SPY261231P00460000,2026-12-31,put,460.0,0.65,0.66,0.63,2.0,1873.0,0.42578699218750005,2026-09-18 13:41:33+00:00,0.2854842933485857,0.655,SPY,2026-09-18T11:09:27.324959-04:00,759.8699951171875
SPY261231P00465000,2026-12-31,put,465.0,0.67,0.68,0.77,1.0,305.0,0.41919526123046874,2026-09-09 17:53:43+00:00,0.2854842933485857,0.675,SPY,2026-09-18T11:09:27.324959-04:00,759.8699951171875
SPY261231P00470000,2026-12-31,put,470.0,0.7,0.72,0.78,1.0,63.0,0.4144345666503906,2026-09-08 19:36:56+00:00,0.2854842933485857,0.71,SPY,2026-09-18T11:09:27.324959-04:00,759.8699951171875
SPY261231P00475000,2026-12-31,put,475.0,0.74,0.75,0.75,5.0,576.0,0.4085752502441406,2026-09-18 14:50:17+00:00,0.2854842933485857,0.745,SPY,2026-09-18T11:09:27.324959-04:00,759.8699951171875
SPY261231P00480000,2026-12-31,put,480.0,0.77,0.78,0.79,200.0,16176.0,0.4027159338378906,2026-09-17 13:56:39+00:00,0.2854842933485857,0.775,SPY,2026-09-18T11:09:27.324959-04:00,759.8699951171875
SPY261231P00485000,2026-12-31,put,485.0,0.81,0.82,1.02,2.0,365.0,0.3975890319824219,2026-09-16 19:34:56+00:00,0.2854842933485857,0.815,SPY,2026-09-18T11:09:27.324959-04:00,759.8699951171875
SPY261231P00490000,2026-12-31,put,490.0,0.85,0.86,0.87,70.0,7302.0,0.3922179919433594,2026-09-18 14:46:43+00:00,0.2854842933485857,0.855,SPY,2026-09-18T11:09:27.324959-04:00,759.8699951171875
SPY261231P00495000,2026-12-31,put,495.0,0.88,0.89,1.07,1.0,184.0,0.38623660644531244,2026-09-16 20:02:33+00:00,0.2854842933485857,0.885,SPY,2026-09-18T11:09:27.324959-04:00,759.8699951171875
SPY261231P00500000,2026-12-31,put,500.0,0.92,0.93,0.91,5.0,1350.0,0.3807434973144531,2026-09-18 13:41:39+00:00,0.2854842933485857,0.925,SPY,2026-09-18T11:09:27.324959-04:00,759.8699951171875
SPY261231P00505000,2026-12-31,put,505.0,0.96,0.98,1.01,2.0,377.0,0.37573866455078125,2026-09-17 14:10:13+00:00,0.2854842933485857,0.97,SPY,2026-09-18T11:09:27.324959-04:00,759.8699951171875
SPY261231P00510000,2026-12-31,put,510.0,1.01,1.02,1.02,2.0,759.0,0.3700624517822265,2026-09-18 14:01:20+00:00,0.2854842933485857,1.0150000000000001,SPY,2026-09-18T11:09:27.324959-04:00,759.8699951171875
SPY261231P00515000,2026-12-31,put,515.0,1.06,1.07,1.09,1.0,113.0,0.3648745153808594,2026-09-18 14:24:14+00:00,0.2854842933485857,1.065,SPY,2026-09-18T11:09:27.324959-04:00,759.8699951171875
SPY261231P00520000,2026-12-31,put,520.0,1.11,1.12,1.13,7.0,745.0,0.35962554443359374,2026-09-17 17:48:03+00:00,0.2854842933485857,1.1150000000000002,SPY,2026-09-18T11:09:27.324959-04:00,759.8699951171875
SPY261231P00525000,2026-12-31,put,525.0,1.15,1.17,1.41,3.0,381.0,0.3541324353027343,2026-09-15 14:29:02+00:00,0.2854842933485857,1.16,SPY,2026-09-18T11:09:27.324959-04:00,759.8699951171875
SPY261231P00530000,2026-12-31,put,530.0,1.21,1.23,1.24,1.0,804.0,0.3491276025390625,2026-09-18 14:15:52+00:00,0.2854842933485857,1.22,SPY,2026-09-18T11:09:27.324959-04:00,759.8699951171875
SPY261231P00535000,2026-12-31,put,535.0,1.26,1.28,1.72,2.0,15104.0,0.3435734588623046,2026-09-16 19:23:47+00:00,0.2854842933485857,1.27,SPY,2026-09-18T11:09:27.324959-04:00,759.8699951171875
SPY261231P00540000,2026-12-31,put,540.0,1.32,1.34,1.34,2.0,635.0,0.338324487915039,2026-09-17 19:51:30+00:00,0.2854842933485857,1.33,SPY,2026-09-18T11:09:27.324959-04:00,759.8699951171875
SPY261231P00545000,2026-12-31,put,545.0,1.39,1.41,1.41,2.0,1127.0,0.33338068969726564,2026-09-17 14:23:10+00:00,0.2854842933485857,1.4,SPY,2026-09-18T11:09:27.324959-04:00,759.8699951171875
SPY261231P00550000,2026-12-31,put,550.0,1.45,1.47,1.47,13.0,2104.0,0.3278875805664062,2026-09-17 19:45:51+00:00,0.2854842933485857,1.46,SPY,2026-09-18T11:09:27.324959-04:00,759.8699951171875
SPY261231P00555000,2026-12-31,put,555.0,1.53,1.55,1.57,1.0,633.0,0.323126885986328,2026-09-17 16:48:51+00:00,0.2854842933485857,1.54,SPY,2026-09-18T11:09:27.324959-04:00,759.8699951171875
SPY261231P00560000,2026-12-31,put,560.0,1.6,1.62,2.12,4.0,822.0,0.31781688049316403,2026-09-16 19:17:44+00:00,0.2854842933485857,1.61,SPY,2026-09-18T11:09:27.324959-04:00,759.8699951171875
SPY261231P00565000,2026-12-31,put,565.0,1.69,1.71,1.67,4.0,419.0,0.3130561859130859,2026-09-18 13:42:58+00:00,0.2854842933485857,1.7,SPY,2026-09-18T11:09:27.324959-04:00,759.8699951171875
SPY261231P00570000,2026-12-31,put,570.0,1.76,1.78,1.98,1.0,486.0,0.30750204223632804,2026-09-16 15:58:25+00:00,0.2854842933485857,1.77,SPY,2026-09-18T11:09:27.324959-04:00,759.8699951171875
SPY261231P00575000,2026-12-31,put,575.0,1.84,1.85,2.12,3.0,892.0,0.30188686401367193,2026-09-14 17:48:21+00:00,0.2854842933485857,1.8450000000000002,SPY,2026-09-18T11:09:27.324959-04:00,759.8699951171875
SPY261231P00580000,2026-12-31,put,580.0,1.94,1.95,1.98,1.0,2211.0,0.29706513488769526,2026-09-18 14:25:31+00:00,0.2854842933485857,1.9449999999999998,SPY,2026-09-18T11:09:27.324959-04:00,759.8699951171875
SPY261231P00585000,2026-12-31,put,585.0,2.03,2.05,2.3,2.0,182.0,0.29206030212402334,2026-09-11 16:43:28+00:00,0.2854842933485857,2.04,SPY,2026-09-18T11:09:27.324959-04:00,759.8699951171875
SPY261231P00590000,2026-12-31,put,590.0,2.13,2.16,2.17,4.0,648.0,0.28717753845214833,2026-09-18 14:28:16+00:00,0.2854842933485857,2.145,SPY,2026-09-18T11:09:27.324959-04:00,759.8699951171875
SPY261231P00595000,2026-12-31,put,595.0,2.24,2.26,2.36,2.0,627.0,0.28186753295898437,2026-09-17 15:14:42+00:00,0.2854842933485857,2.25,SPY,2026-09-18T11:09:27.324959-04:00,759.8699951171875
SPY261231P00600000,2026-12-31,put,600.0,2.36,2.39,2.4,1.0,3623.0,0.27722890747070306,2026-09-18 14:35:38+00:00,0.2854842933485857,2.375,SPY,2026-09-18T11:09:27.324959-04:00,759.8699951171875
SPY261231P00605000,2026-12-31,put,605.0,2.49,2.52,2.61,2.0,2705.0,0.27234614379882804,2026-09-17 15:14:42+00:00,0.2854842933485857,2.505,SPY,2026-09-18T11:09:27.324959-04:00,759.8699951171875
SPY261231P00610000,2026-12-31,put,610.0,2.62,2.65,2.64,1.0,535.0,0.267310793762207,2026-09-18 13:58:26+00:00,0.2854842933485857,2.635,SPY,2026-09-18T11:09:27.324959-04:00,759.8699951171875
SPY261231P00615000,2026-12-31,put,615.0,2.77,2.8,2.81,3.0,7130.0,0.2625195819091797,2026-09-18 14:37:16+00:00,0.2854842933485857,2.785,SPY,2026-09-18T11:09:27.324959-04:00,759.8699951171875
SPY261231P00620000,2026-12-31,put,620.0,2.91,2.94,2.95,1.0,3128.0,0.2573316455078125,2026-09-18 13:58:26+00:00,0.2854842933485857,2.925,SPY,2026-09-18T11:09:27.324959-04:00,759.8699951171875
SPY261231P00621000,2026-12-31,put,621.0,2.96,2.99,3.02,2.0,189.0,0.2567213000488281,2026-09-17 18:47:57+00:00,0.2854842933485857,2.975,SPY,2026-09-18T11:09:27.324959-04:00,759.8699951171875
SPY261231P00622000,2026-12-31,put,622.0,2.98,3.0,3.43,263.0,320.0,0.2553175054931641,2026-09-11 13:50:37+00:00,0.2854842933485857,2.99,SPY,2026-09-18T11:09:27.324959-04:00,759.8699951171875
SPY261231P00623000,2026-12-31,put,623.0,3.02,3.04,3.65,2.0,151.0,0.254463021850586,2026-08-31 13:52:37+00:00,0.2854842933485857,3.0300000000000002,SPY,2026-09-18T11:09:27.324959-04:00,759.8699951171875
SPY261231P00624000,2026-12-31,put,624.0,3.06,3.08,4.01,2.0,154.0,0.2536390554809571,2026-08-26 16:39:47+00:00,0.2854842933485857,3.0700000000000003,SPY,2026-09-18T11:09:27.324959-04:00,759.8699951171875
SPY261231P00625000,2026-12-31,put,625.0,3.09,3.11,3.23,4.0,483.0,0.2525709509277344,2026-09-17 15:18:57+00:00,0.2854842933485857,3.0999999999999996,SPY,2026-09-18T11:09:27.324959-04:00,759.8699951171875
SPY261231P00626000,2026-12-31,put,626.0,3.13,3.15,3.66,1.0,109.0,0.25171646728515623,2026-09-16 13:43:40+00:00,0.2854842933485857,3.1399999999999997,SPY,2026-09-18T11:09:27.324959-04:00,759.8699951171875
SPY261231P00627000,2026-12-31,put,627.0,3.16,3.19,3.32,5.0,516.0,0.25086198364257806,2026-09-17 14:01:06+00:00,0.2854842933485857,3.175,SPY,2026-09-18T11:09:27.324959-04:00,759.8699951171875
SPY261231P00628000,2026-12-31,put,628.0,3.2,3.22,3.31,97.0,162.0,0.24976336181640624,2026-09-17 13:49:07+00:00,0.2854842933485857,3.21,SPY,2026-09-18T11:09:27.324959-04:00,759.8699951171875
SPY261231P00629000,2026-12-31,put,629.0,3.23,3.25,3.71,1.0,283.0,0.2486952572631836,2026-09-11 13:31:05+00:00,0.2854842933485857,3.24,SPY,2026-09-18T11:09:27.324959-04:00,759.8699951171875
SPY261231P00630000,2026-12-31,put,630.0,3.26,3.28,3.43,4.0,1102.0,0.24762715270996094,2026-09-17 15:16:50+00:00,0.2854842933485857,3.2699999999999996,SPY,2026-09-18T11:09:27.324959-04:00,759.8699951171875
SPY261231P00631000,2026-12-31,put,631.0,3.3,3.33,3.34,11.0,234.0,0.2468947381591797,2026-09-03 16:18:51+00:00,0.2854842933485857,3.315,SPY,2026-09-18T11:09:27.324959-04:00,759.8699951171875
SPY261231P00632000,2026-12-31,put,632.0,3.34,3.37,4.33,3.0,35.0,0.24597921997070313,2026-08-25 19:59:30+00:00,0.2854842933485857,3.355,SPY,2026-09-18T11:09:27.324959-04:00,759.8699951171875
SPY261231P00633000,2026-12-31,put,633.0,3.39,3.42,3.49,6.0,56.0,0.24521628814697266,2026-09-08 17:38:59+00:00,0.2854842933485857,3.4050000000000002,SPY,2026-09-18T11:09:27.324959-04:00,759.8699951171875
SPY261231P00634000,2026-12-31,put,634.0,3.41,3.44,4.48,1.0,130.0,0.24393456268310548,2026-09-16 19:10:28+00:00,0.2854842933485857,3.425,SPY,2026-09-18T11:09:27.324959-04:00,759.8699951171875
SPY261231P00635000,2026-12-31,put,635.0,3.45,3.48,3.96,1.0,650.0,0.24298852722167968,2026-09-16 13:47:42+00:00,0.2854842933485857,3.465,SPY,2026-09-18T11:09:27.324959-04:00,759.8699951171875
SPY261231P00636000,2026-12-31,put,636.0,3.49,3.52,3.82,1.0,172.0,0.2420119744873047,2026-09-11 17:22:24+00:00,0.2854842933485857,3.505,SPY,2026-09-18T11:09:27.324959-04:00,759.8699951171875
SPY261231P00637000,2026-12-31,put,637.0,3.53,3.56,4.26,1.0,271.0,0.24106593902587892,2026-09-14 15:30:39+00:00,0.2854842933485857,3.545,SPY,2026-09-18T11:09:27.324959-04:00,759.8699951171875
SPY261231P00638000,2026-12-31,put,638.0,3.57,3.59,4.04,166.0,196.0,0.23990628265380853,2026-09-11 13:43:48+00:00,0.2854842933485857,3.58,SPY,2026-09-18T11:09:27.324959-04:00,759.8699951171875
SPY261231P00639000,2026-12-31,put,639.0,3.62,3.65,4.76,1.0,560.0,0.23926541992187497,2026-09-16 19:10:28+00:00,0.2854842933485857,3.635,SPY,2026-09-18T11:09:27.324959-04:00,759.8699951171875
SPY261231P00640000,2026-12-31,put,640.0,3.67,3.69,3.66,51.0,857.0,0.23825834991455075,2026-09-17 19:58:56+00:00,0.2854842933485857,3.6799999999999997,SPY,2026-09-18T11:09:27.324959-04:00,759.8699951171875
SPY261231P00641000,2026-12-31,put,641.0,3.71,3.73,4.4,24.0,219.0,0.23725127990722655,2026-09-16 18:40:14+00:00,0.2854842933485857,3.7199999999999998,SPY,2026-09-18T11:09:27.324959-04:00,759.8699951171875
SPY261231P00642000,2026-12-31,put,642.0,3.74,3.77,4.07,2.0,121.0,0.2362442098999023,2026-09-03 14:10:28+00:00,0.2854842933485857,3.755,SPY,2026-09-18T11:09:27.324959-04:00,759.8699951171875
SPY261231P00643000,2026-12-31,put,643.0,3.8,3.82,4.08,2.0,261.0,0.23538972625732418,2026-09-03 14:03:25+00:00,0.2854842933485857,3.8099999999999996,SPY,2026-09-18T11:09:27.324959-04:00,759.8699951171875
SPY261231P00644000,2026-12-31,put,644.0,3.83,3.85,4.82,1.0,17.0,0.23419955261230468,2026-09-14 14:56:49+00:00,0.2854842933485857,3.84,SPY,2026-09-18T11:09:27.324959-04:00,759.8699951171875
SPY261231P00645000,2026-12-31,put,645.0,3.89,3.91,5.1,4.0,1597.0,0.23346713806152342,2026-09-16 19:35:37+00:00,0.2854842933485857,3.9000000000000004,SPY,2026-09-18T11:09:27.324959-04:00,759.8699951171875
SPY261231P00646000,2026-12-31,put,646.0,3.92,3.95,3.84,5.0,66.0,0.23242955078125,2026-09-04 18:30:53+00:00,0.2854842933485857,3.935,SPY,2026-09-18T11:09:27.324959-04:00,759.8699951171875
SPY261231P00647000,2026-12-31,put,647.0,3.96,3.99,4.49,1.0,256.0,0.23136144622802735,2026-09-02 17:05:38+00:00,0.2854842933485857,3.975,SPY,2026-09-18T11:09:27.324959-04:00,759.8699951171875
SPY261231P00648000,2026-12-31,put,648.0,4.03,4.05,5.14,40.0,57.0,0.23062903167724608,2026-09-10 14:31:13+00:00,0.2854842933485857,4.04,SPY,2026-09-18T11:09:27.324959-04:00,759.8699951171875
SPY261231P00649000,2026-12-31,put,649.0,4.07,4.1,5.24,1.0,104.0,0.2296829962158203,2026-09-16 19:46:12+00:00,0.2854842933485857,4.085,SPY,2026-09-18T11:09:27.324959-04:00,759.8699951171875
SPY261231P00650000,2026-12-31,put,650.0,4.11,4.14,4.12,97.0,2102.0,0.22861489166259769,2026-09-17 19:39:01+00:00,0.2854842933485857,4.125,SPY,2026-09-18T11:09:27.324959-04:00,759.8699951171875
SPY261231P00651000,2026-12-31,put,651.0,4.16,4.19,4.22,20.0,103.0,0.22766885620117186,2026-09-17 17:56:11+00:00,0.2854842933485857,4.175000000000001,SPY,2026-09-18T11:09:27.324959-04:00,759.8699951171875
SPY261231P00652000,2026-12-31,put,652.0,4.23,4.24,4.39,1.0,49.0,0.22669230346679686,2026-09-17 13:38:47+00:00,0.2854842933485857,4.235,SPY,2026-09-18T11:09:27.324959-04:00,759.8699951171875
SPY261231P00653000,2026-12-31,put,653.0,4.28,4.3,5.63,1.0,141.0,0.2258988543701172,2026-09-10 19:42:18+00:00,0.2854842933485857,4.29,SPY,2026-09-18T11:09:27.324959-04:00,759.8699951171875
SPY261231P00654000,2026-12-31,put,654.0,4.32,4.35,5.23,2.0,41.0,0.22490704299926756,2026-09-15 14:27:52+00:00,0.2854842933485857,4.335,SPY,2026-09-18T11:09:27.324959-04:00,759.8699951171875
SPY261231P00655000,2026-12-31,put,655.0,4.37,4.39,4.34,1.0,384.0,0.22376264526367184,2026-09-17 19:52:07+00:00,0.2854842933485857,4.38,SPY,2026-09-18T11:09:27.324959-04:00,759.8699951171875
SPY261231P00656000,2026-12-31,put,656.0,4.42,4.45,6.05,30.0,178.0,0.22290816162109373,2026-09-16 19:18:44+00:00,0.2854842933485857,4.4350000000000005,SPY,2026-09-18T11:09:27.324959-04:00,759.8699951171875
SPY261231P00657000,2026-12-31,put,657.0,4.49,4.51,4.66,8.0,150.0,0.22205367797851558,2026-09-08 14:24:02+00:00,0.2854842933485857,4.5,SPY,2026-09-18T11:09:27.324959-04:00,759.8699951171875
SPY261231P00658000,2026-12-31,put,658.0,4.53,4.56,4.59,3.0,107.0,0.2210466079711914,2026-09-17 18:35:38+00:00,0.2854842933485857,4.545,SPY,2026-09-18T11:09:27.324959-04:00,759.8699951171875
SPY261231P00659000,2026-12-31,put,659.0,4.6,4.62,5.85,3.0,204.0,0.22013108978271478,2026-09-10 14:31:21+00:00,0.2854842933485857,4.609999999999999,SPY,2026-09-18T11:09:27.324959-04:00,759.8699951171875
SPY261231P00660000,2026-12-31,put,660.0,4.65,4.68,4.7,3.0,2635.0,0.2192460888671875,2026-09-18 14:28:36+00:00,0.2854842933485857,4.665,SPY,2026-09-18T11:09:27.324959-04:00,759.8699951171875
SPY261231P00661000,2026-12-31,put,661.0,4.71,4.74,5.23,1.0,588.0,0.21833057067871092,2026-09-16 15:50:33+00:00,0.2854842933485857,4.725,SPY,2026-09-18T11:09:27.324959-04:00,759.8699951171875
SPY261231P00662000,2026-12-31,put,662.0,4.77,4.79,4.8,1.0,137.0,0.21726246612548827,2026-09-17 18:18:05+00:00,0.2854842933485857,4.779999999999999,SPY,2026-09-18T11:09:27.324959-04:00,759.8699951171875
SPY261231P00663000,2026-12-31,put,663.0,4.81,4.84,5.89,3.0,427.0,0.2161943615722656,2026-09-14 15:05:40+00:00,0.2854842933485857,4.824999999999999,SPY,2026-09-18T11:09:27.324959-04:00,759.8699951171875
SPY261231P00664000,2026-12-31,put,664.0,4.89,4.91,6.24,3.0,340.0,0.21537039520263673,2026-09-10 13:50:26+00:00,0.2854842933485857,4.9,SPY,2026-09-18T11:09:27.324959-04:00,759.8699951171875
SPY261231P00665000,2026-12-31,put,665.0,4.95,4.97,5.24,1.0,5867.0,0.2143938424682617,2026-09-17 14:09:23+00:00,0.2854842933485857,4.96,SPY,2026-09-18T11:09:27.324959-04:00,759.8699951171875
SPY261231P00666000,2026-12-31,put,666.0,5.02,5.04,6.18,6.0,277.0,0.2135546174621582,2026-09-15 14:51:02+00:00,0.2854842933485857,5.029999999999999,SPY,2026-09-18T11:09:27.324959-04:00,759.8699951171875
SPY261231P00667000,2026-12-31,put,667.0,5.07,5.1,5.93,1.0,537.0,0.21256280609130856,2026-09-09 15:31:53+00:00,0.2854842933485857,5.085,SPY,2026-09-18T11:09:27.324959-04:00,759.8699951171875
SPY261231P00668000,2026-12-31,put,668.0,5.15,5.18,4.89,10.0,53.0,0.21181513290405268,2026-09-04 16:44:55+00:00,0.2854842933485857,5.165,SPY,2026-09-18T11:09:27.324959-04:00,759.8699951171875
SPY261231P00669000,2026-12-31,put,669.0,5.21,5.23,5.75,1.0,526.0,0.21067073516845702,2026-09-11 15:05:55+00:00,0.2854842933485857,5.220000000000001,SPY,2026-09-18T11:09:27.324959-04:00,759.8699951171875
SPY261231P00670000,2026-12-31,put,670.0,5.27,5.3,5.17,1.0,1341.0,0.20978573425292968,2026-09-18 13:34:47+00:00,0.2854842933485857,5.285,SPY,2026-09-18T11:09:27.324959-04:00,759.8699951171875
SPY261231P00671000,2026-12-31,put,671.0,5.32,5.36,5.57,1.0,244.0,0.2087481469726562,2026-09-17 13:41:52+00:00,0.2854842933485857,5.34,SPY,2026-09-18T11:09:27.324959-04:00,759.8699951171875
SPY261231P00672000,2026-12-31,put,672.0,5.38,5.42,8.27,7.0,36.0,0.20769530105590817,2026-08-04 15:03:06+00:00,0.2854842933485857,5.4,SPY,2026-09-18T11:09:27.324959-04:00,759.8699951171875
SPY261231P00673000,2026-12-31,put,673.0,5.48,5.51,5.72,1.0,212.0,0.20699340377807612,2026-09-08 14:09:59+00:00,0.2854842933485857,5.495,SPY,2026-09-18T11:09:27.324959-04:00,759.8699951171875
SPY261231P00674000,2026-12-31,put,674.0,5.56,5.59,6.96,2.0,228.0,0.20615417877197262,2026-09-10 14:27:52+00:00,0.2854842933485857,5.574999999999999,SPY,2026-09-18T11:09:27.324959-04:00,759.8699951171875
SPY261231P00675000,2026-12-31,put,675.0,5.63,5.66,5.75,1.0,717.0,0.20519288467407226,2026-09-18 14:21:33+00:00,0.2854842933485857,5.645,SPY,2026-09-18T11:09:27.324959-04:00,759.8699951171875
SPY261231P00676000,2026-12-31,put,676.0,5.7,5.73,6.2,1.0,42.0,0.20420107330322262,2026-09-02 19:09:03+00:00,0.2854842933485857,5.715,SPY,2026-09-18T11:09:27.324959-04:00,759.8699951171875
SPY261231P00677000,2026-12-31,put,677.0,5.78,5.8,6.47,23.0,346.0,0.20322452056884766,2026-09-16 14:01:28+00:00,0.2854842933485857,5.79,SPY,2026-09-18T11:09:27.324959-04:00,759.8699951171875
SPY261231P00678000,2026-12-31,put,678.0,5.83,5.86,7.38,7.0,714.0,0.20209538146972655,2026-08-13 15:16:14+00:00,0.2854842933485857,5.845000000000001,SPY,2026-09-18T11:09:27.324959-04:00,759.8699951171875
SPY261231P00679000,2026-12-31,put,679.0,5.92,5.95,7.98,1.0,687.0,0.20130193237304686,2026-08-20 13:31:39+00:00,0.2854842933485857,5.9350000000000005,SPY,2026-09-18T11:09:27.324959-04:00,759.8699951171875
SPY261231P00680000,2026-12-31,put,680.0,6.01,6.03,5.96,1.0,5319.0,0.2003864141845703,2026-09-18 13:36:28+00:00,0.2854842933485857,6.02,SPY,2026-09-18T11:09:27.324959-04:00,759.8699951171875
SPY261231P00681000,2026-12-31,put,681.0,6.09,6.12,7.26,5.0,42.0,0.19956244781494142,2026-09-15 16:54:06+00:00,0.2854842933485857,6.105,SPY,2026-09-18T11:09:27.324959-04:00,759.8699951171875
SPY261231P00682000,2026-12-31,put,682.0,6.17,6.2,6.29,99.0,2225.0,0.1986164123535156,2026-09-17 15:44:21+00:00,0.2854842933485857,6.1850000000000005,SPY,2026-09-18T11:09:27.324959-04:00,759.8699951171875
SPY261231P00683000,2026-12-31,put,683.0,6.23,6.27,7.34,20.0,100.0,0.19753304916381836,2026-09-14 14:05:36+00:00,0.2854842933485857,6.25,SPY,2026-09-18T11:09:27.324959-04:00,759.8699951171875
SPY261231P00684000,2026-12-31,put,684.0,6.32,6.35,7.15,40.0,637.0,0.19655649642944334,2026-09-16 14:15:37+00:00,0.2854842933485857,6.335,SPY,2026-09-18T11:09:27.324959-04:00,759.8699951171875
SPY261231P00685000,2026-12-31,put,685.0,6.4,6.43,6.43,3.0,837.0,0.19556468505859376,2026-09-17 18:26:10+00:00,0.2854842933485857,6.415,SPY,2026-09-18T11:09:27.324959-04:00,759.8699951171875
SPY261231P00686000,2026-12-31,put,686.0,6.5,6.53,7.34,230.0,624.0,0.19477123596191404,2026-09-16 14:06:35+00:00,0.2854842933485857,6.515000000000001,SPY,2026-09-18T11:09:27.324959-04:00,759.8699951171875
SPY261231P00687000,2026-12-31,put,687.0,6.6,6.63,7.18,1.0,625.0,0.1939472695922852,2026-08-31 19:09:58+00:00,0.2854842933485857,6.615,SPY,2026-09-18T11:09:27.324959-04:00,759.8699951171875
SPY261231P00688000,2026-12-31,put,688.0,6.67,6.71,7.47,3.0,467.0,0.19290968231201172,2026-09-16 14:48:14+00:00,0.2854842933485857,6.6899999999999995,SPY,2026-09-18T11:09:27.324959-04:00,759.8699951171875
SPY261231P00689000,2026-12-31,put,689.0,6.75,6.79,7.15,1.0,633.0,0.1918720950317383,2026-09-11 18:40:35+00:00,0.2854842933485857,6.77,SPY,2026-09-18T11:09:27.324959-04:00,759.8699951171875
SPY261231P00690000,2026-12-31,put,690.0,6.86,6.9,6.9,7.0,1808.0,0.1911091632080078,2026-09-18 14:11:54+00:00,0.2854842933485857,6.880000000000001,SPY,2026-09-18T11:09:27.324959-04:00,759.8699951171875
SPY261231P00691000,2026-12-31,put,691.0,6.95,6.99,6.83,5.0,436.0,0.19011735183715822,2026-09-18 13:38:10+00:00,0.2854842933485857,6.970000000000001,SPY,2026-09-18T11:09:27.324959-04:00,759.8699951171875
SPY261231P00692000,2026-12-31,put,692.0,7.05,7.08,7.5,1.0,227.0,0.18912554046630858,2026-09-11 15:29:17+00:00,0.2854842933485857,7.0649999999999995,SPY,2026-09-18T11:09:27.324959-04:00,759.8699951171875
SPY261231P00693000,2026-12-31,put,693.0,7.14,7.18,7.69,3.0,100.0,0.188210022277832,2026-09-02 17:47:09+00:00,0.2854842933485857,7.16,SPY,2026-09-18T11:09:27.324959-04:00,759.8699951171875
SPY261231P00694000,2026-12-31,put,694.0,7.24,7.28,8.1,1.0,33.0,0.18727924545288088,2026-08-31 14:05:26+00:00,0.2854842933485857,7.26,SPY,2026-09-18T11:09:27.324959-04:00,759.8699951171875
SPY261231P00695000,2026-12-31,put,695.0,7.34,7.37,7.63,1.0,1366.0,0.1862416581726074,2026-09-17 14:00:28+00:00,0.2854842933485857,7.355,SPY,2026-09-18T11:09:27.324959-04:00,759.8699951171875
SPY261231P00696000,2026-12-31,put,696.0,7.45,7.49,7.45,150.0,818.0,0.1854634677124023,2026-09-18 13:50:47+00:00,0.2854842933485857,7.470000000000001,SPY,2026-09-18T11:09:27.324959-04:00,759.8699951171875
SPY261231P00697000,2026-12-31,put,697.0,7.55,7.59,7.61,1.0,21.0,0.18448691497802733,2026-09-17 18:45:09+00:00,0.2854842933485857,7.57,SPY,2026-09-18T11:09:27.324959-04:00,759.8699951171875
SPY261231P00698000,2026-12-31,put,698.0,7.66,7.7,8.44,5.0,40.0,0.18358665542602537,2026-09-14 19:34:55+00:00,0.2854842933485857,7.68,SPY,2026-09-18T11:09:27.324959-04:00,759.8699951171875
SPY261231P00699000,2026-12-31,put,699.0,7.76,7.8,7.84,3.0,118.0,0.18256432678222656,2026-09-18 14:28:36+00:00,0.2854842933485857,7.779999999999999,SPY,2026-09-18T11:09:27.324959-04:00,759.8699951171875
SPY261231P00700000,2026-12-31,put,700.0,7.89,7.91,7.9,73.0,8202.0,0.18163354995727538,2026-09-18 14:52:03+00:00,0.2854842933485857,7.9,SPY,2026-09-18T11:09:27.324959-04:00,759.8699951171875
SPY261231P00701000,2026-12-31,put,701.0,7.99,8.03,8.12,4.0,185.0,0.18076380767822264,2026-09-17 13:34:41+00:00,0.2854842933485857,8.01,SPY,2026-09-18T11:09:27.324959-04:00,759.8699951171875
SPY261231P00702000,2026-12-31,put,702.0,8.08,8.11,7.94,5.0,208.0,0.1795125994873047,2026-09-18 13:38:10+00:00,0.2854842933485857,8.094999999999999,SPY,2026-09-18T11:09:27.324959-04:00,759.8699951171875
SPY261231P00703000,2026-12-31,put,703.0,8.21,8.25,9.21,20.0,217.0,0.17879544357299804,2026-09-16 14:15:37+00:00,0.2854842933485857,8.23,SPY,2026-09-18T11:09:27.324959-04:00,759.8699951171875
SPY261231P00704000,2026-12-31,put,704.0,8.35,8.39,9.32,4.0,486.0,0.1780477703857422,2026-09-09 19:56:22+00:00,0.2854842933485857,8.370000000000001,SPY,2026-09-18T11:09:27.324959-04:00,759.8699951171875
SPY261231P00705000,2026-12-31,put,705.0,8.43,8.47,8.65,2.0,871.0,0.17675078628540042,2026-09-18 14:44:26+00:00,0.2854842933485857,8.45,SPY,2026-09-18T11:09:27.324959-04:00,759.8699951171875
SPY261231P00706000,2026-12-31,put,706.0,8.58,8.61,8.81,2.0,129.0,0.1759725958251953,2026-09-17 13:36:53+00:00,0.2854842933485857,8.594999999999999,SPY,2026-09-18T11:09:27.324959-04:00,759.8699951171875
SPY261231P00707000,2026-12-31,put,707.0,8.7,8.74,8.59,1.0,157.0,0.17507233627319335,2026-09-18 13:45:10+00:00,0.2854842933485857,8.719999999999999,SPY,2026-09-18T11:09:27.324959-04:00,759.8699951171875
SPY261231P00708000,2026-12-31,put,708.0,8.83,8.87,10.65,79.0,314.0,0.17415681808471684,2026-09-16 18:36:55+00:00,0.2854842933485857,8.85,SPY,2026-09-18T11:09:27.324959-04:00,759.8699951171875
SPY261231P00709000,2026-12-31,put,709.0,8.95,8.99,9.8,1.0,121.0,0.17314974807739258,2026-09-16 15:40:43+00:00,0.2854842933485857,8.969999999999999,SPY,2026-09-18T11:09:27.324959-04:00,759.8699951171875
SPY261231P00710000,2026-12-31,put,710.0,9.07,9.1,9.17,7.0,1887.0,0.17202060897827148,2026-09-18 14:39:12+00:00,0.2854842933485857,9.085,SPY,2026-09-18T11:09:27.324959-04:00,759.8699951171875
SPY261231P00711000,2026-12-31,put,711.0,9.23,9.27,10.18,10.0,308.0,0.1713797462463379,2026-09-16 18:03:28+00:00,0.2854842933485857,9.25,SPY,2026-09-18T11:09:27.324959-04:00,759.8699951171875
SPY261231P00712000,2026-12-31,put,712.0,9.35,9.39,12.19,67.0,298.0,0.17031164169311525,2026-09-16 19:11:20+00:00,0.2854842933485857,9.370000000000001,SPY,2026-09-18T11:09:27.324959-04:00,759.8699951171875
SPY261231P00713000,2026-12-31,put,713.0,9.5,9.54,11.86,93.0,469.0,0.16945715805053713,2026-09-16 19:08:01+00:00,0.2854842933485857,9.52,SPY,2026-09-18T11:09:27.324959-04:00,759.8699951171875
SPY261231P00714000,2026-12-31,put,714.0,9.64,9.67,11.55,12.0,101.0,0.1684195707702637,2026-09-16 18:36:50+00:00,0.2854842933485857,9.655000000000001,SPY,2026-09-18T11:09:27.324959-04:00,759.8699951171875
SPY261231P00715000,2026-12-31,put,715.0,9.76,9.79,9.72,58.0,310.0,0.1672904316711426,2026-09-17 19:29:03+00:00,0.2854842933485857,9.774999999999999,SPY,2026-09-18T11:09:27.324959-04:00,759.8699951171875
SPY261231P00716000,2026-12-31,put,716.0,9.93,9.97,9.93,1.0,437.0,0.16661905166625984,2026-09-18 13:53:27+00:00,0.2854842933485857,9.95,SPY,2026-09-18T11:09:27.324959-04:00,759.8699951171875
SPY261231P00717000,2026-12-31,put,717.0,10.08,10.1,11.55,11.0,385.0,0.1655204298400879,2026-09-16 18:32:26+00:00,0.2854842933485857,10.09,SPY,2026-09-18T11:09:27.324959-04:00,759.8699951171875
SPY261231P00718000,2026-12-31,put,718.0,10.19,10.24,10.5,11.0,145.0,0.16448284255981444,2026-09-17 15:25:52+00:00,0.2854842933485857,10.215,SPY,2026-09-18T11:09:27.324959-04:00,759.8699951171875
SPY261231P00719000,2026-12-31,put,719.0,10.38,10.42,10.36,1.0,228.0,0.163719910736084,2026-09-18 13:52:48+00:00,0.2854842933485857,10.4,SPY,2026-09-18T11:09:27.324959-04:00,759.8699951171875
SPY261231P00720000,2026-12-31,put,720.0,10.53,10.58,10.71,41.0,4797.0,0.16280439254760742,2026-09-18 14:47:56+00:00,0.2854842933485857,10.555,SPY,2026-09-18T11:09:27.324959-04:00,759.8699951171875
SPY261231P00721000,2026-12-31,put,721.0,10.7,10.74,10.79,1.0,178.0,0.161843098449707,2026-09-18 14:39:12+00:00,0.2854842933485857,10.719999999999999,SPY,2026-09-18T11:09:27.324959-04:00,759.8699951171875
SPY261231P00722000,2026-12-31,put,722.0,10.86,10.91,11.03,220.0,51.0,0.1609428388977051,2026-09-18 14:27:42+00:00,0.2854842933485857,10.885,SPY,2026-09-18T11:09:27.324959-04:00,759.8699951171875
SPY261231P00723000,2026-12-31,put,723.0,11.02,11.07,11.32,2.0,44.0,0.15993576889038086,2026-09-18 14:17:49+00:00,0.2854842933485857,11.045,SPY,2026-09-18T11:09:27.324959-04:00,759.8699951171875
SPY261231P00724000,2026-12-31,put,724.0,11.19,11.25,13.89,2.0,150.0,0.15906602661132813,2026-09-16 19:07:27+00:00,0.2854842933485857,11.219999999999999,SPY,2026-09-18T11:09:27.324959-04:00,759.8699951171875
SPY261231P00725000,2026-12-31,put,725.0,11.36,11.4,11.48,1.0,2853.0,0.15794451683044433,2026-09-18 14:28:24+00:00,0.2854842933485857,11.379999999999999,SPY,2026-09-18T11:09:27.324959-04:00,759.8699951171875
SPY261231P00730000,2026-12-31,put,730.0,12.25,12.29,12.51,22.0,2633.0,0.15299308929443362,2026-09-18 14:43:28+00:00,0.2854842933485857,12.27,SPY,2026-09-18T11:09:27.324959-04:00,759.8699951171875
SPY261231P00735000,2026-12-31,put,735.0,13.27,13.36,12.96,3.0,885.0,0.14861386062622073,2026-09-18 13:33:28+00:00,0.2854842933485857,13.315,SPY,2026-09-18T11:09:27.324959-04:00,759.8699951171875
SPY261231P00740000,2026-12-31,put,740.0,14.36,14.42,14.55,14.0,6101.0,0.14344118286132812,2026-09-18 14:49:25+00:00,0.2854842933485857,14.39,SPY,2026-09-18T11:09:27.324959-04:00,759.8699951171875
SPY261231P00745000,2026-12-31,put,745.0,15.61,15.67,16.01,7.0,1263.0,0.13873389350891116,2026-09-18 14:44:26+00:00,0.2854842933485857,15.64,SPY,2026-09-18T11:09:27.324959-04:00,759.8699951171875
SPY261231P00750000,2026-12-31,put,750.0,16.95,17.03,17.4,32.0,2677.0,0.13385112983703615,2026-09-18 14:45:27+00:00,0.2854842933485857,16.990000000000002,SPY,2026-09-18T11:09:27.324959-04:00,759.8699951171875
SPY261231P00755000,2026-12-31,put,755.0,18.47,18.54,18.96,15.0,4322.0,0.12895310752868652,2026-09-18 14:44:26+00:00,0.2854842933485857,18.505,SPY,2026-09-18T11:09:27.324959-04:00,759.8699951171875
SPY261231P00760000,2026-12-31,put,760.0,20.2,20.31,20.6,39.0,2772.0,0.12459676681518556,2026-09-18 14:24:35+00:00,0.2854842933485857,20.255,SPY,2026-09-18T11:09:27.324959-04:00,759.8699951171875
SPY261231P00765000,2026-12-31,put,765.0,22.07,22.16,22.38,15.0,4053.0,0.11954615814208984,2026-09-18 14:23:08+00:00,0.2854842933485857,22.115000000000002,SPY,2026-09-18T11:09:27.324959-04:00,759.8699951171875
SPY261231P00770000,2026-12-31,put,770.0,24.18,24.31,24.21,8.0,3699.0,0.11504486038208009,2026-09-18 14:52:03+00:00,0.2854842933485857,24.244999999999997,SPY,2026-09-18T11:09:27.324959-04:00,759.8699951171875
SPY261231P00775000,2026-12-31,put,775.0,26.48,26.62,26.11,1.0,892.0,0.1100705448913574,2026-09-18 13:44:32+00:00,0.2854842933485857,26.55,SPY,2026-09-18T11:09:27.324959-04:00,759.8699951171875
SPY261231P00780000,2026-12-31,put,780.0,28.97,29.15,29.53,9.0,609.0,0.10482157394409178,2026-09-18 14:20:21+00:00,0.2854842933485857,29.06,SPY,2026-09-18T11:09:27.324959-04:00,759.8699951171875
SPY261231P00785000,2026-12-31,put,785.0,31.88,32.23,31.55,2.0,252.0,0.10149519119262695,2026-09-17 16:43:45+00:00,0.2854842933485857,32.055,SPY,2026-09-18T11:09:27.324959-04:00,759.8699951171875
SPY261231P00790000,2026-12-31,put,790.0,34.94,35.14,35.26,2.0,203.0,0.09473561523437501,2026-09-18 14:39:12+00:00,0.2854842933485857,35.04,SPY,2026-09-18T11:09:27.324959-04:00,759.8699951171875
SPY261231P00795000,2026-12-31,put,795.0,36.8,38.68,37.61,2.0,40.0,0.09043267974853515,2026-09-17 15:44:02+00:00,0.2854842933485857,37.739999999999995,SPY,2026-09-18T11:09:27.324959-04:00,759.8699951171875
SPY261231P00800000,2026-12-31,put,800.0,40.73,42.56,43.0,22.0,570.0,0.08664853790283203,2026-09-18 14:01:01+00:00,0.2854842933485857,41.644999999999996,SPY,2026-09-18T11:09:27.324959-04:00,759.8699951171875
SPY261231P00805000,2026-12-31,put,805.0,44.69,46.46,45.5,2.0,17.0,0.07944646148681642,2026-09-17 17:06:12+00:00,0.2854842933485857,45.575,SPY,2026-09-18T11:09:27.324959-04:00,759.8699951171875
SPY261231P00810000,2026-12-31,put,810.0,49.05,52.62,57.0,1.0,8.0,0.10129682891845701,2026-09-16 18:56:11+00:00,0.2854842933485857,50.834999999999994,SPY,2026-09-18T11:09:27.324959-04:00,759.8699951171875
SPY261231P00815000,2026-12-31,put,815.0,53.76,57.42,52.35,3.0,8.0,0.10550821258544921,2026-08-20 14:29:16+00:00,0.2854842933485857,55.59,SPY,2026-09-18T11:09:27.324959-04:00,759.8699951171875
SPY261231P00820000,2026-12-31,put,820.0,58.63,62.28,61.76,1.0,8.0,0.11014683807373046,2026-09-16 17:47:08+00:00,0.2854842933485857,60.455,SPY,2026-09-18T11:09:27.324959-04:00,759.8699951171875
SPY261231P00825000,2026-12-31,put,825.0,63.59,67.11,66.0,6.0,11.0,0.11402253173828125,2026-09-17 13:54:19+00:00,0.2854842933485857,65.35,SPY,2026-09-18T11:09:27.324959-04:00,759.8699951171875
SPY261231P00830000,2026-12-31,put,830.0,68.17,72.26,72.19,5.0,0.0,0.122353747253418,2026-09-14 13:30:12+00:00,0.2854842933485857,70.215,SPY,2026-09-18T11:09:27.324959-04:00,759.8699951171875
SPY261231P00835000,2026-12-31,put,835.0,73.05,77.26,69.99,6.0,4.0,0.12839616729736325,2026-08-20 17:22:34+00:00,0.2854842933485857,75.155,SPY,2026-09-18T11:09:27.324959-04:00,759.8699951171875
SPY261231P00840000,2026-12-31,put,840.0,78.1,82.26,64.22,1.0,1.0,0.1343775527954102,2026-08-13 14:18:55+00:00,0.2854842933485857,80.18,SPY,2026-09-18T11:09:27.324959-04:00,759.8699951171875
SPY261231P00850000,2026-12-31,put,850.0,88.15,92.28,82.0,2.0,0.0,0.1463403237915039,2026-08-18 18:50:59+00:00,0.2854842933485857,90.215,SPY,2026-09-18T11:09:27.324959-04:00,759.8699951171875
SPY261231P00855000,2026-12-31,put,855.0,92.86,97.43,89.52,1.0,0.0,0.15448843566894532,2026-08-20 18:08:10+00:00,0.2854842933485857,95.14500000000001,SPY,2026-09-18T11:09:27.324959-04:00,759.8699951171875
SPY261231P00860000,2026-12-31,put,860.0,98.07,102.26,99.46,2.0,1.0,0.15732654205322266,2026-09-17 13:30:01+00:00,0.2854842933485857,100.16499999999999,SPY,2026-09-18T11:09:27.324959-04:00,759.8699951171875
SPY261231P00865000,2026-12-31,put,865.0,102.8,107.5,104.23,2.0,0.0,0.16690896575927738,2026-09-09 17:43:58+00:00,0.2854842933485857,105.15,SPY,2026-09-18T11:09:27.324959-04:00,759.8699951171875
SPY261231P00870000,2026-12-31,put,870.0,108.07,112.26,109.23,0.0,0.0,0.16831276031494147,2026-09-09 17:43:58+00:00,0.2854842933485857,110.16499999999999,SPY,2026-09-18T11:09:27.324959-04:00,759.8699951171875
SPY261231P00890000,2026-12-31,put,890.0,124.61,127.82,140.87,0.0,0.0,1.0000000000000003e-05,2026-07-20 13:30:22+00:00,0.2854842933485857,126.215,SPY,2026-09-18T11:09:27.324959-04:00,759.8699951171875
SPY261231P00895000,2026-12-31,put,895.0,154.64,158.0,184.25,1.0,0.0,0.4020750711059571,2026-04-22 19:52:25+00:00,0.2854842933485857,156.32,SPY,2026-09-18T11:09:27.324959-04:00,759.8699951171875
SPY261231P00900000,2026-12-31,put,900.0,137.8,142.5,126.56,1.0,2.0,0.20429262512207028,2026-09-03 18:24:14+00:00,0.2854842933485857,140.15,SPY,2026-09-18T11:09:27.324959-04:00,759.8699951171875
SPY261231P00905000,2026-12-31,put,905.0,143.07,147.26,141.19,1.0,0.0,0.20471986694335934,2026-08-20 18:08:00+00:00,0.2854842933485857,145.165,SPY,2026-09-18T11:09:27.324959-04:00,759.8699951171875
SPY261231P00940000,2026-12-31,put,940.0,199.32,202.56,203.37,0.0,0.0,0.4610039251708985,2026-06-23 16:04:26+00:00,0.2854842933485857,200.94,SPY,2026-09-18T11:09:27.324959-04:00,759.8699951171875
SPY270319C00250000,2027-03-19,call,250.0,512.17,515.67,512.16,1.0,5.0,0.8862316064453124,2026-09-16 17:03:28+00:00,0.499182923485572,513.92,SPY,2026-09-18T11:09:27.324959-04:00,759.8699951171875
SPY270319C00255000,2027-03-19,call,255.0,0.0,0.0,501.39,1.0,0.0,1.0000000000000003e-05,2026-06-05 13:30:29+00:00,0.499182923485572,0.0,SPY,2026-09-18T11:09:27.324959-04:00,759.8699951171875
SPY270319C00260000,2027-03-19,call,260.0,482.47,486.06,484.53,1.0,7.0,1.0000000000000003e-05,2026-06-23 15:09:48+00:00,0.499182923485572,484.265,SPY,2026-09-18T11:09:27.324959-04:00,759.8699951171875
SPY270319C00265000,2027-03-19,call,265.0,493.22,496.83,463.0,1.0,2.0,0.5371140039062501,2026-06-09 16:40:44+00:00,0.499182923485572,495.025,SPY,2026-09-18T11:09:27.324959-04:00,759.8699951171875
SPY270319C00270000,2027-03-19,call,270.0,0.0,0.0,487.3,1.0,0.0,1.0000000000000003e-05,2026-06-05 13:30:16+00:00,0.499182923485572,0.0,SPY,2026-09-18T11:09:27.324959-04:00,759.8699951171875
SPY270319C00275000,2027-03-19,call,275.0,490.78,494.41,482.06,1.0,6.0,0.9310309631347657,2026-07-13 14:16:45+00:00,0.499182923485572,492.595,SPY,2026-09-18T11:09:27.324959-04:00,759.8699951171875
SPY270319C00280000,2027-03-19,call,280.0,478.76,482.37,459.25,0.0,1.0,0.6086464916992189,2026-06-11 17:57:51+00:00,0.499182923485572,480.565,SPY,2026-09-18T11:09:27.324959-04:00,759.8699951171875
SPY270319C00285000,2027-03-19,call,285.0,473.91,477.55,463.88,1.0,2.0,0.6159706372070313,2026-06-08 13:30:00+00:00,0.499182923485572,475.73,SPY,2026-09-18T11:09:27.324959-04:00,759.8699951171875
SPY270319C00290000,2027-03-19,call,290.0,469.12,472.73,459.08,1.0,1.0,0.62305064453125,2026-06-08 13:30:00+00:00,0.499182923485572,470.925,SPY,2026-09-18T11:09:27.324959-04:00,759.8699951171875
SPY270319C00295000,2027-03-19,call,295.0,464.19,467.91,454.29,1.0,3.0,0.6226844372558593,2026-06-08 13:30:00+00:00,0.499182923485572,466.05,SPY,2026-09-18T11:09:27.324959-04:00,759.8699951171875
SPY270319C00300000,2027-03-19,call,300.0,463.41,466.92,473.87,1.0,6.0,0.7922384057617188,2026-08-28 18:31:23+00:00,0.499182923485572,465.165,SPY,2026-09-18T11:09:27.324959-04:00,759.8699951171875
SPY270319C00305000,2027-03-19,call,305.0,461.74,465.3,453.22,0.0,1.0,0.8672498626708984,2026-07-13 14:16:45+00:00,0.499182923485572,463.52,SPY,2026-09-18T11:09:27.324959-04:00,759.8699951171875
SPY270319C00310000,2027-03-19,call,310.0,0.0,0.0,448.55,1.0,0.0,1.0000000000000003e-05,2026-06-05 13:31:12+00:00,0.499182923485572,0.0,SPY,2026-09-18T11:09:27.324959-04:00,759.8699951171875
SPY270319C00315000,2027-03-19,call,315.0,0.0,0.0,444.48,5.0,0.0,1.0000000000000003e-05,2026-06-05 13:31:35+00:00,0.499182923485572,0.0,SPY,2026-09-18T11:09:27.324959-04:00,759.8699951171875
SPY270319C00320000,2027-03-19,call,320.0,443.76,447.46,446.0,1.0,6.0,0.7550683673095704,2026-09-09 15:11:13+00:00,0.499182923485572,445.61,SPY,2026-09-18T11:09:27.324959-04:00,759.8699951171875
SPY270319C00330000,2027-03-19,call,330.0,0.0,0.0,429.55,1.0,0.0,1.0000000000000003e-05,2026-06-05 13:30:29+00:00,0.499182923485572,0.0,SPY,2026-09-18T11:09:27.324959-04:00,759.8699951171875
SPY270319C00335000,2027-03-19,call,335.0,429.16,432.86,427.22,8.0,12.0,0.7297390307617188,2026-09-15 17:04:42+00:00,0.499182923485572,431.01,SPY,2026-09-18T11:09:27.324959-04:00,759.8699951171875
SPY270319C00340000,2027-03-19,call,340.0,420.93,424.61,411.25,1.0,4.0,0.6199378826904298,2026-06-08 13:30:00+00:00,0.499182923485572,422.77,SPY,2026-09-18T11:09:27.324959-04:00,759.8699951171875
SPY270319C00345000,2027-03-19,call,345.0,0.0,0.0,415.23,1.0,0.0,1.0000000000000003e-05,2026-06-05 13:30:29+00:00,0.499182923485572,0.0,SPY,2026-09-18T11:09:27.324959-04:00,759.8699951171875
SPY270319C00350000,2027-03-19,call,350.0,414.77,418.42,425.11,1.0,28.0,0.7092314233398438,2026-08-28 18:31:23+00:00,0.499182923485572,416.595,SPY,2026-09-18T11:09:27.324959-04:00,759.8699951171875
SPY270319C00355000,2027-03-19,call,355.0,413.31,416.87,404.7,1.0,9.0,0.7699302792358399,2026-07-13 14:16:49+00:00,0.499182923485572,415.09000000000003,SPY,2026-09-18T11:09:27.324959-04:00,759.8699951171875
SPY270319C00360000,2027-03-19,call,360.0,408.47,412.03,380.83,21.0,12.0,0.7607445800781252,2026-06-26 19:59:59+00:00,0.499182923485572,410.25,SPY,2026-09-18T11:09:27.324959-04:00,759.8699951171875
SPY270319C00365000,2027-03-19,call,365.0,0.0,0.0,396.48,1.0,0.0,1.0000000000000003e-05,2026-06-05 13:30:16+00:00,0.499182923485572,0.0,SPY,2026-09-18T11:09:27.324959-04:00,759.8699951171875
SPY270319C00370000,2027-03-19,call,370.0,395.37,398.87,406.12,1.0,29.0,0.6760896649169923,2026-09-04 18:35:15+00:00,0.499182923485572,397.12,SPY,2026-09-18T11:09:27.324959-04:00,759.8699951171875
SPY270319C00375000,2027-03-19,call,375.0,371.92,375.52,384.5,1.0,1.0,1.0000000000000003e-05,2026-06-18 13:30:00+00:00,0.499182923485572,373.72,SPY,2026-09-18T11:09:27.324959-04:00,759.8699951171875
SPY270319C00380000,2027-03-19,call,380.0,385.48,389.14,393.14,3.0,7.0,0.6583591293334962,2026-09-08 14:40:25+00:00,0.499182923485572,387.31,SPY,2026-09-18T11:09:27.324959-04:00,759.8699951171875
SPY270319C00385000,2027-03-19,call,385.0,380.52,384.36,378.1,1.0,2.0,0.6503025692749024,2026-09-15 19:43:26+00:00,0.499182923485572,382.44,SPY,2026-09-18T11:09:27.324959-04:00,759.8699951171875
SPY270319C00390000,2027-03-19,call,390.0,375.93,379.65,389.29,6.0,7.0,0.6465794619750976,2026-09-03 16:13:21+00:00,0.499182923485572,377.78999999999996,SPY,2026-09-18T11:09:27.324959-04:00,759.8699951171875
SPY270319C00395000,2027-03-19,call,395.0,371.07,374.84,379.78,1.0,4.0,0.6391637646484375,2026-09-03 14:11:42+00:00,0.499182923485572,372.955,SPY,2026-09-18T11:09:27.324959-04:00,759.8699951171875
SPY270319C00400000,2027-03-19,call,400.0,366.08,369.74,376.71,1.0,15.0,0.6279028909301759,2026-09-04 19:27:00+00:00,0.499182923485572,367.90999999999997,SPY,2026-09-18T11:09:27.324959-04:00,759.8699951171875
SPY270319C00405000,2027-03-19,call,405.0,0.0,0.0,358.06,1.0,0.0,1.0000000000000003e-05,2026-06-05 13:30:29+00:00,0.499182923485572,0.0,SPY,2026-09-18T11:09:27.324959-04:00,759.8699951171875
SPY270319C00410000,2027-03-19,call,410.0,356.41,360.04,355.96,2.0,27.0,0.6131020135498049,2026-09-16 14:30:58+00:00,0.499182923485572,358.225,SPY,2026-09-18T11:09:27.324959-04:00,759.8699951171875
SPY270319C00415000,2027-03-19,call,415.0,355.35,358.92,347.42,3.0,16.0,0.6656527575683595,2026-07-13 14:16:47+00:00,0.499182923485572,357.135,SPY,2026-09-18T11:09:27.324959-04:00,759.8699951171875
SPY270319C00420000,2027-03-19,call,420.0,346.84,350.49,348.24,6.0,3.0,0.6004983798217775,2026-09-16 15:52:08+00:00,0.499182923485572,348.66499999999996,SPY,2026-09-18T11:09:27.324959-04:00,759.8699951171875
SPY270319C00425000,2027-03-19,call,425.0,341.88,345.51,357.0,4.0,18.0,0.5910075079345705,2026-09-03 19:10:25+00:00,0.499182923485572,343.695,SPY,2026-09-18T11:09:27.324959-04:00,759.8699951171875
SPY270319C00430000,2027-03-19,call,430.0,336.94,340.88,351.49,1.0,8.0,0.5846293978881835,2026-08-10 16:32:02+00:00,0.499182923485572,338.90999999999997,SPY,2026-09-18T11:09:27.324959-04:00,759.8699951171875
SPY270319C00435000,2027-03-19,call,435.0,0.0,0.0,329.49,5.0,0.0,1.0000000000000003e-05,2026-06-05 13:30:48+00:00,0.499182923485572,0.0,SPY,2026-09-18T11:09:27.324959-04:00,759.8699951171875
SPY270319C00440000,2027-03-19,call,440.0,336.33,339.85,343.23,1.0,5.0,0.6884796777343751,2026-08-04 19:52:37+00:00,0.499182923485572,338.09000000000003,SPY,2026-09-18T11:09:27.324959-04:00,759.8699951171875
SPY270319C00445000,2027-03-19,call,445.0,331.5,335.02,312.38,2.0,253.0,0.6792787199401855,2026-07-31 18:10:09+00:00,0.499182923485572,333.26,SPY,2026-09-18T11:09:27.324959-04:00,759.8699951171875
SPY270319C00450000,2027-03-19,call,450.0,317.45,321.33,320.67,1.0,306.0,0.5532576412963868,2026-09-18 13:37:54+00:00,0.499182923485572,319.39,SPY,2026-09-18T11:09:27.324959-04:00,759.8699951171875
SPY270319C00455000,2027-03-19,call,455.0,313.01,316.89,310.78,4.0,181.0,0.5519759158325196,2026-09-15 19:55:08+00:00,0.499182923485572,314.95,SPY,2026-09-18T11:09:27.324959-04:00,759.8699951171875
SPY270319C00460000,2027-03-19,call,460.0,308.06,311.66,308.21,2.0,89.0,0.5411422839355471,2026-09-16 14:30:06+00:00,0.499182923485572,309.86,SPY,2026-09-18T11:09:27.324959-04:00,759.8699951171875
SPY270319C00465000,2027-03-19,call,465.0,303.35,306.99,315.97,4.0,12.0,0.5360764166259766,2026-08-19 16:39:23+00:00,0.499182923485572,305.17,SPY,2026-09-18T11:09:27.324959-04:00,759.8699951171875
SPY270319C00470000,2027-03-19,call,470.0,298.41,302.01,306.02,4.0,17.0,0.5272264074707032,2026-08-25 16:16:46+00:00,0.499182923485572,300.21000000000004,SPY,2026-09-18T11:09:27.324959-04:00,759.8699951171875
SPY270319C00475000,2027-03-19,call,475.0,293.37,297.19,296.88,3.0,9.0,0.5188646746826171,2026-09-17 19:41:35+00:00,0.499182923485572,295.28,SPY,2026-09-18T11:09:27.324959-04:00,759.8699951171875
SPY270319C00480000,2027-03-19,call,480.0,288.77,292.37,296.01,2.0,24.0,0.5134936346435546,2026-08-31 15:10:59+00:00,0.499182923485572,290.57,SPY,2026-09-18T11:09:27.324959-04:00,759.8699951171875
SPY270319C00485000,2027-03-19,call,485.0,284.03,287.73,285.83,1.0,62.0,0.5083056982421875,2026-09-17 14:17:53+00:00,0.499182923485572,285.88,SPY,2026-09-18T11:09:27.324959-04:00,759.8699951171875
SPY270319C00490000,2027-03-19,call,490.0,279.21,282.9,268.8,1.0,29.0,0.5013477600097658,2026-09-16 19:23:05+00:00,0.499182923485572,281.05499999999995,SPY,2026-09-18T11:09:27.324959-04:00,759.8699951171875
SPY270319C00495000,2027-03-19,call,495.0,274.43,278.22,273.21,1.0,69.0,0.5182543292236328,2026-09-16 18:32:22+00:00,0.499182923485572,276.32500000000005,SPY,2026-09-18T11:09:27.324959-04:00,759.8699951171875
SPY270319C00500000,2027-03-19,call,500.0,269.27,273.11,270.75,11.0,151.0,0.5076038009643554,2026-09-17 15:08:32+00:00,0.499182923485572,271.19,SPY,2026-09-18T11:09:27.324959-04:00,759.8699951171875
SPY270319C00505000,2027-03-19,call,505.0,264.81,268.45,282.26,1.0,61.0,0.5021412091064454,2026-08-17 17:06:35+00:00,0.499182923485572,266.63,SPY,2026-09-18T11:09:27.324959-04:00,759.8699951171875
SPY270319C00510000,2027-03-19,call,510.0,259.98,263.69,257.01,22.0,37.0,0.49551896087646485,2026-09-15 15:22:58+00:00,0.499182923485572,261.83500000000004,SPY,2026-09-18T11:09:27.324959-04:00,759.8699951171875
SPY270319C00515000,2027-03-19,call,515.0,255.23,259.04,259.25,34.0,4.0,0.490086886291504,2026-09-09 14:37:31+00:00,0.499182923485572,257.135,SPY,2026-09-18T11:09:27.324959-04:00,759.8699951171875
SPY270319C00520000,2027-03-19,call,520.0,250.25,254.21,253.11,10.0,201.0,0.4826711889648438,2026-09-17 15:52:48+00:00,0.499182923485572,252.23000000000002,SPY,2026-09-18T11:09:27.324959-04:00,759.8699951171875
SPY270319C00525000,2027-03-19,call,525.0,245.62,249.43,248.62,4.0,546.0,0.47580480255126956,2026-09-17 18:13:19+00:00,0.499182923485572,247.525,SPY,2026-09-18T11:09:27.324959-04:00,759.8699951171875
SPY270319C00530000,2027-03-19,call,530.0,240.84,244.61,247.08,1.0,190.0,0.46851117431640626,2026-09-11 18:49:07+00:00,0.499182923485572,242.72500000000002,SPY,2026-09-18T11:09:27.324959-04:00,759.8699951171875
SPY270319C00535000,2027-03-19,call,535.0,236.08,239.94,236.46,9.0,2916.0,0.46274340972900396,2026-09-16 13:47:47+00:00,0.499182923485572,238.01,SPY,2026-09-18T11:09:27.324959-04:00,759.8699951171875
SPY270319C00540000,2027-03-19,call,540.0,231.29,235.16,232.24,3.0,51.0,0.4558312474060059,2026-09-18 14:46:00+00:00,0.499182923485572,233.225,SPY,2026-09-18T11:09:27.324959-04:00,759.8699951171875
SPY270319C00545000,2027-03-19,call,545.0,226.56,230.32,228.42,1.0,456.0,0.4483392568969726,2026-09-18 14:12:05+00:00,0.499182923485572,228.44,SPY,2026-09-18T11:09:27.324959-04:00,759.8699951171875
SPY270319C00550000,2027-03-19,call,550.0,221.74,225.59,222.8,6.0,493.0,0.4419153709411621,2026-09-18 14:46:01+00:00,0.499182923485572,223.66500000000002,SPY,2026-09-18T11:09:27.324959-04:00,759.8699951171875
SPY270319C00555000,2027-03-19,call,555.0,217.0,220.83,218.84,1.0,3125.0,0.4351863122558594,2026-09-18 14:51:58+00:00,0.499182923485572,218.91500000000002,SPY,2026-09-18T11:09:27.324959-04:00,759.8699951171875
SPY270319C00560000,2027-03-19,call,560.0,212.4,216.1,214.07,17.0,485.0,0.4287013917541504,2026-09-18 14:51:58+00:00,0.499182923485572,214.25,SPY,2026-09-18T11:09:27.324959-04:00,759.8699951171875
SPY270319C00565000,2027-03-19,call,565.0,207.62,211.17,211.68,2.0,63.0,0.4204006935119629,2026-09-09 14:37:30+00:00,0.499182923485572,209.39499999999998,SPY,2026-09-18T11:09:27.324959-04:00,759.8699951171875
SPY270319C00570000,2027-03-19,call,570.0,202.92,206.51,204.18,10.0,341.0,0.41452611846923826,2026-09-18 14:50:32+00:00,0.499182923485572,204.71499999999997,SPY,2026-09-18T11:09:27.324959-04:00,759.8699951171875
SPY270319C00575000,2027-03-19,call,575.0,198.16,201.71,202.38,2.0,173.0,0.40738507659912115,2026-09-09 14:37:23+00:00,0.499182923485572,199.935,SPY,2026-09-18T11:09:27.324959-04:00,759.8699951171875
SPY270319C00580000,2027-03-19,call,580.0,193.44,196.99,194.75,6.0,66.0,0.4009154147338867,2026-09-18 14:50:31+00:00,0.499182923485572,195.215,SPY,2026-09-18T11:09:27.324959-04:00,759.8699951171875
SPY270319C00585000,2027-03-19,call,585.0,188.73,192.42,191.0,1.0,2374.0,0.3956664437866212,2026-09-18 14:19:13+00:00,0.499182923485572,190.575,SPY,2026-09-18T11:09:27.324959-04:00,759.8699951171875
SPY270319C00590000,2027-03-19,call,590.0,184.05,187.65,185.44,5.0,581.0,0.3886932469177246,2026-09-18 14:50:31+00:00,0.499182923485572,185.85000000000002,SPY,2026-09-18T11:09:27.324959-04:00,759.8699951171875
SPY270319C00595000,2027-03-19,call,595.0,179.33,182.89,180.91,1.0,114.0,0.3817963432312011,2026-09-14 14:01:38+00:00,0.499182923485572,181.11,SPY,2026-09-18T11:09:27.324959-04:00,759.8699951171875
SPY270319C00600000,2027-03-19,call,600.0,174.62,178.2,176.09,4.0,657.0,0.37541823318481443,2026-09-18 14:50:30+00:00,0.499182923485572,176.41,SPY,2026-09-18T11:09:27.324959-04:00,759.8699951171875
SPY270319C00605000,2027-03-19,call,605.0,170.03,173.61,170.64,1.0,158.0,0.369772537689209,2026-09-16 14:59:56+00:00,0.499182923485572,171.82,SPY,2026-09-18T11:09:27.324959-04:00,759.8699951171875
SPY270319C00610000,2027-03-19,call,610.0,165.29,168.88,166.79,7.0,410.0,0.3629977030944825,2026-09-18 14:50:30+00:00,0.499182923485572,167.08499999999998,SPY,2026-09-18T11:09:27.324959-04:00,759.8699951171875
SPY270319C00615000,2027-03-19,call,615.0,160.72,164.32,166.77,1.0,71.0,0.3574435594177246,2026-09-11 14:02:17+00:00,0.499182923485572,162.51999999999998,SPY,2026-09-18T11:09:27.324959-04:00,759.8699951171875
SPY270319C00620000,2027-03-19,call,620.0,156.2,159.69,157.09,3.0,144.0,0.3513095875549316,2026-09-18 14:45:58+00:00,0.499182923485572,157.945,SPY,2026-09-18T11:09:27.324959-04:00,759.8699951171875
SPY270319C00625000,2027-03-19,call,625.0,151.26,154.94,157.73,1.0,622.0,0.3442448388671875,2026-09-11 16:56:26+00:00,0.499182923485572,153.1,SPY,2026-09-18T11:09:27.324959-04:00,759.8699951171875
SPY270319C00630000,2027-03-19,call,630.0,146.86,150.49,148.35,4.0,411.0,0.3392552647399902,2026-09-18 14:50:30+00:00,0.499182923485572,148.675,SPY,2026-09-18T11:09:27.324959-04:00,759.8699951171875
SPY270319C00635000,2027-03-19,call,635.0,142.3,144.61,145.5,1.0,429.0,0.32427128372192376,2026-09-18 13:30:05+00:00,0.499182923485572,143.455,SPY,2026-09-18T11:09:27.324959-04:00,759.8699951171875
SPY270319C00640000,2027-03-19,call,640.0,137.72,140.1,138.82,5.0,519.0,0.3188392091369628,2026-09-18 14:46:02+00:00,0.499182923485572,138.91,SPY,2026-09-18T11:09:27.324959-04:00,759.8699951171875
SPY270319C00645000,2027-03-19,call,645.0,133.23,136.82,131.58,1.0,339.0,0.3214789532470703,2026-09-15 20:01:49+00:00,0.499182923485572,135.02499999999998,SPY,2026-09-18T11:09:27.324959-04:00,759.8699951171875
SPY270319C00650000,2027-03-19,call,650.0,128.69,131.0,130.1,4.0,5754.0,0.30715109359741205,2026-09-18 14:50:29+00:00,0.499182923485572,129.845,SPY,2026-09-18T11:09:27.324959-04:00,759.8699951171875
SPY270319C00655000,2027-03-19,call,655.0,124.8,126.44,125.79,3.0,2485.0,0.30110104423522943,2026-09-18 14:50:08+00:00,0.499182923485572,125.62,SPY,2026-09-18T11:09:27.324959-04:00,759.8699951171875
SPY270319C00660000,2027-03-19,call,660.0,119.72,122.05,120.86,3.0,890.0,0.2960275476074219,2026-09-18 14:45:58+00:00,0.499182923485572,120.88499999999999,SPY,2026-09-18T11:09:27.324959-04:00,759.8699951171875
SPY270319C00665000,2027-03-19,call,665.0,115.84,118.61,108.58,2.0,317.0,0.29666078102111815,2026-09-16 19:22:17+00:00,0.499182923485572,117.225,SPY,2026-09-18T11:09:27.324959-04:00,759.8699951171875
SPY270319C00670000,2027-03-19,call,670.0,110.87,113.08,112.3,3.0,264.0,0.28432417343139643,2026-09-18 14:50:29+00:00,0.499182923485572,111.975,SPY,2026-09-18T11:09:27.324959-04:00,759.8699951171875
SPY270319C00675000,2027-03-19,call,675.0,106.48,108.64,110.0,2.0,924.0,0.27855640884399413,2026-09-18 13:32:01+00:00,0.499182923485572,107.56,SPY,2026-09-18T11:09:27.324959-04:00,759.8699951171875
SPY270319C00680000,2027-03-19,call,680.0,102.1,104.48,103.55,2.0,2119.0,0.2742992492675781,2026-09-18 14:50:24+00:00,0.499182923485572,103.28999999999999,SPY,2026-09-18T11:09:27.324959-04:00,759.8699951171875
SPY270319C00685000,2027-03-19,call,685.0,97.77,100.13,101.11,3.0,1195.0,0.26876036422729493,2026-09-17 19:04:32+00:00,0.499182923485572,98.94999999999999,SPY,2026-09-18T11:09:27.324959-04:00,759.8699951171875
SPY270319C00690000,2027-03-19,call,690.0,93.47,95.6,96.8,5.0,4911.0,0.2620618228149414,2026-09-17 19:04:24+00:00,0.499182923485572,94.535,SPY,2026-09-18T11:09:27.324959-04:00,759.8699951171875
SPY270319C00695000,2027-03-19,call,695.0,89.25,91.43,92.54,1.0,2598.0,0.2572248350524902,2026-09-17 19:04:29+00:00,0.499182923485572,90.34,SPY,2026-09-18T11:09:27.324959-04:00,759.8699951171875
SPY270319C00700000,2027-03-19,call,700.0,86.91,87.19,86.61,4.0,1855.0,0.25180801910400386,2026-09-18 14:02:56+00:00,0.499182923485572,87.05,SPY,2026-09-18T11:09:27.324959-04:00,759.8699951171875
SPY270319C00705000,2027-03-19,call,705.0,80.84,84.47,84.2,1.0,1367.0,0.25427991821289064,2026-09-17 19:05:01+00:00,0.499182923485572,82.655,SPY,2026-09-18T11:09:27.324959-04:00,759.8699951171875
SPY270319C00710000,2027-03-19,call,710.0,78.57,79.11,79.77,44.0,1018.0,0.24251550949096679,2026-09-17 19:02:05+00:00,0.499182923485572,78.84,SPY,2026-09-18T11:09:27.324959-04:00,759.8699951171875
SPY270319C00715000,2027-03-19,call,715.0,72.69,74.85,68.92,3.0,1322.0,0.23638916694641113,2026-09-16 19:57:40+00:00,0.499182923485572,73.77,SPY,2026-09-18T11:09:27.324959-04:00,759.8699951171875
SPY270319C00720000,2027-03-19,call,720.0,70.28,71.08,71.85,5.0,1145.0,0.23255161987304687,2026-09-17 19:09:24+00:00,0.499182923485572,70.68,SPY,2026-09-18T11:09:27.324959-04:00,759.8699951171875
SPY270319C00725000,2027-03-19,call,725.0,66.56,68.35,67.62,1.0,860.0,0.2336120951080322,2026-09-18 13:48:02+00:00,0.499182923485572,67.455,SPY,2026-09-18T11:09:27.324959-04:00,759.8699951171875
SPY270319C00730000,2027-03-19,call,730.0,62.71,63.24,63.72,10.0,1267.0,0.2225419543457031,2026-09-17 16:31:36+00:00,0.499182923485572,62.975,SPY,2026-09-18T11:09:27.324959-04:00,759.8699951171875
SPY270319C00735000,2027-03-19,call,735.0,57.8,59.13,52.19,24.0,3737.0,0.2162019908905029,2026-09-16 19:21:51+00:00,0.499182923485572,58.465,SPY,2026-09-18T11:09:27.324959-04:00,759.8699951171875
SPY270319C00740000,2027-03-19,call,740.0,55.14,55.32,55.8,1.0,727.0,0.21103694244384763,2026-09-17 15:37:27+00:00,0.499182923485572,55.230000000000004,SPY,2026-09-18T11:09:27.324959-04:00,759.8699951171875
SPY270319C00745000,2027-03-19,call,745.0,51.47,53.17,51.09,1.0,2450.0,0.21347069496154789,2026-09-17 14:01:33+00:00,0.499182923485572,52.32,SPY,2026-09-18T11:09:27.324959-04:00,759.8699951171875
SPY270319C00750000,2027-03-19,call,750.0,47.94,48.42,49.05,30.0,3165.0,0.2031634860229492,2026-09-18 13:34:08+00:00,0.499182923485572,48.18,SPY,2026-09-18T11:09:27.324959-04:00,759.8699951171875
SPY270319C00755000,2027-03-19,call,755.0,44.44,44.86,44.2,3.0,2705.0,0.19815102394104003,2026-09-18 14:32:09+00:00,0.499182923485572,44.65,SPY,2026-09-18T11:09:27.324959-04:00,759.8699951171875
SPY270319C00760000,2027-03-19,call,760.0,41.09,41.55,40.96,8.0,7530.0,0.19392438163757328,2026-09-18 14:29:19+00:00,0.499182923485572,41.32,SPY,2026-09-18T11:09:27.324959-04:00,759.8699951171875
SPY270319C00765000,2027-03-19,call,765.0,37.85,38.29,37.7,15.0,3344.0,0.18951463569641117,2026-09-18 14:29:19+00:00,0.499182923485572,38.07,SPY,2026-09-18T11:09:27.324959-04:00,759.8699951171875
SPY270319C00770000,2027-03-19,call,770.0,34.73,34.83,34.5,7.0,4405.0,0.18373161247253417,2026-09-18 14:20:51+00:00,0.499182923485572,34.78,SPY,2026-09-18T11:09:27.324959-04:00,759.8699951171875
SPY270319C00775000,2027-03-19,call,775.0,31.71,31.79,31.58,2.0,6439.0,0.17943630630493163,2026-09-18 14:39:11+00:00,0.499182923485572,31.75,SPY,2026-09-18T11:09:27.324959-04:00,759.8699951171875
SPY270319C00780000,2027-03-19,call,780.0,28.89,28.97,28.61,16.0,8451.0,0.17565979377746582,2026-09-18 14:36:05+00:00,0.499182923485572,28.93,SPY,2026-09-18T11:09:27.324959-04:00,759.8699951171875
SPY270319C00785000,2027-03-19,call,785.0,26.11,26.22,27.02,133.0,4512.0,0.1716849189758301,2026-09-17 19:59:46+00:00,0.499182923485572,26.165,SPY,2026-09-18T11:09:27.324959-04:00,759.8699951171875
SPY270319C00790000,2027-03-19,call,790.0,23.56,23.66,24.51,141.0,8937.0,0.1680609928131104,2026-09-17 19:35:46+00:00,0.499182923485572,23.61,SPY,2026-09-18T11:09:27.324959-04:00,759.8699951171875
SPY270319C00795000,2027-03-19,call,795.0,21.18,21.28,22.07,66.0,6698.0,0.1647269807434082,2026-09-17 19:50:44+00:00,0.499182923485572,21.23,SPY,2026-09-18T11:09:27.324959-04:00,759.8699951171875
SPY270319C00800000,2027-03-19,call,800.0,18.95,19.03,18.76,2.0,18551.0,0.16141585662841795,2026-09-18 14:07:48+00:00,0.499182923485572,18.990000000000002,SPY,2026-09-18T11:09:27.324959-04:00,759.8699951171875
SPY270319C00805000,2027-03-19,call,805.0,16.84,16.94,17.53,137.0,7026.0,0.15828783615112307,2026-09-17 19:33:33+00:00,0.499182923485572,16.89,SPY,2026-09-18T11:09:27.324959-04:00,759.8699951171875
SPY270319C00810000,2027-03-19,call,810.0,14.95,15.06,14.89,22.0,6511.0,0.1555870574951172,2026-09-18 14:24:55+00:00,0.499182923485572,15.004999999999999,SPY,2026-09-18T11:09:27.324959-04:00,759.8699951171875
SPY270319C00815000,2027-03-19,call,815.0,13.22,13.3,13.13,12.0,3680.0,0.15287864952087407,2026-09-18 14:49:20+00:00,0.499182923485572,13.260000000000002,SPY,2026-09-18T11:09:27.324959-04:00,759.8699951171875
SPY270319C00820000,2027-03-19,call,820.0,11.61,11.69,11.59,210.0,25398.0,0.15030756927490235,2026-09-18 14:51:16+00:00,0.499182923485572,11.649999999999999,SPY,2026-09-18T11:09:27.324959-04:00,759.8699951171875
SPY270319C00825000,2027-03-19,call,825.0,10.22,10.29,10.75,1.0,3820.0,0.1482781706237793,2026-09-18 13:38:24+00:00,0.499182923485572,10.254999999999999,SPY,2026-09-18T11:09:27.324959-04:00,759.8699951171875
SPY270319C00830000,2027-03-19,call,830.0,8.94,8.98,8.8,11.0,5051.0,0.14609618560791016,2026-09-18 14:42:32+00:00,0.499182923485572,8.96,SPY,2026-09-18T11:09:27.324959-04:00,759.8699951171875
SPY270319C00835000,2027-03-19,call,835.0,7.81,7.85,8.18,9.0,4656.0,0.1443719596862793,2026-09-17 19:04:11+00:00,0.499182923485572,7.83,SPY,2026-09-18T11:09:27.324959-04:00,759.8699951171875
SPY270319C00840000,2027-03-19,call,840.0,6.78,6.81,6.98,1.0,7592.0,0.1425714405822754,2026-09-18 13:55:47+00:00,0.499182923485572,6.795,SPY,2026-09-18T11:09:27.324959-04:00,759.8699951171875
SPY270319C00845000,2027-03-19,call,845.0,5.9,5.92,6.26,6.0,2835.0,0.14118290466308597,2026-09-17 19:35:46+00:00,0.499182923485572,5.91,SPY,2026-09-18T11:09:27.324959-04:00,759.8699951171875
SPY270319C00850000,2027-03-19,call,850.0,5.11,5.13,5.24,2.0,5421.0,0.13988592056274413,2026-09-18 13:58:19+00:00,0.499182923485572,5.12,SPY,2026-09-18T11:09:27.324959-04:00,759.8699951171875
SPY270319C00855000,2027-03-19,call,855.0,4.41,4.44,4.72,15.0,1674.0,0.1387720401000977,2026-09-17 19:58:51+00:00,0.499182923485572,4.425000000000001,SPY,2026-09-18T11:09:27.324959-04:00,759.8699951171875
SPY270319C00860000,2027-03-19,call,860.0,3.79,3.82,3.8,154.0,11461.0,0.13761238372802737,2026-09-18 14:17:20+00:00,0.499182923485572,3.8049999999999997,SPY,2026-09-18T11:09:27.324959-04:00,759.8699951171875
SPY270319C00865000,2027-03-19,call,865.0,3.27,3.29,3.38,1.0,4515.0,0.1367121241760254,2026-09-18 13:55:01+00:00,0.499182923485572,3.2800000000000002,SPY,2026-09-18T11:09:27.324959-04:00,759.8699951171875
SPY270319C00870000,2027-03-19,call,870.0,2.8,2.83,2.9,1.0,4152.0,0.13590341644287113,2026-09-18 14:12:16+00:00,0.499182923485572,2.815,SPY,2026-09-18T11:09:27.324959-04:00,759.8699951171875
SPY270319C00875000,2027-03-19,call,875.0,2.41,2.43,2.56,16.0,6660.0,0.13520151916503909,2026-09-17 19:35:46+00:00,0.499182923485572,2.42,SPY,2026-09-18T11:09:27.324959-04:00,759.8699951171875
SPY270319C00880000,2027-03-19,call,880.0,2.06,2.09,2.06,301.0,5144.0,0.13468272552490235,2026-09-18 14:32:29+00:00,0.499182923485572,2.075,SPY,2026-09-18T11:09:27.324959-04:00,759.8699951171875
SPY270319C00885000,2027-03-19,call,885.0,1.77,1.79,1.91,1.0,2715.0,0.13413341461181644,2026-09-17 19:44:44+00:00,0.499182923485572,1.78,SPY,2026-09-18T11:09:27.324959-04:00,759.8699951171875
SPY270319C00890000,2027-03-19,call,890.0,1.51,1.53,1.5,5.0,2336.0,0.13364513824462892,2026-09-18 14:42:32+00:00,0.499182923485572,1.52,SPY,2026-09-18T11:09:27.324959-04:00,759.8699951171875
SPY270319C00895000,2027-03-19,call,895.0,1.3,1.33,1.36,39.0,1582.0,0.13367565551757812,2026-09-17 18:52:39+00:00,0.499182923485572,1.315,SPY,2026-09-18T11:09:27.324959-04:00,759.8699951171875
SPY270319C00900000,2027-03-19,call,900.0,1.11,1.13,1.2,18.0,8884.0,0.1332178964233398,2026-09-17 19:23:06+00:00,0.499182923485572,1.12,SPY,2026-09-18T11:09:27.324959-04:00,759.8699951171875
SPY270319C00905000,2027-03-19,call,905.0,0.97,0.99,0.96,1.0,2306.0,0.13355358642578125,2026-09-17 13:57:14+00:00,0.499182923485572,0.98,SPY,2026-09-18T11:09:27.324959-04:00,759.8699951171875
SPY270319C00910000,2027-03-19,call,910.0,0.83,0.85,0.88,7.0,2570.0,0.13343151733398437,2026-09-17 17:09:56+00:00,0.499182923485572,0.84,SPY,2026-09-18T11:09:27.324959-04:00,759.8699951171875
SPY270319C00915000,2027-03-19,call,915.0,0.72,0.74,0.68,1.0,588.0,0.13367565551757812,2026-09-16 17:48:22+00:00,0.499182923485572,0.73,SPY,2026-09-18T11:09:27.324959-04:00,759.8699951171875
SPY270319C00920000,2027-03-19,call,920.0,0.63,0.65,0.65,2.0,1007.0,0.1341028973388672,2026-09-17 14:34:20+00:00,0.499182923485572,0.64,SPY,2026-09-18T11:09:27.324959-04:00,759.8699951171875
SPY270319C00925000,2027-03-19,call,925.0,0.54,0.56,0.6,1.0,565.0,0.13416393188476564,2026-09-16 19:31:46+00:00,0.499182923485572,0.55,SPY,2026-09-18T11:09:27.324959-04:00,759.8699951171875
SPY270319C00930000,2027-03-19,call,930.0,0.49,0.5,0.48,2.0,432.0,0.13495738098144533,2026-09-17 13:47:05+00:00,0.499182923485572,0.495,SPY,2026-09-18T11:09:27.324959-04:00,759.8699951171875
SPY270319C00935000,2027-03-19,call,935.0,0.42,0.44,0.44,12.0,3476.0,0.1355066918945313,2026-09-17 13:32:47+00:00,0.499182923485572,0.43,SPY,2026-09-18T11:09:27.324959-04:00,759.8699951171875
SPY270319C00940000,2027-03-19,call,940.0,0.38,0.39,0.3,10.0,1749.0,0.13611703735351563,2026-09-16 19:04:15+00:00,0.499182923485572,0.385,SPY,2026-09-18T11:09:27.324959-04:00,759.8699951171875
SPY270319C00945000,2027-03-19,call,945.0,0.34,0.35,0.36,4.0,149.0,0.13697152099609378,2026-09-17 13:38:08+00:00,0.499182923485572,0.345,SPY,2026-09-18T11:09:27.324959-04:00,759.8699951171875
SPY270319C00950000,2027-03-19,call,950.0,0.31,0.32,0.34,21.0,6158.0,0.1381922119140625,2026-09-18 13:30:02+00:00,0.499182923485572,0.315,SPY,2026-09-18T11:09:27.324959-04:00,759.8699951171875
SPY270319C00955000,2027-03-19,call,955.0,0.28,0.29,0.3,1.0,123.0,0.13916876464843753,2026-09-17 16:08:36+00:00,0.499182923485572,0.28500000000000003,SPY,2026-09-18T11:09:27.324959-04:00,759.8699951171875
SPY270319C00960000,2027-03-19,call,960.0,0.25,0.27,0.27,1.0,537.0,0.14063359375,2026-09-17 16:07:40+00:00,0.499182923485572,0.26,SPY,2026-09-18T11:09:27.324959-04:00,759.8699951171875
SPY270319C00965000,2027-03-19,call,965.0,0.23,0.24,0.36,449.0,249.0,0.1412439392089844,2026-09-04 19:40:06+00:00,0.499182923485572,0.235,SPY,2026-09-18T11:09:27.324959-04:00,759.8699951171875
SPY270319C00970000,2027-03-19,call,970.0,0.21,0.23,0.35,1.0,822.0,0.1430749755859375,2026-09-03 18:14:49+00:00,0.499182923485572,0.22,SPY,2026-09-18T11:09:27.324959-04:00,759.8699951171875
SPY270319C00975000,2027-03-19,call,975.0,0.19,0.2,0.22,11.0,159.0,0.14331911376953127,2026-09-10 17:33:06+00:00,0.499182923485572,0.195,SPY,2026-09-18T11:09:27.324959-04:00,759.8699951171875
SPY270319C00980000,2027-03-19,call,980.0,0.18,0.2,0.17,9.0,767.0,0.1458825646972656,2026-09-16 18:28:10+00:00,0.499182923485572,0.19,SPY,2026-09-18T11:09:27.324959-04:00,759.8699951171875
SPY270319C00985000,2027-03-19,call,985.0,0.16,0.18,0.15,70.0,1044.0,0.14661497924804687,2026-09-15 14:09:58+00:00,0.499182923485572,0.16999999999999998,SPY,2026-09-18T11:09:27.324959-04:00,759.8699951171875
SPY270319C00990000,2027-03-19,call,990.0,0.15,0.17,0.13,2.0,737.0,0.14820187744140628,2026-09-15 17:03:14+00:00,0.499182923485572,0.16,SPY,2026-09-18T11:09:27.324959-04:00,759.8699951171875
SPY270319C00995000,2027-03-19,call,995.0,0.14,0.16,0.12,1.0,455.0,0.14954463745117189,2026-09-15 17:06:16+00:00,0.499182923485572,0.15000000000000002,SPY,2026-09-18T11:09:27.324959-04:00,759.8699951171875
SPY270319C01000000,2027-03-19,call,1000.0,0.13,0.15,0.14,1.0,2964.0,0.15088739746093754,2026-09-17 16:53:14+00:00,0.499182923485572,0.14,SPY,2026-09-18T11:09:27.324959-04:00,759.8699951171875
SPY270319C01010000,2027-03-19,call,1010.0,0.12,0.13,0.1,2.0,957.0,0.15332877929687502,2026-09-15 17:03:22+00:00,0.499182923485572,0.125,SPY,2026-09-18T11:09:27.324959-04:00,759.8699951171875
SPY270319C01020000,2027-03-19,call,1020.0,0.1,0.11,0.11,1.0,28.0,0.15528188476562502,2026-09-10 19:38:55+00:00,0.499182923485572,0.10500000000000001,SPY,2026-09-18T11:09:27.324959-04:00,759.8699951171875
SPY270319C01030000,2027-03-19,call,1030.0,0.09,0.1,0.17,4.0,41.0,0.15821154296875,2026-08-19 17:08:01+00:00,0.499182923485572,0.095,SPY,2026-09-18T11:09:27.324959-04:00,759.8699951171875
SPY270319C01040000,2027-03-19,call,1040.0,0.08,0.09,0.09,1.0,538.0,0.16089706298828127,2026-09-14 17:38:19+00:00,0.499182923485572,0.08499999999999999,SPY,2026-09-18T11:09:27.324959-04:00,759.8699951171875
SPY270319C01050000,2027-03-19,call,1050.0,0.07,0.08,0.09,25.0,1001.0,0.16358258300781253,2026-09-11 14:30:36+00:00,0.499182923485572,0.07500000000000001,SPY,2026-09-18T11:09:27.324959-04:00,759.8699951171875
SPY270319C01060000,2027-03-19,call,1060.0,0.06,0.07,0.06,1.0,79.0,0.16553568847656253,2026-09-17 15:42:40+00:00,0.499182923485572,0.065,SPY,2026-09-18T11:09:27.324959-04:00,759.8699951171875
SPY270319C01070000,2027-03-19,call,1070.0,0.05,0.07,0.08,4.0,51.0,0.16968603759765627,2026-09-04 14:42:27+00:00,0.499182923485572,0.060000000000000005,SPY,2026-09-18T11:09:27.324959-04:00,759.8699951171875
SPY270319C01080000,2027-03-19,call,1080.0,0.05,0.06,0.08,6.0,1249.0,0.1713950048828125,2026-08-20 17:34:01+00:00,0.499182923485572,0.055,SPY,2026-09-18T11:09:27.324959-04:00,759.8699951171875
SPY270319C01090000,2027-03-19,call,1090.0,0.04,0.06,0.06,1.0,572.0,0.1753012158203125,2026-09-17 14:48:17+00:00,0.499182923485572,0.05,SPY,2026-09-18T11:09:27.324959-04:00,759.8699951171875
SPY270319C01100000,2027-03-19,call,1100.0,0.04,0.05,0.05,4.0,11271.0,0.17627776855468752,2026-09-15 14:29:52+00:00,0.499182923485572,0.045,SPY,2026-09-18T11:09:27.324959-04:00,759.8699951171875
SPY270319C01110000,2027-03-19,call,1110.0,0.03,0.05,0.05,1.0,21.0,0.1801839794921875,2026-09-01 13:43:36+00:00,0.499182923485572,0.04,SPY,2026-09-18T11:09:27.324959-04:00,759.8699951171875
SPY270319C01120000,2027-03-19,call,1120.0,0.03,0.05,0.03,3.0,333.0,0.1840901904296875,2026-09-17 14:38:30+00:00,0.499182923485572,0.04,SPY,2026-09-18T11:09:27.324959-04:00,759.8699951171875
SPY270319C01130000,2027-03-19,call,1130.0,0.05,0.06,0.11,2.0,7502.0,0.1909260595703125,2026-08-05 15:16:47+00:00,0.499182923485572,0.055,SPY,2026-09-18T11:09:27.324959-04:00,759.8699951171875
SPY270319C01140000,2027-03-19,call,1140.0,0.03,0.04,0.05,100.0,77.0,0.18799640136718748,2026-08-21 16:21:08+00:00,0.499182923485572,0.035,SPY,2026-09-18T11:09:27.324959-04:00,759.8699951171875
SPY270319C01150000,2027-03-19,call,1150.0,0.02,0.04,0.03,8.0,13.0,0.1914143359375,2026-08-31 13:30:00+00:00,0.499182923485572,0.03,SPY,2026-09-18T11:09:27.324959-04:00,759.8699951171875
SPY270319C01160000,2027-03-19,call,1160.0,0.02,0.04,0.03,10.0,40.0,0.195320546875,2026-09-17 16:01:38+00:00,0.499182923485572,0.03,SPY,2026-09-18T11:09:27.324959-04:00,759.8699951171875
SPY270319C01170000,2027-03-19,call,1170.0,0.02,0.03,0.05,1.0,119.0,0.194343994140625,2026-09-03 15:19:00+00:00,0.499182923485572,0.025,SPY,2026-09-18T11:09:27.324959-04:00,759.8699951171875
SPY270319C01180000,2027-03-19,call,1180.0,0.02,0.03,0.04,1.0,5.0,0.19727365234375,2026-08-20 14:11:48+00:00,0.499182923485572,0.025,SPY,2026-09-18T11:09:27.324959-04:00,759.8699951171875
SPY270319C01190000,2027-03-19,call,1190.0,0.02,0.03,0.03,25.0,66.0,0.20117986328124998,2026-09-14 13:45:43+00:00,0.499182923485572,0.025,SPY,2026-09-18T11:09:27.324959-04:00,759.8699951171875
SPY270319C01200000,2027-03-19,call,1200.0,0.02,0.03,0.03,3.0,1209.0,0.20410952148437497,2026-09-15 14:30:10+00:00,0.499182923485572,0.025,SPY,2026-09-18T11:09:27.324959-04:00,759.8699951171875
SPY270319C01210000,2027-03-19,call,1210.0,0.01,0.03,0.04,298.0,436.0,0.20801573242187496,2026-08-14 16:29:28+00:00,0.499182923485572,0.02,SPY,2026-09-18T11:09:27.324959-04:00,759.8699951171875
SPY270319C01220000,2027-03-19,call,1220.0,0.0,0.0,0.08,1.0,0.0,0.12500875,2026-06-01 13:30:03+00:00,0.499182923485572,0.0,SPY,2026-09-18T11:09:27.324959-04:00,759.8699951171875
SPY270319C01230000,2027-03-19,call,1230.0,0.01,0.03,0.03,1.0,114.0,0.2148516015625,2026-09-10 13:32:34+00:00,0.499182923485572,0.02,SPY,2026-09-18T11:09:27.324959-04:00,759.8699951171875
SPY270319C01240000,2027-03-19,call,1240.0,0.01,0.03,0.01,1.0,101.0,0.21778125976562498,2026-09-17 15:02:42+00:00,0.499182923485572,0.02,SPY,2026-09-18T11:09:27.324959-04:00,759.8699951171875
SPY270319C01250000,2027-03-19,call,1250.0,0.01,0.02,0.01,5.0,63.0,0.2148516015625,2026-09-11 17:21:20+00:00,0.499182923485572,0.015,SPY,2026-09-18T11:09:27.324959-04:00,759.8699951171875
SPY270319C01260000,2027-03-19,call,1260.0,0.02,0.03,0.05,1.0,2.0,0.22364057617187497,2026-08-05 18:23:03+00:00,0.499182923485572,0.025,SPY,2026-09-18T11:09:27.324959-04:00,759.8699951171875
SPY270319C01270000,2027-03-19,call,1270.0,0.0,0.0,0.05,25.0,0.0,0.12500875,2026-06-03 14:48:20+00:00,0.499182923485572,0.0,SPY,2026-09-18T11:09:27.324959-04:00,759.8699951171875
SPY270319C01280000,2027-03-19,call,1280.0,0.01,0.02,0.02,9.0,1416.0,0.22266402343749997,2026-09-17 18:23:04+00:00,0.499182923485572,0.015,SPY,2026-09-18T11:09:27.324959-04:00,759.8699951171875
SPY270319C01290000,2027-03-19,call,1290.0,0.01,0.02,0.02,12.0,2013.0,0.22657023437499998,2026-08-21 14:02:33+00:00,0.499182923485572,0.015,SPY,2026-09-18T11:09:27.324959-04:00,759.8699951171875
SPY270319C01300000,2027-03-19,call,1300.0,0.01,0.02,0.02,1.0,6635.0,0.22852333984375,2026-09-02 14:48:30+00:00,0.499182923485572,0.015,SPY,2026-09-18T11:09:27.324959-04:00,759.8699951171875
SPY270319C01310000,2027-03-19,call,1310.0,0.01,0.02,0.01,1.0,7348.0,0.23242955078125,2026-09-10 16:21:28+00:00,0.499182923485572,0.015,SPY,2026-09-18T11:09:27.324959-04:00,759.8699951171875
SPY270319C01320000,2027-03-19,call,1320.0,0.0,0.02,0.01,1.0,100.0,0.23535920898437498,2026-08-26 14:08:19+00:00,0.499182923485572,0.01,SPY,2026-09-18T11:09:27.324959-04:00,759.8699951171875
SPY270319C01330000,2027-03-19,call,1330.0,0.0,0.02,0.02,17.0,293.0,0.23828886718749998,2026-08-12 14:26:38+00:00,0.499182923485572,0.01,SPY,2026-09-18T11:09:27.324959-04:00,759.8699951171875
SPY270319C01340000,2027-03-19,call,1340.0,0.0,0.02,0.02,1.0,1632.0,0.24024197265624997,2026-09-11 13:35:21+00:00,0.499182923485572,0.01,SPY,2026-09-18T11:09:27.324959-04:00,759.8699951171875
SPY270319C01350000,2027-03-19,call,1350.0,0.02,0.04,0.04,0.0,51.0,0.256843369140625,2026-06-10 17:14:24+00:00,0.499182923485572,0.03,SPY,2026-09-18T11:09:27.324959-04:00,759.8699951171875
SPY270319C01360000,2027-03-19,call,1360.0,0.0,0.02,0.01,2.0,336.0,0.2461012890625,2026-09-17 15:01:04+00:00,0.499182923485572,0.01,SPY,2026-09-18T11:09:27.324959-04:00,759.8699951171875
SPY270319C01370000,2027-03-19,call,1370.0,0.0,0.02,0.01,5.0,615.0,0.2500075,2026-09-18 14:11:04+00:00,0.499182923485572,0.01,SPY,2026-09-18T11:09:27.324959-04:00,759.8699951171875
SPY270319C01380000,2027-03-19,call,1380.0,0.01,0.02,0.01,1.0,703.0,0.25196060546875,2026-09-17 15:02:50+00:00,0.499182923485572,0.015,SPY,2026-09-18T11:09:27.324959-04:00,759.8699951171875
SPY270319C01390000,2027-03-19,call,1390.0,0.0,0.02,0.02,11.0,14.0,0.25586681640625003,2026-08-06 19:20:06+00:00,0.499182923485572,0.01,SPY,2026-09-18T11:09:27.324959-04:00,759.8699951171875
SPY270319C01400000,2027-03-19,call,1400.0,0.0,0.02,0.03,8.0,28.0,0.257819921875,2026-08-07 15:31:31+00:00,0.499182923485572,0.01,SPY,2026-09-18T11:09:27.324959-04:00,759.8699951171875
SPY270319C01410000,2027-03-19,call,1410.0,0.0,0.02,0.02,1.0,33.0,0.25977302734375,2026-08-07 13:46:16+00:00,0.499182923485572,0.01,SPY,2026-09-18T11:09:27.324959-04:00,759.8699951171875
SPY270319C01420000,2027-03-19,call,1420.0,0.0,0.01,0.02,61.0,32.0,0.2500075,2026-08-10 14:20:02+00:00,0.499182923485572,0.005,SPY,2026-09-18T11:09:27.324959-04:00,759.8699951171875
SPY270319C01430000,2027-03-19,call,1430.0,0.0,0.01,0.01,3.0,16.0,0.25391371093750004,2026-09-02 17:41:27+00:00,0.499182923485572,0.005,SPY,2026-09-18T11:09:27.324959-04:00,759.8699951171875
SPY270319C01440000,2027-03-19,call,1440.0,0.0,0.01,0.01,10.0,11.0,0.25586681640625003,2026-08-24 16:56:15+00:00,0.499182923485572,0.005,SPY,2026-09-18T11:09:27.324959-04:00,759.8699951171875
SPY270319C01450000,2027-03-19,call,1450.0,0.0,0.01,0.01,10.0,108.0,0.257819921875,2026-09-03 14:09:30+00:00,0.499182923485572,0.005,SPY,2026-09-18T11:09:27.324959-04:00,759.8699951171875
SPY270319C01460000,2027-03-19,call,1460.0,0.0,0.01,0.01,10.0,26.0,0.2617261328125,2026-09-03 13:57:16+00:00,0.499182923485572,0.005,SPY,2026-09-18T11:09:27.324959-04:00,759.8699951171875
SPY270319C01470000,2027-03-19,call,1470.0,0.0,0.01,0.01,1.0,53.0,0.26367923828125,2026-09-04 19:16:10+00:00,0.499182923485572,0.005,SPY,2026-09-18T11:09:27.324959-04:00,759.8699951171875
SPY270319C01480000,2027-03-19,call,1480.0,0.0,0.01,0.01,5.0,587.0,0.26563234375,2026-09-04 14:56:22+00:00,0.499182923485572,0.005,SPY,2026-09-18T11:09:27.324959-04:00,759.8699951171875
SPY270319P00250000,2027-03-19,put,250.0,0.26,0.27,0.26,50.0,7050.0,0.6030313134765627,2026-09-17 18:34:11+00:00,0.499182923485572,0.265,SPY,2026-09-18T11:09:27.324959-04:00,759.8699951171875
SPY270319P00255000,2027-03-19,put,255.0,0.28,0.29,0.31,5.0,25.0,0.5976602734375001,2026-09-16 14:26:05+00:00,0.499182923485572,0.28500000000000003,SPY,2026-09-18T11:09:27.324959-04:00,759.8699951171875
SPY270319P00260000,2027-03-19,put,260.0,0.29,0.3,0.32,10.0,627.0,0.5898478515625001,2026-09-16 13:52:29+00:00,0.499182923485572,0.295,SPY,2026-09-18T11:09:27.324959-04:00,759.8699951171875
SPY270319P00265000,2027-03-19,put,265.0,0.31,0.32,0.47,1.0,17.0,0.5839885351562499,2026-08-18 19:23:50+00:00,0.499182923485572,0.315,SPY,2026-09-18T11:09:27.324959-04:00,759.8699951171875
SPY270319P00270000,2027-03-19,put,270.0,0.46,0.47,0.7,1.0,2.0,0.6005899316406251,2026-07-06 13:30:16+00:00,0.499182923485572,0.46499999999999997,SPY,2026-09-18T11:09:27.324959-04:00,759.8699951171875
SPY270319P00275000,2027-03-19,put,275.0,0.35,0.36,0.4,1.0,97.0,0.5722699023437501,2026-09-14 14:15:53+00:00,0.499182923485572,0.355,SPY,2026-09-18T11:09:27.324959-04:00,759.8699951171875
SPY270319P00280000,2027-03-19,put,280.0,0.37,0.38,0.41,1.0,512.0,0.5661664477539063,2026-09-11 13:33:17+00:00,0.499182923485572,0.375,SPY,2026-09-18T11:09:27.324959-04:00,759.8699951171875
SPY270319P00285000,2027-03-19,put,285.0,0.39,0.4,0.43,10.0,22.0,0.5600629931640625,2026-09-16 18:38:56+00:00,0.499182923485572,0.395,SPY,2026-09-18T11:09:27.324959-04:00,759.8699951171875
SPY270319P00290000,2027-03-19,put,290.0,0.41,0.42,0.44,8.0,15.0,0.5537154003906251,2026-09-16 16:15:31+00:00,0.499182923485572,0.415,SPY,2026-09-18T11:09:27.324959-04:00,759.8699951171875
SPY270319P00295000,2027-03-19,put,295.0,0.43,0.44,0.42,1.0,245.0,0.5476119458007813,2026-09-17 14:26:55+00:00,0.499182923485572,0.435,SPY,2026-09-18T11:09:27.324959-04:00,759.8699951171875
SPY270319P00300000,2027-03-19,put,300.0,0.45,0.46,0.46,10.0,7009.0,0.541264353027344,2026-09-17 15:34:07+00:00,0.499182923485572,0.455,SPY,2026-09-18T11:09:27.324959-04:00,759.8699951171875
SPY270319P00305000,2027-03-19,put,305.0,0.47,0.48,0.49,1.0,33.0,0.5351608984375,2026-09-11 18:19:29+00:00,0.499182923485572,0.475,SPY,2026-09-18T11:09:27.324959-04:00,759.8699951171875
SPY270319P00310000,2027-03-19,put,310.0,0.49,0.51,0.5,1.0,28.0,0.5293015820312501,2026-09-16 20:11:10+00:00,0.499182923485572,0.5,SPY,2026-09-18T11:09:27.324959-04:00,759.8699951171875
SPY270319P00315000,2027-03-19,put,315.0,0.52,0.53,0.56,3.0,127.0,0.5236864038085938,2026-09-02 19:29:19+00:00,0.499182923485572,0.525,SPY,2026-09-18T11:09:27.324959-04:00,759.8699951171875
SPY270319P00320000,2027-03-19,put,320.0,0.55,0.56,0.64,1.0,101.0,0.5185595019531251,2026-09-10 13:53:12+00:00,0.499182923485572,0.555,SPY,2026-09-18T11:09:27.324959-04:00,759.8699951171875
SPY270319P00325000,2027-03-19,put,325.0,0.57,0.58,0.62,1.0,1344.0,0.5122119091796875,2026-09-14 13:50:37+00:00,0.499182923485572,0.575,SPY,2026-09-18T11:09:27.324959-04:00,759.8699951171875
SPY270319P00330000,2027-03-19,put,330.0,0.59,0.61,0.67,2.0,4995.0,0.5063525927734375,2026-09-16 20:11:42+00:00,0.499182923485572,0.6,SPY,2026-09-18T11:09:27.324959-04:00,759.8699951171875
SPY270319P00335000,2027-03-19,put,335.0,0.62,0.63,0.73,12.0,3531.0,0.5004932763671875,2026-09-10 13:44:34+00:00,0.499182923485572,0.625,SPY,2026-09-18T11:09:27.324959-04:00,759.8699951171875
SPY270319P00340000,2027-03-19,put,340.0,0.65,0.66,0.64,1.0,1570.0,0.49561051269531253,2026-09-16 20:12:07+00:00,0.499182923485572,0.655,SPY,2026-09-18T11:09:27.324959-04:00,759.8699951171875
SPY270319P00345000,2027-03-19,put,345.0,0.68,0.69,0.71,1.0,1822.0,0.4899953344726563,2026-09-16 14:11:36+00:00,0.499182923485572,0.685,SPY,2026-09-18T11:09:27.324959-04:00,759.8699951171875
SPY270319P00350000,2027-03-19,put,350.0,0.71,0.72,0.7,2.0,2562.0,0.4846242944335938,2026-09-18 13:32:13+00:00,0.499182923485572,0.715,SPY,2026-09-18T11:09:27.324959-04:00,759.8699951171875
SPY270319P00355000,2027-03-19,put,355.0,0.74,0.75,0.76,1.0,143.0,0.47900911621093745,2026-09-11 18:18:52+00:00,0.499182923485572,0.745,SPY,2026-09-18T11:09:27.324959-04:00,759.8699951171875
SPY270319P00360000,2027-03-19,put,360.0,0.77,0.78,0.85,1.0,269.0,0.4733939379882813,2026-09-15 13:34:22+00:00,0.499182923485572,0.775,SPY,2026-09-18T11:09:27.324959-04:00,759.8699951171875
SPY270319P00365000,2027-03-19,put,365.0,0.8,0.81,0.8,1.0,477.0,0.467778759765625,2026-09-17 17:05:11+00:00,0.499182923485572,0.805,SPY,2026-09-18T11:09:27.324959-04:00,759.8699951171875
SPY270319P00370000,2027-03-19,put,370.0,0.84,0.85,0.83,10.0,373.0,0.46289599609375004,2026-09-17 13:35:52+00:00,0.499182923485572,0.845,SPY,2026-09-18T11:09:27.324959-04:00,759.8699951171875
SPY270319P00375000,2027-03-19,put,375.0,0.87,0.88,0.87,20.0,656.0,0.45715874877929696,2026-09-17 13:35:13+00:00,0.499182923485572,0.875,SPY,2026-09-18T11:09:27.324959-04:00,759.8699951171875
SPY270319P00380000,2027-03-19,put,380.0,0.91,0.92,0.89,245.0,544.0,0.45215391601562505,2026-09-17 14:25:40+00:00,0.499182923485572,0.915,SPY,2026-09-18T11:09:27.324959-04:00,759.8699951171875
SPY270319P00385000,2027-03-19,put,385.0,0.94,0.95,0.94,10.0,5334.0,0.4464166687011719,2026-09-18 13:45:09+00:00,0.499182923485572,0.945,SPY,2026-09-18T11:09:27.324959-04:00,759.8699951171875
SPY270319P00390000,2027-03-19,put,390.0,0.98,0.99,0.99,2.0,1070.0,0.4412897668457031,2026-09-17 16:07:26+00:00,0.499182923485572,0.985,SPY,2026-09-18T11:09:27.324959-04:00,759.8699951171875
SPY270319P00395000,2027-03-19,put,395.0,1.01,1.03,1.08,25.0,96.0,0.4361628649902344,2026-09-14 18:04:15+00:00,0.499182923485572,1.02,SPY,2026-09-18T11:09:27.324959-04:00,759.8699951171875
SPY270319P00400000,2027-03-19,put,400.0,1.05,1.07,1.06,12.0,16440.0,0.43103596313476567,2026-09-17 16:53:54+00:00,0.499182923485572,1.06,SPY,2026-09-18T11:09:27.324959-04:00,759.8699951171875
SPY270319P00405000,2027-03-19,put,405.0,1.1,1.11,1.28,1.0,264.0,0.42578699218750005,2026-09-10 18:33:55+00:00,0.499182923485572,1.105,SPY,2026-09-18T11:09:27.324959-04:00,759.8699951171875
SPY270319P00410000,2027-03-19,put,410.0,1.15,1.16,1.21,4.0,412.0,0.42102629760742194,2026-09-16 13:50:43+00:00,0.499182923485572,1.1549999999999998,SPY,2026-09-18T11:09:27.324959-04:00,759.8699951171875
SPY270319P00415000,2027-03-19,put,415.0,1.18,1.2,1.33,10.0,173.0,0.4157773266601562,2026-08-28 19:07:02+00:00,0.499182923485572,1.19,SPY,2026-09-18T11:09:27.324959-04:00,759.8699951171875
SPY270319P00420000,2027-03-19,put,420.0,1.23,1.24,1.24,1.0,839.0,0.41040628662109374,2026-09-18 13:56:15+00:00,0.499182923485572,1.2349999999999999,SPY,2026-09-18T11:09:27.324959-04:00,759.8699951171875
SPY270319P00425000,2027-03-19,put,425.0,1.28,1.29,1.34,15.0,805.0,0.40552352294921873,2026-09-11 19:56:51+00:00,0.499182923485572,1.2850000000000001,SPY,2026-09-18T11:09:27.324959-04:00,759.8699951171875
SPY270319P00430000,2027-03-19,put,430.0,1.32,1.34,1.33,1.0,604.0,0.40064075927734377,2026-09-17 13:36:48+00:00,0.499182923485572,1.33,SPY,2026-09-18T11:09:27.324959-04:00,759.8699951171875
SPY270319P00435000,2027-03-19,put,435.0,1.38,1.39,1.38,38.0,582.0,0.3956969610595704,2026-09-17 13:47:48+00:00,0.499182923485572,1.3849999999999998,SPY,2026-09-18T11:09:27.324959-04:00,759.8699951171875
SPY270319P00440000,2027-03-19,put,440.0,1.43,1.44,1.41,3.0,266.0,0.3906921282958984,2026-09-17 19:44:36+00:00,0.499182923485572,1.435,SPY,2026-09-18T11:09:27.324959-04:00,759.8699951171875
SPY270319P00445000,2027-03-19,put,445.0,1.49,1.5,1.47,1.0,541.0,0.3860535028076171,2026-09-18 13:30:01+00:00,0.499182923485572,1.495,SPY,2026-09-18T11:09:27.324959-04:00,759.8699951171875
SPY270319P00450000,2027-03-19,put,450.0,1.54,1.56,1.54,12.0,1914.0,0.3813538427734374,2026-09-17 19:43:47+00:00,0.499182923485572,1.55,SPY,2026-09-18T11:09:27.324959-04:00,759.8699951171875
SPY270319P00455000,2027-03-19,put,455.0,1.6,1.61,1.61,1.0,1626.0,0.37622694091796877,2026-09-17 14:22:44+00:00,0.499182923485572,1.605,SPY,2026-09-18T11:09:27.324959-04:00,759.8699951171875
SPY270319P00460000,2027-03-19,put,460.0,1.66,1.67,1.67,15.0,1379.0,0.3714662463378906,2026-09-17 19:17:09+00:00,0.499182923485572,1.665,SPY,2026-09-18T11:09:27.324959-04:00,759.8699951171875
SPY270319P00465000,2027-03-19,put,465.0,1.72,1.73,1.73,2.0,595.0,0.3665834826660156,2026-09-17 13:47:48+00:00,0.499182923485572,1.725,SPY,2026-09-18T11:09:27.324959-04:00,759.8699951171875
SPY270319P00470000,2027-03-19,put,470.0,1.79,1.8,1.81,3.0,1769.0,0.36206692626953124,2026-09-18 14:39:07+00:00,0.499182923485572,1.795,SPY,2026-09-18T11:09:27.324959-04:00,759.8699951171875
SPY270319P00475000,2027-03-19,put,475.0,1.86,1.87,2.0,2.0,737.0,0.35748933532714844,2026-09-16 14:40:48+00:00,0.499182923485572,1.8650000000000002,SPY,2026-09-18T11:09:27.324959-04:00,759.8699951171875
SPY270319P00480000,2027-03-19,put,480.0,1.92,1.94,1.92,1.0,2453.0,0.3528507098388671,2026-09-17 19:58:10+00:00,0.499182923485572,1.93,SPY,2026-09-18T11:09:27.324959-04:00,759.8699951171875
SPY270319P00485000,2027-03-19,put,485.0,2.0,2.01,2.0,15.0,930.0,0.348090015258789,2026-09-17 19:51:09+00:00,0.499182923485572,2.005,SPY,2026-09-18T11:09:27.324959-04:00,759.8699951171875
SPY270319P00490000,2027-03-19,put,490.0,2.08,2.1,2.11,19.0,1100.0,0.34393966613769533,2026-09-18 14:17:03+00:00,0.499182923485572,2.09,SPY,2026-09-18T11:09:27.324959-04:00,759.8699951171875
SPY270319P00495000,2027-03-19,put,495.0,2.15,2.17,2.18,1.0,2200.0,0.3391179370117187,2026-09-17 17:54:59+00:00,0.499182923485572,2.16,SPY,2026-09-18T11:09:27.324959-04:00,759.8699951171875
SPY270319P00500000,2027-03-19,put,500.0,2.24,2.26,2.26,46.0,8351.0,0.3347844842529296,2026-09-18 14:47:16+00:00,0.499182923485572,2.25,SPY,2026-09-18T11:09:27.324959-04:00,759.8699951171875
SPY270319P00505000,2027-03-19,put,505.0,2.32,2.34,2.33,61.0,1038.0,0.3301153414916992,2026-09-17 13:47:48+00:00,0.499182923485572,2.33,SPY,2026-09-18T11:09:27.324959-04:00,759.8699951171875
SPY270319P00510000,2027-03-19,put,510.0,2.41,2.42,2.43,10.0,2765.0,0.3253851641845703,2026-09-17 18:03:59+00:00,0.499182923485572,2.415,SPY,2026-09-18T11:09:27.324959-04:00,759.8699951171875
SPY270319P00515000,2027-03-19,put,515.0,2.5,2.52,2.61,1.0,1669.0,0.3211127459716796,2026-09-11 17:36:57+00:00,0.499182923485572,2.51,SPY,2026-09-18T11:09:27.324959-04:00,759.8699951171875
SPY270319P00520000,2027-03-19,put,520.0,2.6,2.62,2.65,142.0,1551.0,0.31674877593994133,2026-09-17 15:18:04+00:00,0.499182923485572,2.6100000000000003,SPY,2026-09-18T11:09:27.324959-04:00,759.8699951171875
SPY270319P00525000,2027-03-19,put,525.0,2.7,2.72,2.77,30.0,1940.0,0.3123237713623046,2026-09-17 15:00:02+00:00,0.499182923485572,2.71,SPY,2026-09-18T11:09:27.324959-04:00,759.8699951171875
SPY270319P00530000,2027-03-19,put,530.0,2.8,2.82,2.82,79.0,3053.0,0.3078072149658203,2026-09-17 13:47:48+00:00,0.499182923485572,2.8099999999999996,SPY,2026-09-18T11:09:27.324959-04:00,759.8699951171875
SPY270319P00535000,2027-03-19,put,535.0,2.92,2.93,2.92,45.0,8154.0,0.30344324493408203,2026-09-17 19:35:46+00:00,0.499182923485572,2.925,SPY,2026-09-18T11:09:27.324959-04:00,759.8699951171875
SPY270319P00540000,2027-03-19,put,540.0,3.04,3.06,3.11,41.0,2163.0,0.29941496490478514,2026-09-17 15:13:08+00:00,0.499182923485572,3.05,SPY,2026-09-18T11:09:27.324959-04:00,759.8699951171875
SPY270319P00545000,2027-03-19,put,545.0,3.16,3.18,3.18,1.0,1590.0,0.2950815121459961,2026-09-18 14:32:59+00:00,0.499182923485572,3.17,SPY,2026-09-18T11:09:27.324959-04:00,759.8699951171875
SPY270319P00550000,2027-03-19,put,550.0,3.28,3.31,3.31,4.0,3089.0,0.29087012847900384,2026-09-18 14:28:16+00:00,0.499182923485572,3.295,SPY,2026-09-18T11:09:27.324959-04:00,759.8699951171875
SPY270319P00555000,2027-03-19,put,555.0,3.42,3.45,3.45,1.0,4308.0,0.2867502966308593,2026-09-18 14:33:06+00:00,0.499182923485572,3.435,SPY,2026-09-18T11:09:27.324959-04:00,759.8699951171875
SPY270319P00560000,2027-03-19,put,560.0,3.57,3.59,3.59,1.0,4507.0,0.2825083956909179,2026-09-18 14:32:59+00:00,0.499182923485572,3.58,SPY,2026-09-18T11:09:27.324959-04:00,759.8699951171875
SPY270319P00565000,2027-03-19,put,565.0,3.71,3.74,3.68,34.0,2101.0,0.2783580465698242,2026-09-17 19:55:27+00:00,0.499182923485572,3.725,SPY,2026-09-18T11:09:27.324959-04:00,759.8699951171875
SPY270319P00570000,2027-03-19,put,570.0,3.86,3.89,3.83,2.0,1952.0,0.27411614562988285,2026-09-18 13:36:24+00:00,0.499182923485572,3.875,SPY,2026-09-18T11:09:27.324959-04:00,759.8699951171875
SPY270319P00575000,2027-03-19,put,575.0,4.03,4.05,4.06,71.0,2914.0,0.2699047619628906,2026-09-17 18:38:22+00:00,0.499182923485572,4.04,SPY,2026-09-18T11:09:27.324959-04:00,759.8699951171875
SPY270319P00580000,2027-03-19,put,580.0,4.21,4.24,4.25,4.0,3501.0,0.2660901028442383,2026-09-17 16:20:45+00:00,0.499182923485572,4.225,SPY,2026-09-18T11:09:27.324959-04:00,759.8699951171875
SPY270319P00585000,2027-03-19,put,585.0,4.4,4.42,4.34,301.0,7251.0,0.26197027099609377,2026-09-17 19:54:30+00:00,0.499182923485572,4.41,SPY,2026-09-18T11:09:27.324959-04:00,759.8699951171875
SPY270319P00590000,2027-03-19,put,590.0,4.59,4.62,4.56,11.0,1974.0,0.2580335427856446,2026-09-17 19:50:48+00:00,0.499182923485572,4.605,SPY,2026-09-18T11:09:27.324959-04:00,759.8699951171875
SPY270319P00595000,2027-03-19,put,595.0,4.81,4.83,4.85,222.0,2405.0,0.2540968145751954,2026-09-17 13:48:49+00:00,0.499182923485572,4.82,SPY,2026-09-18T11:09:27.324959-04:00,759.8699951171875
SPY270319P00600000,2027-03-19,put,600.0,5.03,5.05,5.1,2.0,5378.0,0.25016008636474607,2026-09-18 14:16:40+00:00,0.499182923485572,5.04,SPY,2026-09-18T11:09:27.324959-04:00,759.8699951171875
SPY270319P00605000,2027-03-19,put,605.0,5.26,5.28,5.28,15.0,4143.0,0.24619284088134769,2026-09-18 14:12:43+00:00,0.499182923485572,5.27,SPY,2026-09-18T11:09:27.324959-04:00,759.8699951171875
SPY270319P00610000,2027-03-19,put,610.0,5.49,5.52,5.44,122.0,2407.0,0.2422408540344238,2026-09-17 19:35:46+00:00,0.499182923485572,5.505,SPY,2026-09-18T11:09:27.324959-04:00,759.8699951171875
SPY270319P00615000,2027-03-19,put,615.0,5.76,5.78,5.76,15.0,3199.0,0.23838041900634765,2026-09-17 17:02:04+00:00,0.499182923485572,5.77,SPY,2026-09-18T11:09:27.324959-04:00,759.8699951171875
SPY270319P00620000,2027-03-19,put,620.0,6.03,6.06,6.12,5.0,4916.0,0.2345810185241699,2026-09-18 14:18:47+00:00,0.499182923485572,6.045,SPY,2026-09-18T11:09:27.324959-04:00,759.8699951171875
SPY270319P00625000,2027-03-19,put,625.0,6.33,6.35,6.38,2.0,5404.0,0.23072058349609376,2026-09-18 14:27:48+00:00,0.499182923485572,6.34,SPY,2026-09-18T11:09:27.324959-04:00,759.8699951171875
SPY270319P00630000,2027-03-19,put,630.0,6.61,6.64,6.71,3.0,3185.0,0.2267228207397461,2026-09-18 14:26:16+00:00,0.499182923485572,6.625,SPY,2026-09-18T11:09:27.324959-04:00,759.8699951171875
SPY270319P00635000,2027-03-19,put,635.0,6.95,6.97,7.02,2.0,6950.0,0.22296919616699218,2026-09-18 14:27:10+00:00,0.499182923485572,6.96,SPY,2026-09-18T11:09:27.324959-04:00,759.8699951171875
SPY270319P00640000,2027-03-19,put,640.0,7.3,7.33,7.37,4.0,7539.0,0.21930712341308595,2026-09-18 14:27:34+00:00,0.499182923485572,7.3149999999999995,SPY,2026-09-18T11:09:27.324959-04:00,759.8699951171875
SPY270319P00645000,2027-03-19,put,645.0,7.65,7.68,7.8,104.0,5165.0,0.21537039520263673,2026-09-18 14:44:33+00:00,0.499182923485572,7.665,SPY,2026-09-18T11:09:27.324959-04:00,759.8699951171875
SPY270319P00650000,2027-03-19,put,650.0,8.03,8.07,8.12,2.0,7367.0,0.21161677062988277,2026-09-18 14:39:06+00:00,0.499182923485572,8.05,SPY,2026-09-18T11:09:27.324959-04:00,759.8699951171875
SPY270319P00655000,2027-03-19,put,655.0,8.47,8.49,8.32,1.0,2447.0,0.2079241806030273,2026-09-18 13:38:15+00:00,0.499182923485572,8.48,SPY,2026-09-18T11:09:27.324959-04:00,759.8699951171875
SPY270319P00660000,2027-03-19,put,660.0,8.89,8.93,8.95,62.0,4452.0,0.204185814666748,2026-09-18 14:12:30+00:00,0.499182923485572,8.91,SPY,2026-09-18T11:09:27.324959-04:00,759.8699951171875
SPY270319P00665000,2027-03-19,put,665.0,9.36,9.4,9.27,118.0,4814.0,0.20047796600341794,2026-09-17 19:23:06+00:00,0.499182923485572,9.379999999999999,SPY,2026-09-18T11:09:27.324959-04:00,759.8699951171875
SPY270319P00670000,2027-03-19,put,670.0,9.85,9.89,9.61,1.0,3286.0,0.1966938241577148,2026-09-17 19:23:06+00:00,0.499182923485572,9.870000000000001,SPY,2026-09-18T11:09:27.324959-04:00,759.8699951171875
SPY270319P00675000,2027-03-19,put,675.0,10.39,10.42,10.47,33.0,2516.0,0.1929859754943848,2026-09-18 14:22:38+00:00,0.499182923485572,10.405000000000001,SPY,2026-09-18T11:09:27.324959-04:00,759.8699951171875
SPY270319P00680000,2027-03-19,put,680.0,10.93,10.97,11.01,10.0,3376.0,0.18917131637573242,2026-09-18 13:59:42+00:00,0.499182923485572,10.95,SPY,2026-09-18T11:09:27.324959-04:00,759.8699951171875
SPY270319P00685000,2027-03-19,put,685.0,11.53,11.55,11.36,16.0,3999.0,0.18532613998413083,2026-09-17 19:35:47+00:00,0.499182923485572,11.54,SPY,2026-09-18T11:09:27.324959-04:00,759.8699951171875
SPY270319P00690000,2027-03-19,put,690.0,12.13,12.16,12.24,6.0,24072.0,0.18141992904663085,2026-09-18 14:50:29+00:00,0.499182923485572,12.145,SPY,2026-09-18T11:09:27.324959-04:00,759.8699951171875
SPY270319P00695000,2027-03-19,put,695.0,12.83,12.88,12.68,1.0,2099.0,0.17795621856689453,2026-09-18 13:48:02+00:00,0.499182923485572,12.855,SPY,2026-09-18T11:09:27.324959-04:00,759.8699951171875
SPY270319P00700000,2027-03-19,put,700.0,13.53,13.58,13.71,60.0,64858.0,0.17407289558410646,2026-09-18 14:47:57+00:00,0.499182923485572,13.555,SPY,2026-09-18T11:09:27.324959-04:00,759.8699951171875
SPY270319P00705000,2027-03-19,put,705.0,14.29,14.33,14.1,6.0,3670.0,0.1701972019195557,2026-09-17 19:49:12+00:00,0.499182923485572,14.309999999999999,SPY,2026-09-18T11:09:27.324959-04:00,759.8699951171875
SPY270319P00710000,2027-03-19,put,710.0,15.12,15.17,15.25,3.0,9695.0,0.16652749984741216,2026-09-18 14:29:12+00:00,0.499182923485572,15.145,SPY,2026-09-18T11:09:27.324959-04:00,759.8699951171875
SPY270319P00715000,2027-03-19,put,715.0,15.96,16.05,16.21,2.0,8574.0,0.16275098731994628,2026-09-18 14:46:53+00:00,0.499182923485572,16.005000000000003,SPY,2026-09-18T11:09:27.324959-04:00,759.8699951171875
SPY270319P00720000,2027-03-19,put,720.0,16.89,17.0,17.05,3.0,4781.0,0.1590049920654297,2026-09-18 14:39:22+00:00,0.499182923485572,16.945,SPY,2026-09-18T11:09:27.324959-04:00,759.8699951171875
SPY270319P00725000,2027-03-19,put,725.0,17.88,17.96,18.18,20.0,4753.0,0.1549461947631836,2026-09-18 14:44:39+00:00,0.499182923485572,17.92,SPY,2026-09-18T11:09:27.324959-04:00,759.8699951171875
SPY270319P00730000,2027-03-19,put,730.0,18.96,19.07,19.19,8.0,5504.0,0.15126886337280276,2026-09-18 14:47:10+00:00,0.499182923485572,19.015,SPY,2026-09-18T11:09:27.324959-04:00,759.8699951171875
SPY270319P00735000,2027-03-19,put,735.0,20.15,20.24,20.29,19.0,3892.0,0.14747709220886232,2026-09-18 14:50:16+00:00,0.499182923485572,20.195,SPY,2026-09-18T11:09:27.324959-04:00,759.8699951171875
SPY270319P00740000,2027-03-19,put,740.0,21.36,21.39,21.69,109.0,6798.0,0.14315126876831058,2026-09-18 14:44:42+00:00,0.499182923485572,21.375,SPY,2026-09-18T11:09:27.324959-04:00,759.8699951171875
SPY270319P00745000,2027-03-19,put,745.0,22.73,22.84,23.0,101.0,3719.0,0.1398019980621338,2026-09-18 14:26:45+00:00,0.499182923485572,22.785,SPY,2026-09-18T11:09:27.324959-04:00,759.8699951171875
SPY270319P00750000,2027-03-19,put,750.0,24.13,24.24,24.48,36.0,11788.0,0.1356897955322266,2026-09-18 14:09:16+00:00,0.499182923485572,24.185,SPY,2026-09-18T11:09:27.324959-04:00,759.8699951171875
SPY270319P00755000,2027-03-19,put,755.0,25.7,25.8,25.18,1.0,3708.0,0.13178358459472655,2026-09-18 13:33:12+00:00,0.499182923485572,25.75,SPY,2026-09-18T11:09:27.324959-04:00,759.8699951171875
SPY270319P00760000,2027-03-19,put,760.0,27.4,27.52,27.71,41.0,2366.0,0.12802996002197264,2026-09-18 14:29:19+00:00,0.499182923485572,27.46,SPY,2026-09-18T11:09:27.324959-04:00,759.8699951171875
SPY270319P00765000,2027-03-19,put,765.0,29.16,29.28,29.54,6.0,2755.0,0.12381094703674317,2026-09-18 14:29:19+00:00,0.499182923485572,29.22,SPY,2026-09-18T11:09:27.324959-04:00,759.8699951171875
SPY270319P00770000,2027-03-19,put,770.0,31.13,31.24,30.5,525.0,5559.0,0.1198208135986328,2026-09-17 19:51:09+00:00,0.499182923485572,31.185,SPY,2026-09-18T11:09:27.324959-04:00,759.8699951171875
SPY270319P00775000,2027-03-19,put,775.0,33.18,33.32,32.71,954.0,2090.0,0.11560942993164064,2026-09-17 19:30:27+00:00,0.499182923485572,33.25,SPY,2026-09-18T11:09:27.324959-04:00,759.8699951171875
SPY270319P00780000,2027-03-19,put,780.0,35.54,35.67,35.2,4.0,2743.0,0.11184054672241209,2026-09-18 13:44:10+00:00,0.499182923485572,35.605000000000004,SPY,2026-09-18T11:09:27.324959-04:00,759.8699951171875
SPY270319P00785000,2027-03-19,put,785.0,37.99,38.15,37.87,20.0,676.0,0.1077588614654541,2026-09-17 15:57:40+00:00,0.499182923485572,38.07,SPY,2026-09-18T11:09:27.324959-04:00,759.8699951171875
SPY270319P00790000,2027-03-19,put,790.0,39.65,41.06,39.88,52.0,1159.0,0.104852091217041,2026-09-17 18:30:00+00:00,0.499182923485572,40.355000000000004,SPY,2026-09-18T11:09:27.324959-04:00,759.8699951171875
SPY270319P00795000,2027-03-19,put,795.0,43.52,45.01,42.65,6.0,765.0,0.1065915757751465,2026-09-17 19:07:11+00:00,0.499182923485572,44.265,SPY,2026-09-18T11:09:27.324959-04:00,759.8699951171875
SPY270319P00800000,2027-03-19,put,800.0,44.93,48.3,46.25,1.0,240.0,0.10390605575561523,2026-09-18 14:04:24+00:00,0.499182923485572,46.614999999999995,SPY,2026-09-18T11:09:27.324959-04:00,759.8699951171875
SPY270319P00805000,2027-03-19,put,805.0,49.91,50.15,48.18,3.0,515.0,0.09066155929565428,2026-09-11 13:37:44+00:00,0.499182923485572,50.03,SPY,2026-09-18T11:09:27.324959-04:00,759.8699951171875
SPY270319P00810000,2027-03-19,put,810.0,52.36,53.92,57.53,1.0,39.0,0.08757931472778321,2026-09-15 19:37:36+00:00,0.499182923485572,53.14,SPY,2026-09-18T11:09:27.324959-04:00,759.8699951171875
SPY270319P00815000,2027-03-19,put,815.0,57.31,59.06,55.53,54.0,36.0,0.09415578704833985,2026-09-11 13:47:54+00:00,0.499182923485572,58.185,SPY,2026-09-18T11:09:27.324959-04:00,759.8699951171875
SPY270319P00820000,2027-03-19,put,820.0,59.69,63.14,60.0,1.0,66.0,0.09177543975830077,2026-09-17 18:27:44+00:00,0.499182923485572,61.415,SPY,2026-09-18T11:09:27.324959-04:00,759.8699951171875
SPY270319P00825000,2027-03-19,put,825.0,64.07,67.49,75.0,2.0,18.0,0.09055474884033202,2026-09-16 19:39:02+00:00,0.499182923485572,65.78,SPY,2026-09-18T11:09:27.324959-04:00,759.8699951171875
SPY270319P00830000,2027-03-19,put,830.0,68.78,72.24,70.5,1.0,9.0,0.09262992340087889,2026-09-18 14:01:47+00:00,0.499182923485572,70.50999999999999,SPY,2026-09-18T11:09:27.324959-04:00,759.8699951171875
SPY270319P00835000,2027-03-19,put,835.0,73.53,77.07,75.31,1.0,15.0,0.09525440887451173,2026-09-17 13:53:11+00:00,0.499182923485572,75.3,SPY,2026-09-18T11:09:27.324959-04:00,759.8699951171875
SPY270319P00840000,2027-03-19,put,840.0,78.56,82.39,79.55,1.0,2.0,0.10346355529785155,2026-09-14 15:44:59+00:00,0.499182923485572,80.475,SPY,2026-09-18T11:09:27.324959-04:00,759.8699951171875
SPY270319P00845000,2027-03-19,put,845.0,83.46,87.02,77.95,2.0,1.0,0.10349407257080076,2026-08-18 16:00:03+00:00,0.499182923485572,85.24,SPY,2026-09-18T11:09:27.324959-04:00,759.8699951171875
SPY270319P00850000,2027-03-19,put,850.0,88.35,92.28,91.0,5.0,13.0,0.11106235626220701,2026-09-17 15:11:05+00:00,0.499182923485572,90.315,SPY,2026-09-18T11:09:27.324959-04:00,759.8699951171875
SPY270319P00855000,2027-03-19,put,855.0,93.23,97.09,81.42,0.0,2.0,0.1129544271850586,2026-08-28 15:08:59+00:00,0.499182923485572,95.16,SPY,2026-09-18T11:09:27.324959-04:00,759.8699951171875
SPY270319P00860000,2027-03-19,put,860.0,98.17,102.26,94.4,1.0,1.0,0.11939357177734375,2026-09-08 14:09:55+00:00,0.499182923485572,100.215,SPY,2026-09-18T11:09:27.324959-04:00,759.8699951171875
SPY270319P00865000,2027-03-19,put,865.0,103.28,107.26,100.3,3.0,4.0,0.12358969680786133,2026-09-08 19:59:23+00:00,0.499182923485572,105.27000000000001,SPY,2026-09-18T11:09:27.324959-04:00,759.8699951171875
SPY270319P00870000,2027-03-19,put,870.0,99.44,102.96,98.98,0.0,0.0,1.0000000000000003e-05,2026-08-05 15:59:11+00:00,0.499182923485572,101.19999999999999,SPY,2026-09-18T11:09:27.324959-04:00,759.8699951171875
SPY270319P00875000,2027-03-19,put,875.0,113.14,117.2,113.14,1.0,1.0,0.13099013549804686,2026-09-01 13:49:42+00:00,0.499182923485572,115.17,SPY,2026-09-18T11:09:27.324959-04:00,759.8699951171875
SPY270319P00880000,2027-03-19,put,880.0,0.0,0.0,141.01,0.0,0.0,1.0000000000000003e-05,2026-05-18 13:38:29+00:00,0.499182923485572,0.0,SPY,2026-09-18T11:09:27.324959-04:00,759.8699951171875
SPY270319P00885000,2027-03-19,put,885.0,119.61,123.07,132.76,1.0,0.0,1.0000000000000003e-05,2026-07-14 19:29:39+00:00,0.499182923485572,121.34,SPY,2026-09-18T11:09:27.324959-04:00,759.8699951171875
SPY270319P00895000,2027-03-19,put,895.0,129.61,133.07,140.72,0.0,0.0,1.0000000000000003e-05,2026-07-10 17:13:30+00:00,0.499182923485572,131.34,SPY,2026-09-18T11:09:27.324959-04:00,759.8699951171875
SPY270319P00900000,2027-03-19,put,900.0,138.14,142.2,139.75,4.0,4.0,0.1506432592773438,2026-09-17 13:37:09+00:00,0.499182923485572,140.17,SPY,2026-09-18T11:09:27.324959-04:00,759.8699951171875
SPY270319P00905000,2027-03-19,put,905.0,143.14,147.2,142.94,1.0,1.0,0.1544274011230469,2026-09-01 13:50:36+00:00,0.499182923485572,145.17,SPY,2026-09-18T11:09:27.324959-04:00,759.8699951171875
SPY270319P00910000,2027-03-19,put,910.0,144.61,148.07,167.61,1.0,0.0,1.0000000000000003e-05,2026-07-20 19:53:41+00:00,0.499182923485572,146.34,SPY,2026-09-18T11:09:27.324959-04:00,759.8699951171875
SPY270319P00915000,2027-03-19,put,915.0,149.61,153.07,185.0,1.0,0.0,1.0000000000000003e-05,2026-06-26 19:59:56+00:00,0.499182923485572,151.34,SPY,2026-09-18T11:09:27.324959-04:00,759.8699951171875
SPY270319P01000000,2027-03-19,put,1000.0,234.61,238.07,245.8,1.0,0.0,1.0000000000000003e-05,2026-07-16 15:00:04+00:00,0.499182923485572,236.34,SPY,2026-09-18T11:09:27.324959-04:00,759.8699951171875
SPY270319P01440000,2027-03-19,put,1440.0,683.86,687.39,711.12,0.0,0.0,0.507115524597168,2026-06-11 17:28:57+00:00,0.499182923485572,685.625,SPY,2026-09-18T11:09:27.324959-04:00,759.8699951171875
SPY270617C00050000,2027-06-17,call,50.0,711.5,716.0,681.91,6.0,5.0,1.7954111791992187,2026-06-24 19:07:43+00:00,0.7457582659513255,713.75,SPY,2026-09-18T11:09:27.324959-04:00,759.8699951171875
SPY270617C00060000,2027-06-17,call,60.0,697.86,702.5,709.46,5.0,0.0,1.1416058544921874,2026-08-19 18:22:12+00:00,0.7457582659513255,700.1800000000001,SPY,2026-09-18T11:09:27.324959-04:00,759.8699951171875
SPY270617C00080000,2027-06-17,call,80.0,678.14,682.83,689.56,0.0,5.0,1.0922896948242187,2026-08-19 18:22:12+00:00,0.7457582659513255,680.485,SPY,2026-09-18T11:09:27.324959-04:00,759.8699951171875
SPY270617C00085000,2027-06-17,call,85.0,676.5,681.41,647.0,1.0,1.0,1.423831005859375,2026-06-25 13:56:17+00:00,0.7457582659513255,678.9549999999999,SPY,2026-09-18T11:09:27.324959-04:00,759.8699951171875
SPY270617C00110000,2027-06-17,call,110.0,651.5,656.49,622.0,1.0,1.0,1.2500037499999999,2026-06-25 13:57:10+00:00,0.7457582659513255,653.995,SPY,2026-09-18T11:09:27.324959-04:00,759.8699951171875
SPY270617C00115000,2027-06-17,call,115.0,594.0,598.5,556.0,0.0,0.0,1.0000000000000003e-05,2026-03-12 14:04:02+00:00,0.7457582659513255,596.25,SPY,2026-09-18T11:09:27.324959-04:00,759.8699951171875
SPY270617C00120000,2027-06-17,call,120.0,589.0,593.91,551.0,0.0,0.0,1.0000000000000003e-05,2026-03-12 14:04:01+00:00,0.7457582659513255,591.4549999999999,SPY,2026-09-18T11:09:27.324959-04:00,759.8699951171875
SPY270617C00125000,2027-06-17,call,125.0,584.0,588.94,546.0,0.0,0.0,1.0000000000000003e-05,2026-03-12 14:04:02+00:00,0.7457582659513255,586.47,SPY,2026-09-18T11:09:27.324959-04:00,759.8699951171875
SPY270617C00130000,2027-06-17,call,130.0,579.0,583.97,541.0,0.0,0.0,1.0000000000000003e-05,2026-03-12 14:04:02+00:00,0.7457582659513255,581.485,SPY,2026-09-18T11:09:27.324959-04:00,759.8699951171875
SPY270617C00135000,2027-06-17,call,135.0,574.0,578.99,536.0,0.0,0.0,1.0000000000000003e-05,2026-03-12 14:04:02+00:00,0.7457582659513255,576.495,SPY,2026-09-18T11:09:27.324959-04:00,759.8699951171875
SPY270617C00140000,2027-06-17,call,140.0,614.0,618.36,602.0,0.0,1.0,1.0000000000000003e-05,2026-06-09 14:14:13+00:00,0.7457582659513255,616.1800000000001,SPY,2026-09-18T11:09:27.324959-04:00,759.8699951171875
SPY270617C00150000,2027-06-17,call,150.0,604.5,608.8,581.0,0.0,1.0,1.0000000000000003e-05,2026-06-10 16:11:42+00:00,0.7457582659513255,606.65,SPY,2026-09-18T11:09:27.324959-04:00,759.8699951171875
SPY270617C00155000,2027-06-17,call,155.0,0.0,0.0,583.5,1.0,0.0,1.0000000000000003e-05,2026-06-05 19:11:09+00:00,0.7457582659513255,0.0,SPY,2026-09-18T11:09:27.324959-04:00,759.8699951171875
SPY270617C00160000,2027-06-17,call,160.0,594.5,599.25,576.0,0.0,1.0,1.0000000000000003e-05,2026-06-09 15:23:40+00:00,0.7457582659513255,596.875,SPY,2026-09-18T11:09:27.324959-04:00,759.8699951171875
SPY270617C00170000,2027-06-17,call,170.0,585.0,589.7,573.5,0.0,1.0,1.0000000000000003e-05,2026-06-09 14:14:11+00:00,0.7457582659513255,587.35,SPY,2026-09-18T11:09:27.324959-04:00,759.8699951171875
SPY270617C00180000,2027-06-17,call,180.0,575.5,580.15,553.5,0.0,1.0,0.6347692773437501,2026-06-09 15:29:09+00:00,0.7457582659513255,577.825,SPY,2026-09-18T11:09:27.324959-04:00,759.8699951171875
SPY270617C00190000,2027-06-17,call,190.0,566.0,570.5,544.0,0.0,1.0,0.6733431103515627,2026-06-09 15:29:09+00:00,0.7457582659513255,568.25,SPY,2026-09-18T11:09:27.324959-04:00,759.8699951171875
SPY270617C00195000,2027-06-17,call,195.0,568.54,573.5,561.26,100.0,100.0,0.9528202960205077,2026-07-10 13:40:17+00:00,0.7457582659513255,571.02,SPY,2026-09-18T11:09:27.324959-04:00,759.8699951171875
SPY270617C00200000,2027-06-17,call,200.0,562.09,565.67,561.57,34.0,125.0,0.8606581317138673,2026-09-16 13:46:09+00:00,0.7457582659513255,563.88,SPY,2026-09-18T11:09:27.324959-04:00,759.8699951171875
SPY270617C00205000,2027-06-17,call,205.0,557.28,560.88,560.0,1.0,2.0,0.8531508825683594,2026-09-01 13:30:01+00:00,0.7457582659513255,559.0799999999999,SPY,2026-09-18T11:09:27.324959-04:00,759.8699951171875
SPY270617C00245000,2027-06-17,call,245.0,0.0,0.0,519.92,2.0,0.0,1.0000000000000003e-05,2026-06-01 19:36:41+00:00,0.7457582659513255,0.0,SPY,2026-09-18T11:09:27.324959-04:00,759.8699951171875
SPY270617C00250000,2027-06-17,call,250.0,514.03,517.5,513.73,1.0,10.0,0.7808859802246093,2026-09-16 17:03:27+00:00,0.7457582659513255,515.765,SPY,2026-09-18T11:09:27.324959-04:00,759.8699951171875
SPY270617C00255000,2027-06-17,call,255.0,489.0,493.4,498.16,0.0,0.0,1.0000000000000003e-05,2026-06-22 18:48:15+00:00,0.7457582659513255,491.2,SPY,2026-09-18T11:09:27.324959-04:00,759.8699951171875
SPY270617C00260000,2027-06-17,call,260.0,484.0,488.66,493.53,0.0,0.0,1.0000000000000003e-05,2026-06-22 18:47:46+00:00,0.7457582659513255,486.33000000000004,SPY,2026-09-18T11:09:27.324959-04:00,759.8699951171875
SPY270617C00280000,2027-06-17,call,280.0,485.22,488.94,495.0,2.0,3.0,0.7384974880981444,2026-08-28 17:14:28+00:00,0.7457582659513255,487.08000000000004,SPY,2026-09-18T11:09:27.324959-04:00,759.8699951171875
SPY270617C00300000,2027-06-17,call,300.0,474.24,477.98,450.05,1.0,63.0,0.8466201861572265,2026-07-31 15:46:10+00:00,0.7457582659513255,476.11,SPY,2026-09-18T11:09:27.324959-04:00,759.8699951171875
SPY270617C00305000,2027-06-17,call,305.0,461.23,464.92,464.0,3.0,12.0,0.7013579669189454,2026-09-17 19:25:06+00:00,0.7457582659513255,463.07500000000005,SPY,2026-09-18T11:09:27.324959-04:00,759.8699951171875
SPY270617C00310000,2027-06-17,call,310.0,456.47,460.0,454.21,1.0,50.0,0.6933014068603516,2026-09-15 16:37:50+00:00,0.7457582659513255,458.235,SPY,2026-09-18T11:09:27.324959-04:00,759.8699951171875
SPY270617C00315000,2027-06-17,call,315.0,451.68,455.43,466.13,14.0,11.0,0.6882660568237305,2026-08-07 19:16:09+00:00,0.7457582659513255,453.555,SPY,2026-09-18T11:09:27.324959-04:00,759.8699951171875
SPY270617C00330000,2027-06-17,call,330.0,436.92,440.77,447.13,1.0,0.0,0.6612277529907228,2026-08-19 19:58:36+00:00,0.7457582659513255,438.845,SPY,2026-09-18T11:09:27.324959-04:00,759.8699951171875
SPY270617C00335000,2027-06-17,call,335.0,413.0,417.62,422.65,0.0,0.0,1.0000000000000003e-05,2026-06-22 18:46:18+00:00,0.7457582659513255,415.31,SPY,2026-09-18T11:09:27.324959-04:00,759.8699951171875
SPY270617C00340000,2027-06-17,call,340.0,430.0,434.5,409.2,7.0,6.0,0.6940033041381836,2026-07-24 19:49:37+00:00,0.7457582659513255,432.25,SPY,2026-09-18T11:09:27.324959-04:00,759.8699951171875
SPY270617C00345000,2027-06-17,call,345.0,417.01,420.71,414.76,1.0,3.0,0.5296067547607424,2026-05-14 16:44:41+00:00,0.7457582659513255,418.86,SPY,2026-09-18T11:09:27.324959-04:00,759.8699951171875
SPY270617C00350000,2027-06-17,call,350.0,418.19,421.99,420.0,3.0,9.0,0.640353938293457,2026-09-17 14:22:35+00:00,0.7457582659513255,420.09000000000003,SPY,2026-09-18T11:09:27.324959-04:00,759.8699951171875
SPY270617C00355000,2027-06-17,call,355.0,0.0,0.0,395.0,1.0,0.0,1.0000000000000003e-05,2026-06-05 19:10:53+00:00,0.7457582659513255,0.0,SPY,2026-09-18T11:09:27.324959-04:00,759.8699951171875
SPY270617C00360000,2027-06-17,call,360.0,408.64,412.43,409.66,5.0,47.0,0.6269873727416994,2026-09-18 14:05:02+00:00,0.7457582659513255,410.53499999999997,SPY,2026-09-18T11:09:27.324959-04:00,759.8699951171875
SPY270617C00365000,2027-06-17,call,365.0,406.02,411.0,401.98,5.0,6.0,0.6582675775146485,2026-07-10 18:05:26+00:00,0.7457582659513255,408.51,SPY,2026-09-18T11:09:27.324959-04:00,759.8699951171875
SPY270617C00370000,2027-06-17,call,370.0,407.31,411.0,413.02,2.0,5.0,0.7159147061157226,2026-08-05 18:07:10+00:00,0.7457582659513255,409.155,SPY,2026-09-18T11:09:27.324959-04:00,759.8699951171875
SPY270617C00375000,2027-06-17,call,375.0,394.31,398.0,404.66,1.0,35.0,0.6064187307739258,2026-09-04 18:35:15+00:00,0.7457582659513255,396.155,SPY,2026-09-18T11:09:27.324959-04:00,759.8699951171875
SPY270617C00380000,2027-06-17,call,380.0,389.54,393.39,399.31,1.0,11.0,0.6010476907348634,2026-08-27 13:33:25+00:00,0.7457582659513255,391.46500000000003,SPY,2026-09-18T11:09:27.324959-04:00,759.8699951171875
SPY270617C00385000,2027-06-17,call,385.0,0.0,0.0,385.34,2.0,0.0,1.0000000000000003e-05,2026-05-29 18:31:00+00:00,0.7457582659513255,0.0,SPY,2026-09-18T11:09:27.324959-04:00,759.8699951171875
SPY270617C00390000,2027-06-17,call,390.0,388.23,391.97,387.37,1.0,16.0,0.6827424304199221,2026-08-04 14:20:52+00:00,0.7457582659513255,390.1,SPY,2026-09-18T11:09:27.324959-04:00,759.8699951171875
SPY270617C00395000,2027-06-17,call,395.0,356.5,361.13,366.58,0.0,0.0,1.0000000000000003e-05,2026-06-22 18:43:10+00:00,0.7457582659513255,358.815,SPY,2026-09-18T11:09:27.324959-04:00,759.8699951171875
SPY270617C00400000,2027-06-17,call,400.0,370.43,374.26,372.39,2.0,50.0,0.5747418014526368,2026-09-14 19:48:18+00:00,0.7457582659513255,372.345,SPY,2026-09-18T11:09:27.324959-04:00,759.8699951171875
SPY270617C00405000,2027-06-17,call,405.0,373.94,377.68,380.25,1.0,2.0,0.65860326751709,2026-08-05 18:05:47+00:00,0.7457582659513255,375.81,SPY,2026-09-18T11:09:27.324959-04:00,759.8699951171875
SPY270617C00410000,2027-06-17,call,410.0,360.95,364.82,359.55,5.0,24.0,0.5629163581848147,2026-09-10 20:10:00+00:00,0.7457582659513255,362.885,SPY,2026-09-18T11:09:27.324959-04:00,759.8699951171875
SPY270617C00415000,2027-06-17,call,415.0,356.19,360.0,361.83,1.0,1.0,0.5563093685913086,2026-09-11 13:53:34+00:00,0.7457582659513255,358.095,SPY,2026-09-18T11:09:27.324959-04:00,759.8699951171875
SPY270617C00420000,2027-06-17,call,420.0,351.44,355.33,349.12,1.0,68.0,0.5506331558227541,2026-09-15 17:35:58+00:00,0.7457582659513255,353.385,SPY,2026-09-18T11:09:27.324959-04:00,759.8699951171875
SPY270617C00425000,2027-06-17,call,425.0,346.68,350.5,344.08,1.0,22.0,0.5440109075927735,2026-09-15 14:27:07+00:00,0.7457582659513255,348.59000000000003,SPY,2026-09-18T11:09:27.324959-04:00,759.8699951171875
SPY270617C00430000,2027-06-17,call,430.0,344.5,349.37,331.5,1.0,51.0,0.5706219696044923,2026-07-17 15:36:49+00:00,0.7457582659513255,346.935,SPY,2026-09-18T11:09:27.324959-04:00,759.8699951171875
SPY270617C00435000,2027-06-17,call,435.0,0.0,0.0,329.92,1.0,0.0,1.0000000000000003e-05,2026-05-22 18:12:58+00:00,0.7457582659513255,0.0,SPY,2026-09-18T11:09:27.324959-04:00,759.8699951171875
SPY270617C00440000,2027-06-17,call,440.0,332.43,336.31,334.18,1.0,33.0,0.5260209751892089,2026-09-14 19:55:17+00:00,0.7457582659513255,334.37,SPY,2026-09-18T11:09:27.324959-04:00,759.8699951171875
SPY270617C00445000,2027-06-17,call,445.0,330.22,335.0,320.96,2.0,21.0,0.5498397067260744,2026-07-21 17:42:55+00:00,0.7457582659513255,332.61,SPY,2026-09-18T11:09:27.324959-04:00,759.8699951171875
SPY270617C00450000,2027-06-17,call,450.0,322.94,326.82,329.59,1.0,81.0,0.513951393737793,2026-09-11 15:40:16+00:00,0.7457582659513255,324.88,SPY,2026-09-18T11:09:27.324959-04:00,759.8699951171875
SPY270617C00455000,2027-06-17,call,455.0,317.69,322.14,324.53,37.0,39.0,0.5057269886779785,2026-08-21 14:49:54+00:00,0.7457582659513255,319.91499999999996,SPY,2026-09-18T11:09:27.324959-04:00,759.8699951171875
SPY270617C00460000,2027-06-17,call,460.0,313.35,317.23,320.3,4.0,41.0,0.5009205181884766,2026-08-21 18:43:33+00:00,0.7457582659513255,315.29,SPY,2026-09-18T11:09:27.324959-04:00,759.8699951171875
SPY270617C00465000,2027-06-17,call,465.0,291.82,295.71,285.93,1.0,10.0,0.26636475830078127,2026-05-06 14:10:25+00:00,0.7457582659513255,293.765,SPY,2026-09-18T11:09:27.324959-04:00,759.8699951171875
SPY270617C00470000,2027-06-17,call,470.0,303.89,307.77,304.31,25.0,40.0,0.5071613005065918,2026-09-15 13:48:12+00:00,0.7457582659513255,305.83,SPY,2026-09-18T11:09:27.324959-04:00,759.8699951171875
SPY270617C00475000,2027-06-17,call,475.0,299.17,303.0,299.58,25.0,39.0,0.5006306040954589,2026-09-15 13:48:12+00:00,0.7457582659513255,301.08500000000004,SPY,2026-09-18T11:09:27.324959-04:00,759.8699951171875
SPY270617C00480000,2027-06-17,call,480.0,294.57,298.45,301.94,1.0,30.0,0.4960377545166016,2026-08-21 13:30:13+00:00,0.7457582659513255,296.51,SPY,2026-09-18T11:09:27.324959-04:00,759.8699951171875
SPY270617C00485000,2027-06-17,call,485.0,289.85,293.74,296.5,2.0,147.0,0.49004111038208015,2026-08-25 19:14:03+00:00,0.7457582659513255,291.795,SPY,2026-09-18T11:09:27.324959-04:00,759.8699951171875
SPY270617C00490000,2027-06-17,call,490.0,288.0,292.96,268.83,4.0,20.0,0.5160265682983399,2026-06-25 20:05:09+00:00,0.7457582659513255,290.48,SPY,2026-09-18T11:09:27.324959-04:00,759.8699951171875
SPY270617C00495000,2027-06-17,call,495.0,280.32,284.2,282.15,9.0,27.0,0.4770254934692383,2026-09-17 14:15:35+00:00,0.7457582659513255,282.26,SPY,2026-09-18T11:09:27.324959-04:00,759.8699951171875
SPY270617C00500000,2027-06-17,call,500.0,275.62,279.5,282.55,2.0,169.0,0.471135659790039,2026-09-02 16:02:28+00:00,0.7457582659513255,277.56,SPY,2026-09-18T11:09:27.324959-04:00,759.8699951171875
SPY270617C00505000,2027-06-17,call,505.0,274.0,278.97,255.04,6.0,3.0,0.49751784225463874,2026-06-25 20:05:26+00:00,0.7457582659513255,276.485,SPY,2026-09-18T11:09:27.324959-04:00,759.8699951171875
SPY270617C00510000,2027-06-17,call,510.0,269.5,274.33,249.31,6.0,66.0,0.4915211981201172,2026-07-23 15:32:03+00:00,0.7457582659513255,271.91499999999996,SPY,2026-09-18T11:09:27.324959-04:00,759.8699951171875
SPY270617C00515000,2027-06-17,call,515.0,270.02,273.67,247.44,8.0,21.0,0.5010120700073243,2026-07-30 18:53:46+00:00,0.7457582659513255,271.845,SPY,2026-09-18T11:09:27.324959-04:00,759.8699951171875
SPY270617C00520000,2027-06-17,call,520.0,256.99,260.87,263.13,1.0,14.0,0.4487817573547363,2026-09-08 20:03:02+00:00,0.7457582659513255,258.93,SPY,2026-09-18T11:09:27.324959-04:00,759.8699951171875
SPY270617C00525000,2027-06-17,call,525.0,252.2,256.08,244.98,2.0,14.0,0.44217476776123044,2026-09-16 19:32:41+00:00,0.7457582659513255,254.14,SPY,2026-09-18T11:09:27.324959-04:00,759.8699951171875
SPY270617C00530000,2027-06-17,call,530.0,247.79,251.43,247.53,1.0,83.0,0.43660536544799805,2026-09-10 15:00:57+00:00,0.7457582659513255,249.61,SPY,2026-09-18T11:09:27.324959-04:00,759.8699951171875
SPY270617C00535000,2027-06-17,call,535.0,242.88,246.72,245.86,3.0,21.0,0.430593462677002,2026-09-14 18:00:42+00:00,0.7457582659513255,244.8,SPY,2026-09-18T11:09:27.324959-04:00,759.8699951171875
SPY270617C00540000,2027-06-17,call,540.0,238.53,242.12,237.05,4.0,72.0,0.425359750366211,2026-09-15 16:57:32+00:00,0.7457582659513255,240.325,SPY,2026-09-18T11:09:27.324959-04:00,759.8699951171875
SPY270617C00545000,2027-06-17,call,545.0,233.59,237.43,241.37,2.0,362.0,0.4194546580505371,2026-09-08 14:51:49+00:00,0.7457582659513255,235.51,SPY,2026-09-18T11:09:27.324959-04:00,759.8699951171875
SPY270617C00550000,2027-06-17,call,550.0,229.25,232.84,227.5,1.0,924.0,0.41425146301269533,2026-09-15 14:36:11+00:00,0.7457582659513255,231.04500000000002,SPY,2026-09-18T11:09:27.324959-04:00,759.8699951171875
SPY270617C00555000,2027-06-17,call,555.0,224.6,228.21,221.48,1.0,412.0,0.4087278366088867,2026-09-16 20:06:41+00:00,0.7457582659513255,226.405,SPY,2026-09-18T11:09:27.324959-04:00,759.8699951171875
SPY270617C00560000,2027-06-17,call,560.0,219.98,223.61,227.52,68.0,121.0,0.4033873138427735,2026-09-08 14:51:49+00:00,0.7457582659513255,221.79500000000002,SPY,2026-09-18T11:09:27.324959-04:00,759.8699951171875
SPY270617C00565000,2027-06-17,call,565.0,215.38,219.0,223.0,2.0,16.0,0.3979552392578125,2026-09-08 14:51:47+00:00,0.7457582659513255,217.19,SPY,2026-09-18T11:09:27.324959-04:00,759.8699951171875
SPY270617C00570000,2027-06-17,call,570.0,210.79,214.4,218.41,2.0,57.0,0.39256894058227537,2026-09-08 14:51:47+00:00,0.7457582659513255,212.595,SPY,2026-09-18T11:09:27.324959-04:00,759.8699951171875
SPY270617C00575000,2027-06-17,call,575.0,206.23,209.82,213.74,10.0,57.0,0.38726656440734863,2026-09-08 14:51:47+00:00,0.7457582659513255,208.02499999999998,SPY,2026-09-18T11:09:27.324959-04:00,759.8699951171875
SPY270617C00580000,2027-06-17,call,580.0,201.66,205.25,205.23,5.0,269.0,0.38199470550537107,2026-09-09 14:18:57+00:00,0.7457582659513255,203.45499999999998,SPY,2026-09-18T11:09:27.324959-04:00,759.8699951171875
SPY270617C00585000,2027-06-17,call,585.0,197.1,200.69,195.5,1.0,117.0,0.37674573455810545,2026-09-10 14:10:38+00:00,0.7457582659513255,198.89499999999998,SPY,2026-09-18T11:09:27.324959-04:00,759.8699951171875
SPY270617C00590000,2027-06-17,call,590.0,192.52,196.15,200.08,2.0,80.0,0.3715883154296875,2026-09-08 14:51:47+00:00,0.7457582659513255,194.335,SPY,2026-09-18T11:09:27.324959-04:00,759.8699951171875
SPY270617C00595000,2027-06-17,call,595.0,187.99,191.62,195.66,48.0,57.0,0.36643852561950685,2026-09-08 14:51:46+00:00,0.7457582659513255,189.805,SPY,2026-09-18T11:09:27.324959-04:00,759.8699951171875
SPY270617C00600000,2027-06-17,call,600.0,183.35,187.05,177.0,5.0,478.0,0.3610140803527832,2026-09-16 19:36:13+00:00,0.7457582659513255,185.2,SPY,2026-09-18T11:09:27.324959-04:00,759.8699951171875
SPY270617C00605000,2027-06-17,call,605.0,179.0,182.59,181.37,2.0,30.0,0.35617709259033203,2026-09-17 16:21:25+00:00,0.7457582659513255,180.79500000000002,SPY,2026-09-18T11:09:27.324959-04:00,759.8699951171875
SPY270617C00610000,2027-06-17,call,610.0,174.51,178.1,170.25,2.0,203.0,0.3511264839172363,2026-09-16 19:04:44+00:00,0.7457582659513255,176.305,SPY,2026-09-18T11:09:27.324959-04:00,759.8699951171875
SPY270617C00615000,2027-06-17,call,615.0,170.01,173.63,168.99,1.0,64.0,0.34612165115356436,2026-09-15 14:13:54+00:00,0.7457582659513255,171.82,SPY,2026-09-18T11:09:27.324959-04:00,759.8699951171875
SPY270617C00620000,2027-06-17,call,620.0,165.56,167.66,168.84,26.0,464.0,0.33289241333007813,2026-09-09 16:55:39+00:00,0.7457582659513255,166.61,SPY,2026-09-18T11:09:27.324959-04:00,759.8699951171875
SPY270617C00625000,2027-06-17,call,625.0,160.97,164.7,164.28,20.0,159.0,0.33600517517089845,2026-09-17 18:19:45+00:00,0.7457582659513255,162.83499999999998,SPY,2026-09-18T11:09:27.324959-04:00,759.8699951171875
SPY270617C00630000,2027-06-17,call,630.0,156.74,160.33,155.49,10.0,357.0,0.3313512910461425,2026-09-15 18:29:19+00:00,0.7457582659513255,158.53500000000003,SPY,2026-09-18T11:09:27.324959-04:00,759.8699951171875
SPY270617C00635000,2027-06-17,call,635.0,152.13,155.89,154.31,1.0,371.0,0.32627016510009765,2026-09-14 14:08:12+00:00,0.7457582659513255,154.01,SPY,2026-09-18T11:09:27.324959-04:00,759.8699951171875
SPY270617C00640000,2027-06-17,call,640.0,147.79,151.52,144.3,1.0,542.0,0.3214789532470703,2026-09-16 19:08:16+00:00,0.7457582659513255,149.655,SPY,2026-09-18T11:09:27.324959-04:00,759.8699951171875
SPY270617C00645000,2027-06-17,call,645.0,143.47,147.17,148.18,56.0,231.0,0.3167182586669921,2026-09-09 14:00:55+00:00,0.7457582659513255,145.32,SPY,2026-09-18T11:09:27.324959-04:00,759.8699951171875
SPY270617C00650000,2027-06-17,call,650.0,139.29,142.9,142.12,4.0,1126.0,0.3122627368164062,2026-09-17 17:58:00+00:00,0.7457582659513255,141.095,SPY,2026-09-18T11:09:27.324959-04:00,759.8699951171875
SPY270617C00655000,2027-06-17,call,655.0,134.96,138.6,137.96,3.0,358.0,0.3075783354187011,2026-09-17 19:08:53+00:00,0.7457582659513255,136.78,SPY,2026-09-18T11:09:27.324959-04:00,759.8699951171875
SPY270617C00660000,2027-06-17,call,660.0,130.55,134.29,129.5,27.0,444.0,0.3027566062927246,2026-09-16 18:50:00+00:00,0.7457582659513255,132.42000000000002,SPY,2026-09-18T11:09:27.324959-04:00,759.8699951171875
SPY270617C00665000,2027-06-17,call,665.0,126.43,130.05,125.34,6.0,119.0,0.2981790153503417,2026-09-15 18:28:28+00:00,0.7457582659513255,128.24,SPY,2026-09-18T11:09:27.324959-04:00,759.8699951171875
SPY270617C00670000,2027-06-17,call,670.0,122.08,125.84,123.19,1.0,545.0,0.2936395709991455,2026-09-16 18:10:18+00:00,0.7457582659513255,123.96000000000001,SPY,2026-09-18T11:09:27.324959-04:00,759.8699951171875
SPY270617C00675000,2027-06-17,call,675.0,118.05,120.23,111.72,1.0,423.0,0.2825999475097656,2026-09-16 19:21:12+00:00,0.7457582659513255,119.14,SPY,2026-09-18T11:09:27.324959-04:00,759.8699951171875
SPY270617C00680000,2027-06-17,call,680.0,114.52,117.62,115.93,2.0,1834.0,0.28516339843749994,2026-09-18 14:08:18+00:00,0.7457582659513255,116.07,SPY,2026-09-18T11:09:27.324959-04:00,759.8699951171875
SPY270617C00685000,2027-06-17,call,685.0,109.78,112.21,110.86,13.0,627.0,0.27497062927246096,2026-09-18 14:12:40+00:00,0.7457582659513255,110.995,SPY,2026-09-18T11:09:27.324959-04:00,759.8699951171875
SPY270617C00690000,2027-06-17,call,690.0,105.97,109.35,108.63,1.0,744.0,0.2759929579162597,2026-09-17 13:30:04+00:00,0.7457582659513255,107.66,SPY,2026-09-18T11:09:27.324959-04:00,759.8699951171875
SPY270617C00695000,2027-06-17,call,695.0,101.65,104.06,103.45,2.0,264.0,0.2662426892089844,2026-09-17 14:29:07+00:00,0.7457582659513255,102.855,SPY,2026-09-18T11:09:27.324959-04:00,759.8699951171875
SPY270617C00700000,2027-06-17,call,700.0,97.93,101.1,99.89,1.0,2827.0,0.2664410514831543,2026-09-17 20:03:28+00:00,0.7457582659513255,99.515,SPY,2026-09-18T11:09:27.324959-04:00,759.8699951171875
SPY270617C00705000,2027-06-17,call,705.0,94.01,97.35,94.56,3.0,533.0,0.26306126350402836,2026-09-14 15:21:32+00:00,0.7457582659513255,95.68,SPY,2026-09-18T11:09:27.324959-04:00,759.8699951171875
SPY270617C00710000,2027-06-17,call,710.0,89.75,91.91,92.03,5.0,407.0,0.252487028427124,2026-09-17 14:59:06+00:00,0.7457582659513255,90.83,SPY,2026-09-18T11:09:27.324959-04:00,759.8699951171875
SPY270617C00715000,2027-06-17,call,715.0,87.69,88.27,89.17,20.0,406.0,0.24931323204040526,2026-09-14 18:14:46+00:00,0.7457582659513255,87.97999999999999,SPY,2026-09-18T11:09:27.324959-04:00,759.8699951171875
SPY270617C00720000,2027-06-17,call,720.0,82.76,84.46,84.32,1.0,843.0,0.2452620640563965,2026-09-18 14:16:01+00:00,0.7457582659513255,83.61,SPY,2026-09-18T11:09:27.324959-04:00,759.8699951171875
SPY270617C00725000,2027-06-17,call,725.0,80.11,80.65,81.5,7.0,1444.0,0.241043051071167,2026-09-17 19:44:43+00:00,0.7457582659513255,80.38,SPY,2026-09-18T11:09:27.324959-04:00,759.8699951171875
SPY270617C00730000,2027-06-17,call,730.0,75.44,77.56,69.92,6.0,1249.0,0.2395248167419433,2026-09-16 19:43:05+00:00,0.7457582659513255,76.5,SPY,2026-09-18T11:09:27.324959-04:00,759.8699951171875
SPY270617C00735000,2027-06-17,call,735.0,70.84,72.96,73.47,17.0,972.0,0.23180394668579102,2026-09-17 18:54:37+00:00,0.7457582659513255,71.9,SPY,2026-09-18T11:09:27.324959-04:00,759.8699951171875
SPY270617C00740000,2027-06-17,call,740.0,67.2,69.59,70.26,6.0,958.0,0.22878273666381838,2026-09-17 19:35:46+00:00,0.7457582659513255,68.39500000000001,SPY,2026-09-18T11:09:27.324959-04:00,759.8699951171875
SPY270617C00745000,2027-06-17,call,745.0,65.53,67.36,66.96,1.0,1497.0,0.22997291030883787,2026-09-16 19:41:37+00:00,0.7457582659513255,66.445,SPY,2026-09-18T11:09:27.324959-04:00,759.8699951171875
SPY270617C00750000,2027-06-17,call,750.0,60.15,62.54,63.0,20.0,1823.0,0.22087113365173336,2026-09-17 19:30:44+00:00,0.7457582659513255,61.345,SPY,2026-09-18T11:09:27.324959-04:00,759.8699951171875
SPY270617C00755000,2027-06-17,call,755.0,58.63,59.09,58.63,1.0,1600.0,0.21688100021362305,2026-09-18 14:28:36+00:00,0.7457582659513255,58.86,SPY,2026-09-18T11:09:27.324959-04:00,759.8699951171875
SPY270617C00760000,2027-06-17,call,760.0,55.23,55.73,55.09,26.0,3637.0,0.212997677230835,2026-09-18 14:50:15+00:00,0.7457582659513255,55.48,SPY,2026-09-18T11:09:27.324959-04:00,759.8699951171875
SPY270617C00765000,2027-06-17,call,765.0,52.0,52.18,52.91,1.0,2346.0,0.20815306015014645,2026-09-18 13:40:51+00:00,0.7457582659513255,52.09,SPY,2026-09-18T11:09:27.324959-04:00,759.8699951171875
SPY270617C00770000,2027-06-17,call,770.0,48.79,49.27,49.63,55.0,1721.0,0.2054827987670898,2026-09-17 19:26:46+00:00,0.7457582659513255,49.03,SPY,2026-09-18T11:09:27.324959-04:00,759.8699951171875
SPY270617C00775000,2027-06-17,call,775.0,45.69,46.16,46.4,5.0,1998.0,0.20178257942199707,2026-09-17 17:48:27+00:00,0.7457582659513255,45.925,SPY,2026-09-18T11:09:27.324959-04:00,759.8699951171875
SPY270617C00780000,2027-06-17,call,780.0,42.65,42.78,43.39,18.0,3408.0,0.19677011734008787,2026-09-17 19:59:57+00:00,0.7457582659513255,42.715,SPY,2026-09-18T11:09:27.324959-04:00,759.8699951171875
SPY270617C00785000,2027-06-17,call,785.0,39.75,39.89,40.19,1.0,3463.0,0.19332929481506347,2026-09-18 13:53:37+00:00,0.7457582659513255,39.82,SPY,2026-09-18T11:09:27.324959-04:00,759.8699951171875
SPY270617C00790000,2027-06-17,call,790.0,36.99,37.09,37.64,84.0,2359.0,0.1899189895629883,2026-09-17 19:59:57+00:00,0.7457582659513255,37.040000000000006,SPY,2026-09-18T11:09:27.324959-04:00,759.8699951171875
SPY270617C00795000,2027-06-17,call,795.0,34.23,34.38,35.18,62.0,3677.0,0.186531572265625,2026-09-17 19:53:01+00:00,0.7457582659513255,34.305,SPY,2026-09-18T11:09:27.324959-04:00,759.8699951171875
SPY270617C00800000,2027-06-17,call,800.0,31.68,31.79,31.59,10.0,16892.0,0.18327385337829585,2026-09-18 14:39:37+00:00,0.7457582659513255,31.735,SPY,2026-09-18T11:09:27.324959-04:00,759.8699951171875
SPY270617C00805000,2027-06-17,call,805.0,29.23,29.34,30.06,43.0,2374.0,0.18021449676513673,2026-09-17 19:53:09+00:00,0.7457582659513255,29.285,SPY,2026-09-18T11:09:27.324959-04:00,759.8699951171875
SPY270617C00810000,2027-06-17,call,810.0,26.87,27.01,26.61,11.0,3238.0,0.1772695799255371,2026-09-18 14:42:44+00:00,0.7457582659513255,26.94,SPY,2026-09-18T11:09:27.324959-04:00,759.8699951171875
SPY270617C00815000,2027-06-17,call,815.0,24.68,24.8,24.5,1.0,2686.0,0.17443147354125982,2026-09-18 14:18:26+00:00,0.7457582659513255,24.740000000000002,SPY,2026-09-18T11:09:27.324959-04:00,759.8699951171875
SPY270617C00820000,2027-06-17,call,820.0,22.57,22.7,23.03,4.0,2986.0,0.1716696603393555,2026-09-17 17:55:21+00:00,0.7457582659513255,22.634999999999998,SPY,2026-09-18T11:09:27.324959-04:00,759.8699951171875
SPY270617C00825000,2027-06-17,call,825.0,20.58,20.66,21.33,21.0,3422.0,0.16874763145446783,2026-09-17 19:56:39+00:00,0.7457582659513255,20.619999999999997,SPY,2026-09-18T11:09:27.324959-04:00,759.8699951171875
SPY270617C00830000,2027-06-17,call,830.0,18.78,18.89,19.3,7.0,2675.0,0.1665809050750733,2026-09-17 19:35:46+00:00,0.7457582659513255,18.835,SPY,2026-09-18T11:09:27.324959-04:00,759.8699951171875
SPY270617C00835000,2027-06-17,call,835.0,17.07,17.17,17.43,2.0,2260.0,0.16423870437622073,2026-09-17 17:55:21+00:00,0.7457582659513255,17.12,SPY,2026-09-18T11:09:27.324959-04:00,759.8699951171875
SPY270617C00840000,2027-06-17,call,840.0,15.5,15.61,15.54,36.0,4896.0,0.16220167640686037,2026-09-17 15:20:20+00:00,0.7457582659513255,15.555,SPY,2026-09-18T11:09:27.324959-04:00,759.8699951171875
SPY270617C00845000,2027-06-17,call,845.0,14.04,14.11,14.02,11.0,3976.0,0.16002732070922854,2026-09-16 15:51:35+00:00,0.7457582659513255,14.075,SPY,2026-09-18T11:09:27.324959-04:00,759.8699951171875
SPY270617C00850000,2027-06-17,call,850.0,12.67,12.76,12.9,12.0,4683.0,0.15815050842285155,2026-09-17 17:20:38+00:00,0.7457582659513255,12.715,SPY,2026-09-18T11:09:27.324959-04:00,759.8699951171875
SPY270617C00855000,2027-06-17,call,855.0,11.47,11.52,11.79,1.0,4145.0,0.1564186531829834,2026-09-17 19:21:50+00:00,0.7457582659513255,11.495000000000001,SPY,2026-09-18T11:09:27.324959-04:00,759.8699951171875
SPY270617C00860000,2027-06-17,call,860.0,10.34,10.39,10.64,8.0,5892.0,0.15483938430786137,2026-09-17 19:22:39+00:00,0.7457582659513255,10.365,SPY,2026-09-18T11:09:27.324959-04:00,759.8699951171875
SPY270617C00865000,2027-06-17,call,865.0,9.32,9.37,9.65,1.0,12707.0,0.1534508483886719,2026-09-18 13:37:42+00:00,0.7457582659513255,9.344999999999999,SPY,2026-09-18T11:09:27.324959-04:00,759.8699951171875
SPY270617C00870000,2027-06-17,call,870.0,8.4,8.44,7.82,2.0,3174.0,0.15216912292480472,2026-09-15 15:47:16+00:00,0.7457582659513255,8.42,SPY,2026-09-18T11:09:27.324959-04:00,759.8699951171875
SPY270617C00875000,2027-06-17,call,875.0,7.52,7.56,7.84,2.0,1901.0,0.15078058700561525,2026-09-17 19:48:52+00:00,0.7457582659513255,7.539999999999999,SPY,2026-09-18T11:09:27.324959-04:00,759.8699951171875
SPY270617C00880000,2027-06-17,call,880.0,6.75,6.79,5.23,23.0,5979.0,0.14968196517944338,2026-09-16 19:25:32+00:00,0.7457582659513255,6.77,SPY,2026-09-18T11:09:27.324959-04:00,759.8699951171875
SPY270617C00885000,2027-06-17,call,885.0,6.04,6.08,4.8,4.0,9640.0,0.14859860198974612,2026-09-16 19:13:36+00:00,0.7457582659513255,6.0600000000000005,SPY,2026-09-18T11:09:27.324959-04:00,759.8699951171875
SPY270617C00890000,2027-06-17,call,890.0,5.41,5.44,5.24,8.0,10883.0,0.14760679061889648,2026-09-17 14:11:32+00:00,0.7457582659513255,5.425000000000001,SPY,2026-09-18T11:09:27.324959-04:00,759.8699951171875
SPY270617C00895000,2027-06-17,call,895.0,4.82,4.85,5.02,30.0,15154.0,0.14658446197509767,2026-09-17 19:31:46+00:00,0.7457582659513255,4.835,SPY,2026-09-18T11:09:27.324959-04:00,759.8699951171875
SPY270617C00900000,2027-06-17,call,900.0,4.31,4.34,4.25,4.0,10622.0,0.1458367887878418,2026-09-18 14:42:31+00:00,0.7457582659513255,4.324999999999999,SPY,2026-09-18T11:09:27.324959-04:00,759.8699951171875
SPY270617C00905000,2027-06-17,call,905.0,3.84,3.87,3.92,1.0,7067.0,0.14504333969116212,2026-09-17 15:39:23+00:00,0.7457582659513255,3.855,SPY,2026-09-18T11:09:27.324959-04:00,759.8699951171875
SPY270617C00910000,2027-06-17,call,910.0,3.42,3.45,3.64,1.0,3036.0,0.1443567010498047,2026-09-18 13:32:59+00:00,0.7457582659513255,3.435,SPY,2026-09-18T11:09:27.324959-04:00,759.8699951171875
SPY270617C00915000,2027-06-17,call,915.0,3.04,3.06,2.98,2.0,5341.0,0.143563251953125,2026-09-15 13:55:12+00:00,0.7457582659513255,3.05,SPY,2026-09-18T11:09:27.324959-04:00,759.8699951171875
SPY270617C00920000,2027-06-17,call,920.0,2.69,2.72,2.71,50.0,4935.0,0.14295290649414064,2026-09-17 14:51:30+00:00,0.7457582659513255,2.705,SPY,2026-09-18T11:09:27.324959-04:00,759.8699951171875
SPY270617C00925000,2027-06-17,call,925.0,2.4,2.43,2.15,4.0,3646.0,0.14255618194580078,2026-09-15 18:09:04+00:00,0.7457582659513255,2.415,SPY,2026-09-18T11:09:27.324959-04:00,759.8699951171875
SPY270617C00930000,2027-06-17,call,930.0,2.13,2.15,2.15,5.0,2990.0,0.14191531921386719,2026-09-17 13:32:49+00:00,0.7457582659513255,2.1399999999999997,SPY,2026-09-18T11:09:27.324959-04:00,759.8699951171875
SPY270617C00935000,2027-06-17,call,935.0,1.89,1.92,2.0,3.0,1276.0,0.1416406637573242,2026-09-18 13:30:01+00:00,0.7457582659513255,1.9049999999999998,SPY,2026-09-18T11:09:27.324959-04:00,759.8699951171875
SPY270617C00940000,2027-06-17,call,940.0,1.68,1.7,1.75,1.0,1553.0,0.14115238739013675,2026-09-17 17:00:51+00:00,0.7457582659513255,1.69,SPY,2026-09-18T11:09:27.324959-04:00,759.8699951171875
SPY270617C00945000,2027-06-17,call,945.0,1.49,1.52,1.18,1.0,3283.0,0.14099980102539064,2026-09-16 19:39:52+00:00,0.7457582659513255,1.505,SPY,2026-09-18T11:09:27.324959-04:00,759.8699951171875
SPY270617C00950000,2027-06-17,call,950.0,1.32,1.34,1.17,8.0,2123.0,0.14051152465820313,2026-09-15 18:14:13+00:00,0.7457582659513255,1.33,SPY,2026-09-18T11:09:27.324959-04:00,759.8699951171875
SPY270617C00955000,2027-06-17,call,955.0,1.17,1.2,1.25,3.0,1447.0,0.1404504901123047,2026-09-17 19:46:54+00:00,0.7457582659513255,1.185,SPY,2026-09-18T11:09:27.324959-04:00,759.8699951171875
SPY270617C00960000,2027-06-17,call,960.0,1.04,1.06,0.92,17.0,867.0,0.14011480010986327,2026-09-15 18:11:44+00:00,0.7457582659513255,1.05,SPY,2026-09-18T11:09:27.324959-04:00,759.8699951171875
SPY270617C00965000,2027-06-17,call,965.0,0.94,0.95,0.8,9.0,398.0,0.1401453173828125,2026-09-15 18:27:00+00:00,0.7457582659513255,0.945,SPY,2026-09-18T11:09:27.324959-04:00,759.8699951171875
SPY270617C00970000,2027-06-17,call,970.0,0.83,0.85,0.73,10.0,3747.0,0.1401453173828125,2026-09-15 18:13:41+00:00,0.7457582659513255,0.84,SPY,2026-09-18T11:09:27.324959-04:00,759.8699951171875
SPY270617C00975000,2027-06-17,call,975.0,0.74,0.76,0.8,1.0,1265.0,0.1401453173828125,2026-09-18 13:30:38+00:00,0.7457582659513255,0.75,SPY,2026-09-18T11:09:27.324959-04:00,759.8699951171875
SPY270617C00980000,2027-06-17,call,980.0,0.68,0.69,0.71,1.0,1547.0,0.14051152465820313,2026-09-17 16:57:25+00:00,0.7457582659513255,0.685,SPY,2026-09-18T11:09:27.324959-04:00,759.8699951171875
SPY270617C00985000,2027-06-17,call,985.0,0.6,0.62,0.63,2.0,535.0,0.14063359375,2026-09-17 17:53:30+00:00,0.7457582659513255,0.61,SPY,2026-09-18T11:09:27.324959-04:00,759.8699951171875
SPY270617C00990000,2027-06-17,call,990.0,0.55,0.57,0.57,19.0,3343.0,0.1412439392089844,2026-09-17 17:53:30+00:00,0.7457582659513255,0.56,SPY,2026-09-18T11:09:27.324959-04:00,759.8699951171875
SPY270617C00995000,2027-06-17,call,995.0,0.5,0.52,0.51,4.0,594.0,0.14167118103027343,2026-09-17 14:00:04+00:00,0.7457582659513255,0.51,SPY,2026-09-18T11:09:27.324959-04:00,759.8699951171875
SPY270617C01000000,2027-06-17,call,1000.0,0.46,0.47,0.47,6.0,4385.0,0.14191531921386719,2026-09-18 14:20:59+00:00,0.7457582659513255,0.46499999999999997,SPY,2026-09-18T11:09:27.324959-04:00,759.8699951171875
SPY270617C01005000,2027-06-17,call,1005.0,0.41,0.42,0.36,130.0,773.0,0.1419763537597656,2026-09-15 17:14:07+00:00,0.7457582659513255,0.415,SPY,2026-09-18T11:09:27.324959-04:00,759.8699951171875
SPY270617C01010000,2027-06-17,call,1010.0,0.38,0.39,0.41,3.0,1326.0,0.14270876831054688,2026-09-17 16:13:10+00:00,0.7457582659513255,0.385,SPY,2026-09-18T11:09:27.324959-04:00,759.8699951171875
SPY270617C01015000,2027-06-17,call,1015.0,0.35,0.36,0.31,1.0,487.0,0.1433801483154297,2026-09-15 16:32:39+00:00,0.7457582659513255,0.355,SPY,2026-09-18T11:09:27.324959-04:00,759.8699951171875
SPY270617C01020000,2027-06-17,call,1020.0,0.32,0.34,0.33,1.0,810.0,0.14441773559570312,2026-09-18 14:20:59+00:00,0.7457582659513255,0.33,SPY,2026-09-18T11:09:27.324959-04:00,759.8699951171875
SPY270617C01025000,2027-06-17,call,1025.0,0.3,0.31,0.23,5.0,82.0,0.14478394287109375,2026-09-16 19:17:24+00:00,0.7457582659513255,0.305,SPY,2026-09-18T11:09:27.324959-04:00,759.8699951171875
SPY270617C01030000,2027-06-17,call,1030.0,0.28,0.29,0.28,1.0,498.0,0.14563842651367187,2026-09-15 14:03:26+00:00,0.7457582659513255,0.28500000000000003,SPY,2026-09-18T11:09:27.324959-04:00,759.8699951171875
SPY270617C01035000,2027-06-17,call,1035.0,0.26,0.28,0.33,2.0,107.0,0.1469811865234375,2026-09-01 15:49:38+00:00,0.7457582659513255,0.27,SPY,2026-09-18T11:09:27.324959-04:00,759.8699951171875
SPY270617C01040000,2027-06-17,call,1040.0,0.24,0.26,0.29,4.0,216.0,0.14771360107421877,2026-09-01 17:43:01+00:00,0.7457582659513255,0.25,SPY,2026-09-18T11:09:27.324959-04:00,759.8699951171875
SPY270617C01050000,2027-06-17,call,1050.0,0.21,0.22,0.18,1.0,163.0,0.14869015380859374,2026-09-16 19:29:14+00:00,0.7457582659513255,0.215,SPY,2026-09-18T11:09:27.324959-04:00,759.8699951171875
SPY270617C01060000,2027-06-17,call,1060.0,0.18,0.2,0.23,4.0,431.0,0.15088739746093754,2026-09-01 16:15:13+00:00,0.7457582659513255,0.19,SPY,2026-09-18T11:09:27.324959-04:00,759.8699951171875
SPY270617C01070000,2027-06-17,call,1070.0,0.16,0.18,0.2,4.0,796.0,0.15284050292968754,2026-09-01 16:15:16+00:00,0.7457582659513255,0.16999999999999998,SPY,2026-09-18T11:09:27.324959-04:00,759.8699951171875
SPY270617C01080000,2027-06-17,call,1080.0,0.14,0.16,0.14,13.0,98.0,0.15454947021484378,2026-09-16 20:06:31+00:00,0.7457582659513255,0.15000000000000002,SPY,2026-09-18T11:09:27.324959-04:00,759.8699951171875
SPY270617C01090000,2027-06-17,call,1090.0,0.13,0.14,0.15,1.0,1392.0,0.1557701611328125,2026-09-18 13:36:48+00:00,0.7457582659513255,0.135,SPY,2026-09-18T11:09:27.324959-04:00,759.8699951171875
SPY270617C01100000,2027-06-17,call,1100.0,0.11,0.13,0.13,1.0,4995.0,0.15796740478515625,2026-09-18 13:36:48+00:00,0.7457582659513255,0.12,SPY,2026-09-18T11:09:27.324959-04:00,759.8699951171875
SPY270617C01110000,2027-06-17,call,1110.0,0.1,0.12,0.16,3.0,128.0,0.1601646484375,2026-09-03 19:00:34+00:00,0.7457582659513255,0.11,SPY,2026-09-18T11:09:27.324959-04:00,759.8699951171875
SPY270617C01120000,2027-06-17,call,1120.0,0.09,0.11,0.11,6.0,3802.0,0.16211775390625,2026-09-10 13:54:44+00:00,0.7457582659513255,0.1,SPY,2026-09-18T11:09:27.324959-04:00,759.8699951171875
SPY270617C01130000,2027-06-17,call,1130.0,0.08,0.1,0.08,8.0,1445.0,0.1638267211914063,2026-09-16 19:49:27+00:00,0.7457582659513255,0.09,SPY,2026-09-18T11:09:27.324959-04:00,759.8699951171875
SPY270617C01140000,2027-06-17,call,1140.0,0.07,0.09,0.08,5.0,147.0,0.16553568847656253,2026-09-14 14:01:43+00:00,0.7457582659513255,0.08,SPY,2026-09-18T11:09:27.324959-04:00,759.8699951171875
SPY270617C01150000,2027-06-17,call,1150.0,0.07,0.08,0.1,337.0,446.0,0.1667563793945313,2026-09-08 15:20:36+00:00,0.7457582659513255,0.07500000000000001,SPY,2026-09-18T11:09:27.324959-04:00,759.8699951171875
SPY270617C01160000,2027-06-17,call,1160.0,0.06,0.08,0.09,1.0,75.0,0.16993017578125003,2026-09-08 13:30:03+00:00,0.7457582659513255,0.07,SPY,2026-09-18T11:09:27.324959-04:00,759.8699951171875
SPY270617C01170000,2027-06-17,call,1170.0,0.08,0.09,0.19,1.0,1088.0,0.174812939453125,2026-06-25 14:56:04+00:00,0.7457582659513255,0.08499999999999999,SPY,2026-09-18T11:09:27.324959-04:00,759.8699951171875
SPY270617C01180000,2027-06-17,call,1180.0,0.05,0.06,0.08,1.0,138.0,0.1713950048828125,2026-08-20 15:28:45+00:00,0.7457582659513255,0.055,SPY,2026-09-18T11:09:27.324959-04:00,759.8699951171875
SPY270617C01190000,2027-06-17,call,1190.0,0.07,0.09,0.1,2.0,40.0,0.18091639404296872,2026-08-03 15:35:59+00:00,0.7457582659513255,0.08,SPY,2026-09-18T11:09:27.324959-04:00,759.8699951171875
SPY270617C01200000,2027-06-17,call,1200.0,0.04,0.06,0.08,1.0,255.0,0.1772543212890625,2026-09-03 13:37:18+00:00,0.7457582659513255,0.05,SPY,2026-09-18T11:09:27.324959-04:00,759.8699951171875
SPY270617C01210000,2027-06-17,call,1210.0,0.06,0.08,0.13,86.0,766.0,0.1848226049804687,2026-08-05 15:19:52+00:00,0.7457582659513255,0.07,SPY,2026-09-18T11:09:27.324959-04:00,759.8699951171875
SPY270617C01220000,2027-06-17,call,1220.0,0.05,0.07,0.08,95.0,142.0,0.18555501953124998,2026-08-03 15:42:17+00:00,0.7457582659513255,0.060000000000000005,SPY,2026-09-18T11:09:27.324959-04:00,759.8699951171875
SPY270617C01230000,2027-06-17,call,1230.0,0.03,0.05,0.04,1.0,220.0,0.18311363769531247,2026-08-28 18:57:56+00:00,0.7457582659513255,0.04,SPY,2026-09-18T11:09:27.324959-04:00,759.8699951171875
SPY270617C01240000,2027-06-17,call,1240.0,0.04,0.06,0.1,2.0,18.0,0.188484677734375,2026-07-06 17:27:27+00:00,0.7457582659513255,0.05,SPY,2026-09-18T11:09:27.324959-04:00,759.8699951171875
SPY270617C01250000,2027-06-17,call,1250.0,0.03,0.04,0.04,18.0,329.0,0.18506674316406246,2026-09-10 14:45:24+00:00,0.7457582659513255,0.035,SPY,2026-09-18T11:09:27.324959-04:00,759.8699951171875
SPY270617C01260000,2027-06-17,call,1260.0,0.03,0.04,0.07,11.0,39.0,0.187508125,2026-08-06 18:07:01+00:00,0.7457582659513255,0.035,SPY,2026-09-18T11:09:27.324959-04:00,759.8699951171875
SPY270617C01270000,2027-06-17,call,1270.0,0.02,0.04,0.05,1.0,95.0,0.19043778320312502,2026-08-31 14:44:53+00:00,0.7457582659513255,0.03,SPY,2026-09-18T11:09:27.324959-04:00,759.8699951171875
SPY270617C01280000,2027-06-17,call,1280.0,0.02,0.04,0.03,1.0,25.0,0.1928791650390625,2026-09-01 17:27:15+00:00,0.7457582659513255,0.03,SPY,2026-09-18T11:09:27.324959-04:00,759.8699951171875
SPY270617C01290000,2027-06-17,call,1290.0,0.02,0.04,0.04,10.0,1097.0,0.195320546875,2026-09-09 16:06:01+00:00,0.7457582659513255,0.03,SPY,2026-09-18T11:09:27.324959-04:00,759.8699951171875
SPY270617C01300000,2027-06-17,call,1300.0,0.02,0.04,0.05,1.0,82.0,0.198250205078125,2026-09-04 16:50:07+00:00,0.7457582659513255,0.03,SPY,2026-09-18T11:09:27.324959-04:00,759.8699951171875
SPY270617C01310000,2027-06-17,call,1310.0,0.02,0.04,0.02,1.0,912.0,0.20020331054687499,2026-08-31 13:30:01+00:00,0.7457582659513255,0.03,SPY,2026-09-18T11:09:27.324959-04:00,759.8699951171875
SPY270617C01320000,2027-06-17,call,1320.0,0.02,0.03,0.04,40.0,325.0,0.198250205078125,2026-08-17 18:11:47+00:00,0.7457582659513255,0.025,SPY,2026-09-18T11:09:27.324959-04:00,759.8699951171875
SPY270617C01330000,2027-06-17,call,1330.0,0.02,0.03,0.05,1.0,113.0,0.20117986328124998,2026-08-06 16:46:51+00:00,0.7457582659513255,0.025,SPY,2026-09-18T11:09:27.324959-04:00,759.8699951171875
SPY270617C01340000,2027-06-17,call,1340.0,0.02,0.03,0.02,14.0,960.0,0.20313296874999998,2026-09-14 15:58:45+00:00,0.7457582659513255,0.025,SPY,2026-09-18T11:09:27.324959-04:00,759.8699951171875
SPY270617C01350000,2027-06-17,call,1350.0,0.0,0.0,0.09,0.0,0.0,0.12500875,2026-05-26 16:00:30+00:00,0.7457582659513255,0.0,SPY,2026-09-18T11:09:27.324959-04:00,759.8699951171875
SPY270617C01360000,2027-06-17,call,1360.0,0.01,0.03,0.04,4.0,25.0,0.20801573242187496,2026-08-13 14:03:08+00:00,0.7457582659513255,0.02,SPY,2026-09-18T11:09:27.324959-04:00,759.8699951171875
SPY270617C01370000,2027-06-17,call,1370.0,0.01,0.03,0.05,8.0,3.0,0.21094539062499998,2026-08-10 14:04:42+00:00,0.7457582659513255,0.02,SPY,2026-09-18T11:09:27.324959-04:00,759.8699951171875
SPY270617C01400000,2027-06-17,call,1400.0,0.01,0.03,0.02,300.0,303.0,0.21778125976562498,2026-09-15 18:51:50+00:00,0.7457582659513255,0.02,SPY,2026-09-18T11:09:27.324959-04:00,759.8699951171875
SPY270617C01410000,2027-06-17,call,1410.0,0.02,0.03,0.06,1.0,7.0,0.21973436523437498,2026-07-13 13:30:58+00:00,0.7457582659513255,0.025,SPY,2026-09-18T11:09:27.324959-04:00,759.8699951171875
SPY270617C01420000,2027-06-17,call,1420.0,0.01,0.03,0.02,20.0,159.0,0.22266402343749997,2026-09-02 15:26:16+00:00,0.7457582659513255,0.02,SPY,2026-09-18T11:09:27.324959-04:00,759.8699951171875
SPY270617C01430000,2027-06-17,call,1430.0,0.01,0.03,0.01,1.0,175.0,0.22461712890624996,2026-09-14 18:10:04+00:00,0.7457582659513255,0.02,SPY,2026-09-18T11:09:27.324959-04:00,759.8699951171875
SPY270617C01440000,2027-06-17,call,1440.0,0.01,0.02,0.02,1.0,2.0,0.22071091796874998,2026-08-06 16:14:35+00:00,0.7457582659513255,0.015,SPY,2026-09-18T11:09:27.324959-04:00,759.8699951171875
SPY270617C01450000,2027-06-17,call,1450.0,0.01,0.02,0.02,1.0,506.0,0.22266402343749997,2026-09-15 17:22:59+00:00,0.7457582659513255,0.015,SPY,2026-09-18T11:09:27.324959-04:00,759.8699951171875
SPY270617C01460000,2027-06-17,call,1460.0,0.02,0.04,0.04,16.0,29.0,0.23633576171874998,2026-06-18 16:28:26+00:00,0.7457582659513255,0.03,SPY,2026-09-18T11:09:27.324959-04:00,759.8699951171875
SPY270617C01470000,2027-06-17,call,1470.0,0.01,0.02,0.01,1.0,154.0,0.22657023437499998,2026-09-04 13:46:43+00:00,0.7457582659513255,0.015,SPY,2026-09-18T11:09:27.324959-04:00,759.8699951171875
SPY270617C01480000,2027-06-17,call,1480.0,0.01,0.02,0.01,13.0,1017.0,0.22852333984375,2026-09-09 13:42:25+00:00,0.7457582659513255,0.015,SPY,2026-09-18T11:09:27.324959-04:00,759.8699951171875
SPY270617P00050000,2027-06-17,put,50.0,0.0,0.02,0.01,1000.0,9190.0,0.9062509375,2026-09-17 13:42:02+00:00,0.7457582659513255,0.01,SPY,2026-09-18T11:09:27.324959-04:00,759.8699951171875
SPY270617P00055000,2027-06-17,put,55.0,0.01,0.02,0.02,15.0,573.0,0.9062509375,2026-08-13 15:28:37+00:00,0.7457582659513255,0.015,SPY,2026-09-18T11:09:27.324959-04:00,759.8699951171875
SPY270617P00060000,2027-06-17,put,60.0,0.01,0.02,0.02,100.0,7276.0,0.87500125,2026-09-16 19:14:39+00:00,0.7457582659513255,0.015,SPY,2026-09-18T11:09:27.324959-04:00,759.8699951171875
SPY270617P00065000,2027-06-17,put,65.0,0.01,0.02,0.02,20.0,99.0,0.8437515624999999,2026-09-17 17:42:08+00:00,0.7457582659513255,0.015,SPY,2026-09-18T11:09:27.324959-04:00,759.8699951171875
SPY270617P00070000,2027-06-17,put,70.0,0.02,0.03,0.02,10.0,293.0,0.851563984375,2026-09-15 18:06:05+00:00,0.7457582659513255,0.025,SPY,2026-09-18T11:09:27.324959-04:00,759.8699951171875
SPY270617P00075000,2027-06-17,put,75.0,0.02,0.03,0.03,40.0,2601.0,0.8242205078124999,2026-08-24 19:59:20+00:00,0.7457582659513255,0.025,SPY,2026-09-18T11:09:27.324959-04:00,759.8699951171875
SPY270617P00080000,2027-06-17,put,80.0,0.02,0.04,0.04,10.0,171.0,0.8125018749999999,2026-09-04 19:15:20+00:00,0.7457582659513255,0.03,SPY,2026-09-18T11:09:27.324959-04:00,759.8699951171875
SPY270617P00085000,2027-06-17,put,85.0,0.03,0.04,0.05,4.0,69.0,0.8007832421875,2026-08-24 13:30:02+00:00,0.7457582659513255,0.035,SPY,2026-09-18T11:09:27.324959-04:00,759.8699951171875
SPY270617P00090000,2027-06-17,put,90.0,0.03,0.05,0.05,5.0,212.0,0.78711150390625,2026-08-31 17:20:50+00:00,0.7457582659513255,0.04,SPY,2026-09-18T11:09:27.324959-04:00,759.8699951171875
SPY270617P00095000,2027-06-17,put,95.0,0.08,0.1,0.11,10.0,26.0,0.82226740234375,2026-05-11 13:45:19+00:00,0.7457582659513255,0.09,SPY,2026-09-18T11:09:27.324959-04:00,759.8699951171875
SPY270617P00100000,2027-06-17,put,100.0,0.05,0.06,0.07,10.0,8676.0,0.7675804492187501,2026-08-21 15:38:45+00:00,0.7457582659513255,0.055,SPY,2026-09-18T11:09:27.324959-04:00,759.8699951171875
SPY270617P00105000,2027-06-17,put,105.0,0.05,0.06,0.08,812.0,812.0,0.7500025,2026-08-12 15:50:05+00:00,0.7457582659513255,0.055,SPY,2026-09-18T11:09:27.324959-04:00,759.8699951171875
SPY270617P00110000,2027-06-17,put,110.0,0.06,0.07,0.09,10.0,726.0,0.7421900781249999,2026-08-14 14:16:42+00:00,0.7457582659513255,0.065,SPY,2026-09-18T11:09:27.324959-04:00,759.8699951171875
SPY270617P00115000,2027-06-17,put,115.0,0.07,0.08,0.1,5.0,20.0,0.73437765625,2026-08-11 19:51:25+00:00,0.7457582659513255,0.07500000000000001,SPY,2026-09-18T11:09:27.324959-04:00,759.8699951171875
SPY270617P00120000,2027-06-17,put,120.0,0.08,0.09,0.1,56.0,2964.0,0.725588681640625,2026-08-27 14:59:59+00:00,0.7457582659513255,0.08499999999999999,SPY,2026-09-18T11:09:27.324959-04:00,759.8699951171875
SPY270617P00125000,2027-06-17,put,125.0,0.08,0.1,0.1,10.0,57.0,0.7128934960937501,2026-09-10 14:37:24+00:00,0.7457582659513255,0.09,SPY,2026-09-18T11:09:27.324959-04:00,759.8699951171875
SPY270617P00130000,2027-06-17,put,130.0,0.09,0.11,0.1,10.0,2253.0,0.7041045214843751,2026-09-14 18:58:13+00:00,0.7457582659513255,0.1,SPY,2026-09-18T11:09:27.324959-04:00,759.8699951171875
SPY270617P00135000,2027-06-17,put,135.0,0.1,0.11,0.12,30.0,564.0,0.692385888671875,2026-09-15 17:26:18+00:00,0.7457582659513255,0.10500000000000001,SPY,2026-09-18T11:09:27.324959-04:00,759.8699951171875
SPY270617P00140000,2027-06-17,put,140.0,0.11,0.12,0.13,27.0,1063.0,0.6835969140625001,2026-08-31 13:53:34+00:00,0.7457582659513255,0.11499999999999999,SPY,2026-09-18T11:09:27.324959-04:00,759.8699951171875
SPY270617P00145000,2027-06-17,put,145.0,0.12,0.14,0.15,5.0,2548.0,0.6777375976562501,2026-09-01 13:30:09+00:00,0.7457582659513255,0.13,SPY,2026-09-18T11:09:27.324959-04:00,759.8699951171875
SPY270617P00150000,2027-06-17,put,150.0,0.13,0.15,0.15,910.0,4256.0,0.6679720703125002,2026-09-11 16:14:45+00:00,0.7457582659513255,0.14,SPY,2026-09-18T11:09:27.324959-04:00,759.8699951171875
SPY270617P00155000,2027-06-17,put,155.0,0.15,0.16,0.18,10.0,48.0,0.6616244775390626,2026-09-10 13:32:21+00:00,0.7457582659513255,0.155,SPY,2026-09-18T11:09:27.324959-04:00,759.8699951171875
SPY270617P00160000,2027-06-17,put,160.0,0.16,0.17,0.16,5.0,1704.0,0.6523472265625001,2026-09-17 18:25:35+00:00,0.7457582659513255,0.165,SPY,2026-09-18T11:09:27.324959-04:00,759.8699951171875
SPY270617P00165000,2027-06-17,put,165.0,0.17,0.19,0.21,1.0,265.0,0.6455113574218749,2026-09-01 15:38:04+00:00,0.7457582659513255,0.18,SPY,2026-09-18T11:09:27.324959-04:00,759.8699951171875
SPY270617P00170000,2027-06-17,put,170.0,0.19,0.2,0.28,2.0,442.0,0.6381872119140625,2026-08-06 15:49:00+00:00,0.7457582659513255,0.195,SPY,2026-09-18T11:09:27.324959-04:00,759.8699951171875
SPY270617P00175000,2027-06-17,put,175.0,0.43,0.45,0.61,8.0,29.0,0.6840851904296876,2026-04-17 19:54:11+00:00,0.7457582659513255,0.44,SPY,2026-09-18T11:09:27.324959-04:00,759.8699951171875
SPY270617P00180000,2027-06-17,put,180.0,0.22,0.23,0.31,3063.0,8689.0,0.6235389208984375,2026-08-19 16:57:38+00:00,0.7457582659513255,0.225,SPY,2026-09-18T11:09:27.324959-04:00,759.8699951171875
SPY270617P00185000,2027-06-17,put,185.0,0.24,0.25,0.27,1.0,139.0,0.6171913281250001,2026-09-09 14:13:28+00:00,0.7457582659513255,0.245,SPY,2026-09-18T11:09:27.324959-04:00,759.8699951171875
SPY270617P00190000,2027-06-17,put,190.0,0.25,0.27,0.26,2.0,217.0,0.6098671826171876,2026-09-03 15:24:59+00:00,0.7457582659513255,0.26,SPY,2026-09-18T11:09:27.324959-04:00,759.8699951171875
SPY270617P00195000,2027-06-17,put,195.0,0.27,0.28,0.32,20.0,557.0,0.6020547607421877,2026-09-16 19:24:13+00:00,0.7457582659513255,0.275,SPY,2026-09-18T11:09:27.324959-04:00,759.8699951171875
SPY270617P00200000,2027-06-17,put,200.0,0.29,0.3,0.3,120.0,3136.0,0.59570716796875,2026-09-17 14:44:37+00:00,0.7457582659513255,0.295,SPY,2026-09-18T11:09:27.324959-04:00,759.8699951171875
SPY270617P00205000,2027-06-17,put,205.0,0.31,0.32,0.34,50.0,627.0,0.5893595751953126,2026-09-11 14:09:40+00:00,0.7457582659513255,0.315,SPY,2026-09-18T11:09:27.324959-04:00,759.8699951171875
SPY270617P00210000,2027-06-17,put,210.0,0.33,0.34,0.32,4.0,751.0,0.5830119824218749,2026-09-18 13:30:01+00:00,0.7457582659513255,0.335,SPY,2026-09-18T11:09:27.324959-04:00,759.8699951171875
SPY270617P00215000,2027-06-17,put,215.0,0.35,0.37,0.45,1.0,321.0,0.577152666015625,2026-08-13 14:57:41+00:00,0.7457582659513255,0.36,SPY,2026-09-18T11:09:27.324959-04:00,759.8699951171875
SPY270617P00220000,2027-06-17,put,220.0,0.38,0.39,0.51,10.0,1474.0,0.5715374877929689,2026-08-18 19:27:08+00:00,0.7457582659513255,0.385,SPY,2026-09-18T11:09:27.324959-04:00,759.8699951171875
SPY270617P00225000,2027-06-17,put,225.0,0.4,0.41,0.52,10.0,3006.0,0.5649457568359376,2026-08-21 15:21:37+00:00,0.7457582659513255,0.405,SPY,2026-09-18T11:09:27.324959-04:00,759.8699951171875
SPY270617P00230000,2027-06-17,put,230.0,0.42,0.44,0.45,1.0,1842.0,0.5588423022460938,2026-09-14 17:06:03+00:00,0.7457582659513255,0.43,SPY,2026-09-18T11:09:27.324959-04:00,759.8699951171875
SPY270617P00235000,2027-06-17,put,235.0,0.45,0.46,0.48,10.0,750.0,0.5529829858398438,2026-09-15 17:09:08+00:00,0.7457582659513255,0.455,SPY,2026-09-18T11:09:27.324959-04:00,759.8699951171875
SPY270617P00240000,2027-06-17,put,240.0,0.48,0.49,0.5,50.0,331.0,0.5476119458007813,2026-09-11 14:09:09+00:00,0.7457582659513255,0.485,SPY,2026-09-18T11:09:27.324959-04:00,759.8699951171875
SPY270617P00245000,2027-06-17,put,245.0,0.63,0.64,0.83,1.0,389.0,0.5564009204101563,2026-07-14 15:12:47+00:00,0.7457582659513255,0.635,SPY,2026-09-18T11:09:27.324959-04:00,759.8699951171875
SPY270617P00250000,2027-06-17,put,250.0,0.53,0.54,0.54,510.0,8509.0,0.5354050366210938,2026-09-17 17:27:16+00:00,0.7457582659513255,0.535,SPY,2026-09-18T11:09:27.324959-04:00,759.8699951171875
SPY270617P00255000,2027-06-17,put,255.0,0.56,0.57,0.55,70.0,398.0,0.5297898583984376,2026-09-04 15:35:50+00:00,0.7457582659513255,0.565,SPY,2026-09-18T11:09:27.324959-04:00,759.8699951171875
SPY270617P00260000,2027-06-17,put,260.0,0.59,0.6,0.65,1.0,225.0,0.5241746801757812,2026-08-28 14:53:56+00:00,0.7457582659513255,0.595,SPY,2026-09-18T11:09:27.324959-04:00,759.8699951171875
SPY270617P00265000,2027-06-17,put,265.0,0.62,0.63,0.74,1.0,14.0,0.5185595019531251,2026-08-25 13:37:23+00:00,0.7457582659513255,0.625,SPY,2026-09-18T11:09:27.324959-04:00,759.8699951171875
SPY270617P00270000,2027-06-17,put,270.0,0.65,0.66,0.71,1.0,77.0,0.5129443237304687,2026-08-28 13:32:57+00:00,0.7457582659513255,0.655,SPY,2026-09-18T11:09:27.324959-04:00,759.8699951171875
SPY270617P00275000,2027-06-17,put,275.0,0.68,0.69,0.67,1.0,60.0,0.5073291455078125,2026-09-18 13:34:25+00:00,0.7457582659513255,0.685,SPY,2026-09-18T11:09:27.324959-04:00,759.8699951171875
SPY270617P00280000,2027-06-17,put,280.0,0.87,0.88,1.22,1.0,58.0,0.5151415673828125,2026-07-24 16:53:55+00:00,0.7457582659513255,0.875,SPY,2026-09-18T11:09:27.324959-04:00,759.8699951171875
SPY270617P00285000,2027-06-17,put,285.0,0.75,0.76,0.82,3.0,31.0,0.49707534179687507,2026-08-31 13:51:36+00:00,0.7457582659513255,0.755,SPY,2026-09-18T11:09:27.324959-04:00,759.8699951171875
SPY270617P00290000,2027-06-17,put,290.0,0.78,0.79,0.83,2.0,48.0,0.4914601635742188,2026-09-01 14:42:46+00:00,0.7457582659513255,0.785,SPY,2026-09-18T11:09:27.324959-04:00,759.8699951171875
SPY270617P00295000,2027-06-17,put,295.0,0.82,0.83,0.81,22.0,268.0,0.4864553308105469,2026-09-17 20:11:15+00:00,0.7457582659513255,0.825,SPY,2026-09-18T11:09:27.324959-04:00,759.8699951171875
SPY270617P00300000,2027-06-17,put,300.0,0.85,0.87,0.85,1.0,4769.0,0.481450498046875,2026-09-18 13:33:56+00:00,0.7457582659513255,0.86,SPY,2026-09-18T11:09:27.324959-04:00,759.8699951171875
SPY270617P00305000,2027-06-17,put,305.0,0.89,0.9,0.89,2.0,84.0,0.47559118164062497,2026-09-08 14:25:04+00:00,0.7457582659513255,0.895,SPY,2026-09-18T11:09:27.324959-04:00,759.8699951171875
SPY270617P00310000,2027-06-17,put,310.0,0.93,0.94,1.01,1.0,38.0,0.47058634887695316,2026-09-01 19:22:15+00:00,0.7457582659513255,0.935,SPY,2026-09-18T11:09:27.324959-04:00,759.8699951171875
SPY270617P00315000,2027-06-17,put,315.0,0.97,0.99,1.05,1.0,25.0,0.4660697924804688,2026-09-16 18:53:24+00:00,0.7457582659513255,0.98,SPY,2026-09-18T11:09:27.324959-04:00,759.8699951171875
SPY270617P00320000,2027-06-17,put,320.0,1.01,1.03,1.0,2.0,271.0,0.46094289062500005,2026-09-17 13:49:36+00:00,0.7457582659513255,1.02,SPY,2026-09-18T11:09:27.324959-04:00,759.8699951171875
SPY270617P00325000,2027-06-17,put,325.0,1.05,1.06,1.06,75.0,301.0,0.45508357421875,2026-09-17 14:14:22+00:00,0.7457582659513255,1.0550000000000002,SPY,2026-09-18T11:09:27.324959-04:00,759.8699951171875
SPY270617P00330000,2027-06-17,put,330.0,1.09,1.11,1.2,17.0,188.0,0.4505670178222656,2026-09-16 18:59:55+00:00,0.7457582659513255,1.1,SPY,2026-09-18T11:09:27.324959-04:00,759.8699951171875
SPY270617P00335000,2027-06-17,put,335.0,1.14,1.16,1.17,6.0,79.0,0.4459283923339844,2026-09-11 19:44:44+00:00,0.7457582659513255,1.15,SPY,2026-09-18T11:09:27.324959-04:00,759.8699951171875
SPY270617P00340000,2027-06-17,put,340.0,1.18,1.2,1.18,10.0,2905.0,0.44067942138671873,2026-09-03 19:53:30+00:00,0.7457582659513255,1.19,SPY,2026-09-18T11:09:27.324959-04:00,759.8699951171875
SPY270617P00345000,2027-06-17,put,345.0,1.23,1.25,1.25,1.0,39.0,0.4359187268066406,2026-09-17 15:08:49+00:00,0.7457582659513255,1.24,SPY,2026-09-18T11:09:27.324959-04:00,759.8699951171875
SPY270617P00350000,2027-06-17,put,350.0,1.28,1.3,1.42,92.0,584.0,0.43115803222656257,2026-09-16 19:10:09+00:00,0.7457582659513255,1.29,SPY,2026-09-18T11:09:27.324959-04:00,759.8699951171875
SPY270617P00355000,2027-06-17,put,355.0,1.33,1.35,1.43,6.0,365.0,0.42639733764648446,2026-09-16 18:52:09+00:00,0.7457582659513255,1.34,SPY,2026-09-18T11:09:27.324959-04:00,759.8699951171875
SPY270617P00360000,2027-06-17,put,360.0,1.39,1.4,1.41,1.0,173.0,0.42163664306640625,2026-09-17 15:07:57+00:00,0.7457582659513255,1.395,SPY,2026-09-18T11:09:27.324959-04:00,759.8699951171875
SPY270617P00365000,2027-06-17,put,365.0,1.44,1.46,1.61,325.0,146.0,0.4172421557617187,2026-09-16 19:11:46+00:00,0.7457582659513255,1.45,SPY,2026-09-18T11:09:27.324959-04:00,759.8699951171875
SPY270617P00370000,2027-06-17,put,370.0,1.5,1.52,1.7,2.0,177.0,0.4127866339111328,2026-08-26 18:59:36+00:00,0.7457582659513255,1.51,SPY,2026-09-18T11:09:27.324959-04:00,759.8699951171875
SPY270617P00375000,2027-06-17,put,375.0,1.55,1.57,1.66,2.0,213.0,0.4079038702392578,2026-09-15 15:59:50+00:00,0.7457582659513255,1.56,SPY,2026-09-18T11:09:27.324959-04:00,759.8699951171875
SPY270617P00380000,2027-06-17,put,380.0,1.61,1.63,1.75,1.0,225.0,0.4033873138427735,2026-09-01 13:35:47+00:00,0.7457582659513255,1.62,SPY,2026-09-18T11:09:27.324959-04:00,759.8699951171875
SPY270617P00385000,2027-06-17,put,385.0,1.67,1.69,1.74,1.0,238.0,0.39880972290039063,2026-09-16 15:03:37+00:00,0.7457582659513255,1.68,SPY,2026-09-18T11:09:27.324959-04:00,759.8699951171875
SPY270617P00390000,2027-06-17,put,390.0,1.73,1.75,1.71,1.0,468.0,0.3942931665039063,2026-09-08 15:02:42+00:00,0.7457582659513255,1.74,SPY,2026-09-18T11:09:27.324959-04:00,759.8699951171875
SPY270617P00395000,2027-06-17,put,395.0,1.8,1.81,1.82,1.0,118.0,0.389654541015625,2026-09-17 15:09:01+00:00,0.7457582659513255,1.8050000000000002,SPY,2026-09-18T11:09:27.324959-04:00,759.8699951171875
SPY270617P00400000,2027-06-17,put,400.0,1.87,1.88,1.95,69.0,4360.0,0.3853821228027343,2026-09-16 17:13:46+00:00,0.7457582659513255,1.875,SPY,2026-09-18T11:09:27.324959-04:00,759.8699951171875
SPY270617P00405000,2027-06-17,put,405.0,1.94,1.95,2.0,1.0,66.0,0.38104867004394527,2026-09-14 17:06:03+00:00,0.7457582659513255,1.9449999999999998,SPY,2026-09-18T11:09:27.324959-04:00,759.8699951171875
SPY270617P00410000,2027-06-17,put,410.0,2.01,2.02,2.13,1.0,442.0,0.3767152172851562,2026-09-15 19:52:20+00:00,0.7457582659513255,2.0149999999999997,SPY,2026-09-18T11:09:27.324959-04:00,759.8699951171875
SPY270617P00415000,2027-06-17,put,415.0,2.08,2.09,2.16,28.0,544.0,0.3723207299804688,2026-09-11 15:04:56+00:00,0.7457582659513255,2.085,SPY,2026-09-18T11:09:27.324959-04:00,759.8699951171875
SPY270617P00420000,2027-06-17,put,420.0,2.16,2.17,2.25,39.0,363.0,0.36817038085937503,2026-09-09 19:54:13+00:00,0.7457582659513255,2.165,SPY,2026-09-18T11:09:27.324959-04:00,759.8699951171875
SPY270617P00425000,2027-06-17,put,425.0,2.23,2.25,2.21,1.0,1043.0,0.3639589971923829,2026-09-17 13:32:33+00:00,0.7457582659513255,2.24,SPY,2026-09-18T11:09:27.324959-04:00,759.8699951171875
SPY270617P00430000,2027-06-17,put,430.0,2.31,2.32,2.45,1.0,606.0,0.3594729580688476,2026-09-15 17:20:59+00:00,0.7457582659513255,2.315,SPY,2026-09-18T11:09:27.324959-04:00,759.8699951171875
SPY270617P00435000,2027-06-17,put,435.0,2.41,2.42,2.42,70.0,245.0,0.35574985076904286,2026-09-17 14:59:05+00:00,0.7457582659513255,2.415,SPY,2026-09-18T11:09:27.324959-04:00,759.8699951171875
SPY270617P00440000,2027-06-17,put,440.0,2.48,2.49,2.57,11.0,874.0,0.35120277709960934,2026-09-14 19:47:25+00:00,0.7457582659513255,2.4850000000000003,SPY,2026-09-18T11:09:27.324959-04:00,759.8699951171875
SPY270617P00445000,2027-06-17,put,445.0,2.57,2.59,2.81,61.0,1421.0,0.3473576007080078,2026-09-16 20:06:11+00:00,0.7457582659513255,2.58,SPY,2026-09-18T11:09:27.324959-04:00,759.8699951171875
SPY270617P00450000,2027-06-17,put,450.0,2.66,2.68,2.87,1.0,4906.0,0.343207251586914,2026-09-15 15:02:14+00:00,0.7457582659513255,2.67,SPY,2026-09-18T11:09:27.324959-04:00,759.8699951171875
SPY270617P00455000,2027-06-17,put,455.0,2.76,2.77,2.75,5.0,422.0,0.3390263851928711,2026-09-17 19:35:46+00:00,0.7457582659513255,2.7649999999999997,SPY,2026-09-18T11:09:27.324959-04:00,759.8699951171875
SPY270617P00460000,2027-06-17,put,460.0,2.86,2.88,2.87,18.0,411.0,0.3352727606201171,2026-09-17 16:13:11+00:00,0.7457582659513255,2.87,SPY,2026-09-18T11:09:27.324959-04:00,759.8699951171875
SPY270617P00465000,2027-06-17,put,465.0,2.96,2.98,3.35,3.0,955.0,0.3311834460449219,2026-09-16 19:20:32+00:00,0.7457582659513255,2.9699999999999998,SPY,2026-09-18T11:09:27.324959-04:00,759.8699951171875
SPY270617P00470000,2027-06-17,put,470.0,3.05,3.08,3.07,19.0,758.0,0.32709413146972655,2026-09-17 17:00:22+00:00,0.7457582659513255,3.065,SPY,2026-09-18T11:09:27.324959-04:00,759.8699951171875
SPY270617P00475000,2027-06-17,put,475.0,3.16,3.18,3.51,4.0,2341.0,0.322974299621582,2026-09-10 18:49:55+00:00,0.7457582659513255,3.17,SPY,2026-09-18T11:09:27.324959-04:00,759.8699951171875
SPY270617P00480000,2027-06-17,put,480.0,3.29,3.31,3.27,100.0,368.0,0.31937326141357414,2026-09-18 13:30:01+00:00,0.7457582659513255,3.3,SPY,2026-09-18T11:09:27.324959-04:00,759.8699951171875
SPY270617P00485000,2027-06-17,put,485.0,3.4,3.42,3.56,25.0,485.0,0.31534498138427725,2026-09-16 13:41:06+00:00,0.7457582659513255,3.41,SPY,2026-09-18T11:09:27.324959-04:00,759.8699951171875
SPY270617P00490000,2027-06-17,put,490.0,3.52,3.55,3.92,15.0,774.0,0.3116218740844726,2026-09-16 19:34:54+00:00,0.7457582659513255,3.535,SPY,2026-09-18T11:09:27.324959-04:00,759.8699951171875
SPY270617P00495000,2027-06-17,put,495.0,3.65,3.67,3.62,1.0,900.0,0.3076546286010742,2026-09-03 13:30:01+00:00,0.7457582659513255,3.66,SPY,2026-09-18T11:09:27.324959-04:00,759.8699951171875
SPY270617P00500000,2027-06-17,put,500.0,3.78,3.8,3.8,78.0,8741.0,0.30380945220947264,2026-09-17 16:03:42+00:00,0.7457582659513255,3.79,SPY,2026-09-18T11:09:27.324959-04:00,759.8699951171875
SPY270617P00505000,2027-06-17,put,505.0,3.92,3.94,4.02,3.0,1704.0,0.30005582763671873,2026-09-11 18:26:35+00:00,0.7457582659513255,3.9299999999999997,SPY,2026-09-18T11:09:27.324959-04:00,759.8699951171875
SPY270617P00510000,2027-06-17,put,510.0,4.06,4.09,4.07,82.0,613.0,0.2964242721557617,2026-09-17 16:04:40+00:00,0.7457582659513255,4.074999999999999,SPY,2026-09-18T11:09:27.324959-04:00,759.8699951171875
SPY270617P00515000,2027-06-17,put,515.0,4.21,4.24,4.79,1.0,1241.0,0.292701164855957,2026-09-16 19:30:08+00:00,0.7457582659513255,4.225,SPY,2026-09-18T11:09:27.324959-04:00,759.8699951171875
SPY270617P00520000,2027-06-17,put,520.0,4.36,4.39,4.34,8.0,2057.0,0.288947540283203,2026-09-17 19:26:40+00:00,0.7457582659513255,4.375,SPY,2026-09-18T11:09:27.324959-04:00,759.8699951171875
SPY270617P00525000,2027-06-17,put,525.0,4.54,4.56,4.62,2.0,1551.0,0.2853770193481445,2026-09-17 15:09:39+00:00,0.7457582659513255,4.55,SPY,2026-09-18T11:09:27.324959-04:00,759.8699951171875
SPY270617P00530000,2027-06-17,put,530.0,4.71,4.74,4.67,1.0,2162.0,0.2818980502319336,2026-09-18 13:44:38+00:00,0.7457582659513255,4.725,SPY,2026-09-18T11:09:27.324959-04:00,759.8699951171875
SPY270617P00535000,2027-06-17,put,535.0,4.89,4.91,4.85,31.0,2830.0,0.27817494293212885,2026-09-17 19:35:47+00:00,0.7457582659513255,4.9,SPY,2026-09-18T11:09:27.324959-04:00,759.8699951171875
SPY270617P00540000,2027-06-17,put,540.0,5.07,5.1,5.08,10.0,2963.0,0.27466545654296876,2026-09-18 13:58:32+00:00,0.7457582659513255,5.085,SPY,2026-09-18T11:09:27.324959-04:00,759.8699951171875
SPY270617P00545000,2027-06-17,put,545.0,5.26,5.29,5.53,1.0,4144.0,0.271064418334961,2026-09-15 13:30:00+00:00,0.7457582659513255,5.275,SPY,2026-09-18T11:09:27.324959-04:00,759.8699951171875
SPY270617P00550000,2027-06-17,put,550.0,5.47,5.5,5.46,202.0,4184.0,0.2676464837646484,2026-09-17 18:36:22+00:00,0.7457582659513255,5.484999999999999,SPY,2026-09-18T11:09:27.324959-04:00,759.8699951171875
SPY270617P00555000,2027-06-17,put,555.0,5.68,5.72,5.76,194.0,1903.0,0.2642285491943359,2026-09-17 15:12:37+00:00,0.7457582659513255,5.699999999999999,SPY,2026-09-18T11:09:27.324959-04:00,759.8699951171875
SPY270617P00560000,2027-06-17,put,560.0,5.9,5.94,5.91,200.0,2178.0,0.260749580078125,2026-09-17 16:23:43+00:00,0.7457582659513255,5.92,SPY,2026-09-18T11:09:27.324959-04:00,759.8699951171875
SPY270617P00565000,2027-06-17,put,565.0,6.14,6.17,6.45,573.0,3703.0,0.25727061096191406,2026-09-16 17:47:05+00:00,0.7457582659513255,6.154999999999999,SPY,2026-09-18T11:09:27.324959-04:00,759.8699951171875
SPY270617P00570000,2027-06-17,put,570.0,6.38,6.42,6.35,241.0,2715.0,0.25391371093750004,2026-09-17 18:27:09+00:00,0.7457582659513255,6.4,SPY,2026-09-18T11:09:27.324959-04:00,759.8699951171875
SPY270617P00575000,2027-06-17,put,575.0,6.64,6.67,6.66,10.0,3320.0,0.2504652590942382,2026-09-17 15:45:31+00:00,0.7457582659513255,6.654999999999999,SPY,2026-09-18T11:09:27.324959-04:00,759.8699951171875
SPY270617P00580000,2027-06-17,put,580.0,6.91,6.95,6.86,186.0,2736.0,0.2472304281616211,2026-09-18 13:45:12+00:00,0.7457582659513255,6.93,SPY,2026-09-18T11:09:27.324959-04:00,759.8699951171875
SPY270617P00585000,2027-06-17,put,585.0,7.18,7.21,7.45,23.0,2499.0,0.24369042449951173,2026-09-14 18:24:30+00:00,0.7457582659513255,7.195,SPY,2026-09-18T11:09:27.324959-04:00,759.8699951171875
SPY270617P00590000,2027-06-17,put,590.0,7.47,7.51,8.28,10.0,2303.0,0.24042507629394527,2026-09-16 19:50:41+00:00,0.7457582659513255,7.49,SPY,2026-09-18T11:09:27.324959-04:00,759.8699951171875
SPY270617P00595000,2027-06-17,put,595.0,7.79,7.83,8.27,4.0,1899.0,0.23722076263427733,2026-09-16 18:47:20+00:00,0.7457582659513255,7.8100000000000005,SPY,2026-09-18T11:09:27.324959-04:00,759.8699951171875
SPY270617P00600000,2027-06-17,put,600.0,8.12,8.15,7.97,10.0,7203.0,0.2339096385192871,2026-09-18 13:32:20+00:00,0.7457582659513255,8.135,SPY,2026-09-18T11:09:27.324959-04:00,759.8699951171875
SPY270617P00605000,2027-06-17,put,605.0,8.45,8.49,9.53,21.0,2109.0,0.2306442903137207,2026-09-16 19:34:54+00:00,0.7457582659513255,8.469999999999999,SPY,2026-09-18T11:09:27.324959-04:00,759.8699951171875
SPY270617P00610000,2027-06-17,put,610.0,8.82,8.85,8.9,1.0,2339.0,0.2274247180175781,2026-09-18 14:25:13+00:00,0.7457582659513255,8.835,SPY,2026-09-18T11:09:27.324959-04:00,759.8699951171875
SPY270617P00615000,2027-06-17,put,615.0,9.19,9.22,9.17,2.0,2510.0,0.2241746284484863,2026-09-17 14:24:33+00:00,0.7457582659513255,9.205,SPY,2026-09-18T11:09:27.324959-04:00,759.8699951171875
SPY270617P00620000,2027-06-17,put,620.0,9.59,9.63,9.51,1.0,3042.0,0.2210771252441406,2026-09-18 13:47:42+00:00,0.7457582659513255,9.61,SPY,2026-09-18T11:09:27.324959-04:00,759.8699951171875
SPY270617P00625000,2027-06-17,put,625.0,10.01,10.05,9.89,13.0,3511.0,0.2179338461303711,2026-09-17 19:13:57+00:00,0.7457582659513255,10.030000000000001,SPY,2026-09-18T11:09:27.324959-04:00,759.8699951171875
SPY270617P00630000,2027-06-17,put,630.0,10.43,10.47,10.47,2.0,2649.0,0.21465323928833008,2026-09-18 14:01:17+00:00,0.7457582659513255,10.45,SPY,2026-09-18T11:09:27.324959-04:00,759.8699951171875
SPY270617P00635000,2027-06-17,put,635.0,10.89,10.94,10.91,50.0,2834.0,0.21158625335693354,2026-09-17 17:32:09+00:00,0.7457582659513255,10.915,SPY,2026-09-18T11:09:27.324959-04:00,759.8699951171875
SPY270617P00640000,2027-06-17,put,640.0,11.36,11.4,11.16,1.0,1212.0,0.20830564651489253,2026-09-18 13:32:49+00:00,0.7457582659513255,11.379999999999999,SPY,2026-09-18T11:09:27.324959-04:00,759.8699951171875
SPY270617P00645000,2027-06-17,put,645.0,11.87,11.91,11.94,12.0,2477.0,0.20520814331054685,2026-09-18 13:57:54+00:00,0.7457582659513255,11.89,SPY,2026-09-18T11:09:27.324959-04:00,759.8699951171875
SPY270617P00650000,2027-06-17,put,650.0,12.41,12.45,12.35,1.0,3197.0,0.2021411573791504,2026-09-18 13:48:21+00:00,0.7457582659513255,12.43,SPY,2026-09-18T11:09:27.324959-04:00,759.8699951171875
SPY270617P00655000,2027-06-17,put,655.0,12.95,13.0,12.89,6.0,1810.0,0.19896736099243162,2026-09-17 18:39:38+00:00,0.7457582659513255,12.975,SPY,2026-09-18T11:09:27.324959-04:00,759.8699951171875
SPY270617P00660000,2027-06-17,put,660.0,13.55,13.6,13.43,3.0,4081.0,0.1959308923339844,2026-09-18 13:46:56+00:00,0.7457582659513255,13.575,SPY,2026-09-18T11:09:27.324959-04:00,759.8699951171875
SPY270617P00665000,2027-06-17,put,665.0,14.15,14.2,14.01,6.0,2935.0,0.19273420799255372,2026-09-17 19:30:57+00:00,0.7457582659513255,14.175,SPY,2026-09-18T11:09:27.324959-04:00,759.8699951171875
SPY270617P00670000,2027-06-17,put,670.0,14.82,14.88,14.75,1.0,4449.0,0.18979692047119145,2026-09-17 19:26:56+00:00,0.7457582659513255,14.850000000000001,SPY,2026-09-18T11:09:27.324959-04:00,759.8699951171875
SPY270617P00675000,2027-06-17,put,675.0,15.51,15.56,15.22,1.0,3529.0,0.18668415863037108,2026-09-18 13:32:49+00:00,0.7457582659513255,15.535,SPY,2026-09-18T11:09:27.324959-04:00,759.8699951171875
SPY270617P00680000,2027-06-17,put,680.0,16.21,16.27,16.37,62.0,7346.0,0.18354087951660153,2026-09-18 14:25:13+00:00,0.7457582659513255,16.240000000000002,SPY,2026-09-18T11:09:27.324959-04:00,759.8699951171875
SPY270617P00685000,2027-06-17,put,685.0,16.97,17.03,16.77,38.0,16306.0,0.1804586349487305,2026-09-17 19:35:46+00:00,0.7457582659513255,17.0,SPY,2026-09-18T11:09:27.324959-04:00,759.8699951171875
SPY270617P00690000,2027-06-17,put,690.0,17.77,17.82,17.67,6.0,2762.0,0.17732298515319825,2026-09-17 18:56:42+00:00,0.7457582659513255,17.795,SPY,2026-09-18T11:09:27.324959-04:00,759.8699951171875
SPY270617P00695000,2027-06-17,put,695.0,18.6,18.66,21.39,2.0,2092.0,0.17422548194885254,2026-09-16 19:19:57+00:00,0.7457582659513255,18.630000000000003,SPY,2026-09-18T11:09:27.324959-04:00,759.8699951171875
SPY270617P00700000,2027-06-17,put,700.0,19.48,19.54,19.27,4.0,9137.0,0.1711050907897949,2026-09-18 13:47:03+00:00,0.7457582659513255,19.509999999999998,SPY,2026-09-18T11:09:27.324959-04:00,759.8699951171875
SPY270617P00705000,2027-06-17,put,705.0,20.39,20.46,20.33,213.0,2698.0,0.1679389237213135,2026-09-17 15:43:09+00:00,0.7457582659513255,20.425,SPY,2026-09-18T11:09:27.324959-04:00,759.8699951171875
SPY270617P00710000,2027-06-17,put,710.0,21.32,21.43,21.12,5.0,14322.0,0.16476512733459472,2026-09-17 19:35:40+00:00,0.7457582659513255,21.375,SPY,2026-09-18T11:09:27.324959-04:00,759.8699951171875
SPY270617P00715000,2027-06-17,put,715.0,22.35,22.48,22.55,2.0,2230.0,0.16170577072143555,2026-09-17 15:30:09+00:00,0.7457582659513255,22.415,SPY,2026-09-18T11:09:27.324959-04:00,759.8699951171875
SPY270617P00720000,2027-06-17,put,720.0,23.39,23.51,23.25,5.0,3558.0,0.1583030947875977,2026-09-17 20:03:59+00:00,0.7457582659513255,23.450000000000003,SPY,2026-09-18T11:09:27.324959-04:00,759.8699951171875
SPY270617P00725000,2027-06-17,put,725.0,24.56,24.67,24.28,19.0,1325.0,0.15518270362854006,2026-09-17 19:35:46+00:00,0.7457582659513255,24.615000000000002,SPY,2026-09-18T11:09:27.324959-04:00,759.8699951171875
SPY270617P00730000,2027-06-17,put,730.0,25.75,25.89,25.54,5.0,4321.0,0.1520394245147705,2026-09-17 20:03:59+00:00,0.7457582659513255,25.82,SPY,2026-09-18T11:09:27.324959-04:00,759.8699951171875
SPY270617P00735000,2027-06-17,put,735.0,27.01,27.13,26.65,7.0,2263.0,0.14867489517211913,2026-09-17 19:32:45+00:00,0.7457582659513255,27.07,SPY,2026-09-18T11:09:27.324959-04:00,759.8699951171875
SPY270617P00740000,2027-06-17,put,740.0,28.34,28.46,27.96,8.0,3022.0,0.1453714003753662,2026-09-17 19:32:39+00:00,0.7457582659513255,28.4,SPY,2026-09-18T11:09:27.324959-04:00,759.8699951171875
SPY270617P00745000,2027-06-17,put,745.0,29.74,29.85,29.34,6.0,1794.0,0.1419763537597656,2026-09-17 19:32:50+00:00,0.7457582659513255,29.795,SPY,2026-09-18T11:09:27.324959-04:00,759.8699951171875
SPY270617P00750000,2027-06-17,put,750.0,31.18,31.32,31.55,8.0,7742.0,0.13855841918945314,2026-09-18 14:48:38+00:00,0.7457582659513255,31.25,SPY,2026-09-18T11:09:27.324959-04:00,759.8699951171875
SPY270617P00755000,2027-06-17,put,755.0,32.81,32.96,32.5,3.0,2022.0,0.13542276939392092,2026-09-17 20:04:30+00:00,0.7457582659513255,32.885000000000005,SPY,2026-09-18T11:09:27.324959-04:00,759.8699951171875
SPY270617P00760000,2027-06-17,put,760.0,34.5,34.62,34.68,2.0,4555.0,0.1319743175506592,2026-09-18 14:12:27+00:00,0.7457582659513255,34.56,SPY,2026-09-18T11:09:27.324959-04:00,759.8699951171875
SPY270617P00765000,2027-06-17,put,765.0,36.21,36.34,36.23,135.0,2208.0,0.1283427620697021,2026-09-18 13:51:20+00:00,0.7457582659513255,36.275000000000006,SPY,2026-09-18T11:09:27.324959-04:00,759.8699951171875
SPY270617P00770000,2027-06-17,put,770.0,38.07,38.21,38.6,2.0,2263.0,0.12483327568054198,2026-09-18 14:03:33+00:00,0.7457582659513255,38.14,SPY,2026-09-18T11:09:27.324959-04:00,759.8699951171875
SPY270617P00775000,2027-06-17,put,775.0,40.06,40.22,39.81,6.0,1864.0,0.12138482383728028,2026-09-17 16:31:57+00:00,0.7457582659513255,40.14,SPY,2026-09-18T11:09:27.324959-04:00,759.8699951171875
SPY270617P00780000,2027-06-17,put,780.0,42.14,42.29,42.09,9.0,2012.0,0.11763882858276367,2026-09-18 13:53:37+00:00,0.7457582659513255,42.215,SPY,2026-09-18T11:09:27.324959-04:00,759.8699951171875
SPY270617P00785000,2027-06-17,put,785.0,44.41,44.59,43.79,9.0,1135.0,0.11422089401245117,2026-09-17 19:22:09+00:00,0.7457582659513255,44.5,SPY,2026-09-18T11:09:27.324959-04:00,759.8699951171875
SPY270617P00790000,2027-06-17,put,790.0,46.79,46.98,47.62,2.0,1075.0,0.1105511919403076,2026-09-16 15:14:50+00:00,0.7457582659513255,46.885,SPY,2026-09-18T11:09:27.324959-04:00,759.8699951171875
SPY270617P00795000,2027-06-17,put,795.0,49.29,49.43,49.53,36.0,1206.0,0.10643136009216309,2026-09-18 13:57:49+00:00,0.7457582659513255,49.36,SPY,2026-09-18T11:09:27.324959-04:00,759.8699951171875
SPY270617P00800000,2027-06-17,put,800.0,52.01,52.19,51.16,33.0,6814.0,0.10285320983886719,2026-09-17 20:03:59+00:00,0.7457582659513255,52.099999999999994,SPY,2026-09-18T11:09:27.324959-04:00,759.8699951171875
SPY270617P00805000,2027-06-17,put,805.0,54.81,55.02,54.25,42.0,2387.0,0.09873337799072265,2026-09-17 17:53:31+00:00,0.7457582659513255,54.915000000000006,SPY,2026-09-18T11:09:27.324959-04:00,759.8699951171875
SPY270617P00810000,2027-06-17,put,810.0,56.14,58.39,57.24,1.0,655.0,0.09626147888183595,2026-09-17 20:03:59+00:00,0.7457582659513255,57.265,SPY,2026-09-18T11:09:27.324959-04:00,759.8699951171875
SPY270617P00815000,2027-06-17,put,815.0,61.15,61.59,65.0,1.0,1795.0,0.09197380203247071,2026-09-10 13:50:49+00:00,0.7457582659513255,61.370000000000005,SPY,2026-09-18T11:09:27.324959-04:00,759.8699951171875
SPY270617P00820000,2027-06-17,put,820.0,64.59,66.4,64.35,2.0,1835.0,0.09571216796875001,2026-09-17 18:03:48+00:00,0.7457582659513255,65.495,SPY,2026-09-18T11:09:27.324959-04:00,759.8699951171875
SPY270617P00825000,2027-06-17,put,825.0,66.63,70.09,66.64,8.0,209.0,0.09258414749145508,2026-09-11 13:53:42+00:00,0.7457582659513255,68.36,SPY,2026-09-18T11:09:27.324959-04:00,759.8699951171875
SPY270617P00830000,2027-06-17,put,830.0,70.49,73.98,72.44,49.0,560.0,0.08960871337890625,2026-09-18 14:39:11+00:00,0.7457582659513255,72.235,SPY,2026-09-18T11:09:27.324959-04:00,759.8699951171875
SPY270617P00835000,2027-06-17,put,835.0,74.98,76.73,76.08,67.0,3205.0,0.07476206008911135,2026-09-18 14:12:06+00:00,0.7457582659513255,75.855,SPY,2026-09-18T11:09:27.324959-04:00,759.8699951171875
SPY270617P00840000,2027-06-17,put,840.0,78.97,82.56,80.69,3.0,3271.0,0.08643491699218751,2026-09-18 14:12:06+00:00,0.7457582659513255,80.765,SPY,2026-09-18T11:09:27.324959-04:00,759.8699951171875
SPY270617P00845000,2027-06-17,put,845.0,83.7,87.54,85.27,2.0,2721.0,0.08997492065429688,2026-09-18 14:12:06+00:00,0.7457582659513255,85.62,SPY,2026-09-18T11:09:27.324959-04:00,759.8699951171875
SPY270617P00850000,2027-06-17,put,850.0,88.58,91.8,90.13,22.0,2093.0,0.08606870971679689,2026-09-18 14:53:49+00:00,0.7457582659513255,90.19,SPY,2026-09-18T11:09:27.324959-04:00,759.8699951171875
SPY270617P00855000,2027-06-17,put,855.0,93.56,96.88,95.07,2.0,922.0,0.09040216247558594,2026-09-18 14:12:06+00:00,0.7457582659513255,95.22,SPY,2026-09-18T11:09:27.324959-04:00,759.8699951171875
SPY270617P00860000,2027-06-17,put,860.0,98.69,102.21,100.05,2.0,176.0,0.09742113525390625,2026-09-18 14:12:06+00:00,0.7457582659513255,100.44999999999999,SPY,2026-09-18T11:09:27.324959-04:00,759.8699951171875
SPY270617P00865000,2027-06-17,put,865.0,103.48,106.88,104.56,10.0,46.0,0.0971464797973633,2026-09-14 18:31:52+00:00,0.7457582659513255,105.18,SPY,2026-09-18T11:09:27.324959-04:00,759.8699951171875
SPY270617P00870000,2027-06-17,put,870.0,108.47,111.94,97.89,4.0,1.0,0.10117475982666015,2026-08-17 19:59:00+00:00,0.7457582659513255,110.205,SPY,2026-09-18T11:09:27.324959-04:00,759.8699951171875
SPY270617P00880000,2027-06-17,put,880.0,118.35,122.22,120.98,1.0,1.0,0.11100132171630858,2026-09-14 14:17:18+00:00,0.7457582659513255,120.285,SPY,2026-09-18T11:09:27.324959-04:00,759.8699951171875
SPY270617P00885000,2027-06-17,put,885.0,123.4,127.22,112.24,2.0,0.0,0.11426666992187501,2026-08-17 20:04:32+00:00,0.7457582659513255,125.31,SPY,2026-09-18T11:09:27.324959-04:00,759.8699951171875
SPY270617P00900000,2027-06-17,put,900.0,138.0,142.47,130.98,1.0,0.0,0.12680926910400392,2026-08-06 20:05:39+00:00,0.7457582659513255,140.235,SPY,2026-09-18T11:09:27.324959-04:00,759.8699951171875
SPY270617P00920000,2027-06-17,put,920.0,149.25,152.85,148.34,0.0,0.0,1.0000000000000003e-05,2026-08-05 18:57:25+00:00,0.7457582659513255,151.05,SPY,2026-09-18T11:09:27.324959-04:00,759.8699951171875
SPY270617P00930000,2027-06-17,put,930.0,0.0,0.0,183.17,50.0,0.0,1.0000000000000003e-05,2026-05-22 19:00:59+00:00,0.7457582659513255,0.0,SPY,2026-09-18T11:09:27.324959-04:00,759.8699951171875
SPY270617P00945000,2027-06-17,put,945.0,183.11,187.71,171.97,0.0,0.0,0.15717395568847659,2026-08-12 18:22:27+00:00,0.7457582659513255,185.41000000000003,SPY,2026-09-18T11:09:27.324959-04:00,759.8699951171875
SPY270617P00950000,2027-06-17,put,950.0,195.72,199.61,207.31,0.0,0.0,0.22002427932739255,2026-05-11 15:55:35+00:00,0.7457582659513255,197.66500000000002,SPY,2026-09-18T11:09:27.324959-04:00,759.8699951171875
SPY270617P01000000,2027-06-17,put,1000.0,0.0,0.0,262.45,0.0,0.0,1.0000000000000003e-05,2026-05-18 18:11:11+00:00,0.7457582659513255,0.0,SPY,2026-09-18T11:09:27.324959-04:00,759.8699951171875
SPY270617P01010000,2027-06-17,put,1010.0,239.07,242.71,238.73,0.0,0.0,1.0000000000000003e-05,2026-08-05 18:57:25+00:00,0.7457582659513255,240.89,SPY,2026-09-18T11:09:27.324959-04:00,759.8699951171875
SPY270617P01040000,2027-06-17,put,1040.0,269.03,272.76,268.39,0.0,0.0,1.0000000000000003e-05,2026-08-05 18:57:25+00:00,0.7457582659513255,270.895,SPY,2026-09-18T11:09:27.324959-04:00,759.8699951171875
SPY270617P01270000,2027-06-17,put,1270.0,0.0,0.0,516.5,0.0,0.0,1.0000000000000003e-05,2026-05-28 15:13:58+00:00,0.7457582659513255,0.0,SPY,2026-09-18T11:09:27.324959-04:00,759.8699951171875
SPY270617P01330000,2027-06-17,put,1330.0,0.0,0.0,672.5,1.0,0.0,1.0000000000000003e-05,2026-03-23 19:56:18+00:00,0.7457582659513255,0.0,SPY,2026-09-18T11:09:27.324959-04:00,759.8699951171875
SPY270617P01340000,2027-06-17,put,1340.0,0.0,0.0,682.53,1.0,0.0,1.0000000000000003e-05,2026-03-23 19:56:18+00:00,0.7457582659513255,0.0,SPY,2026-09-18T11:09:27.324959-04:00,759.8699951171875
SPY271217C00050000,2027-12-17,call,50.0,707.67,712.46,711.17,1.0,0.0,0.9023447265625,2026-09-17 19:25:29+00:00,1.247128128965024,710.065,SPY,2026-09-18T11:09:27.324959-04:00,759.8699951171875
SPY271217C00055000,2027-12-17,call,55.0,623.0,627.74,624.76,2.0,0.0,1.0000000000000003e-05,2025-12-16 20:48:43+00:00,1.247128128965024,625.37,SPY,2026-09-18T11:09:27.324959-04:00,759.8699951171875
SPY271217C00085000,2027-12-17,call,85.0,668.0,672.5,671.24,1.0,0.0,1.0000000000000003e-05,2026-06-15 17:16:54+00:00,1.247128128965024,670.25,SPY,2026-09-18T11:09:27.324959-04:00,759.8699951171875
SPY271217C00095000,2027-12-17,call,95.0,0.0,0.0,562.9,0.0,0.0,1.0000000000000003e-05,2026-04-06 15:59:46+00:00,1.247128128965024,0.0,SPY,2026-09-18T11:09:27.324959-04:00,759.8699951171875
SPY271217C00100000,2027-12-17,call,100.0,661.52,666.5,652.24,1.0,3.0,1.0174609674072266,2026-07-02 14:32:11+00:00,1.247128128965024,664.01,SPY,2026-09-18T11:09:27.324959-04:00,759.8699951171875
SPY271217C00125000,2027-12-17,call,125.0,0.0,0.0,556.3,1.0,0.0,1.0000000000000003e-05,2026-02-13 16:02:46+00:00,1.247128128965024,0.0,SPY,2026-09-18T11:09:27.324959-04:00,759.8699951171875
SPY271217C00200000,2027-12-17,call,200.0,562.5,567.4,569.83,2.0,295.0,0.6964752032470705,2026-08-21 17:25:08+00:00,1.247128128965024,564.95,SPY,2026-09-18T11:09:27.324959-04:00,759.8699951171875
SPY271217C00205000,2027-12-17,call,205.0,485.0,489.43,483.0,2.0,8.0,1.0000000000000003e-05,2026-01-20 15:31:42+00:00,1.247128128965024,487.21500000000003,SPY,2026-09-18T11:09:27.324959-04:00,759.8699951171875
SPY271217C00210000,2027-12-17,call,210.0,479.8,484.8,480.63,1.0,109.0,1.0000000000000003e-05,2026-01-20 15:29:28+00:00,1.247128128965024,482.3,SPY,2026-09-18T11:09:27.324959-04:00,759.8699951171875
SPY271217C00215000,2027-12-17,call,215.0,456.0,460.2,423.44,1.0,3.0,1.0000000000000003e-05,2025-07-18 14:34:00+00:00,1.247128128965024,458.1,SPY,2026-09-18T11:09:27.324959-04:00,759.8699951171875
SPY271217C00220000,2027-12-17,call,220.0,546.67,551.5,534.54,4.0,17.0,0.7371242108154297,2026-06-30 20:03:53+00:00,1.247128128965024,549.085,SPY,2026-09-18T11:09:27.324959-04:00,759.8699951171875
SPY271217C00225000,2027-12-17,call,225.0,0.0,0.0,327.0,0.0,0.0,1.0000000000000003e-05,2025-04-14 17:53:14+00:00,1.247128128965024,0.0,SPY,2026-09-18T11:09:27.324959-04:00,759.8699951171875
SPY271217C00230000,2027-12-17,call,230.0,515.0,517.61,492.17,1.0,4.0,1.0000000000000003e-05,2026-04-27 19:05:53+00:00,1.247128128965024,516.3050000000001,SPY,2026-09-18T11:09:27.324959-04:00,759.8699951171875
SPY271217C00235000,2027-12-17,call,235.0,0.0,0.0,467.19,1.0,0.0,1.0000000000000003e-05,2026-02-09 16:49:46+00:00,1.247128128965024,0.0,SPY,2026-09-18T11:09:27.324959-04:00,759.8699951171875
SPY271217C00240000,2027-12-17,call,240.0,452.5,457.23,459.75,2.0,7.0,1.0000000000000003e-05,2026-01-16 15:46:29+00:00,1.247128128965024,454.865,SPY,2026-09-18T11:09:27.324959-04:00,759.8699951171875
SPY271217C00245000,2027-12-17,call,245.0,516.5,520.92,488.5,0.0,2.0,0.5648236877441408,2026-06-10 20:05:50+00:00,1.247128128965024,518.71,SPY,2026-09-18T11:09:27.324959-04:00,759.8699951171875
SPY271217C00250000,2027-12-17,call,250.0,510.0,512.95,498.71,1.0,23.0,0.5336960693359375,2026-05-11 15:47:33+00:00,1.247128128965024,511.475,SPY,2026-09-18T11:09:27.324959-04:00,759.8699951171875
SPY271217C00255000,2027-12-17,call,255.0,519.5,524.0,523.24,4.0,524.0,0.7644219114685058,2026-08-05 16:01:48+00:00,1.247128128965024,521.75,SPY,2026-09-18T11:09:27.324959-04:00,759.8699951171875
SPY271217C00260000,2027-12-17,call,260.0,506.68,511.5,510.93,1.0,13.0,0.6445653219604492,2026-08-24 14:29:59+00:00,1.247128128965024,509.09000000000003,SPY,2026-09-18T11:09:27.324959-04:00,759.8699951171875
SPY271217C00265000,2027-12-17,call,265.0,0.0,0.0,401.16,2.0,0.0,1.0000000000000003e-05,2026-03-26 13:48:02+00:00,1.247128128965024,0.0,SPY,2026-09-18T11:09:27.324959-04:00,759.8699951171875
SPY271217C00270000,2027-12-17,call,270.0,478.0,480.99,455.31,1.0,12.0,1.0000000000000003e-05,2026-04-30 16:46:21+00:00,1.247128128965024,479.495,SPY,2026-09-18T11:09:27.324959-04:00,759.8699951171875
SPY271217C00275000,2027-12-17,call,275.0,425.53,430.5,430.38,1.0,5.0,1.0000000000000003e-05,2026-01-09 15:44:57+00:00,1.247128128965024,428.015,SPY,2026-09-18T11:09:27.324959-04:00,759.8699951171875
SPY271217C00280000,2027-12-17,call,280.0,488.11,493.0,492.87,14.0,23.0,0.6256751300048828,2026-08-24 14:31:04+00:00,1.247128128965024,490.555,SPY,2026-09-18T11:09:27.324959-04:00,759.8699951171875
SPY271217C00285000,2027-12-17,call,285.0,479.5,484.03,462.5,1.0,6.0,0.5565535067749025,2026-06-09 19:14:35+00:00,1.247128128965024,481.765,SPY,2026-09-18T11:09:27.324959-04:00,759.8699951171875
SPY271217C00290000,2027-12-17,call,290.0,0.0,0.0,377.24,1.0,0.0,1.0000000000000003e-05,2026-03-24 14:18:01+00:00,1.247128128965024,0.0,SPY,2026-09-18T11:09:27.324959-04:00,759.8699951171875
SPY271217C00295000,2027-12-17,call,295.0,402.5,407.23,412.85,3.0,2.0,1.0000000000000003e-05,2026-01-26 17:04:43+00:00,1.247128128965024,404.865,SPY,2026-09-18T11:09:27.324959-04:00,759.8699951171875
SPY271217C00300000,2027-12-17,call,300.0,469.58,474.5,476.3,1.0,265.0,0.6063576962280274,2026-08-26 18:15:32+00:00,1.247128128965024,472.03999999999996,SPY,2026-09-18T11:09:27.324959-04:00,759.8699951171875
SPY271217C00305000,2027-12-17,call,305.0,446.5,450.78,455.21,2.0,5.0,1.0000000000000003e-05,2026-06-22 19:02:07+00:00,1.247128128965024,448.64,SPY,2026-09-18T11:09:27.324959-04:00,759.8699951171875
SPY271217C00310000,2027-12-17,call,310.0,363.86,368.5,397.45,1.0,26.0,1.0000000000000003e-05,2026-02-02 14:40:24+00:00,1.247128128965024,366.18,SPY,2026-09-18T11:09:27.324959-04:00,759.8699951171875
SPY271217C00315000,2027-12-17,call,315.0,437.5,441.62,446.58,2.0,11.0,1.0000000000000003e-05,2026-06-22 18:45:33+00:00,1.247128128965024,439.56,SPY,2026-09-18T11:09:27.324959-04:00,759.8699951171875
SPY271217C00320000,2027-12-17,call,320.0,451.07,456.0,449.97,1.0,12.0,0.5867656069946289,2026-09-15 16:37:50+00:00,1.247128128965024,453.53499999999997,SPY,2026-09-18T11:09:27.324959-04:00,759.8699951171875
SPY271217C00325000,2027-12-17,call,325.0,446.5,451.44,455.5,2.0,6.0,0.5824931887817383,2026-09-03 13:30:21+00:00,1.247128128965024,448.97,SPY,2026-09-18T11:09:27.324959-04:00,759.8699951171875
SPY271217C00330000,2027-12-17,call,330.0,442.0,446.85,446.49,4.0,44.0,0.578403874206543,2026-08-24 14:31:16+00:00,1.247128128965024,444.425,SPY,2026-09-18T11:09:27.324959-04:00,759.8699951171875
SPY271217C00335000,2027-12-17,call,335.0,419.0,423.34,428.6,2.0,8.0,1.0000000000000003e-05,2026-06-22 18:43:04+00:00,1.247128128965024,421.16999999999996,SPY,2026-09-18T11:09:27.324959-04:00,759.8699951171875
SPY271217C00340000,2027-12-17,call,340.0,414.5,418.78,425.29,3.0,10.0,1.0000000000000003e-05,2026-06-18 16:47:51+00:00,1.247128128965024,416.64,SPY,2026-09-18T11:09:27.324959-04:00,759.8699951171875
SPY271217C00345000,2027-12-17,call,345.0,380.69,385.5,352.81,2.0,11.0,1.0000000000000003e-05,2026-03-10 16:49:32+00:00,1.247128128965024,383.095,SPY,2026-09-18T11:09:27.324959-04:00,759.8699951171875
SPY271217C00350000,2027-12-17,call,350.0,423.5,428.37,440.02,1.0,365.0,0.5585371295166017,2026-08-17 16:11:52+00:00,1.247128128965024,425.935,SPY,2026-09-18T11:09:27.324959-04:00,759.8699951171875
SPY271217C00355000,2027-12-17,call,355.0,348.5,353.36,354.02,1.0,100.0,1.0000000000000003e-05,2026-01-23 15:03:17+00:00,1.247128128965024,350.93,SPY,2026-09-18T11:09:27.324959-04:00,759.8699951171875
SPY271217C00360000,2027-12-17,call,360.0,0.0,0.0,349.26,1.0,0.0,1.0000000000000003e-05,2026-02-25 15:31:51+00:00,1.247128128965024,0.0,SPY,2026-09-18T11:09:27.324959-04:00,759.8699951171875
SPY271217C00365000,2027-12-17,call,365.0,404.55,407.92,392.01,1.0,14.0,0.5031177618408205,2026-05-12 19:44:27+00:00,1.247128128965024,406.235,SPY,2026-09-18T11:09:27.324959-04:00,759.8699951171875
SPY271217C00370000,2027-12-17,call,370.0,405.0,409.95,415.59,2.0,78.0,0.5388840057373048,2026-08-28 20:05:39+00:00,1.247128128965024,407.475,SPY,2026-09-18T11:09:27.324959-04:00,759.8699951171875
SPY271217C00375000,2027-12-17,call,375.0,0.0,0.0,401.74,1.0,0.0,1.0000000000000003e-05,2026-06-01 16:38:39+00:00,1.247128128965024,0.0,SPY,2026-09-18T11:09:27.324959-04:00,759.8699951171875
SPY271217C00380000,2027-12-17,call,380.0,396.0,400.75,406.5,2.0,24.0,0.5301713243103028,2026-08-28 20:01:37+00:00,1.247128128965024,398.375,SPY,2026-09-18T11:09:27.324959-04:00,759.8699951171875
SPY271217C00385000,2027-12-17,call,385.0,373.5,377.88,376.0,1.0,15.0,0.33978931701660153,2026-06-17 20:12:58+00:00,1.247128128965024,375.69,SPY,2026-09-18T11:09:27.324959-04:00,759.8699951171875
SPY271217C00390000,2027-12-17,call,390.0,0.0,0.0,316.41,1.0,0.0,1.0000000000000003e-05,2026-02-27 15:40:06+00:00,1.247128128965024,0.0,SPY,2026-09-18T11:09:27.324959-04:00,759.8699951171875
SPY271217C00395000,2027-12-17,call,395.0,384.83,389.5,376.0,10.0,17.0,0.5362900375366212,2026-07-09 15:02:42+00:00,1.247128128965024,387.16499999999996,SPY,2026-09-18T11:09:27.324959-04:00,759.8699951171875
SPY271217C00400000,2027-12-17,call,400.0,377.5,382.41,383.5,1.0,234.0,0.5107470800781251,2026-09-11 13:32:22+00:00,1.247128128965024,379.95500000000004,SPY,2026-09-18T11:09:27.324959-04:00,759.8699951171875
SPY271217C00405000,2027-12-17,call,405.0,355.5,358.72,327.22,2.0,68.0,0.3328313787841797,2026-04-20 19:19:51+00:00,1.247128128965024,357.11,SPY,2026-09-18T11:09:27.324959-04:00,759.8699951171875
SPY271217C00410000,2027-12-17,call,410.0,368.5,373.25,378.3,1.0,66.0,0.5020343986511231,2026-09-04 18:20:29+00:00,1.247128128965024,370.875,SPY,2026-09-18T11:09:27.324959-04:00,759.8699951171875
SPY271217C00415000,2027-12-17,call,415.0,0.0,0.0,365.99,5.0,0.0,1.0000000000000003e-05,2026-05-29 13:53:56+00:00,1.247128128965024,0.0,SPY,2026-09-18T11:09:27.324959-04:00,759.8699951171875
SPY271217C00420000,2027-12-17,call,420.0,366.75,371.5,374.98,1.0,44.0,0.5444839253234863,2026-08-04 19:17:56+00:00,1.247128128965024,369.125,SPY,2026-09-18T11:09:27.324959-04:00,759.8699951171875
SPY271217C00425000,2027-12-17,call,425.0,354.56,359.5,354.1,2.0,25.0,0.5047504359436035,2026-09-14 15:37:48+00:00,1.247128128965024,357.03,SPY,2026-09-18T11:09:27.324959-04:00,759.8699951171875
SPY271217C00430000,2027-12-17,call,430.0,350.0,354.97,361.5,1.0,23.0,0.5000889225006104,2026-08-19 18:43:56+00:00,1.247128128965024,352.485,SPY,2026-09-18T11:09:27.324959-04:00,759.8699951171875
SPY271217C00435000,2027-12-17,call,435.0,345.57,350.32,359.94,1.0,13.0,0.4946187013244629,2026-08-06 14:23:10+00:00,1.247128128965024,347.945,SPY,2026-09-18T11:09:27.324959-04:00,759.8699951171875
SPY271217C00440000,2027-12-17,call,440.0,341.0,345.77,347.24,10.0,19.0,0.4898274894714357,2026-09-11 18:52:46+00:00,1.247128128965024,343.385,SPY,2026-09-18T11:09:27.324959-04:00,759.8699951171875
SPY271217C00445000,2027-12-17,call,445.0,336.5,341.35,346.3,1.0,40.0,0.48589076126098635,2026-09-04 18:21:17+00:00,1.247128128965024,338.925,SPY,2026-09-18T11:09:27.324959-04:00,759.8699951171875
SPY271217C00450000,2027-12-17,call,450.0,332.0,336.81,338.07,20.0,328.0,0.48114532531738285,2026-09-11 18:52:46+00:00,1.247128128965024,334.405,SPY,2026-09-18T11:09:27.324959-04:00,759.8699951171875
SPY271217C00455000,2027-12-17,call,455.0,327.5,332.28,335.46,1.0,19.0,0.47646855323791504,2026-09-03 14:05:16+00:00,1.247128128965024,329.89,SPY,2026-09-18T11:09:27.324959-04:00,759.8699951171875
SPY271217C00460000,2027-12-17,call,460.0,323.0,327.75,328.95,10.0,26.0,0.47178415184020994,2026-09-11 18:52:46+00:00,1.247128128965024,325.375,SPY,2026-09-18T11:09:27.324959-04:00,759.8699951171875
SPY271217C00465000,2027-12-17,call,465.0,321.27,326.0,311.26,1.0,40.0,0.48375455215454105,2026-06-30 18:34:38+00:00,1.247128128965024,323.635,SPY,2026-09-18T11:09:27.324959-04:00,759.8699951171875
SPY271217C00470000,2027-12-17,call,470.0,310.5,314.1,301.3,5.0,40.0,0.43424027679443367,2026-05-11 18:23:44+00:00,1.247128128965024,312.3,SPY,2026-09-18T11:09:27.324959-04:00,759.8699951171875
SPY271217C00475000,2027-12-17,call,475.0,309.23,314.0,315.81,1.0,34.0,0.45676202423095713,2026-09-08 14:18:24+00:00,1.247128128965024,311.615,SPY,2026-09-18T11:09:27.324959-04:00,759.8699951171875
SPY271217C00480000,2027-12-17,call,480.0,312.17,317.0,319.5,4.0,101.0,0.49432878723144535,2026-08-05 16:48:25+00:00,1.247128128965024,314.58500000000004,SPY,2026-09-18T11:09:27.324959-04:00,759.8699951171875
SPY271217C00485000,2027-12-17,call,485.0,0.0,0.0,287.24,1.0,0.0,1.0000000000000003e-05,2026-06-05 18:51:48+00:00,1.247128128965024,0.0,SPY,2026-09-18T11:09:27.324959-04:00,759.8699951171875
SPY271217C00490000,2027-12-17,call,490.0,295.73,300.5,293.5,2.0,70.0,0.44318946708679197,2026-09-10 14:22:50+00:00,1.247128128965024,298.115,SPY,2026-09-18T11:09:27.324959-04:00,759.8699951171875
SPY271217C00495000,2027-12-17,call,495.0,291.26,296.0,308.2,1.0,20.0,0.4386500227355958,2026-08-17 15:01:42+00:00,1.247128128965024,293.63,SPY,2026-09-18T11:09:27.324959-04:00,759.8699951171875
SPY271217C00500000,2027-12-17,call,500.0,287.0,291.77,291.0,1.0,818.0,0.43556014884948735,2026-09-17 19:07:51+00:00,1.247128128965024,289.385,SPY,2026-09-18T11:09:27.324959-04:00,759.8699951171875
SPY271217C00505000,2027-12-17,call,505.0,282.5,287.24,294.56,4.0,348.0,0.4308147129058839,2026-08-06 19:38:02+00:00,1.247128128965024,284.87,SPY,2026-09-18T11:09:27.324959-04:00,759.8699951171875
SPY271217C00510000,2027-12-17,call,510.0,278.0,282.85,293.0,1.0,534.0,0.4268093208312989,2026-08-12 19:45:05+00:00,1.247128128965024,280.425,SPY,2026-09-18T11:09:27.324959-04:00,759.8699951171875
SPY271217C00515000,2027-12-17,call,515.0,273.5,278.38,271.55,1.0,135.0,0.42235379898071285,2026-09-15 14:50:08+00:00,1.247128128965024,275.94,SPY,2026-09-18T11:09:27.324959-04:00,759.8699951171875
SPY271217C00520000,2027-12-17,call,520.0,269.0,273.9,284.98,1.0,242.0,0.41783724258422844,2026-08-10 18:02:55+00:00,1.247128128965024,271.45,SPY,2026-09-18T11:09:27.324959-04:00,759.8699951171875
SPY271217C00525000,2027-12-17,call,525.0,264.55,269.5,260.89,1.0,411.0,0.41370215209960937,2026-09-15 19:01:10+00:00,1.247128128965024,267.025,SPY,2026-09-18T11:09:27.324959-04:00,759.8699951171875
SPY271217C00530000,2027-12-17,call,530.0,260.14,265.0,254.48,7.0,541.0,0.4090558972930908,2026-09-16 19:34:54+00:00,1.247128128965024,262.57,SPY,2026-09-18T11:09:27.324959-04:00,759.8699951171875
SPY271217C00535000,2027-12-17,call,535.0,255.78,260.5,271.22,1.0,322.0,0.4044020131683349,2026-08-07 19:35:15+00:00,1.247128128965024,258.14,SPY,2026-09-18T11:09:27.324959-04:00,759.8699951171875
SPY271217C00540000,2027-12-17,call,540.0,251.5,256.27,250.05,4.0,1038.0,0.4010374838256836,2026-09-15 16:57:32+00:00,1.247128128965024,253.885,SPY,2026-09-18T11:09:27.324959-04:00,759.8699951171875
SPY271217C00545000,2027-12-17,call,545.0,247.04,251.84,266.01,40.0,246.0,0.39667351379394533,2026-08-13 15:22:00+00:00,1.247128128965024,249.44,SPY,2026-09-18T11:09:27.324959-04:00,759.8699951171875
SPY271217C00550000,2027-12-17,call,550.0,242.6,247.5,245.0,2.0,802.0,0.39271389762878417,2026-09-17 15:34:45+00:00,1.247128128965024,245.05,SPY,2026-09-18T11:09:27.324959-04:00,759.8699951171875
SPY271217C00555000,2027-12-17,call,555.0,238.24,243.0,243.7,3.0,581.0,0.3879837203216552,2026-09-11 14:09:36+00:00,1.247128128965024,240.62,SPY,2026-09-18T11:09:27.324959-04:00,759.8699951171875
SPY271217C00560000,2027-12-17,call,560.0,234.0,238.82,232.35,1.0,1126.0,0.38469548416137694,2026-09-15 14:48:36+00:00,1.247128128965024,236.41,SPY,2026-09-18T11:09:27.324959-04:00,759.8699951171875
SPY271217C00565000,2027-12-17,call,565.0,229.56,234.5,230.01,2.0,1353.0,0.38073586799621584,2026-09-14 19:35:00+00:00,1.247128128965024,232.03,SPY,2026-09-18T11:09:27.324959-04:00,759.8699951171875
SPY271217C00570000,2027-12-17,call,570.0,225.23,230.0,226.5,3.0,659.0,0.3759446561431885,2026-09-17 19:35:47+00:00,1.247128128965024,227.615,SPY,2026-09-18T11:09:27.324959-04:00,759.8699951171875
SPY271217C00575000,2027-12-17,call,575.0,221.0,225.93,215.06,1.0,555.0,0.37301499794006354,2026-09-16 19:34:54+00:00,1.247128128965024,223.465,SPY,2026-09-18T11:09:27.324959-04:00,759.8699951171875
SPY271217C00580000,2027-12-17,call,580.0,216.65,221.5,218.34,6.0,757.0,0.36848318290710447,2026-09-17 17:00:50+00:00,1.247128128965024,219.075,SPY,2026-09-18T11:09:27.324959-04:00,759.8699951171875
SPY271217C00585000,2027-12-17,call,585.0,212.5,217.36,206.2,1.0,684.0,0.3651491708374024,2026-09-16 19:34:33+00:00,1.247128128965024,214.93,SPY,2026-09-18T11:09:27.324959-04:00,759.8699951171875
SPY271217C00590000,2027-12-17,call,590.0,208.12,213.0,211.78,6.0,1237.0,0.36085386466979974,2026-09-17 19:35:47+00:00,1.247128128965024,210.56,SPY,2026-09-18T11:09:27.324959-04:00,759.8699951171875
SPY271217C00595000,2027-12-17,call,595.0,204.0,207.37,207.55,3.0,2726.0,0.351294328918457,2026-09-17 19:35:47+00:00,1.247128128965024,205.685,SPY,2026-09-18T11:09:27.324959-04:00,759.8699951171875
SPY271217C00600000,2027-12-17,call,600.0,199.65,204.5,202.97,1.0,3201.0,0.3530643307495117,2026-09-16 18:58:53+00:00,1.247128128965024,202.075,SPY,2026-09-18T11:09:27.324959-04:00,759.8699951171875
SPY271217C00605000,2027-12-17,call,605.0,195.5,200.41,190.27,12.0,1897.0,0.3497532066345214,2026-09-16 19:34:54+00:00,1.247128128965024,197.95499999999998,SPY,2026-09-18T11:09:27.324959-04:00,759.8699951171875
SPY271217C00610000,2027-12-17,call,610.0,191.29,196.0,189.63,3.0,1644.0,0.34512221046447755,2026-09-15 19:36:19+00:00,1.247128128965024,193.64499999999998,SPY,2026-09-18T11:09:27.324959-04:00,759.8699951171875
SPY271217C00615000,2027-12-17,call,615.0,187.08,192.0,202.52,84.0,279.0,0.3420704831695557,2026-08-07 18:57:13+00:00,1.247128128965024,189.54000000000002,SPY,2026-09-18T11:09:27.324959-04:00,759.8699951171875
SPY271217C00620000,2027-12-17,call,620.0,183.0,187.89,185.02,1.0,814.0,0.33852285018920897,2026-09-17 19:35:46+00:00,1.247128128965024,185.445,SPY,2026-09-18T11:09:27.324959-04:00,759.8699951171875
SPY271217C00625000,2027-12-17,call,625.0,179.0,183.5,177.39,3.0,686.0,0.33386896606445315,2026-09-15 13:42:05+00:00,1.247128128965024,181.25,SPY,2026-09-18T11:09:27.324959-04:00,759.8699951171875
SPY271217C00630000,2027-12-17,call,630.0,174.69,179.5,177.99,24.0,912.0,0.3306417644500732,2026-09-17 15:31:44+00:00,1.247128128965024,177.095,SPY,2026-09-18T11:09:27.324959-04:00,759.8699951171875
SPY271217C00635000,2027-12-17,call,635.0,170.64,175.5,177.39,10.0,975.0,0.3273611576080323,2026-08-26 19:32:10+00:00,1.247128128965024,173.07,SPY,2026-09-18T11:09:27.324959-04:00,759.8699951171875
SPY271217C00640000,2027-12-17,call,640.0,166.54,171.5,170.06,3.0,705.0,0.32401188690185534,2026-09-17 19:35:47+00:00,1.247128128965024,169.01999999999998,SPY,2026-09-18T11:09:27.324959-04:00,759.8699951171875
SPY271217C00645000,2027-12-17,call,645.0,162.5,167.46,157.32,6.0,2107.0,0.32045662460327146,2026-09-16 19:34:54+00:00,1.247128128965024,164.98000000000002,SPY,2026-09-18T11:09:27.324959-04:00,759.8699951171875
SPY271217C00650000,2027-12-17,call,650.0,158.5,161.79,161.0,5.0,2813.0,0.3110115286254882,2026-09-18 14:52:53+00:00,1.247128128965024,160.14499999999998,SPY,2026-09-18T11:09:27.324959-04:00,759.8699951171875
SPY271217C00655000,2027-12-17,call,655.0,154.52,159.49,157.1,1.0,3024.0,0.31355972091674805,2026-09-18 14:12:05+00:00,1.247128128965024,157.005,SPY,2026-09-18T11:09:27.324959-04:00,759.8699951171875
SPY271217C00660000,2027-12-17,call,660.0,150.5,155.47,152.39,11.0,1257.0,0.30989764816284177,2026-09-17 16:20:07+00:00,1.247128128965024,152.985,SPY,2026-09-18T11:09:27.324959-04:00,759.8699951171875
SPY271217C00665000,2027-12-17,call,665.0,146.58,151.5,145.91,1.0,1612.0,0.30634238586425777,2026-09-15 15:40:21+00:00,1.247128128965024,149.04000000000002,SPY,2026-09-18T11:09:27.324959-04:00,759.8699951171875
SPY271217C00670000,2027-12-17,call,670.0,142.66,147.5,145.04,1.0,1444.0,0.3026269078826904,2026-09-10 19:42:37+00:00,1.247128128965024,145.07999999999998,SPY,2026-09-18T11:09:27.324959-04:00,759.8699951171875
SPY271217C00675000,2027-12-17,call,675.0,138.76,143.5,141.58,1.0,1972.0,0.29884276603698723,2026-09-18 13:48:27+00:00,1.247128128965024,141.13,SPY,2026-09-18T11:09:27.324959-04:00,759.8699951171875
SPY271217C00680000,2027-12-17,call,680.0,134.91,139.5,136.4,5.0,1142.0,0.2949975896453857,2026-09-17 14:08:43+00:00,1.247128128965024,137.20499999999998,SPY,2026-09-18T11:09:27.324959-04:00,759.8699951171875
SPY271217C00685000,2027-12-17,call,685.0,131.05,136.0,137.73,1.0,2183.0,0.29274312610626213,2026-09-11 14:02:22+00:00,1.247128128965024,133.525,SPY,2026-09-18T11:09:27.324959-04:00,759.8699951171875
SPY271217C00690000,2027-12-17,call,690.0,127.3,132.0,130.64,3.0,1101.0,0.28874917800903316,2026-09-17 16:20:34+00:00,1.247128128965024,129.65,SPY,2026-09-18T11:09:27.324959-04:00,759.8699951171875
SPY271217C00695000,2027-12-17,call,695.0,123.5,128.44,122.51,3.0,586.0,0.28612469253540035,2026-09-15 16:14:49+00:00,1.247128128965024,125.97,SPY,2026-09-18T11:09:27.324959-04:00,759.8699951171875
SPY271217C00700000,2027-12-17,call,700.0,119.76,124.5,121.42,1.0,5332.0,0.2821803350067138,2026-09-18 14:37:07+00:00,1.247128128965024,122.13,SPY,2026-09-18T11:09:27.324959-04:00,759.8699951171875
SPY271217C00705000,2027-12-17,call,705.0,116.06,121.0,118.03,1.0,390.0,0.27957110816955566,2026-09-10 15:07:47+00:00,1.247128128965024,118.53,SPY,2026-09-18T11:09:27.324959-04:00,759.8699951171875
SPY271217C00710000,2027-12-17,call,710.0,112.36,117.0,111.67,2.0,648.0,0.27527961666107176,2026-09-16 18:35:39+00:00,1.247128128965024,114.68,SPY,2026-09-18T11:09:27.324959-04:00,759.8699951171875
SPY271217C00715000,2027-12-17,call,715.0,108.71,113.5,108.37,1.0,1081.0,0.2724872861862182,2026-09-15 19:39:00+00:00,1.247128128965024,111.10499999999999,SPY,2026-09-18T11:09:27.324959-04:00,759.8699951171875
SPY271217C00720000,2027-12-17,call,720.0,105.1,110.0,106.14,1.0,2617.0,0.26959958923339844,2026-09-16 18:10:52+00:00,1.247128128965024,107.55,SPY,2026-09-18T11:09:27.324959-04:00,759.8699951171875
SPY271217C00725000,2027-12-17,call,725.0,101.52,106.5,107.66,2.0,1581.0,0.266608896484375,2026-09-11 14:28:53+00:00,1.247128128965024,104.00999999999999,SPY,2026-09-18T11:09:27.324959-04:00,759.8699951171875
SPY271217C00730000,2027-12-17,call,730.0,98.03,100.87,94.0,11.0,1689.0,0.2569730675506592,2026-09-16 19:37:45+00:00,1.247128128965024,99.45,SPY,2026-09-18T11:09:27.324959-04:00,759.8699951171875
SPY271217C00735000,2027-12-17,call,735.0,94.53,97.4,97.7,5.0,1919.0,0.2539213402557373,2026-09-17 19:34:57+00:00,1.247128128965024,95.965,SPY,2026-09-18T11:09:27.324959-04:00,759.8699951171875
SPY271217C00740000,2027-12-17,call,740.0,91.06,93.92,85.5,4.0,982.0,0.2507246559143066,2026-09-16 19:26:11+00:00,1.247128128965024,92.49000000000001,SPY,2026-09-18T11:09:27.324959-04:00,759.8699951171875
SPY271217C00745000,2027-12-17,call,745.0,87.65,90.44,91.16,1.0,462.0,0.24742116111755372,2026-09-17 19:35:46+00:00,1.247128128965024,89.045,SPY,2026-09-18T11:09:27.324959-04:00,759.8699951171875
SPY271217C00750000,2027-12-17,call,750.0,84.28,87.29,87.24,3.0,2290.0,0.24500266723632813,2026-09-17 18:47:11+00:00,1.247128128965024,85.785,SPY,2026-09-18T11:09:27.324959-04:00,759.8699951171875
SPY271217C00755000,2027-12-17,call,755.0,80.92,85.5,77.95,6.0,712.0,0.24652090156555176,2026-09-16 19:53:09+00:00,1.247128128965024,83.21000000000001,SPY,2026-09-18T11:09:27.324959-04:00,759.8699951171875
SPY271217C00760000,2027-12-17,call,760.0,77.64,82.5,79.96,12.0,782.0,0.24428551132202148,2026-09-18 14:49:29+00:00,1.247128128965024,80.07,SPY,2026-09-18T11:09:27.324959-04:00,759.8699951171875
SPY271217C00765000,2027-12-17,call,765.0,74.5,79.42,77.69,6.0,647.0,0.2416839138031006,2026-09-17 18:26:33+00:00,1.247128128965024,76.96000000000001,SPY,2026-09-18T11:09:27.324959-04:00,759.8699951171875
SPY271217C00770000,2027-12-17,call,770.0,73.6,73.98,76.5,10.0,1177.0,0.23196797702789307,2026-09-17 20:00:08+00:00,1.247128128965024,73.78999999999999,SPY,2026-09-18T11:09:27.324959-04:00,759.8699951171875
SPY271217C00775000,2027-12-17,call,775.0,70.48,71.1,71.2,3.0,1890.0,0.2297135134887695,2026-09-17 19:08:25+00:00,1.247128128965024,70.78999999999999,SPY,2026-09-18T11:09:27.324959-04:00,759.8699951171875
SPY271217C00780000,2027-12-17,call,780.0,67.43,68.05,67.41,10.0,2624.0,0.22682200187683102,2026-09-18 14:49:29+00:00,1.247128128965024,67.74000000000001,SPY,2026-09-18T11:09:27.324959-04:00,759.8699951171875
SPY271217C00785000,2027-12-17,call,785.0,64.46,64.83,61.81,28.0,891.0,0.2232858128738403,2026-09-16 18:36:01+00:00,1.247128128965024,64.645,SPY,2026-09-18T11:09:27.324959-04:00,759.8699951171875
SPY271217C00790000,2027-12-17,call,790.0,61.54,61.89,60.98,4.0,2414.0,0.2204286331939697,2026-09-17 15:06:23+00:00,1.247128128965024,61.715,SPY,2026-09-18T11:09:27.324959-04:00,759.8699951171875
SPY271217C00795000,2027-12-17,call,795.0,58.61,58.95,59.3,20.0,1913.0,0.21742268180847169,2026-09-17 19:32:58+00:00,1.247128128965024,58.78,SPY,2026-09-18T11:09:27.324959-04:00,759.8699951171875
SPY271217C00800000,2027-12-17,call,800.0,55.8,55.99,56.6,1.0,4750.0,0.21419929485321043,2026-09-18 13:47:37+00:00,1.247128128965024,55.894999999999996,SPY,2026-09-18T11:09:27.324959-04:00,759.8699951171875
SPY271217C00805000,2027-12-17,call,805.0,53.08,53.29,52.84,3.0,743.0,0.21158625335693354,2026-09-18 14:34:43+00:00,1.247128128965024,53.185,SPY,2026-09-18T11:09:27.324959-04:00,759.8699951171875
SPY271217C00810000,2027-12-17,call,810.0,50.38,50.57,51.34,4.0,889.0,0.2087481469726562,2026-09-17 19:53:40+00:00,1.247128128965024,50.475,SPY,2026-09-18T11:09:27.324959-04:00,759.8699951171875
SPY271217C00815000,2027-12-17,call,815.0,47.79,48.0,48.56,3.0,755.0,0.20618469604492184,2026-09-17 19:53:00+00:00,1.247128128965024,47.894999999999996,SPY,2026-09-18T11:09:27.324959-04:00,759.8699951171875
SPY271217C00820000,2027-12-17,call,820.0,45.27,45.49,46.02,4.0,901.0,0.2036288744354248,2026-09-17 19:53:00+00:00,1.247128128965024,45.38,SPY,2026-09-18T11:09:27.324959-04:00,759.8699951171875
SPY271217C00825000,2027-12-17,call,825.0,42.82,43.0,43.54,10.0,1374.0,0.20095098373413084,2026-09-17 19:53:00+00:00,1.247128128965024,42.91,SPY,2026-09-18T11:09:27.324959-04:00,759.8699951171875
SPY271217C00830000,2027-12-17,call,830.0,40.42,40.62,41.15,33.0,2146.0,0.198425679397583,2026-09-17 19:53:01+00:00,1.247128128965024,40.519999999999996,SPY,2026-09-18T11:09:27.324959-04:00,759.8699951171875
SPY271217C00835000,2027-12-17,call,835.0,38.15,38.34,38.47,3.0,850.0,0.1960186294937134,2026-09-17 18:41:08+00:00,1.247128128965024,38.245000000000005,SPY,2026-09-18T11:09:27.324959-04:00,759.8699951171875
SPY271217C00840000,2027-12-17,call,840.0,35.97,36.18,36.25,7.0,692.0,0.19379468322753907,2026-09-17 16:06:19+00:00,1.247128128965024,36.075,SPY,2026-09-18T11:09:27.324959-04:00,759.8699951171875
SPY271217C00845000,2027-12-17,call,845.0,33.84,34.03,33.62,1.0,531.0,0.1913990773010254,2026-09-17 14:47:59+00:00,1.247128128965024,33.935,SPY,2026-09-18T11:09:27.324959-04:00,759.8699951171875
SPY271217C00850000,2027-12-17,call,850.0,31.79,31.96,31.58,7.0,2894.0,0.18905687660217288,2026-09-18 14:42:38+00:00,1.247128128965024,31.875,SPY,2026-09-18T11:09:27.324959-04:00,759.8699951171875
SPY271217C00855000,2027-12-17,call,855.0,29.83,30.01,29.63,7.0,519.0,0.18689777954101564,2026-09-10 16:10:39+00:00,1.247128128965024,29.92,SPY,2026-09-18T11:09:27.324959-04:00,759.8699951171875
SPY271217C00860000,2027-12-17,call,860.0,27.97,28.14,25.99,21.0,497.0,0.18479208770751948,2026-09-15 19:36:19+00:00,1.247128128965024,28.055,SPY,2026-09-18T11:09:27.324959-04:00,759.8699951171875
SPY271217C00865000,2027-12-17,call,865.0,26.21,26.38,28.69,1.0,486.0,0.1828389822387695,2026-09-11 16:17:35+00:00,1.247128128965024,26.295,SPY,2026-09-18T11:09:27.324959-04:00,759.8699951171875
SPY271217C00870000,2027-12-17,call,870.0,24.55,24.73,24.55,1.0,1089.0,0.18105372177124018,2026-09-17 15:26:46+00:00,1.247128128965024,24.64,SPY,2026-09-18T11:09:27.324959-04:00,759.8699951171875
SPY271217C00875000,2027-12-17,call,875.0,22.94,23.09,23.19,1.0,2080.0,0.1790853576660156,2026-09-17 13:30:09+00:00,1.247128128965024,23.015,SPY,2026-09-18T11:09:27.324959-04:00,759.8699951171875
SPY271217C00880000,2027-12-17,call,880.0,21.43,21.57,21.83,3.0,2775.0,0.17732298515319825,2026-09-17 19:35:46+00:00,1.247128128965024,21.5,SPY,2026-09-18T11:09:27.324959-04:00,759.8699951171875
SPY271217C00885000,2027-12-17,call,885.0,19.99,20.14,20.31,2.0,930.0,0.17567505241394044,2026-09-17 19:35:46+00:00,1.247128128965024,20.064999999999998,SPY,2026-09-18T11:09:27.324959-04:00,759.8699951171875
SPY271217C00890000,2027-12-17,call,890.0,18.63,18.77,18.97,57.0,1305.0,0.17402711967468262,2026-09-17 19:35:47+00:00,1.247128128965024,18.7,SPY,2026-09-18T11:09:27.324959-04:00,759.8699951171875
SPY271217C00895000,2027-12-17,call,895.0,17.36,17.48,17.71,25.0,1549.0,0.1724554801177979,2026-09-17 19:35:47+00:00,1.247128128965024,17.42,SPY,2026-09-18T11:09:27.324959-04:00,759.8699951171875
SPY271217C00900000,2027-12-17,call,900.0,16.2,16.27,16.3,2.0,7110.0,0.17098302169799806,2026-09-18 13:57:10+00:00,1.247128128965024,16.235,SPY,2026-09-18T11:09:27.324959-04:00,759.8699951171875
SPY271217C00905000,2027-12-17,call,905.0,15.05,15.13,13.72,31.0,559.0,0.16957922714233398,2026-09-15 19:40:07+00:00,1.247128128965024,15.09,SPY,2026-09-18T11:09:27.324959-04:00,759.8699951171875
SPY271217C00910000,2027-12-17,call,910.0,14.0,14.08,14.26,21.0,1643.0,0.16832038963317877,2026-09-17 19:35:47+00:00,1.247128128965024,14.04,SPY,2026-09-18T11:09:27.324959-04:00,759.8699951171875
SPY271217C00915000,2027-12-17,call,915.0,13.01,13.08,13.31,58.0,3199.0,0.16706918144226077,2026-09-17 19:38:26+00:00,1.247128128965024,13.045,SPY,2026-09-18T11:09:27.324959-04:00,759.8699951171875
SPY271217C00920000,2027-12-17,call,920.0,12.08,12.15,12.31,1.0,596.0,0.16590952507019047,2026-09-17 19:35:47+00:00,1.247128128965024,12.115,SPY,2026-09-18T11:09:27.324959-04:00,759.8699951171875
SPY271217C00925000,2027-12-17,call,925.0,11.21,11.28,9.5,3.0,882.0,0.16481090324401856,2026-09-16 19:34:54+00:00,1.247128128965024,11.245000000000001,SPY,2026-09-18T11:09:27.324959-04:00,759.8699951171875
SPY271217C00930000,2027-12-17,call,930.0,10.39,10.45,10.62,18.0,613.0,0.16368939346313482,2026-09-17 19:35:47+00:00,1.247128128965024,10.42,SPY,2026-09-18T11:09:27.324959-04:00,759.8699951171875
SPY271217C00935000,2027-12-17,call,935.0,9.65,9.72,9.66,1.0,609.0,0.16285016845703126,2026-09-17 13:30:26+00:00,1.247128128965024,9.685,SPY,2026-09-18T11:09:27.324959-04:00,759.8699951171875
SPY271217C00940000,2027-12-17,call,940.0,8.94,9.0,8.86,1.0,1263.0,0.16186598640441893,2026-09-18 14:45:39+00:00,1.247128128965024,8.969999999999999,SPY,2026-09-18T11:09:27.324959-04:00,759.8699951171875
SPY271217C00945000,2027-12-17,call,945.0,8.27,8.33,10.22,3.0,369.0,0.1609352095794678,2026-09-04 19:31:01+00:00,1.247128128965024,8.3,SPY,2026-09-18T11:09:27.324959-04:00,759.8699951171875
SPY271217C00950000,2027-12-17,call,950.0,7.68,7.73,6.57,1.0,1155.0,0.16019516571044923,2026-09-16 19:51:46+00:00,1.247128128965024,7.705,SPY,2026-09-18T11:09:27.324959-04:00,759.8699951171875
SPY271217C00955000,2027-12-17,call,955.0,7.1,7.16,6.91,1.0,956.0,0.15942460456848143,2026-09-17 15:08:23+00:00,1.247128128965024,7.13,SPY,2026-09-18T11:09:27.324959-04:00,759.8699951171875
SPY271217C00960000,2027-12-17,call,960.0,6.57,6.62,7.37,1.0,648.0,0.15863878479003907,2026-09-09 14:54:53+00:00,1.247128128965024,6.595000000000001,SPY,2026-09-18T11:09:27.324959-04:00,759.8699951171875
SPY271217C00965000,2027-12-17,call,965.0,6.08,6.14,10.06,1.0,526.0,0.15804369796752932,2026-08-19 16:14:04+00:00,1.247128128965024,6.109999999999999,SPY,2026-09-18T11:09:27.324959-04:00,759.8699951171875
SPY271217C00970000,2027-12-17,call,970.0,5.63,5.67,4.5,21.0,1757.0,0.15731128341674805,2026-09-16 19:14:03+00:00,1.247128128965024,5.65,SPY,2026-09-18T11:09:27.324959-04:00,759.8699951171875
SPY271217C00975000,2027-12-17,call,975.0,5.2,5.25,4.24,2.0,1757.0,0.15674671386718753,2026-09-16 19:31:20+00:00,1.247128128965024,5.225,SPY,2026-09-18T11:09:27.324959-04:00,759.8699951171875
SPY271217C00980000,2027-12-17,call,980.0,4.8,4.85,4.85,2.0,2454.0,0.15613636840820314,2026-09-17 17:00:31+00:00,1.247128128965024,4.824999999999999,SPY,2026-09-18T11:09:27.324959-04:00,759.8699951171875
SPY271217C00985000,2027-12-17,call,985.0,4.45,4.49,5.58,1.0,952.0,0.15563283340454104,2026-09-04 18:46:29+00:00,1.247128128965024,4.470000000000001,SPY,2026-09-18T11:09:27.324959-04:00,759.8699951171875
SPY271217C00990000,2027-12-17,call,990.0,4.12,4.16,3.36,702.0,1220.0,0.15520559158325198,2026-09-16 19:40:07+00:00,1.247128128965024,4.140000000000001,SPY,2026-09-18T11:09:27.324959-04:00,759.8699951171875
SPY271217C00995000,2027-12-17,call,995.0,3.8,3.84,3.66,200.0,1067.0,0.15468679794311524,2026-09-17 13:40:16+00:00,1.247128128965024,3.82,SPY,2026-09-18T11:09:27.324959-04:00,759.8699951171875
SPY271217C01000000,2027-12-17,call,1000.0,3.52,3.56,3.53,109.0,6680.0,0.15435110794067386,2026-09-18 14:07:27+00:00,1.247128128965024,3.54,SPY,2026-09-18T11:09:27.324959-04:00,759.8699951171875
SPY271217C01005000,2027-12-17,call,1005.0,3.25,3.3,3.39,54.0,1010.0,0.15403067657470704,2026-09-18 13:45:26+00:00,1.247128128965024,3.275,SPY,2026-09-18T11:09:27.324959-04:00,759.8699951171875
SPY271217C01010000,2027-12-17,call,1010.0,3.01,3.06,3.15,210.0,436.0,0.15374076248168944,2026-09-17 15:54:52+00:00,1.247128128965024,3.035,SPY,2026-09-18T11:09:27.324959-04:00,759.8699951171875
SPY271217C01015000,2027-12-17,call,1015.0,2.79,2.83,3.73,56.0,90.0,0.15340507247924806,2026-08-31 17:52:21+00:00,1.247128128965024,2.81,SPY,2026-09-18T11:09:27.324959-04:00,759.8699951171875
SPY271217C01020000,2027-12-17,call,1020.0,2.57,2.62,3.3,4.0,304.0,0.15311515838623052,2026-09-04 20:07:03+00:00,1.247128128965024,2.5949999999999998,SPY,2026-09-18T11:09:27.324959-04:00,759.8699951171875
SPY271217C01025000,2027-12-17,call,1025.0,2.39,2.44,2.35,4.0,562.0,0.15302360656738284,2026-09-17 15:01:55+00:00,1.247128128965024,2.415,SPY,2026-09-18T11:09:27.324959-04:00,759.8699951171875
SPY271217C01030000,2027-12-17,call,1030.0,2.23,2.26,2.25,2.0,208.0,0.1527947270202637,2026-09-14 13:36:34+00:00,1.247128128965024,2.245,SPY,2026-09-18T11:09:27.324959-04:00,759.8699951171875
SPY271217C01035000,2027-12-17,call,1035.0,2.07,2.1,2.32,12.0,296.0,0.15265739929199224,2026-09-01 19:33:36+00:00,1.247128128965024,2.085,SPY,2026-09-18T11:09:27.324959-04:00,759.8699951171875
SPY271217C01040000,2027-12-17,call,1040.0,1.92,1.96,2.15,36.0,240.0,0.15268791656494146,2026-09-01 18:30:53+00:00,1.247128128965024,1.94,SPY,2026-09-18T11:09:27.324959-04:00,759.8699951171875
SPY271217C01045000,2027-12-17,call,1045.0,1.79,1.82,2.91,20.0,197.0,0.15256584747314456,2026-08-27 18:05:01+00:00,1.247128128965024,1.8050000000000002,SPY,2026-09-18T11:09:27.324959-04:00,759.8699951171875
SPY271217C01050000,2027-12-17,call,1050.0,1.66,1.7,1.68,344.0,24807.0,0.15259636474609378,2026-09-18 14:39:25+00:00,1.247128128965024,1.68,SPY,2026-09-18T11:09:27.324959-04:00,759.8699951171875
SPY271217C01055000,2027-12-17,call,1055.0,1.56,1.59,1.6,255.0,531.0,0.15268791656494146,2026-09-17 18:59:38+00:00,1.247128128965024,1.5750000000000002,SPY,2026-09-18T11:09:27.324959-04:00,759.8699951171875
SPY271217C01060000,2027-12-17,call,1060.0,1.44,1.48,1.46,262.0,438.0,0.15265739929199224,2026-09-18 14:38:46+00:00,1.247128128965024,1.46,SPY,2026-09-18T11:09:27.324959-04:00,759.8699951171875
SPY271217C01065000,2027-12-17,call,1065.0,1.35,1.38,1.37,266.0,161.0,0.15265739929199224,2026-09-17 18:36:54+00:00,1.247128128965024,1.365,SPY,2026-09-18T11:09:27.324959-04:00,759.8699951171875
SPY271217C01070000,2027-12-17,call,1070.0,1.27,1.29,1.78,1.0,1220.0,0.15274895111083986,2026-08-20 19:54:59+00:00,1.247128128965024,1.28,SPY,2026-09-18T11:09:27.324959-04:00,759.8699951171875
SPY271217C01075000,2027-12-17,call,1075.0,1.18,1.21,1.21,275.0,4055.0,0.15293205474853522,2026-09-17 18:33:56+00:00,1.247128128965024,1.1949999999999998,SPY,2026-09-18T11:09:27.324959-04:00,759.8699951171875
SPY271217C01080000,2027-12-17,call,1080.0,1.11,1.13,1.09,1.0,7014.0,0.15299308929443362,2026-09-17 15:21:53+00:00,1.247128128965024,1.12,SPY,2026-09-18T11:09:27.324959-04:00,759.8699951171875
SPY271217C01085000,2027-12-17,call,1085.0,1.04,1.07,0.85,1.0,10046.0,0.15338981384277345,2026-09-16 19:11:45+00:00,1.247128128965024,1.0550000000000002,SPY,2026-09-18T11:09:27.324959-04:00,759.8699951171875
SPY271217C01090000,2027-12-17,call,1090.0,0.98,1.0,1.05,2.0,10927.0,0.15348136566162113,2026-09-10 14:07:37+00:00,1.247128128965024,0.99,SPY,2026-09-18T11:09:27.324959-04:00,759.8699951171875
SPY271217C01095000,2027-12-17,call,1095.0,0.92,0.94,0.97,1.0,14675.0,0.15369498657226563,2026-09-18 13:38:53+00:00,1.247128128965024,0.9299999999999999,SPY,2026-09-18T11:09:27.324959-04:00,759.8699951171875
SPY271217C01100000,2027-12-17,call,1100.0,0.86,0.88,0.9,21.0,16921.0,0.1538170556640625,2026-09-17 19:51:14+00:00,1.247128128965024,0.87,SPY,2026-09-18T11:09:27.324959-04:00,759.8699951171875
SPY271217C01105000,2027-12-17,call,1105.0,0.82,0.84,1.0,1.0,11012.0,0.15436636657714847,2026-09-02 14:22:43+00:00,1.247128128965024,0.83,SPY,2026-09-18T11:09:27.324959-04:00,759.8699951171875
SPY271217C01110000,2027-12-17,call,1110.0,0.77,0.79,0.8,5.0,18349.0,0.15461050476074223,2026-09-10 18:58:14+00:00,1.247128128965024,0.78,SPY,2026-09-18T11:09:27.324959-04:00,759.8699951171875
SPY271217C01115000,2027-12-17,call,1115.0,0.72,0.75,0.8,12.0,15049.0,0.1550377465820313,2026-09-01 19:32:43+00:00,1.247128128965024,0.735,SPY,2026-09-18T11:09:27.324959-04:00,759.8699951171875
SPY271217C01120000,2027-12-17,call,1120.0,0.69,0.72,0.7,3.0,12569.0,0.15564809204101562,2026-09-17 15:15:04+00:00,1.247128128965024,0.705,SPY,2026-09-18T11:09:27.324959-04:00,759.8699951171875
SPY271217C01125000,2027-12-17,call,1125.0,0.85,0.87,1.44,160.0,2988.0,0.1613243048095703,2026-08-05 17:40:33+00:00,1.247128128965024,0.86,SPY,2026-09-18T11:09:27.324959-04:00,759.8699951171875
SPY271217C01130000,2027-12-17,call,1130.0,0.62,0.65,0.56,12.0,11692.0,0.15650257568359377,2026-09-15 17:10:59+00:00,1.247128128965024,0.635,SPY,2026-09-18T11:09:27.324959-04:00,759.8699951171875
SPY271217C01135000,2027-12-17,call,1135.0,0.59,0.62,0.6,1.0,354.0,0.15699085205078128,2026-09-17 14:27:57+00:00,1.247128128965024,0.605,SPY,2026-09-18T11:09:27.324959-04:00,759.8699951171875
SPY271217C01140000,2027-12-17,call,1140.0,0.57,0.59,0.49,1.0,7568.0,0.1574180938720703,2026-09-16 19:44:38+00:00,1.247128128965024,0.58,SPY,2026-09-18T11:09:27.324959-04:00,759.8699951171875
SPY271217C01150000,2027-12-17,call,1150.0,0.52,0.54,0.46,23.0,12121.0,0.15851671569824222,2026-09-15 17:45:39+00:00,1.247128128965024,0.53,SPY,2026-09-18T11:09:27.324959-04:00,759.8699951171875
SPY271217C01160000,2027-12-17,call,1160.0,0.47,0.5,0.59,5.0,10323.0,0.15979844116210937,2026-09-08 19:46:06+00:00,1.247128128965024,0.485,SPY,2026-09-18T11:09:27.324959-04:00,759.8699951171875
SPY271217C01170000,2027-12-17,call,1170.0,0.44,0.47,0.61,1.0,24.0,0.16126327026367188,2026-08-21 18:18:37+00:00,1.247128128965024,0.45499999999999996,SPY,2026-09-18T11:09:27.324959-04:00,759.8699951171875
SPY271217C01180000,2027-12-17,call,1180.0,0.41,0.43,0.87,1.0,25.0,0.16223982299804687,2026-08-13 14:05:48+00:00,1.247128128965024,0.42,SPY,2026-09-18T11:09:27.324959-04:00,759.8699951171875
SPY271217C01190000,2027-12-17,call,1190.0,0.48,0.51,0.8,10.0,84.0,0.16834327758789067,2026-07-14 20:01:39+00:00,1.247128128965024,0.495,SPY,2026-09-18T11:09:27.324959-04:00,759.8699951171875
SPY271217C01200000,2027-12-17,call,1200.0,0.35,0.38,0.32,25.0,337.0,0.1651694812011719,2026-09-16 19:49:00+00:00,1.247128128965024,0.365,SPY,2026-09-18T11:09:27.324959-04:00,759.8699951171875
SPY271217C01210000,2027-12-17,call,1210.0,0.33,0.35,0.44,1.0,102.0,0.16614603393554692,2026-08-26 15:00:17+00:00,1.247128128965024,0.33999999999999997,SPY,2026-09-18T11:09:27.324959-04:00,759.8699951171875
SPY271217C01220000,2027-12-17,call,1220.0,0.38,0.41,0.77,2.0,2383.0,0.17176121215820314,2026-08-04 19:48:42+00:00,1.247128128965024,0.395,SPY,2026-09-18T11:09:27.324959-04:00,759.8699951171875
SPY271217C01230000,2027-12-17,call,1230.0,0.36,0.38,0.67,275.0,607.0,0.17273776489257814,2026-08-04 17:35:07+00:00,1.247128128965024,0.37,SPY,2026-09-18T11:09:27.324959-04:00,759.8699951171875
SPY271217C01240000,2027-12-17,call,1240.0,0.27,0.29,0.37,1.0,4.0,0.1700522448730469,2026-08-24 13:40:01+00:00,1.247128128965024,0.28,SPY,2026-09-18T11:09:27.324959-04:00,759.8699951171875
SPY271217C01250000,2027-12-17,call,1250.0,0.25,0.28,0.26,1.0,828.0,0.17176121215820314,2026-09-17 16:48:03+00:00,1.247128128965024,0.265,SPY,2026-09-18T11:09:27.324959-04:00,759.8699951171875
SPY271217C01260000,2027-12-17,call,1260.0,0.24,0.26,0.48,1.0,577.0,0.17273776489257814,2026-08-14 14:19:03+00:00,1.247128128965024,0.25,SPY,2026-09-18T11:09:27.324959-04:00,759.8699951171875
SPY271217C01270000,2027-12-17,call,1270.0,0.6,0.63,0.71,194.0,200.0,0.19385571777343752,2026-05-14 15:03:19+00:00,1.247128128965024,0.615,SPY,2026-09-18T11:09:27.324959-04:00,759.8699951171875
SPY271217C01280000,2027-12-17,call,1280.0,0.26,0.28,0.44,2.0,9.0,0.17884121948242188,2026-08-05 15:26:36+00:00,1.247128128965024,0.27,SPY,2026-09-18T11:09:27.324959-04:00,759.8699951171875
SPY271217C01290000,2027-12-17,call,1290.0,0.25,0.27,0.28,46.0,700.0,0.18042811767578126,2026-07-28 14:25:43+00:00,1.247128128965024,0.26,SPY,2026-09-18T11:09:27.324959-04:00,759.8699951171875
SPY271217C01300000,2027-12-17,call,1300.0,0.18,0.21,0.25,25.0,159.0,0.17798673583984376,2026-08-20 19:48:33+00:00,1.247128128965024,0.195,SPY,2026-09-18T11:09:27.324959-04:00,759.8699951171875
SPY271217C01310000,2027-12-17,call,1310.0,0.17,0.19,0.33,1.0,208.0,0.17847501220703127,2026-08-12 15:59:04+00:00,1.247128128965024,0.18,SPY,2026-09-18T11:09:27.324959-04:00,759.8699951171875
SPY271217C01320000,2027-12-17,call,1320.0,0.16,0.19,0.21,1.0,267.0,0.180672255859375,2026-09-09 14:55:12+00:00,1.247128128965024,0.175,SPY,2026-09-18T11:09:27.324959-04:00,759.8699951171875
SPY271217C01330000,2027-12-17,call,1330.0,0.15,0.18,0.18,1.0,80.0,0.18177087768554687,2026-09-11 20:05:26+00:00,1.247128128965024,0.16499999999999998,SPY,2026-09-18T11:09:27.324959-04:00,759.8699951171875
SPY271217C01340000,2027-12-17,call,1340.0,0.14,0.17,0.17,3.0,1013.0,0.1828694995117187,2026-09-11 15:25:05+00:00,1.247128128965024,0.15500000000000003,SPY,2026-09-18T11:09:27.324959-04:00,759.8699951171875
SPY271217C01350000,2027-12-17,call,1350.0,0.14,0.16,0.18,1.0,2.0,0.18384605224609374,2026-09-04 14:08:15+00:00,1.247128128965024,0.15000000000000002,SPY,2026-09-18T11:09:27.324959-04:00,759.8699951171875
SPY271217C01360000,2027-12-17,call,1360.0,0.12,0.15,0.26,0.0,0.0,0.1848226049804687,2026-08-11 16:03:33+00:00,1.247128128965024,0.135,SPY,2026-09-18T11:09:27.324959-04:00,759.8699951171875
SPY271217C01370000,2027-12-17,call,1370.0,0.0,0.0,0.34,1.0,0.0,0.12500875,2026-06-02 16:43:00+00:00,1.247128128965024,0.0,SPY,2026-09-18T11:09:27.324959-04:00,759.8699951171875
SPY271217C01380000,2027-12-17,call,1380.0,0.11,0.13,0.25,362.0,662.0,0.18628743408203124,2026-08-14 13:42:38+00:00,1.247128128965024,0.12,SPY,2026-09-18T11:09:27.324959-04:00,759.8699951171875
SPY271217C01390000,2027-12-17,call,1390.0,0.21,0.24,0.27,1.0,1.0,0.19995917236328126,2026-06-08 19:15:32+00:00,1.247128128965024,0.22499999999999998,SPY,2026-09-18T11:09:27.324959-04:00,759.8699951171875
SPY271217C01400000,2027-12-17,call,1400.0,0.1,0.12,0.15,1.0,23.0,0.1889729541015625,2026-08-25 14:54:11+00:00,1.247128128965024,0.11,SPY,2026-09-18T11:09:27.324959-04:00,759.8699951171875
SPY271217C01410000,2027-12-17,call,1410.0,0.12,0.14,0.15,6.0,6.0,0.19361157958984376,2026-07-27 15:42:28+00:00,1.247128128965024,0.13,SPY,2026-09-18T11:09:27.324959-04:00,759.8699951171875
SPY271217C01430000,2027-12-17,call,1430.0,0.08,0.1,0.1,1.0,2.0,0.1914143359375,2026-09-08 14:44:11+00:00,1.247128128965024,0.09,SPY,2026-09-18T11:09:27.324959-04:00,759.8699951171875
SPY271217C01440000,2027-12-17,call,1440.0,0.07,0.1,0.1,2.0,33.0,0.19336744140625,2026-09-10 16:35:33+00:00,1.247128128965024,0.085,SPY,2026-09-18T11:09:27.324959-04:00,759.8699951171875
SPY271217C01450000,2027-12-17,call,1450.0,0.07,0.09,0.07,10.0,12.0,0.19336744140625,2026-09-15 18:30:12+00:00,1.247128128965024,0.08,SPY,2026-09-18T11:09:27.324959-04:00,759.8699951171875
SPY271217C01460000,2027-12-17,call,1460.0,0.07,0.09,0.08,1.0,2.0,0.195320546875,2026-08-31 14:03:47+00:00,1.247128128965024,0.08,SPY,2026-09-18T11:09:27.324959-04:00,759.8699951171875
SPY271217C01470000,2027-12-17,call,1470.0,0.06,0.08,0.07,161.0,183.0,0.19507640869140624,2026-09-15 17:08:01+00:00,1.247128128965024,0.07,SPY,2026-09-18T11:09:27.324959-04:00,759.8699951171875
SPY271217C01480000,2027-12-17,call,1480.0,0.06,0.08,0.07,161.0,809.0,0.19678537597656248,2026-09-15 17:08:01+00:00,1.247128128965024,0.07,SPY,2026-09-18T11:09:27.324959-04:00,759.8699951171875
SPY271217P00050000,2027-12-17,put,50.0,0.01,0.03,0.03,20.0,2072.0,0.7421900781249999,2026-09-16 19:53:04+00:00,1.247128128965024,0.02,SPY,2026-09-18T11:09:27.324959-04:00,759.8699951171875
SPY271217P00055000,2027-12-17,put,55.0,0.04,0.07,0.08,1.0,22.0,0.773439765625,2026-04-27 13:30:06+00:00,1.247128128965024,0.05500000000000001,SPY,2026-09-18T11:09:27.324959-04:00,759.8699951171875
SPY271217P00060000,2027-12-17,put,60.0,0.03,0.04,0.04,200.0,1216.0,0.7187528125,2026-09-16 19:29:35+00:00,1.247128128965024,0.035,SPY,2026-09-18T11:09:27.324959-04:00,759.8699951171875
SPY271217P00065000,2027-12-17,put,65.0,0.03,0.05,0.05,100.0,600.0,0.70312796875,2026-09-16 19:06:42+00:00,1.247128128965024,0.04,SPY,2026-09-18T11:09:27.324959-04:00,759.8699951171875
SPY271217P00070000,2027-12-17,put,70.0,0.04,0.06,0.04,50.0,1351.0,0.6953155468750001,2026-09-17 13:45:34+00:00,1.247128128965024,0.05,SPY,2026-09-18T11:09:27.324959-04:00,759.8699951171875
SPY271217P00075000,2027-12-17,put,75.0,0.05,0.07,0.07,100.0,631.0,0.68555001953125,2026-09-16 19:07:09+00:00,1.247128128965024,0.060000000000000005,SPY,2026-09-18T11:09:27.324959-04:00,759.8699951171875
SPY271217P00080000,2027-12-17,put,80.0,0.06,0.08,0.08,200.0,1200.0,0.6738313867187502,2026-09-16 19:26:24+00:00,1.247128128965024,0.07,SPY,2026-09-18T11:09:27.324959-04:00,759.8699951171875
SPY271217P00085000,2027-12-17,put,85.0,0.07,0.09,0.07,10.0,622.0,0.6640658593750002,2026-09-18 14:39:32+00:00,1.247128128965024,0.08,SPY,2026-09-18T11:09:27.324959-04:00,759.8699951171875
SPY271217P00090000,2027-12-17,put,90.0,0.08,0.1,0.1,200.0,1220.0,0.6523472265625001,2026-09-16 19:29:52+00:00,1.247128128965024,0.09,SPY,2026-09-18T11:09:27.324959-04:00,759.8699951171875
SPY271217P00095000,2027-12-17,put,95.0,0.09,0.11,0.11,103.0,611.0,0.6425816992187501,2026-09-16 19:07:59+00:00,1.247128128965024,0.1,SPY,2026-09-18T11:09:27.324959-04:00,759.8699951171875
SPY271217P00100000,2027-12-17,put,100.0,0.1,0.12,0.13,200.0,1752.0,0.631839619140625,2026-09-16 19:29:19+00:00,1.247128128965024,0.11,SPY,2026-09-18T11:09:27.324959-04:00,759.8699951171875
SPY271217P00105000,2027-12-17,put,105.0,0.19,0.22,0.22,20.0,21.0,0.6552768847656252,2026-06-18 19:45:15+00:00,1.247128128965024,0.20500000000000002,SPY,2026-09-18T11:09:27.324959-04:00,759.8699951171875
SPY271217P00110000,2027-12-17,put,110.0,0.14,0.16,0.18,1.0,8.0,0.6201209863281252,2026-08-05 15:53:41+00:00,1.247128128965024,0.15000000000000002,SPY,2026-09-18T11:09:27.324959-04:00,759.8699951171875
SPY271217P00120000,2027-12-17,put,120.0,0.16,0.18,0.18,1.0,111.0,0.5991251025390626,2026-09-09 14:54:39+00:00,1.247128128965024,0.16999999999999998,SPY,2026-09-18T11:09:27.324959-04:00,759.8699951171875
SPY271217P00125000,2027-12-17,put,125.0,0.18,0.2,0.21,600.0,600.0,0.5927775097656252,2026-09-16 19:09:36+00:00,1.247128128965024,0.19,SPY,2026-09-18T11:09:27.324959-04:00,759.8699951171875
SPY271217P00130000,2027-12-17,put,130.0,0.2,0.22,0.28,1.0,330.0,0.5854533642578125,2026-08-10 18:25:54+00:00,1.247128128965024,0.21000000000000002,SPY,2026-09-18T11:09:27.324959-04:00,759.8699951171875
SPY271217P00135000,2027-12-17,put,135.0,0.22,0.24,0.24,10.0,717.0,0.5786174951171875,2026-09-10 14:24:55+00:00,1.247128128965024,0.22999999999999998,SPY,2026-09-18T11:09:27.324959-04:00,759.8699951171875
SPY271217P00140000,2027-12-17,put,140.0,0.31,0.33,0.41,1.0,387.0,0.586918193359375,2026-07-16 18:37:25+00:00,1.247128128965024,0.32,SPY,2026-09-18T11:09:27.324959-04:00,759.8699951171875
SPY271217P00145000,2027-12-17,put,145.0,0.27,0.29,0.35,5.0,43.0,0.5664105859375,2026-08-17 13:58:42+00:00,1.247128128965024,0.28,SPY,2026-09-18T11:09:27.324959-04:00,759.8699951171875
SPY271217P00150000,2027-12-17,put,150.0,0.29,0.31,0.32,1.0,60.0,0.5590864404296876,2026-09-16 17:14:15+00:00,1.247128128965024,0.3,SPY,2026-09-18T11:09:27.324959-04:00,759.8699951171875
SPY271217P00155000,2027-12-17,put,155.0,0.32,0.34,0.43,18.0,21.0,0.5537154003906251,2026-08-21 13:34:57+00:00,1.247128128965024,0.33,SPY,2026-09-18T11:09:27.324959-04:00,759.8699951171875
SPY271217P00160000,2027-12-17,put,160.0,0.35,0.37,0.46,34.0,54.0,0.5481002221679689,2026-08-21 14:23:45+00:00,1.247128128965024,0.36,SPY,2026-09-18T11:09:27.324959-04:00,759.8699951171875
SPY271217P00165000,2027-12-17,put,165.0,0.38,0.4,0.39,3.0,91.0,0.5424850439453126,2026-09-11 16:42:07+00:00,1.247128128965024,0.39,SPY,2026-09-18T11:09:27.324959-04:00,759.8699951171875
SPY271217P00170000,2027-12-17,put,170.0,0.63,0.65,0.74,1.0,0.0,0.5643354113769532,2026-06-09 17:41:21+00:00,1.247128128965024,0.64,SPY,2026-09-18T11:09:27.324959-04:00,759.8699951171875
SPY271217P00175000,2027-12-17,put,175.0,0.77,0.79,0.99,1.0,1.0,0.5677533459472657,2026-04-17 19:10:17+00:00,1.247128128965024,0.78,SPY,2026-09-18T11:09:27.324959-04:00,759.8699951171875
SPY271217P00180000,2027-12-17,put,180.0,0.48,0.5,0.81,60.0,164.0,0.5258836474609375,2026-07-29 16:15:10+00:00,1.247128128965024,0.49,SPY,2026-09-18T11:09:27.324959-04:00,759.8699951171875
SPY271217P00185000,2027-12-17,put,185.0,0.0,0.0,0.82,1.0,0.0,0.2500075,2026-06-01 13:34:21+00:00,1.247128128965024,0.0,SPY,2026-09-18T11:09:27.324959-04:00,759.8699951171875
SPY271217P00190000,2027-12-17,put,190.0,0.55,0.56,0.6,1.0,1.0,0.5144091528320311,2026-08-31 16:32:28+00:00,1.247128128965024,0.555,SPY,2026-09-18T11:09:27.324959-04:00,759.8699951171875
SPY271217P00195000,2027-12-17,put,195.0,1.21,1.25,1.58,0.0,10.0,0.56055126953125,2026-03-12 13:30:36+00:00,1.247128128965024,1.23,SPY,2026-09-18T11:09:27.324959-04:00,759.8699951171875
SPY271217P00200000,2027-12-17,put,200.0,0.63,0.64,0.67,2.0,2314.0,0.5041553491210937,2026-09-16 19:06:00+00:00,1.247128128965024,0.635,SPY,2026-09-18T11:09:27.324959-04:00,759.8699951171875
SPY271217P00205000,2027-12-17,put,205.0,0.81,0.82,1.01,6.0,15.0,0.5112353564453125,2026-06-30 13:30:01+00:00,1.247128128965024,0.815,SPY,2026-09-18T11:09:27.324959-04:00,759.8699951171875
SPY271217P00210000,2027-12-17,put,210.0,0.7,0.72,0.89,5.0,36.0,0.49414568359375005,2026-08-20 15:15:47+00:00,1.247128128965024,0.71,SPY,2026-09-18T11:09:27.324959-04:00,759.8699951171875
SPY271217P00215000,2027-12-17,put,215.0,0.74,0.76,0.73,1.0,1134.0,0.4888967126464845,2026-09-03 17:32:55+00:00,1.247128128965024,0.75,SPY,2026-09-18T11:09:27.324959-04:00,759.8699951171875
SPY271217P00220000,2027-12-17,put,220.0,0.79,0.8,1.0,10.0,789.0,0.48352567260742196,2026-08-20 19:49:51+00:00,1.247128128965024,0.795,SPY,2026-09-18T11:09:27.324959-04:00,759.8699951171875
SPY271217P00225000,2027-12-17,put,225.0,0.83,0.85,0.92,10.0,643.0,0.47900911621093745,2026-08-28 16:12:47+00:00,1.247128128965024,0.84,SPY,2026-09-18T11:09:27.324959-04:00,759.8699951171875
SPY271217P00230000,2027-12-17,put,230.0,1.05,1.07,1.31,1.0,1179.0,0.48560084716796875,2026-06-30 16:23:30+00:00,1.247128128965024,1.06,SPY,2026-09-18T11:09:27.324959-04:00,759.8699951171875
SPY271217P00235000,2027-12-17,put,235.0,0.92,0.94,0.91,3.0,212.0,0.4688773815917969,2026-09-03 18:55:50+00:00,1.247128128965024,0.9299999999999999,SPY,2026-09-18T11:09:27.324959-04:00,759.8699951171875
SPY271217P00240000,2027-12-17,put,240.0,0.97,0.99,1.02,6.0,332.0,0.46411668701171876,2026-09-16 19:39:34+00:00,1.247128128965024,0.98,SPY,2026-09-18T11:09:27.324959-04:00,759.8699951171875
SPY271217P00245000,2027-12-17,put,245.0,1.01,1.03,1.04,41.0,78.0,0.4587456469726563,2026-09-15 19:21:25+00:00,1.247128128965024,1.02,SPY,2026-09-18T11:09:27.324959-04:00,759.8699951171875
SPY271217P00250000,2027-12-17,put,250.0,1.06,1.08,1.04,290.0,653.0,0.4539849523925781,2026-09-03 15:12:46+00:00,1.247128128965024,1.07,SPY,2026-09-18T11:09:27.324959-04:00,759.8699951171875
SPY271217P00255000,2027-12-17,put,255.0,1.12,1.13,1.12,10.0,216.0,0.44922425781249997,2026-09-18 14:02:10+00:00,1.247128128965024,1.125,SPY,2026-09-18T11:09:27.324959-04:00,759.8699951171875
SPY271217P00260000,2027-12-17,put,260.0,1.15,1.17,1.45,1.0,126.0,0.44385321777343745,2026-08-05 14:35:10+00:00,1.247128128965024,1.16,SPY,2026-09-18T11:09:27.324959-04:00,759.8699951171875
SPY271217P00265000,2027-12-17,put,265.0,1.21,1.23,1.83,3.0,87.0,0.43958079956054685,2026-07-29 18:01:04+00:00,1.247128128965024,1.22,SPY,2026-09-18T11:09:27.324959-04:00,759.8699951171875
SPY271217P00270000,2027-12-17,put,270.0,1.28,1.3,1.32,33.0,1233.0,0.43567458862304687,2026-09-15 15:19:30+00:00,1.247128128965024,1.29,SPY,2026-09-18T11:09:27.324959-04:00,759.8699951171875
SPY271217P00275000,2027-12-17,put,275.0,1.33,1.35,1.31,4.0,219.0,0.43079182495117196,2026-09-03 18:56:09+00:00,1.247128128965024,1.34,SPY,2026-09-18T11:09:27.324959-04:00,759.8699951171875
SPY271217P00280000,2027-12-17,put,280.0,1.39,1.41,1.45,2.0,1187.0,0.42639733764648446,2026-09-16 19:00:42+00:00,1.247128128965024,1.4,SPY,2026-09-18T11:09:27.324959-04:00,759.8699951171875
SPY271217P00285000,2027-12-17,put,285.0,1.72,1.74,2.14,3.0,44.0,0.4329890686035156,2026-06-30 14:05:58+00:00,1.247128128965024,1.73,SPY,2026-09-18T11:09:27.324959-04:00,759.8699951171875
SPY271217P00290000,2027-12-17,put,290.0,1.51,1.52,1.67,1.0,81.0,0.41712008666992184,2026-08-27 15:52:32+00:00,1.247128128965024,1.5150000000000001,SPY,2026-09-18T11:09:27.324959-04:00,759.8699951171875
SPY271217P00295000,2027-12-17,put,295.0,1.57,1.59,1.54,1.0,448.0,0.41309180664062495,2026-09-03 19:19:57+00:00,1.247128128965024,1.58,SPY,2026-09-18T11:09:27.324959-04:00,759.8699951171875
SPY271217P00300000,2027-12-17,put,300.0,1.63,1.65,1.63,1.0,906.0,0.408636284790039,2026-09-17 16:47:40+00:00,1.247128128965024,1.64,SPY,2026-09-18T11:09:27.324959-04:00,759.8699951171875
SPY271217P00305000,2027-12-17,put,305.0,1.71,1.72,1.73,1.0,593.0,0.40454697021484376,2026-09-16 15:40:39+00:00,1.247128128965024,1.7149999999999999,SPY,2026-09-18T11:09:27.324959-04:00,759.8699951171875
SPY271217P00310000,2027-12-17,put,310.0,1.77,1.79,1.75,123.0,184.0,0.40039662109375,2026-09-17 13:47:48+00:00,1.247128128965024,1.78,SPY,2026-09-18T11:09:27.324959-04:00,759.8699951171875
SPY271217P00315000,2027-12-17,put,315.0,1.84,1.86,1.82,124.0,1637.0,0.39624627197265627,2026-09-17 13:47:48+00:00,1.247128128965024,1.85,SPY,2026-09-18T11:09:27.324959-04:00,759.8699951171875
SPY271217P00320000,2027-12-17,put,320.0,1.92,1.93,1.97,16.0,247.0,0.392034888305664,2026-09-16 18:51:15+00:00,1.247128128965024,1.9249999999999998,SPY,2026-09-18T11:09:27.324959-04:00,759.8699951171875
SPY271217P00325000,2027-12-17,put,325.0,1.98,2.0,1.97,249.0,1298.0,0.3878235046386719,2026-09-17 14:32:39+00:00,1.247128128965024,1.99,SPY,2026-09-18T11:09:27.324959-04:00,759.8699951171875
SPY271217P00330000,2027-12-17,put,330.0,2.06,2.08,2.12,44.0,144.0,0.3839172937011719,2026-09-16 17:08:13+00:00,1.247128128965024,2.0700000000000003,SPY,2026-09-18T11:09:27.324959-04:00,759.8699951171875
SPY271217P00335000,2027-12-17,put,335.0,2.14,2.17,2.14,250.0,594.0,0.3802552209472656,2026-09-17 15:31:10+00:00,1.247128128965024,2.1550000000000002,SPY,2026-09-18T11:09:27.324959-04:00,759.8699951171875
SPY271217P00340000,2027-12-17,put,340.0,2.22,2.24,2.29,44.0,3604.0,0.37604383728027346,2026-09-16 18:51:17+00:00,1.247128128965024,2.2300000000000004,SPY,2026-09-18T11:09:27.324959-04:00,759.8699951171875
SPY271217P00345000,2027-12-17,put,345.0,2.28,2.3,2.88,1.0,4264.0,0.37152728088378906,2026-08-05 15:50:26+00:00,1.247128128965024,2.29,SPY,2026-09-18T11:09:27.324959-04:00,759.8699951171875
SPY271217P00350000,2027-12-17,put,350.0,2.4,2.42,2.36,5.0,7440.0,0.36856710540771487,2026-09-18 13:34:11+00:00,1.247128128965024,2.41,SPY,2026-09-18T11:09:27.324959-04:00,759.8699951171875
SPY271217P00355000,2027-12-17,put,355.0,2.48,2.5,2.55,36.0,242.0,0.364538825378418,2026-09-16 17:05:14+00:00,1.247128128965024,2.49,SPY,2026-09-18T11:09:27.324959-04:00,759.8699951171875
SPY271217P00360000,2027-12-17,put,360.0,2.57,2.6,2.52,10.0,6007.0,0.36096830444335937,2026-09-03 19:56:02+00:00,1.247128128965024,2.585,SPY,2026-09-18T11:09:27.324959-04:00,759.8699951171875
SPY271217P00365000,2027-12-17,put,365.0,2.66,2.68,2.81,85.0,326.0,0.35690950714111325,2026-09-16 19:46:16+00:00,1.247128128965024,2.67,SPY,2026-09-18T11:09:27.324959-04:00,759.8699951171875
SPY271217P00370000,2027-12-17,put,370.0,2.76,2.79,2.75,1.0,3674.0,0.35352208984374994,2026-09-17 19:03:05+00:00,1.247128128965024,2.775,SPY,2026-09-18T11:09:27.324959-04:00,759.8699951171875
SPY271217P00375000,2027-12-17,put,375.0,2.86,2.89,2.94,31.0,419.0,0.3498600170898437,2026-09-16 17:08:57+00:00,1.247128128965024,2.875,SPY,2026-09-18T11:09:27.324959-04:00,759.8699951171875
SPY271217P00380000,2027-12-17,put,380.0,2.96,2.99,3.65,3.0,4003.0,0.3461674270629882,2026-08-17 17:57:04+00:00,1.247128128965024,2.975,SPY,2026-09-18T11:09:27.324959-04:00,759.8699951171875
SPY271217P00385000,2027-12-17,put,385.0,3.06,3.09,3.05,47.0,798.0,0.34244431976318357,2026-09-17 19:38:42+00:00,1.247128128965024,3.075,SPY,2026-09-18T11:09:27.324959-04:00,759.8699951171875
SPY271217P00390000,2027-12-17,put,390.0,3.18,3.2,3.16,1.0,252.0,0.3389043161010742,2026-09-17 16:47:08+00:00,1.247128128965024,3.1900000000000004,SPY,2026-09-18T11:09:27.324959-04:00,759.8699951171875
SPY271217P00395000,2027-12-17,put,395.0,3.28,3.31,3.96,1.0,183.0,0.3353337951660156,2026-08-19 15:58:30+00:00,1.247128128965024,3.295,SPY,2026-09-18T11:09:27.324959-04:00,759.8699951171875
SPY271217P00400000,2027-12-17,put,400.0,3.4,3.42,3.43,70.0,10009.0,0.33173275695800786,2026-09-14 16:55:07+00:00,1.247128128965024,3.41,SPY,2026-09-18T11:09:27.324959-04:00,759.8699951171875
SPY271217P00405000,2027-12-17,put,405.0,3.52,3.54,3.73,50.0,517.0,0.3282537878417968,2026-09-16 19:46:16+00:00,1.247128128965024,3.5300000000000002,SPY,2026-09-18T11:09:27.324959-04:00,759.8699951171875
SPY271217P00410000,2027-12-17,put,410.0,3.64,3.67,3.87,68.0,9773.0,0.3249579223632812,2026-09-16 19:45:10+00:00,1.247128128965024,3.6550000000000002,SPY,2026-09-18T11:09:27.324959-04:00,759.8699951171875
SPY271217P00415000,2027-12-17,put,415.0,3.77,3.79,4.15,1.0,1031.0,0.32141791870117187,2026-08-28 14:02:09+00:00,1.247128128965024,3.7800000000000002,SPY,2026-09-18T11:09:27.324959-04:00,759.8699951171875
SPY271217P00420000,2027-12-17,put,420.0,3.89,3.93,4.11,1.0,951.0,0.31818308776855464,2026-09-14 14:53:51+00:00,1.247128128965024,3.91,SPY,2026-09-18T11:09:27.324959-04:00,759.8699951171875
SPY271217P00425000,2027-12-17,put,425.0,4.03,4.07,4.06,10.0,1665.0,0.3149177395629882,2026-09-18 14:47:20+00:00,1.247128128965024,4.050000000000001,SPY,2026-09-18T11:09:27.324959-04:00,759.8699951171875
SPY271217P00430000,2027-12-17,put,430.0,4.17,4.2,4.07,88.0,908.0,0.3114692877197265,2026-09-03 20:10:14+00:00,1.247128128965024,4.1850000000000005,SPY,2026-09-18T11:09:27.324959-04:00,759.8699951171875
SPY271217P00435000,2027-12-17,put,435.0,4.32,4.35,4.69,1.0,126.0,0.3082649740600586,2026-09-10 14:15:46+00:00,1.247128128965024,4.335,SPY,2026-09-18T11:09:27.324959-04:00,759.8699951171875
SPY271217P00440000,2027-12-17,put,440.0,4.46,4.49,4.78,7.0,1962.0,0.30486229812622073,2026-09-16 19:34:54+00:00,1.247128128965024,4.475,SPY,2026-09-18T11:09:27.324959-04:00,759.8699951171875
SPY271217P00445000,2027-12-17,put,445.0,4.62,4.65,4.75,20.0,728.0,0.30170376037597657,2026-09-16 17:11:49+00:00,1.247128128965024,4.635,SPY,2026-09-18T11:09:27.324959-04:00,759.8699951171875
SPY271217P00450000,2027-12-17,put,450.0,4.78,4.82,4.75,4.0,10488.0,0.2986520330810546,2026-09-17 19:21:24+00:00,1.247128128965024,4.800000000000001,SPY,2026-09-18T11:09:27.324959-04:00,759.8699951171875
SPY271217P00455000,2027-12-17,put,455.0,4.95,4.98,5.29,10.0,7351.0,0.2954172021484375,2026-09-16 19:35:00+00:00,1.247128128965024,4.965,SPY,2026-09-18T11:09:27.324959-04:00,759.8699951171875
SPY271217P00460000,2027-12-17,put,460.0,5.12,5.15,5.25,36.0,10426.0,0.29224340576171864,2026-09-16 17:13:56+00:00,1.247128128965024,5.135,SPY,2026-09-18T11:09:27.324959-04:00,759.8699951171875
SPY271217P00465000,2027-12-17,put,465.0,5.3,5.33,5.67,14.0,1010.0,0.2891764198303222,2026-09-16 19:34:54+00:00,1.247128128965024,5.3149999999999995,SPY,2026-09-18T11:09:27.324959-04:00,759.8699951171875
SPY271217P00470000,2027-12-17,put,470.0,5.48,5.52,5.66,33.0,758.0,0.2861704684448242,2026-09-15 18:55:26+00:00,1.247128128965024,5.5,SPY,2026-09-18T11:09:27.324959-04:00,759.8699951171875
SPY271217P00475000,2027-12-17,put,475.0,5.68,5.72,5.9,4.0,950.0,0.28321029296874994,2026-09-16 18:52:20+00:00,1.247128128965024,5.699999999999999,SPY,2026-09-18T11:09:27.324959-04:00,759.8699951171875
SPY271217P00480000,2027-12-17,put,480.0,5.86,5.9,6.07,16.0,4834.0,0.27997546203613277,2026-09-15 19:34:09+00:00,1.247128128965024,5.880000000000001,SPY,2026-09-18T11:09:27.324959-04:00,759.8699951171875
SPY271217P00485000,2027-12-17,put,485.0,6.07,6.11,6.35,8.0,478.0,0.2770458038330078,2026-09-15 15:11:52+00:00,1.247128128965024,6.09,SPY,2026-09-18T11:09:27.324959-04:00,759.8699951171875
SPY271217P00490000,2027-12-17,put,490.0,6.28,6.33,6.75,3.0,535.0,0.2741466629028321,2026-09-16 19:34:54+00:00,1.247128128965024,6.305,SPY,2026-09-18T11:09:27.324959-04:00,759.8699951171875
SPY271217P00495000,2027-12-17,put,495.0,6.51,6.56,6.4,25.0,1508.0,0.27129329788208006,2026-09-17 13:30:20+00:00,1.247128128965024,6.535,SPY,2026-09-18T11:09:27.324959-04:00,759.8699951171875
SPY271217P00500000,2027-12-17,put,500.0,6.74,6.79,6.71,2009.0,17159.0,0.2683788983154296,2026-09-17 19:35:46+00:00,1.247128128965024,6.765000000000001,SPY,2026-09-18T11:09:27.324959-04:00,759.8699951171875
SPY271217P00505000,2027-12-17,put,505.0,6.98,7.03,7.52,1.0,803.0,0.2654950160217285,2026-09-16 19:39:31+00:00,1.247128128965024,7.005000000000001,SPY,2026-09-18T11:09:27.324959-04:00,759.8699951171875
SPY271217P00510000,2027-12-17,put,510.0,7.23,7.28,7.18,1.0,2217.0,0.2626569096374512,2026-09-17 19:41:36+00:00,1.247128128965024,7.255000000000001,SPY,2026-09-18T11:09:27.324959-04:00,759.8699951171875
SPY271217P00515000,2027-12-17,put,515.0,7.49,7.53,7.63,1.0,5637.0,0.25974251007080085,2026-09-14 19:35:00+00:00,1.247128128965024,7.51,SPY,2026-09-18T11:09:27.324959-04:00,759.8699951171875
SPY271217P00520000,2027-12-17,put,520.0,7.75,7.8,7.71,3.0,2206.0,0.2569501795959473,2026-09-18 13:40:08+00:00,1.247128128965024,7.775,SPY,2026-09-18T11:09:27.324959-04:00,759.8699951171875
SPY271217P00525000,2027-12-17,put,525.0,8.03,8.08,7.99,3.0,2035.0,0.25418836639404296,2026-09-17 19:35:46+00:00,1.247128128965024,8.055,SPY,2026-09-18T11:09:27.324959-04:00,759.8699951171875
SPY271217P00530000,2027-12-17,put,530.0,8.32,8.37,8.68,51.0,10578.0,0.25142655319213864,2026-09-15 19:27:29+00:00,1.247128128965024,8.344999999999999,SPY,2026-09-18T11:09:27.324959-04:00,759.8699951171875
SPY271217P00535000,2027-12-17,put,535.0,8.63,8.68,9.03,9.0,1011.0,0.24875629180908204,2026-09-15 16:07:18+00:00,1.247128128965024,8.655000000000001,SPY,2026-09-18T11:09:27.324959-04:00,759.8699951171875
SPY271217P00540000,2027-12-17,put,540.0,8.94,9.0,8.82,11.0,4085.0,0.2461012890625,2026-09-16 20:01:53+00:00,1.247128128965024,8.969999999999999,SPY,2026-09-18T11:09:27.324959-04:00,759.8699951171875
SPY271217P00545000,2027-12-17,put,545.0,9.27,9.32,9.61,36.0,7377.0,0.2433547344970703,2026-09-15 19:02:53+00:00,1.247128128965024,9.295,SPY,2026-09-18T11:09:27.324959-04:00,759.8699951171875
SPY271217P00550000,2027-12-17,put,550.0,9.61,9.66,9.58,4.0,4885.0,0.24069973175048825,2026-09-17 14:39:19+00:00,1.247128128965024,9.635,SPY,2026-09-18T11:09:27.324959-04:00,759.8699951171875
SPY271217P00555000,2027-12-17,put,555.0,9.96,10.01,10.01,2.0,1180.0,0.2380294703674316,2026-09-18 14:34:16+00:00,1.247128128965024,9.985,SPY,2026-09-18T11:09:27.324959-04:00,759.8699951171875
SPY271217P00560000,2027-12-17,put,560.0,10.32,10.38,11.04,5.0,1002.0,0.23543550216674802,2026-09-16 19:50:22+00:00,1.247128128965024,10.350000000000001,SPY,2026-09-18T11:09:27.324959-04:00,759.8699951171875
SPY271217P00565000,2027-12-17,put,565.0,10.7,10.76,11.13,1.0,1455.0,0.2328110166931152,2026-09-15 19:36:18+00:00,1.247128128965024,10.73,SPY,2026-09-18T11:09:27.324959-04:00,759.8699951171875
SPY271217P00570000,2027-12-17,put,570.0,11.09,11.15,10.98,21.0,1674.0,0.2301865312194824,2026-09-17 19:35:47+00:00,1.247128128965024,11.120000000000001,SPY,2026-09-18T11:09:27.324959-04:00,759.8699951171875
SPY271217P00575000,2027-12-17,put,575.0,11.51,11.57,11.43,18.0,3096.0,0.22765359756469727,2026-09-17 19:40:44+00:00,1.247128128965024,11.54,SPY,2026-09-18T11:09:27.324959-04:00,759.8699951171875
SPY271217P00580000,2027-12-17,put,580.0,11.92,11.98,12.01,1.0,2384.0,0.2249909654998779,2026-09-18 14:42:18+00:00,1.247128128965024,11.95,SPY,2026-09-18T11:09:27.324959-04:00,759.8699951171875
SPY271217P00585000,2027-12-17,put,585.0,12.38,12.44,12.27,32.0,2009.0,0.2225419543457031,2026-09-17 19:49:43+00:00,1.247128128965024,12.41,SPY,2026-09-18T11:09:27.324959-04:00,759.8699951171875
SPY271217P00590000,2027-12-17,put,590.0,12.83,12.9,12.71,39.0,1800.0,0.21999376205444332,2026-09-17 19:49:57+00:00,1.247128128965024,12.865,SPY,2026-09-18T11:09:27.324959-04:00,759.8699951171875
SPY271217P00595000,2027-12-17,put,595.0,13.31,13.37,13.2,22.0,1015.0,0.21741505249023438,2026-09-17 19:50:10+00:00,1.247128128965024,13.34,SPY,2026-09-18T11:09:27.324959-04:00,759.8699951171875
SPY271217P00600000,2027-12-17,put,600.0,13.81,13.87,13.74,5.0,8937.0,0.21491263610839845,2026-09-18 13:37:13+00:00,1.247128128965024,13.84,SPY,2026-09-18T11:09:27.324959-04:00,759.8699951171875
SPY271217P00605000,2027-12-17,put,605.0,14.31,14.38,15.45,72.0,1249.0,0.21237970245361326,2026-09-16 19:34:54+00:00,1.247128128965024,14.345,SPY,2026-09-18T11:09:27.324959-04:00,759.8699951171875
SPY271217P00610000,2027-12-17,put,610.0,14.84,14.92,14.7,104.0,2540.0,0.20990017402648922,2026-09-17 19:46:38+00:00,1.247128128965024,14.879999999999999,SPY,2026-09-18T11:09:27.324959-04:00,759.8699951171875
SPY271217P00615000,2027-12-17,put,615.0,15.39,15.46,15.8,67.0,3047.0,0.20732909378051756,2026-09-16 17:26:12+00:00,1.247128128965024,15.425,SPY,2026-09-18T11:09:27.324959-04:00,759.8699951171875
SPY271217P00620000,2027-12-17,put,620.0,15.98,16.06,15.76,18.0,1509.0,0.20495637580871578,2026-09-17 19:55:00+00:00,1.247128128965024,16.02,SPY,2026-09-18T11:09:27.324959-04:00,759.8699951171875
SPY271217P00625000,2027-12-17,put,625.0,16.57,16.65,16.96,1.0,2151.0,0.20243107147216793,2026-09-14 16:42:39+00:00,1.247128128965024,16.61,SPY,2026-09-18T11:09:27.324959-04:00,759.8699951171875
SPY271217P00630000,2027-12-17,put,630.0,17.19,17.28,17.06,72.0,3628.0,0.19998968963623048,2026-09-17 19:46:46+00:00,1.247128128965024,17.235,SPY,2026-09-18T11:09:27.324959-04:00,759.8699951171875
SPY271217P00635000,2027-12-17,put,635.0,17.84,17.92,17.68,41.0,1171.0,0.19748727325439452,2026-09-17 19:42:01+00:00,1.247128128965024,17.880000000000003,SPY,2026-09-18T11:09:27.324959-04:00,759.8699951171875
SPY271217P00640000,2027-12-17,put,640.0,18.51,18.6,18.63,1.0,2288.0,0.19506115005493163,2026-09-18 14:42:18+00:00,1.247128128965024,18.555,SPY,2026-09-18T11:09:27.324959-04:00,759.8699951171875
SPY271217P00645000,2027-12-17,put,645.0,19.21,19.3,19.05,14.0,5289.0,0.1926045095825195,2026-09-17 19:41:03+00:00,1.247128128965024,19.255000000000003,SPY,2026-09-18T11:09:27.324959-04:00,759.8699951171875
SPY271217P00650000,2027-12-17,put,650.0,19.93,20.02,20.06,1.0,3106.0,0.19013261047363283,2026-09-18 14:35:03+00:00,1.247128128965024,19.975,SPY,2026-09-18T11:09:27.324959-04:00,759.8699951171875
SPY271217P00655000,2027-12-17,put,655.0,20.69,20.77,21.85,5.0,828.0,0.1876607113647461,2026-09-15 15:01:43+00:00,1.247128128965024,20.73,SPY,2026-09-18T11:09:27.324959-04:00,759.8699951171875
SPY271217P00660000,2027-12-17,put,660.0,21.44,21.53,21.24,1.0,3107.0,0.1851201483917236,2026-09-17 19:51:29+00:00,1.247128128965024,21.485,SPY,2026-09-18T11:09:27.324959-04:00,759.8699951171875
SPY271217P00665000,2027-12-17,put,665.0,22.27,22.36,22.2,1.0,1606.0,0.18273217178344725,2026-09-17 16:27:36+00:00,1.247128128965024,22.314999999999998,SPY,2026-09-18T11:09:27.324959-04:00,759.8699951171875
SPY271217P00670000,2027-12-17,put,670.0,23.11,23.22,22.89,4.0,1278.0,0.18033656585693358,2026-09-17 19:40:43+00:00,1.247128128965024,23.165,SPY,2026-09-18T11:09:27.324959-04:00,759.8699951171875
SPY271217P00675000,2027-12-17,put,675.0,23.98,24.08,23.95,2.0,362.0,0.17781889083862307,2026-09-17 15:42:46+00:00,1.247128128965024,24.03,SPY,2026-09-18T11:09:27.324959-04:00,759.8699951171875
SPY271217P00680000,2027-12-17,put,680.0,24.9,25.0,26.94,31.0,2395.0,0.17539276763916017,2026-09-16 19:33:12+00:00,1.247128128965024,24.95,SPY,2026-09-18T11:09:27.324959-04:00,759.8699951171875
SPY271217P00685000,2027-12-17,put,685.0,25.79,25.9,25.53,17.0,1088.0,0.17276065284729006,2026-09-17 19:39:01+00:00,1.247128128965024,25.845,SPY,2026-09-18T11:09:27.324959-04:00,759.8699951171875
SPY271217P00690000,2027-12-17,put,690.0,26.81,26.92,26.57,17.0,6719.0,0.17042226680755618,2026-09-17 19:31:41+00:00,1.247128128965024,26.865000000000002,SPY,2026-09-18T11:09:27.324959-04:00,759.8699951171875
SPY271217P00695000,2027-12-17,put,695.0,27.8,27.91,27.69,1.0,1894.0,0.16783592792510993,2026-09-18 13:48:57+00:00,1.247128128965024,27.855,SPY,2026-09-18T11:09:27.324959-04:00,759.8699951171875
SPY271217P00700000,2027-12-17,put,700.0,28.83,28.93,28.55,735.0,4259.0,0.1652152571105957,2026-09-17 19:36:10+00:00,1.247128128965024,28.88,SPY,2026-09-18T11:09:27.324959-04:00,759.8699951171875
SPY271217P00705000,2027-12-17,put,705.0,29.91,30.11,29.87,2.0,1211.0,0.16297986686706545,2026-09-17 13:50:46+00:00,1.247128128965024,30.009999999999998,SPY,2026-09-18T11:09:27.324959-04:00,759.8699951171875
SPY271217P00710000,2027-12-17,put,710.0,31.06,31.25,31.22,1.0,1120.0,0.1604545625305176,2026-09-18 14:00:46+00:00,1.247128128965024,31.155,SPY,2026-09-18T11:09:27.324959-04:00,759.8699951171875
SPY271217P00715000,2027-12-17,put,715.0,32.22,32.42,31.95,24.0,680.0,0.15787203830718993,2026-09-17 19:28:29+00:00,1.247128128965024,32.32,SPY,2026-09-18T11:09:27.324959-04:00,759.8699951171875
SPY271217P00720000,2027-12-17,put,720.0,33.43,33.66,33.13,17.0,7937.0,0.15535054862976075,2026-09-17 19:00:59+00:00,1.247128128965024,33.545,SPY,2026-09-18T11:09:27.324959-04:00,759.8699951171875
SPY271217P00725000,2027-12-17,put,725.0,34.7,34.93,34.43,136.0,1123.0,0.1527527657699585,2026-09-17 19:35:46+00:00,1.247128128965024,34.815,SPY,2026-09-18T11:09:27.324959-04:00,759.8699951171875
SPY271217P00730000,2027-12-17,put,730.0,36.02,36.23,35.65,33.0,806.0,0.15007487506866457,2026-09-17 20:06:36+00:00,1.247128128965024,36.125,SPY,2026-09-18T11:09:27.324959-04:00,759.8699951171875
SPY271217P00735000,2027-12-17,put,735.0,37.39,37.6,36.97,16.0,543.0,0.14743131629943848,2026-09-17 19:04:50+00:00,1.247128128965024,37.495000000000005,SPY,2026-09-18T11:09:27.324959-04:00,759.8699951171875
SPY271217P00740000,2027-12-17,put,740.0,38.81,39.03,38.56,14.0,545.0,0.14478394287109375,2026-09-17 20:10:03+00:00,1.247128128965024,38.92,SPY,2026-09-18T11:09:27.324959-04:00,759.8699951171875
SPY271217P00745000,2027-12-17,put,745.0,40.29,40.47,41.9,2.0,719.0,0.1419687244415283,2026-09-15 16:28:50+00:00,1.247128128965024,40.379999999999995,SPY,2026-09-18T11:09:27.324959-04:00,759.8699951171875
SPY271217P00750000,2027-12-17,put,750.0,41.83,42.05,43.61,2.0,1532.0,0.1393633122634888,2026-09-15 19:58:06+00:00,1.247128128965024,41.94,SPY,2026-09-18T11:09:27.324959-04:00,759.8699951171875
SPY271217P00755000,2027-12-17,put,755.0,43.44,43.65,42.98,2.0,285.0,0.13660531372070314,2026-09-17 13:32:54+00:00,1.247128128965024,43.545,SPY,2026-09-18T11:09:27.324959-04:00,759.8699951171875
SPY271217P00760000,2027-12-17,put,760.0,45.12,45.34,45.32,12.0,2315.0,0.13388164710998537,2026-09-18 14:51:06+00:00,1.247128128965024,45.230000000000004,SPY,2026-09-18T11:09:27.324959-04:00,759.8699951171875
SPY271217P00765000,2027-12-17,put,765.0,46.84,47.1,46.41,56.0,2898.0,0.13112746322631835,2026-09-17 19:35:46+00:00,1.247128128965024,46.97,SPY,2026-09-18T11:09:27.324959-04:00,759.8699951171875
SPY271217P00770000,2027-12-17,put,770.0,48.63,48.87,48.59,2.0,532.0,0.12814821445465086,2026-09-17 15:40:12+00:00,1.247128128965024,48.75,SPY,2026-09-18T11:09:27.324959-04:00,759.8699951171875
SPY271217P00775000,2027-12-17,put,775.0,50.53,50.75,50.35,55.0,1246.0,0.12522618556976317,2026-09-17 14:24:22+00:00,1.247128128965024,50.64,SPY,2026-09-18T11:09:27.324959-04:00,759.8699951171875
SPY271217P00780000,2027-12-17,put,780.0,52.55,52.79,52.77,10.0,647.0,0.12249107498168946,2026-09-18 14:51:06+00:00,1.247128128965024,52.67,SPY,2026-09-18T11:09:27.324959-04:00,759.8699951171875
SPY271217P00785000,2027-12-17,put,785.0,54.65,54.95,54.37,1.0,250.0,0.1198131842803955,2026-09-17 14:25:46+00:00,1.247128128965024,54.8,SPY,2026-09-18T11:09:27.324959-04:00,759.8699951171875
SPY271217P00790000,2027-12-17,put,790.0,56.73,57.01,58.07,1.0,150.0,0.1165096894836426,2026-09-16 18:31:28+00:00,1.247128128965024,56.87,SPY,2026-09-18T11:09:27.324959-04:00,759.8699951171875
SPY271217P00795000,2027-12-17,put,795.0,59.03,59.36,58.55,20.0,448.0,0.11373261764526366,2026-09-17 19:32:58+00:00,1.247128128965024,59.195,SPY,2026-09-18T11:09:27.324959-04:00,759.8699951171875
SPY271217P00800000,2027-12-17,put,800.0,61.4,61.74,64.02,5.0,743.0,0.11067707569122313,2026-09-10 15:33:58+00:00,1.247128128965024,61.57,SPY,2026-09-18T11:09:27.324959-04:00,759.8699951171875
SPY271217P00805000,2027-12-17,put,805.0,63.88,64.23,69.61,1.0,3114.0,0.10756049919128419,2026-09-16 19:33:30+00:00,1.247128128965024,64.055,SPY,2026-09-18T11:09:27.324959-04:00,759.8699951171875
SPY271217P00810000,2027-12-17,put,810.0,66.5,66.78,61.82,6.0,660.0,0.1041883405303955,2026-09-03 18:39:22+00:00,1.247128128965024,66.64,SPY,2026-09-18T11:09:27.324959-04:00,759.8699951171875
SPY271217P00815000,2027-12-17,put,815.0,69.22,69.55,70.38,2.0,6528.0,0.10105269073486328,2026-09-14 15:37:54+00:00,1.247128128965024,69.38499999999999,SPY,2026-09-18T11:09:27.324959-04:00,759.8699951171875
SPY271217P00820000,2027-12-17,put,820.0,72.04,72.38,72.45,2.0,4576.0,0.09758898025512697,2026-09-14 19:05:37+00:00,1.247128128965024,72.21000000000001,SPY,2026-09-18T11:09:27.324959-04:00,759.8699951171875
SPY271217P00825000,2027-12-17,put,825.0,74.99,75.31,73.47,4.0,1831.0,0.09385824363708495,2026-09-11 15:33:56+00:00,1.247128128965024,75.15,SPY,2026-09-18T11:09:27.324959-04:00,759.8699951171875
SPY271217P00830000,2027-12-17,put,830.0,75.78,80.5,79.85,4.0,3793.0,0.09844346389770509,2026-09-16 16:38:36+00:00,1.247128128965024,78.14,SPY,2026-09-18T11:09:27.324959-04:00,759.8699951171875
SPY271217P00835000,2027-12-17,put,835.0,79.04,84.0,78.72,2.0,738.0,0.09616229774475099,2026-09-08 19:14:59+00:00,1.247128128965024,81.52000000000001,SPY,2026-09-18T11:09:27.324959-04:00,759.8699951171875
SPY271217P00840000,2027-12-17,put,840.0,82.5,87.48,87.6,2.0,1021.0,0.09320212226867677,2026-09-15 14:12:08+00:00,1.247128128965024,84.99000000000001,SPY,2026-09-18T11:09:27.324959-04:00,759.8699951171875
SPY271217P00845000,2027-12-17,put,845.0,86.13,91.0,96.8,2.0,5004.0,0.08966974792480469,2026-09-16 19:13:26+00:00,1.247128128965024,88.565,SPY,2026-09-18T11:09:27.324959-04:00,759.8699951171875
SPY271217P00850000,2027-12-17,put,850.0,90.0,94.94,96.55,1.0,8163.0,0.08743435768127442,2026-09-15 19:51:19+00:00,1.247128128965024,92.47,SPY,2026-09-18T11:09:27.324959-04:00,759.8699951171875
SPY271217P00855000,2027-12-17,put,855.0,94.0,98.96,93.51,4.0,369.0,0.08491668266296387,2026-09-11 15:33:56+00:00,1.247128128965024,96.47999999999999,SPY,2026-09-18T11:09:27.324959-04:00,759.8699951171875
SPY271217P00860000,2027-12-17,put,860.0,98.29,103.0,112.0,2.0,1556.0,0.08161318786621095,2026-09-16 19:26:27+00:00,1.247128128965024,100.64500000000001,SPY,2026-09-18T11:09:27.324959-04:00,759.8699951171875
SPY271217P00865000,2027-12-17,put,865.0,103.0,107.79,104.5,1.0,4262.0,0.08288728401184084,2026-09-17 18:42:40+00:00,1.247128128965024,105.39500000000001,SPY,2026-09-18T11:09:27.324959-04:00,759.8699951171875
SPY271217P00870000,2027-12-17,put,870.0,107.73,112.5,100.02,1.0,27.0,0.08338318969726566,2026-08-28 15:34:26+00:00,1.247128128965024,110.11500000000001,SPY,2026-09-18T11:09:27.324959-04:00,759.8699951171875
SPY271217P00875000,2027-12-17,put,875.0,112.7,117.5,103.99,1.0,13.0,0.08602293380737305,2026-08-28 15:34:26+00:00,1.247128128965024,115.1,SPY,2026-09-18T11:09:27.324959-04:00,759.8699951171875
SPY271217P00880000,2027-12-17,put,880.0,117.72,122.5,109.57,4.0,2.0,0.08863216064453125,2026-08-12 19:33:16+00:00,1.247128128965024,120.11,SPY,2026-09-18T11:09:27.324959-04:00,759.8699951171875
SPY271217P00885000,2027-12-17,put,885.0,122.7,127.5,117.59,2.0,1.0,0.09121087020874025,2026-08-18 13:44:51+00:00,1.247128128965024,125.1,SPY,2026-09-18T11:09:27.324959-04:00,759.8699951171875
SPY271217P00890000,2027-12-17,put,890.0,127.81,132.5,118.41,2.0,2.0,0.0937590625,2026-08-12 16:19:24+00:00,1.247128128965024,130.155,SPY,2026-09-18T11:09:27.324959-04:00,759.8699951171875
SPY271217P00895000,2027-12-17,put,895.0,132.7,137.5,128.02,1.0,6.0,0.09626147888183595,2026-09-08 15:11:27+00:00,1.247128128965024,135.1,SPY,2026-09-18T11:09:27.324959-04:00,759.8699951171875
SPY271217P00900000,2027-12-17,put,900.0,134.0,138.77,158.96,2.0,1.0,1.0000000000000003e-05,2026-06-29 19:20:40+00:00,1.247128128965024,136.385,SPY,2026-09-18T11:09:27.324959-04:00,759.8699951171875
SPY271217P00905000,2027-12-17,put,905.0,142.7,147.5,129.02,2.0,0.0,0.10122053573608397,2026-08-17 13:41:23+00:00,1.247128128965024,145.1,SPY,2026-09-18T11:09:27.324959-04:00,759.8699951171875
SPY271217P00910000,2027-12-17,put,910.0,147.7,152.5,142.3,9.0,11.0,0.10364665893554686,2026-08-31 13:30:26+00:00,1.247128128965024,150.1,SPY,2026-09-18T11:09:27.324959-04:00,759.8699951171875
SPY271217P00915000,2027-12-17,put,915.0,224.11,229.0,217.85,14.0,0.0,0.37291581680297853,2026-01-28 14:38:54+00:00,1.247128128965024,226.555,SPY,2026-09-18T11:09:27.324959-04:00,759.8699951171875
SPY271217P00920000,2027-12-17,put,920.0,158.0,162.8,153.94,1.0,0.0,0.11115390808105467,2026-08-31 19:06:06+00:00,1.247128128965024,160.4,SPY,2026-09-18T11:09:27.324959-04:00,759.8699951171875
SPY271217P00925000,2027-12-17,put,925.0,241.0,245.91,239.26,0.0,0.0,0.4015639067840576,2025-10-28 13:53:31+00:00,1.247128128965024,243.45499999999998,SPY,2026-09-18T11:09:27.324959-04:00,759.8699951171875
SPY271217P00930000,2027-12-17,put,930.0,158.5,163.42,155.56,0.0,0.0,1.0000000000000003e-05,2026-08-05 14:45:08+00:00,1.247128128965024,160.95999999999998,SPY,2026-09-18T11:09:27.324959-04:00,759.8699951171875
SPY271217P00935000,2027-12-17,put,935.0,169.0,173.77,192.63,2.0,0.0,1.0000000000000003e-05,2026-07-02 19:14:22+00:00,1.247128128965024,171.385,SPY,2026-09-18T11:09:27.324959-04:00,759.8699951171875
SPY271217P00995000,2027-12-17,put,995.0,330.5,335.36,350.09,1.0,0.0,0.5031177618408205,2025-08-22 16:28:29+00:00,1.247128128965024,332.93,SPY,2026-09-18T11:09:27.324959-04:00,759.8699951171875
SPY271217P01000000,2027-12-17,put,1000.0,0.0,0.0,340.43,1.0,0.0,1.0000000000000003e-05,2026-03-25 13:30:58+00:00,1.247128128965024,0.0,SPY,2026-09-18T11:09:27.324959-04:00,759.8699951171875
SPY271217P01005000,2027-12-17,put,1005.0,327.27,332.0,341.44,4.0,0.0,0.47664402755737306,2025-10-17 14:17:00+00:00,1.247128128965024,329.635,SPY,2026-09-18T11:09:27.324959-04:00,759.8699951171875
SPY271217P01025000,2027-12-17,put,1025.0,262.77,267.5,251.66,0.0,0.0,0.15371024520874021,2026-08-12 19:07:14+00:00,1.247128128965024,265.135,SPY,2026-09-18T11:09:27.324959-04:00,759.8699951171875
SPY271217P01085000,2027-12-17,put,1085.0,322.69,327.5,311.47,0.0,0.0,0.1763693203735352,2026-08-12 19:07:14+00:00,1.247128128965024,325.095,SPY,2026-09-18T11:09:27.324959-04:00,759.8699951171875
SPY271217P01300000,2027-12-17,put,1300.0,0.0,0.0,612.0,1.0,0.0,1.0000000000000003e-05,2026-02-20 19:49:19+00:00,1.247128128965024,0.0,SPY,2026-09-18T11:09:27.324959-04:00,759.8699951171875
SPY271217P01340000,2027-12-17,put,1340.0,657.66,662.78,656.0,0.0,0.0,0.625728535232544,2025-12-04 20:52:08+00:00,1.247128128965024,660.22,SPY,2026-09-18T11:09:27.324959-04:00,759.8699951171875
SPY280616C00050000,2028-06-16,call,50.0,687.07,692.0,687.33,1.0,3.0,1.0000000000000003e-05,2026-06-23 13:46:16+00:00,1.7457582659513253,689.5350000000001,SPY,2026-09-18T11:09:27.324959-04:00,759.8699951171875
SPY280616C00055000,2028-06-16,call,55.0,0.0,0.0,692.5,1.0,0.0,1.0000000000000003e-05,2026-05-27 18:04:33+00:00,1.7457582659513253,0.0,SPY,2026-09-18T11:09:27.324959-04:00,759.8699951171875
SPY280616C00060000,2028-06-16,call,60.0,676.0,680.5,637.05,1.0,0.0,1.0000000000000003e-05,2026-04-15 16:51:51+00:00,1.7457582659513253,678.25,SPY,2026-09-18T11:09:27.324959-04:00,759.8699951171875
SPY280616C00065000,2028-06-16,call,65.0,643.55,648.5,584.47,2.0,0.0,1.0000000000000003e-05,2026-03-20 18:41:02+00:00,1.7457582659513253,646.025,SPY,2026-09-18T11:09:27.324959-04:00,759.8699951171875
SPY280616C00070000,2028-06-16,call,70.0,0.0,0.0,567.09,1.0,0.0,1.0000000000000003e-05,2026-03-27 17:53:29+00:00,1.7457582659513253,0.0,SPY,2026-09-18T11:09:27.324959-04:00,759.8699951171875
SPY280616C00075000,2028-06-16,call,75.0,0.0,0.0,559.61,1.0,0.0,1.0000000000000003e-05,2026-03-30 17:43:12+00:00,1.7457582659513253,0.0,SPY,2026-09-18T11:09:27.324959-04:00,759.8699951171875
SPY280616C00080000,2028-06-16,call,80.0,678.0,682.88,683.86,20.0,0.0,0.7065459033203125,2026-09-09 15:00:17+00:00,1.7457582659513253,680.44,SPY,2026-09-18T11:09:27.324959-04:00,759.8699951171875
SPY280616C00105000,2028-06-16,call,105.0,653.32,658.0,666.0,0.0,0.0,0.6452672192382812,2026-08-27 16:27:45+00:00,1.7457582659513253,655.6600000000001,SPY,2026-09-18T11:09:27.324959-04:00,759.8699951171875
SPY280616C00115000,2028-06-16,call,115.0,643.46,648.0,645.07,0.0,0.0,0.622074091796875,2026-09-10 14:24:40+00:00,1.7457582659513253,645.73,SPY,2026-09-18T11:09:27.324959-04:00,759.8699951171875
SPY280616C00135000,2028-06-16,call,135.0,0.0,0.0,553.94,44.0,0.0,1.0000000000000003e-05,2026-02-09 14:31:09+00:00,1.7457582659513253,0.0,SPY,2026-09-18T11:09:27.324959-04:00,759.8699951171875
SPY280616C00140000,2028-06-16,call,140.0,0.0,0.0,551.5,132.0,0.0,1.0000000000000003e-05,2026-02-09 15:04:54+00:00,1.7457582659513253,0.0,SPY,2026-09-18T11:09:27.324959-04:00,759.8699951171875
SPY280616C00150000,2028-06-16,call,150.0,0.0,0.0,608.0,0.0,0.0,1.0000000000000003e-05,2026-06-03 19:56:04+00:00,1.7457582659513253,0.0,SPY,2026-09-18T11:09:27.324959-04:00,759.8699951171875
SPY280616C00155000,2028-06-16,call,155.0,532.0,536.0,531.5,0.0,0.0,1.0000000000000003e-05,2025-12-10 19:40:08+00:00,1.7457582659513253,534.0,SPY,2026-09-18T11:09:27.324959-04:00,759.8699951171875
SPY280616C00160000,2028-06-16,call,160.0,601.05,606.0,600.67,40.0,2.0,0.6428258374023439,2026-09-16 13:44:29+00:00,1.7457582659513253,603.525,SPY,2026-09-18T11:09:27.324959-04:00,759.8699951171875
SPY280616C00165000,2028-06-16,call,165.0,596.52,601.0,601.28,3.0,9.0,0.6375158319091796,2026-09-17 19:58:12+00:00,1.7457582659513253,598.76,SPY,2026-09-18T11:09:27.324959-04:00,759.8699951171875
SPY280616C00180000,2028-06-16,call,180.0,563.0,567.0,536.35,6.0,6.0,1.0000000000000003e-05,2026-04-17 15:50:10+00:00,1.7457582659513253,565.0,SPY,2026-09-18T11:09:27.324959-04:00,759.8699951171875
SPY280616C00190000,2028-06-16,call,190.0,554.0,558.0,547.55,1.0,2.0,1.0000000000000003e-05,2026-05-06 18:11:58+00:00,1.7457582659513253,556.0,SPY,2026-09-18T11:09:27.324959-04:00,759.8699951171875
SPY280616C00195000,2028-06-16,call,195.0,563.5,567.5,544.95,1.0,1.0,0.5315598602294922,2026-05-12 17:19:11+00:00,1.7457582659513253,565.5,SPY,2026-09-18T11:09:27.324959-04:00,759.8699951171875
SPY280616C00200000,2028-06-16,call,200.0,567.29,572.0,559.5,1.0,20.0,0.6776765631103516,2026-07-10 16:04:48+00:00,1.7457582659513253,569.645,SPY,2026-09-18T11:09:27.324959-04:00,759.8699951171875
SPY280616C00210000,2028-06-16,call,210.0,536.0,540.0,522.04,1.0,1.0,1.0000000000000003e-05,2026-05-05 18:22:09+00:00,1.7457582659513253,538.0,SPY,2026-09-18T11:09:27.324959-04:00,759.8699951171875
SPY280616C00225000,2028-06-16,call,225.0,538.0,542.16,514.5,1.0,11.0,0.5418136639404298,2026-06-10 17:12:50+00:00,1.7457582659513253,540.0799999999999,SPY,2026-09-18T11:09:27.324959-04:00,759.8699951171875
SPY280616C00240000,2028-06-16,call,240.0,0.0,0.0,526.0,2.0,0.0,1.0000000000000003e-05,2026-05-29 14:47:19+00:00,1.7457582659513253,0.0,SPY,2026-09-18T11:09:27.324959-04:00,759.8699951171875
SPY280616C00250000,2028-06-16,call,250.0,451.68,456.0,445.86,4.0,4.0,1.0000000000000003e-05,2025-12-22 14:38:46+00:00,1.7457582659513253,453.84000000000003,SPY,2026-09-18T11:09:27.324959-04:00,759.8699951171875
SPY280616C00300000,2028-06-16,call,300.0,470.5,474.96,458.5,1.0,18.0,0.5198412274169921,2026-06-12 14:52:56+00:00,1.7457582659513253,472.73,SPY,2026-09-18T11:09:27.324959-04:00,759.8699951171875
SPY280616C00320000,2028-06-16,call,320.0,459.08,464.0,440.52,2.0,4.0,0.5660138613891602,2026-06-24 16:33:31+00:00,1.7457582659513253,461.53999999999996,SPY,2026-09-18T11:09:27.324959-04:00,759.8699951171875
SPY280616C00340000,2028-06-16,call,340.0,446.5,451.42,452.16,40.0,13.0,0.5858348301696776,2026-08-04 18:31:08+00:00,1.7457582659513253,448.96000000000004,SPY,2026-09-18T11:09:27.324959-04:00,759.8699951171875
SPY280616C00345000,2028-06-16,call,345.0,434.61,439.5,449.35,2.0,1.0,0.5279435633850098,2026-08-07 16:14:41+00:00,1.7457582659513253,437.055,SPY,2026-09-18T11:09:27.324959-04:00,759.8699951171875
SPY280616C00350000,2028-06-16,call,350.0,430.25,435.0,443.05,1.0,15.0,0.5240831283569335,2026-08-19 15:00:42+00:00,1.7457582659513253,432.625,SPY,2026-09-18T11:09:27.324959-04:00,759.8699951171875
SPY280616C00360000,2028-06-16,call,360.0,0.0,0.0,307.48,2.0,0.0,1.0000000000000003e-05,2026-03-31 13:41:50+00:00,1.7457582659513253,0.0,SPY,2026-09-18T11:09:27.324959-04:00,759.8699951171875
SPY280616C00365000,2028-06-16,call,365.0,0.0,0.0,303.43,1.0,0.0,1.0000000000000003e-05,2026-03-31 13:43:54+00:00,1.7457582659513253,0.0,SPY,2026-09-18T11:09:27.324959-04:00,759.8699951171875
SPY280616C00370000,2028-06-16,call,370.0,0.0,0.0,394.07,1.0,0.0,1.0000000000000003e-05,2026-05-21 13:40:42+00:00,1.7457582659513253,0.0,SPY,2026-09-18T11:09:27.324959-04:00,759.8699951171875
SPY280616C00375000,2028-06-16,call,375.0,408.0,412.95,406.13,1.0,8.0,0.5045062977600099,2026-09-15 17:02:56+00:00,1.7457582659513253,410.475,SPY,2026-09-18T11:09:27.324959-04:00,759.8699951171875
SPY280616C00380000,2028-06-16,call,380.0,327.41,332.0,327.23,0.0,1.0,1.0000000000000003e-05,2025-12-16 20:02:25+00:00,1.7457582659513253,329.70500000000004,SPY,2026-09-18T11:09:27.324959-04:00,759.8699951171875
SPY280616C00385000,2028-06-16,call,385.0,399.07,404.0,402.87,1.0,66.0,0.5114489773559571,2026-09-09 13:43:47+00:00,1.7457582659513253,401.53499999999997,SPY,2026-09-18T11:09:27.324959-04:00,759.8699951171875
SPY280616C00390000,2028-06-16,call,390.0,394.64,399.5,411.95,5.0,6.0,0.506764575958252,2026-08-14 15:20:05+00:00,1.7457582659513253,397.07,SPY,2026-09-18T11:09:27.324959-04:00,759.8699951171875
SPY280616C00395000,2028-06-16,call,395.0,324.55,329.0,324.75,0.0,9.0,1.0000000000000003e-05,2026-01-05 17:03:00+00:00,1.7457582659513253,326.775,SPY,2026-09-18T11:09:27.324959-04:00,759.8699951171875
SPY280616C00400000,2028-06-16,call,400.0,385.79,390.5,401.54,4.0,377.0,0.4974568077087403,2026-08-17 14:17:59+00:00,1.7457582659513253,388.145,SPY,2026-09-18T11:09:27.324959-04:00,759.8699951171875
SPY280616C00405000,2028-06-16,call,405.0,361.64,365.5,316.63,2.0,8.0,0.354223987121582,2026-04-14 13:51:20+00:00,1.7457582659513253,363.57,SPY,2026-09-18T11:09:27.324959-04:00,759.8699951171875
SPY280616C00410000,2028-06-16,call,410.0,357.33,361.0,320.8,13.0,18.0,0.3527133821105957,2026-04-15 18:02:23+00:00,1.7457582659513253,359.16499999999996,SPY,2026-09-18T11:09:27.324959-04:00,759.8699951171875
SPY280616C00415000,2028-06-16,call,415.0,307.65,312.5,306.84,0.0,1.0,1.0000000000000003e-05,2026-01-05 19:32:09+00:00,1.7457582659513253,310.075,SPY,2026-09-18T11:09:27.324959-04:00,759.8699951171875
SPY280616C00420000,2028-06-16,call,420.0,368.17,373.0,374.52,1.0,6.0,0.4817098948669434,2026-08-26 18:41:26+00:00,1.7457582659513253,370.58500000000004,SPY,2026-09-18T11:09:27.324959-04:00,759.8699951171875
SPY280616C00425000,2028-06-16,call,425.0,363.77,368.5,365.99,4.0,33.0,0.47708652801513673,2026-09-01 18:05:13+00:00,1.7457582659513253,366.135,SPY,2026-09-18T11:09:27.324959-04:00,759.8699951171875
SPY280616C00430000,2028-06-16,call,430.0,361.5,366.47,350.02,1.0,3.0,0.4853872262573242,2026-07-20 15:54:13+00:00,1.7457582659513253,363.985,SPY,2026-09-18T11:09:27.324959-04:00,759.8699951171875
SPY280616C00435000,2028-06-16,call,435.0,362.07,367.0,343.38,1.0,26.0,0.5058185404968261,2026-07-31 13:30:01+00:00,1.7457582659513253,364.53499999999997,SPY,2026-09-18T11:09:27.324959-04:00,759.8699951171875
SPY280616C00440000,2028-06-16,call,440.0,352.75,357.5,350.0,15.0,0.0,0.4759573889160156,2026-07-10 19:03:38+00:00,1.7457582659513253,355.125,SPY,2026-09-18T11:09:27.324959-04:00,759.8699951171875
SPY280616C00445000,2028-06-16,call,445.0,299.86,304.5,269.0,0.0,0.0,1.0000000000000003e-05,2026-03-09 20:12:03+00:00,1.7457582659513253,302.18,SPY,2026-09-18T11:09:27.324959-04:00,759.8699951171875
SPY280616C00450000,2028-06-16,call,450.0,342.0,346.83,347.45,2.0,37.0,0.45825737060546884,2026-08-31 14:08:10+00:00,1.7457582659513253,344.41499999999996,SPY,2026-09-18T11:09:27.324959-04:00,759.8699951171875
SPY280616C00455000,2028-06-16,call,455.0,291.49,296.0,253.64,1.0,3.0,1.0000000000000003e-05,2026-03-09 14:53:58+00:00,1.7457582659513253,293.745,SPY,2026-09-18T11:09:27.324959-04:00,759.8699951171875
SPY280616C00460000,2028-06-16,call,460.0,340.18,345.0,332.75,2.0,4.0,0.4826711889648438,2026-08-03 16:26:52+00:00,1.7457582659513253,342.59000000000003,SPY,2026-09-18T11:09:27.324959-04:00,759.8699951171875
SPY280616C00465000,2028-06-16,call,465.0,329.0,333.86,326.63,2.0,4.0,0.4469583502960205,2026-09-15 16:18:03+00:00,1.7457582659513253,331.43,SPY,2026-09-18T11:09:27.324959-04:00,759.8699951171875
SPY280616C00470000,2028-06-16,call,470.0,308.0,312.26,317.2,4.0,6.0,0.357077352142334,2026-06-22 19:52:16+00:00,1.7457582659513253,310.13,SPY,2026-09-18T11:09:27.324959-04:00,759.8699951171875
SPY280616C00475000,2028-06-16,call,475.0,322.5,327.44,318.33,25.0,35.0,0.44946839599609373,2026-07-16 14:09:47+00:00,1.7457582659513253,324.97,SPY,2026-09-18T11:09:27.324959-04:00,759.8699951171875
SPY280616C00480000,2028-06-16,call,480.0,323.0,327.74,329.66,4.0,2.0,0.46582565429687506,2026-08-05 16:48:25+00:00,1.7457582659513253,325.37,SPY,2026-09-18T11:09:27.324959-04:00,759.8699951171875
SPY280616C00485000,2028-06-16,call,485.0,313.88,318.5,304.07,1.0,26.0,0.4402521795654296,2026-06-30 17:36:00+00:00,1.7457582659513253,316.19,SPY,2026-09-18T11:09:27.324959-04:00,759.8699951171875
SPY280616C00490000,2028-06-16,call,490.0,307.34,312.0,306.9,1.0,17.0,0.4268245794677735,2026-09-16 18:29:03+00:00,1.7457582659513253,309.66999999999996,SPY,2026-09-18T11:09:27.324959-04:00,759.8699951171875
SPY280616C00495000,2028-06-16,call,495.0,305.35,310.0,295.81,1.0,11.0,0.4329585513305664,2026-07-01 18:55:41+00:00,1.7457582659513253,307.675,SPY,2026-09-18T11:09:27.324959-04:00,759.8699951171875
SPY280616C00500000,2028-06-16,call,500.0,298.83,303.5,301.0,1.0,108.0,0.4197750894165039,2026-09-17 19:39:13+00:00,1.7457582659513253,301.16499999999996,SPY,2026-09-18T11:09:27.324959-04:00,759.8699951171875
SPY280616C00505000,2028-06-16,call,505.0,278.5,283.07,288.58,2.0,3.0,0.3449467361450196,2026-06-22 18:36:52+00:00,1.7457582659513253,280.78499999999997,SPY,2026-09-18T11:09:27.324959-04:00,759.8699951171875
SPY280616C00510000,2028-06-16,call,510.0,274.5,278.95,284.39,84.0,44.0,0.34311569976806633,2026-06-22 18:38:46+00:00,1.7457582659513253,276.725,SPY,2026-09-18T11:09:27.324959-04:00,759.8699951171875
SPY280616C00515000,2028-06-16,call,515.0,286.0,290.99,303.05,12.0,54.0,0.4100400793457031,2026-08-13 14:46:33+00:00,1.7457582659513253,288.495,SPY,2026-09-18T11:09:27.324959-04:00,759.8699951171875
SPY280616C00520000,2028-06-16,call,520.0,288.52,293.45,282.47,3.0,38.0,0.4329966979217529,2026-08-03 16:32:27+00:00,1.7457582659513253,290.985,SPY,2026-09-18T11:09:27.324959-04:00,759.8699951171875
SPY280616C00525000,2028-06-16,call,525.0,280.05,285.0,276.49,25.0,70.0,0.4126645648193359,2026-07-16 14:09:47+00:00,1.7457582659513253,282.525,SPY,2026-09-18T11:09:27.324959-04:00,759.8699951171875
SPY280616C00530000,2028-06-16,call,530.0,280.06,284.99,284.5,1.0,43.0,0.42516901741027835,2026-08-04 15:43:13+00:00,1.7457582659513253,282.525,SPY,2026-09-18T11:09:27.324959-04:00,759.8699951171875
SPY280616C00535000,2028-06-16,call,535.0,269.15,274.0,272.87,1.0,33.0,0.39548334014892583,2026-09-09 13:51:31+00:00,1.7457582659513253,271.575,SPY,2026-09-18T11:09:27.324959-04:00,759.8699951171875
SPY280616C00540000,2028-06-16,call,540.0,267.56,272.5,260.09,1.0,19.0,0.40220476951599116,2026-07-22 18:10:07+00:00,1.7457582659513253,270.03,SPY,2026-09-18T11:09:27.324959-04:00,759.8699951171875
SPY280616C00545000,2028-06-16,call,545.0,260.79,265.5,262.77,11.0,13.0,0.3880829014587402,2026-09-17 13:47:41+00:00,1.7457582659513253,263.145,SPY,2026-09-18T11:09:27.324959-04:00,759.8699951171875
SPY280616C00550000,2028-06-16,call,550.0,256.63,261.5,257.5,1.0,777.0,0.38529057098388664,2026-09-16 16:52:44+00:00,1.7457582659513253,259.065,SPY,2026-09-18T11:09:27.324959-04:00,759.8699951171875
SPY280616C00555000,2028-06-16,call,555.0,252.5,257.48,257.13,1.0,18.0,0.3823761714172363,2026-09-18 13:31:05+00:00,1.7457582659513253,254.99,SPY,2026-09-18T11:09:27.324959-04:00,759.8699951171875
SPY280616C00560000,2028-06-16,call,560.0,248.32,253.0,254.14,2.0,7.0,0.3777680632019042,2026-09-11 19:13:59+00:00,1.7457582659513253,250.66,SPY,2026-09-18T11:09:27.324959-04:00,759.8699951171875
SPY280616C00565000,2028-06-16,call,565.0,244.21,249.0,249.86,2.0,19.0,0.3748765515899658,2026-09-11 19:13:59+00:00,1.7457582659513253,246.60500000000002,SPY,2026-09-18T11:09:27.324959-04:00,759.8699951171875
SPY280616C00570000,2028-06-16,call,570.0,240.11,245.0,253.97,4.0,16.0,0.37194689338684084,2026-08-06 13:53:00+00:00,1.7457582659513253,242.555,SPY,2026-09-18T11:09:27.324959-04:00,759.8699951171875
SPY280616C00575000,2028-06-16,call,575.0,236.03,240.94,243.26,1.0,17.0,0.36877309700012206,2026-08-31 15:16:47+00:00,1.7457582659513253,238.485,SPY,2026-09-18T11:09:27.324959-04:00,759.8699951171875
SPY280616C00580000,2028-06-16,call,580.0,231.96,235.72,239.4,2.0,17.0,0.3615710205841064,2026-08-31 13:46:42+00:00,1.7457582659513253,233.84,SPY,2026-09-18T11:09:27.324959-04:00,759.8699951171875
SPY280616C00585000,2028-06-16,call,585.0,227.92,231.96,242.97,9.0,16.0,0.3593966648864746,2026-08-07 16:21:48+00:00,1.7457582659513253,229.94,SPY,2026-09-18T11:09:27.324959-04:00,759.8699951171875
SPY280616C00590000,2028-06-16,call,590.0,223.85,227.9,229.75,1.0,11.0,0.3561618339538574,2026-09-02 15:47:12+00:00,1.7457582659513253,225.875,SPY,2026-09-18T11:09:27.324959-04:00,759.8699951171875
SPY280616C00595000,2028-06-16,call,595.0,219.84,223.84,224.36,1.0,19.0,0.35289648574829097,2026-09-09 13:55:21+00:00,1.7457582659513253,221.84,SPY,2026-09-18T11:09:27.324959-04:00,759.8699951171875
SPY280616C00600000,2028-06-16,call,600.0,215.83,219.81,220.0,1.0,358.0,0.34969217208862297,2026-09-02 14:04:17+00:00,1.7457582659513253,217.82,SPY,2026-09-18T11:09:27.324959-04:00,759.8699951171875
SPY280616C00605000,2028-06-16,call,605.0,211.79,215.75,210.78,1.0,50.0,0.34636197467803953,2026-09-15 16:41:07+00:00,1.7457582659513253,213.76999999999998,SPY,2026-09-18T11:09:27.324959-04:00,759.8699951171875
SPY280616C00610000,2028-06-16,call,610.0,207.84,211.58,206.76,1.0,133.0,0.34264268203735343,2026-09-15 16:41:07+00:00,1.7457582659513253,209.71,SPY,2026-09-18T11:09:27.324959-04:00,759.8699951171875
SPY280616C00615000,2028-06-16,call,615.0,203.9,207.8,198.0,3.0,24.0,0.34014408031463617,2026-09-16 19:14:01+00:00,1.7457582659513253,205.85000000000002,SPY,2026-09-18T11:09:27.324959-04:00,759.8699951171875
SPY280616C00620000,2028-06-16,call,620.0,199.93,203.77,202.0,1.0,184.0,0.3368062535858154,2026-09-09 15:11:21+00:00,1.7457582659513253,201.85000000000002,SPY,2026-09-18T11:09:27.324959-04:00,759.8699951171875
SPY280616C00625000,2028-06-16,call,625.0,196.0,199.68,196.35,7.0,115.0,0.33325099128723146,2026-09-10 15:47:13+00:00,1.7457582659513253,197.84,SPY,2026-09-18T11:09:27.324959-04:00,759.8699951171875
SPY280616C00630000,2028-06-16,call,630.0,192.13,195.96,191.36,9.0,94.0,0.3308019801330566,2026-09-15 20:05:05+00:00,1.7457582659513253,194.04500000000002,SPY,2026-09-18T11:09:27.324959-04:00,759.8699951171875
SPY280616C00635000,2028-06-16,call,635.0,188.2,191.63,190.81,1.0,387.0,0.3264456394195556,2026-09-14 16:27:24+00:00,1.7457582659513253,189.915,SPY,2026-09-18T11:09:27.324959-04:00,759.8699951171875
SPY280616C00640000,2028-06-16,call,640.0,184.33,188.13,180.0,5.0,55.0,0.3245726417922973,2026-09-16 19:09:19+00:00,1.7457582659513253,186.23000000000002,SPY,2026-09-18T11:09:27.324959-04:00,759.8699951171875
SPY280616C00645000,2028-06-16,call,645.0,180.54,184.3,188.79,2.0,58.0,0.3216506129074096,2026-08-21 19:58:55+00:00,1.7457582659513253,182.42000000000002,SPY,2026-09-18T11:09:27.324959-04:00,759.8699951171875
SPY280616C00650000,2028-06-16,call,650.0,176.72,180.45,177.0,1.0,261.0,0.3186255882263183,2026-09-16 13:59:36+00:00,1.7457582659513253,178.58499999999998,SPY,2026-09-18T11:09:27.324959-04:00,759.8699951171875
SPY280616C00655000,2028-06-16,call,655.0,172.87,176.42,175.48,1.0,62.0,0.3150245500183105,2026-09-17 16:07:53+00:00,1.7457582659513253,174.64499999999998,SPY,2026-09-18T11:09:27.324959-04:00,759.8699951171875
SPY280616C00660000,2028-06-16,call,660.0,169.14,172.77,179.0,1.0,348.0,0.312495431022644,2026-08-27 13:31:19+00:00,1.7457582659513253,170.95499999999998,SPY,2026-09-18T11:09:27.324959-04:00,759.8699951171875
SPY280616C00665000,2028-06-16,call,665.0,165.39,169.04,166.65,1.0,46.0,0.30968021259307865,2026-09-16 18:09:41+00:00,1.7457582659513253,167.21499999999997,SPY,2026-09-18T11:09:27.324959-04:00,759.8699951171875
SPY280616C00670000,2028-06-16,call,670.0,161.6,165.25,163.05,1.0,84.0,0.30664374393463134,2026-09-16 18:22:49+00:00,1.7457582659513253,163.425,SPY,2026-09-18T11:09:27.324959-04:00,759.8699951171875
SPY280616C00675000,2028-06-16,call,675.0,157.9,161.33,160.3,14.0,68.0,0.30319147743225094,2026-09-14 15:59:43+00:00,1.7457582659513253,159.615,SPY,2026-09-18T11:09:27.324959-04:00,759.8699951171875
SPY280616C00680000,2028-06-16,call,680.0,154.24,159.0,154.24,2.0,309.0,0.304145142211914,2026-09-10 19:41:14+00:00,1.7457582659513253,156.62,SPY,2026-09-18T11:09:27.324959-04:00,759.8699951171875
SPY280616C00685000,2028-06-16,call,685.0,150.63,153.97,152.93,12.0,248.0,0.29749619136810296,2026-09-14 15:54:26+00:00,1.7457582659513253,152.3,SPY,2026-09-18T11:09:27.324959-04:00,759.8699951171875
SPY280616C00690000,2028-06-16,call,690.0,146.94,150.51,150.31,1.0,463.0,0.2951730639648437,2026-09-14 18:34:37+00:00,1.7457582659513253,148.725,SPY,2026-09-18T11:09:27.324959-04:00,759.8699951171875
SPY280616C00695000,2028-06-16,call,695.0,143.32,146.63,145.65,19.0,171.0,0.29164068962097156,2026-09-14 16:01:28+00:00,1.7457582659513253,144.975,SPY,2026-09-18T11:09:27.324959-04:00,759.8699951171875
SPY280616C00700000,2028-06-16,call,700.0,139.84,143.08,141.97,1.0,290.0,0.2889551696014403,2026-09-17 14:26:07+00:00,1.7457582659513253,141.46,SPY,2026-09-18T11:09:27.324959-04:00,759.8699951171875
SPY280616C00705000,2028-06-16,call,705.0,136.18,139.63,137.8,1.0,292.0,0.28647564117431634,2026-09-17 15:06:00+00:00,1.7457582659513253,137.905,SPY,2026-09-18T11:09:27.324959-04:00,759.8699951171875
SPY280616C00710000,2028-06-16,call,710.0,132.72,135.93,134.92,27.0,234.0,0.28327132751464834,2026-09-14 16:01:50+00:00,1.7457582659513253,134.325,SPY,2026-09-18T11:09:27.324959-04:00,759.8699951171875
SPY280616C00715000,2028-06-16,call,715.0,129.16,132.57,130.02,3.0,334.0,0.28090623886108396,2026-09-14 14:42:49+00:00,1.7457582659513253,130.865,SPY,2026-09-18T11:09:27.324959-04:00,759.8699951171875
SPY280616C00720000,2028-06-16,call,720.0,125.69,128.89,129.0,2.0,109.0,0.27763326133728017,2026-09-17 17:15:43+00:00,1.7457582659513253,127.28999999999999,SPY,2026-09-18T11:09:27.324959-04:00,759.8699951171875
SPY280616C00725000,2028-06-16,call,725.0,122.25,125.61,128.44,2.0,97.0,0.2753520951843262,2026-09-08 14:02:09+00:00,1.7457582659513253,123.93,SPY,2026-09-18T11:09:27.324959-04:00,759.8699951171875
SPY280616C00730000,2028-06-16,call,730.0,118.91,123.5,121.24,1.0,311.0,0.27604636314392084,2026-09-17 14:31:32+00:00,1.7457582659513253,121.205,SPY,2026-09-18T11:09:27.324959-04:00,759.8699951171875
SPY280616C00735000,2028-06-16,call,735.0,115.48,120.0,125.82,1.0,426.0,0.27303278244018553,2026-09-04 13:49:53+00:00,1.7457582659513253,117.74000000000001,SPY,2026-09-18T11:09:27.324959-04:00,759.8699951171875
SPY280616C00740000,2028-06-16,call,740.0,113.01,116.5,109.8,1.0,129.0,0.26995816719055177,2026-09-16 19:08:16+00:00,1.7457582659513253,114.755,SPY,2026-09-18T11:09:27.324959-04:00,759.8699951171875
SPY280616C00745000,2028-06-16,call,745.0,108.8,112.09,109.2,1.0,303.0,0.2644803166961669,2026-09-16 16:56:01+00:00,1.7457582659513253,110.445,SPY,2026-09-18T11:09:27.324959-04:00,759.8699951171875
SPY280616C00750000,2028-06-16,call,750.0,105.54,108.68,108.36,1.0,482.0,0.2615125119018554,2026-09-17 16:31:39+00:00,1.7457582659513253,107.11000000000001,SPY,2026-09-18T11:09:27.324959-04:00,759.8699951171875
SPY280616C00755000,2028-06-16,call,755.0,102.37,105.39,103.79,1.0,280.0,0.2587735866546631,2026-09-16 18:45:21+00:00,1.7457582659513253,103.88,SPY,2026-09-18T11:09:27.324959-04:00,759.8699951171875
SPY280616C00760000,2028-06-16,call,760.0,101.13,102.14,101.14,2.0,424.0,0.25606517868041995,2026-09-18 14:23:56+00:00,1.7457582659513253,101.63499999999999,SPY,2026-09-18T11:09:27.324959-04:00,759.8699951171875
SPY280616C00765000,2028-06-16,call,765.0,95.93,100.5,99.1,3.0,693.0,0.25733546016693115,2026-09-17 19:04:10+00:00,1.7457582659513253,98.215,SPY,2026-09-18T11:09:27.324959-04:00,759.8699951171875
SPY280616C00770000,2028-06-16,call,770.0,92.83,97.5,92.32,5.0,579.0,0.2550848112869264,2026-09-15 18:18:28+00:00,1.7457582659513253,95.16499999999999,SPY,2026-09-18T11:09:27.324959-04:00,759.8699951171875
SPY280616C00775000,2028-06-16,call,775.0,89.71,94.5,90.21,10.0,132.0,0.252750239906311,2026-09-16 13:30:08+00:00,1.7457582659513253,92.10499999999999,SPY,2026-09-18T11:09:27.324959-04:00,759.8699951171875
SPY280616C00780000,2028-06-16,call,780.0,86.62,91.5,89.0,1.0,416.0,0.25033556068420415,2026-09-17 14:46:25+00:00,1.7457582659513253,89.06,SPY,2026-09-18T11:09:27.324959-04:00,759.8699951171875
SPY280616C00785000,2028-06-16,call,785.0,84.63,86.78,82.75,1.0,248.0,0.24353020881652832,2026-09-15 14:50:54+00:00,1.7457582659513253,85.705,SPY,2026-09-18T11:09:27.324959-04:00,759.8699951171875
SPY280616C00790000,2028-06-16,call,790.0,81.21,85.01,83.01,2.0,64.0,0.24401848518371583,2026-09-14 16:02:58+00:00,1.7457582659513253,83.11,SPY,2026-09-18T11:09:27.324959-04:00,759.8699951171875
SPY280616C00795000,2028-06-16,call,795.0,78.73,80.88,80.51,20.0,482.0,0.23852156139373776,2026-09-17 17:48:38+00:00,1.7457582659513253,79.805,SPY,2026-09-18T11:09:27.324959-04:00,759.8699951171875
SPY280616C00800000,2028-06-16,call,800.0,75.81,78.02,77.97,17.0,2104.0,0.23609925285339353,2026-09-17 19:55:21+00:00,1.7457582659513253,76.91499999999999,SPY,2026-09-18T11:09:27.324959-04:00,759.8699951171875
SPY280616C00805000,2028-06-16,call,805.0,72.84,75.16,79.51,1.0,276.0,0.23358539249420163,2026-09-04 17:13:44+00:00,1.7457582659513253,74.0,SPY,2026-09-18T11:09:27.324959-04:00,759.8699951171875
SPY280616C00810000,2028-06-16,call,810.0,70.06,72.38,79.37,6.0,358.0,0.23117071327209474,2026-09-03 16:02:22+00:00,1.7457582659513253,71.22,SPY,2026-09-18T11:09:27.324959-04:00,759.8699951171875
SPY280616C00815000,2028-06-16,call,815.0,67.62,69.46,69.0,1.0,499.0,0.22830971893310548,2026-09-17 17:48:32+00:00,1.7457582659513253,68.53999999999999,SPY,2026-09-18T11:09:27.324959-04:00,759.8699951171875
SPY280616C00820000,2028-06-16,call,820.0,66.29,66.63,61.76,1.0,204.0,0.22556316436767576,2026-09-16 19:48:10+00:00,1.7457582659513253,66.46000000000001,SPY,2026-09-18T11:09:27.324959-04:00,759.8699951171875
SPY280616C00825000,2028-06-16,call,825.0,63.63,63.93,64.4,2.0,1184.0,0.22304167469024655,2026-09-17 19:53:00+00:00,1.7457582659513253,63.78,SPY,2026-09-18T11:09:27.324959-04:00,759.8699951171875
SPY280616C00830000,2028-06-16,call,830.0,61.06,61.37,56.7,6.0,53.0,0.22076050853729245,2026-09-16 19:08:30+00:00,1.7457582659513253,61.215,SPY,2026-09-18T11:09:27.324959-04:00,759.8699951171875
SPY280616C00835000,2028-06-16,call,835.0,58.56,58.89,59.25,1.0,3235.0,0.21857470886230468,2026-09-17 19:45:30+00:00,1.7457582659513253,58.725,SPY,2026-09-18T11:09:27.324959-04:00,759.8699951171875
SPY280616C00840000,2028-06-16,call,840.0,56.12,56.44,56.44,2.0,441.0,0.2163469479370117,2026-09-18 13:55:58+00:00,1.7457582659513253,56.28,SPY,2026-09-18T11:09:27.324959-04:00,759.8699951171875
SPY280616C00845000,2028-06-16,call,845.0,53.73,54.07,52.85,2.0,206.0,0.21421455348968504,2026-09-14 14:44:25+00:00,1.7457582659513253,53.9,SPY,2026-09-18T11:09:27.324959-04:00,759.8699951171875
SPY280616C00850000,2028-06-16,call,850.0,51.46,51.75,51.89,7.0,6398.0,0.21208978836059567,2026-09-17 18:27:45+00:00,1.7457582659513253,51.605000000000004,SPY,2026-09-18T11:09:27.324959-04:00,759.8699951171875
SPY280616C00855000,2028-06-16,call,855.0,49.15,49.46,57.2,2.0,112.0,0.20992306198120114,2026-08-28 16:57:12+00:00,1.7457582659513253,49.305,SPY,2026-09-18T11:09:27.324959-04:00,759.8699951171875
SPY280616C00860000,2028-06-16,call,860.0,46.93,47.23,46.6,4.0,104.0,0.20779066753387448,2026-09-17 15:22:49+00:00,1.7457582659513253,47.08,SPY,2026-09-18T11:09:27.324959-04:00,759.8699951171875
SPY280616C00865000,2028-06-16,call,865.0,44.81,45.14,48.93,1.0,97.0,0.20590241127014156,2026-09-04 17:42:23+00:00,1.7457582659513253,44.975,SPY,2026-09-18T11:09:27.324959-04:00,759.8699951171875
SPY280616C00870000,2028-06-16,call,870.0,42.76,43.05,43.17,4.0,2183.0,0.20388827125549316,2026-09-17 17:07:10+00:00,1.7457582659513253,42.905,SPY,2026-09-18T11:09:27.324959-04:00,759.8699951171875
SPY280616C00875000,2028-06-16,call,875.0,40.73,41.04,40.12,10.0,1517.0,0.2019580537414551,2026-09-16 15:53:33+00:00,1.7457582659513253,40.885,SPY,2026-09-18T11:09:27.324959-04:00,759.8699951171875
SPY280616C00880000,2028-06-16,call,880.0,38.78,39.05,39.37,1.0,199.0,0.19995535770416262,2026-09-18 13:44:50+00:00,1.7457582659513253,38.915,SPY,2026-09-18T11:09:27.324959-04:00,759.8699951171875
SPY280616C00885000,2028-06-16,call,885.0,36.91,37.17,43.4,1.0,19.0,0.1981205066680908,2026-08-20 15:18:10+00:00,1.7457582659513253,37.04,SPY,2026-09-18T11:09:27.324959-04:00,759.8699951171875
SPY280616C00890000,2028-06-16,call,890.0,35.07,35.34,34.61,12.0,309.0,0.19628565563201905,2026-09-10 18:50:58+00:00,1.7457582659513253,35.205,SPY,2026-09-18T11:09:27.324959-04:00,759.8699951171875
SPY280616C00895000,2028-06-16,call,895.0,33.37,33.58,33.69,2.0,60.0,0.19451183914184572,2026-09-17 19:42:40+00:00,1.7457582659513253,33.474999999999994,SPY,2026-09-18T11:09:27.324959-04:00,759.8699951171875
SPY280616C00900000,2028-06-16,call,900.0,31.65,31.9,32.45,1.0,1119.0,0.19283338912963865,2026-09-18 13:31:05+00:00,1.7457582659513253,31.775,SPY,2026-09-18T11:09:27.324959-04:00,759.8699951171875
SPY280616C00905000,2028-06-16,call,905.0,30.01,30.25,30.44,3.0,261.0,0.1911015338897705,2026-09-14 18:48:06+00:00,1.7457582659513253,30.130000000000003,SPY,2026-09-18T11:09:27.324959-04:00,759.8699951171875
SPY280616C00910000,2028-06-16,call,910.0,28.46,28.71,31.46,1.0,224.0,0.1895527822875977,2026-09-08 15:45:27+00:00,1.7457582659513253,28.585,SPY,2026-09-18T11:09:27.324959-04:00,759.8699951171875
SPY280616C00915000,2028-06-16,call,915.0,27.01,27.24,27.36,2.0,124.0,0.18807269454956055,2026-09-17 19:04:10+00:00,1.7457582659513253,27.125,SPY,2026-09-18T11:09:27.324959-04:00,759.8699951171875
SPY280616C00920000,2028-06-16,call,920.0,25.54,25.77,25.23,54.0,247.0,0.18645909374237057,2026-09-10 18:50:56+00:00,1.7457582659513253,25.655,SPY,2026-09-18T11:09:27.324959-04:00,759.8699951171875
SPY280616C00925000,2028-06-16,call,925.0,24.22,24.41,24.4,33.0,518.0,0.18504004055023188,2026-09-17 18:52:06+00:00,1.7457582659513253,24.314999999999998,SPY,2026-09-18T11:09:27.324959-04:00,759.8699951171875
SPY280616C00930000,2028-06-16,call,930.0,22.88,23.1,21.91,1.0,180.0,0.18364006065368652,2026-09-16 13:37:11+00:00,1.7457582659513253,22.990000000000002,SPY,2026-09-18T11:09:27.324959-04:00,759.8699951171875
SPY280616C00935000,2028-06-16,call,935.0,21.65,21.85,21.68,2.0,233.0,0.18228967132568358,2026-09-17 13:30:03+00:00,1.7457582659513253,21.75,SPY,2026-09-18T11:09:27.324959-04:00,759.8699951171875
SPY280616C00940000,2028-06-16,call,940.0,20.44,20.67,20.13,1.0,287.0,0.1810308338165283,2026-09-14 14:46:06+00:00,1.7457582659513253,20.555,SPY,2026-09-18T11:09:27.324959-04:00,759.8699951171875
SPY280616C00945000,2028-06-16,call,945.0,19.33,19.53,19.3,1.0,415.0,0.17976818164825442,2026-09-17 15:30:41+00:00,1.7457582659513253,19.43,SPY,2026-09-18T11:09:27.324959-04:00,759.8699951171875
SPY280616C00950000,2028-06-16,call,950.0,18.3,18.42,18.71,51.0,538.0,0.17846738288879396,2026-09-17 19:53:47+00:00,1.7457582659513253,18.36,SPY,2026-09-18T11:09:27.324959-04:00,759.8699951171875
SPY280616C00955000,2028-06-16,call,955.0,17.28,17.38,17.43,1.0,491.0,0.1772695799255371,2026-09-14 18:48:06+00:00,1.7457582659513253,17.33,SPY,2026-09-18T11:09:27.324959-04:00,759.8699951171875
SPY280616C00960000,2028-06-16,call,960.0,16.29,16.41,16.48,34.0,101.0,0.17617858741760253,2026-09-17 18:52:06+00:00,1.7457582659513253,16.35,SPY,2026-09-18T11:09:27.324959-04:00,759.8699951171875
SPY280616C00965000,2028-06-16,call,965.0,15.39,15.49,17.5,1.0,431.0,0.1751410001373291,2026-09-02 15:26:12+00:00,1.7457582659513253,15.440000000000001,SPY,2026-09-18T11:09:27.324959-04:00,759.8699951171875
SPY280616C00970000,2028-06-16,call,970.0,14.53,14.63,12.4,30.0,265.0,0.17419496467590334,2026-09-16 19:12:09+00:00,1.7457582659513253,14.58,SPY,2026-09-18T11:09:27.324959-04:00,759.8699951171875
SPY280616C00975000,2028-06-16,call,975.0,13.69,13.79,15.21,16.0,61.0,0.17319552398681642,2026-09-01 16:18:53+00:00,1.7457582659513253,13.739999999999998,SPY,2026-09-18T11:09:27.324959-04:00,759.8699951171875
SPY280616C00980000,2028-06-16,call,980.0,12.92,13.02,12.41,1.0,201.0,0.1723410403442383,2026-09-15 13:32:02+00:00,1.7457582659513253,12.969999999999999,SPY,2026-09-18T11:09:27.324959-04:00,759.8699951171875
SPY280616C00985000,2028-06-16,call,985.0,12.17,12.27,13.59,2.0,21.0,0.17144078079223635,2026-09-08 14:02:09+00:00,1.7457582659513253,12.219999999999999,SPY,2026-09-18T11:09:27.324959-04:00,759.8699951171875
SPY280616C00990000,2028-06-16,call,990.0,11.48,11.58,10.6,5.0,131.0,0.1706625903320313,2026-09-15 14:38:10+00:00,1.7457582659513253,11.530000000000001,SPY,2026-09-18T11:09:27.324959-04:00,759.8699951171875
SPY280616C00995000,2028-06-16,call,995.0,10.82,10.91,9.27,2.0,388.0,0.16983862396240235,2026-09-16 19:47:28+00:00,1.7457582659513253,10.865,SPY,2026-09-18T11:09:27.324959-04:00,759.8699951171875
SPY280616C01000000,2028-06-16,call,1000.0,10.19,10.28,10.2,1.0,2658.0,0.1690756921386719,2026-09-18 14:16:11+00:00,1.7457582659513253,10.235,SPY,2026-09-18T11:09:27.324959-04:00,759.8699951171875
SPY280616C01005000,2028-06-16,call,1005.0,9.61,9.71,11.79,105.0,307.0,0.16845771736145024,2026-09-03 15:14:11+00:00,1.7457582659513253,9.66,SPY,2026-09-18T11:09:27.324959-04:00,759.8699951171875
SPY280616C01010000,2028-06-16,call,1010.0,9.06,9.15,10.48,250.0,266.0,0.16777870803833012,2026-09-02 15:36:37+00:00,1.7457582659513253,9.105,SPY,2026-09-18T11:09:27.324959-04:00,759.8699951171875
SPY280616C01015000,2028-06-16,call,1015.0,8.54,8.6,8.55,2.0,378.0,0.16701577621459962,2026-09-10 13:58:40+00:00,1.7457582659513253,8.57,SPY,2026-09-18T11:09:27.324959-04:00,759.8699951171875
SPY280616C01020000,2028-06-16,call,1020.0,8.04,8.13,8.57,3.0,1126.0,0.16654275848388678,2026-09-09 16:36:02+00:00,1.7457582659513253,8.085,SPY,2026-09-18T11:09:27.324959-04:00,759.8699951171875
SPY280616C01025000,2028-06-16,call,1025.0,7.56,7.64,9.55,100.0,112.0,0.16584086120605473,2026-09-03 15:38:34+00:00,1.7457582659513253,7.6,SPY,2026-09-18T11:09:27.324959-04:00,759.8699951171875
SPY280616C01030000,2028-06-16,call,1030.0,7.14,7.22,10.97,25.0,145.0,0.16541361938476565,2026-08-12 14:22:10+00:00,1.7457582659513253,7.18,SPY,2026-09-18T11:09:27.324959-04:00,759.8699951171875
SPY280616C01035000,2028-06-16,call,1035.0,6.72,6.81,6.2,3.0,132.0,0.16492534301757814,2026-09-16 13:41:51+00:00,1.7457582659513253,6.765,SPY,2026-09-18T11:09:27.324959-04:00,759.8699951171875
SPY280616C01040000,2028-06-16,call,1040.0,6.35,6.43,5.15,1.0,559.0,0.16451335983276366,2026-09-16 19:19:22+00:00,1.7457582659513253,6.39,SPY,2026-09-18T11:09:27.324959-04:00,759.8699951171875
SPY280616C01045000,2028-06-16,call,1045.0,5.98,6.06,9.31,10.0,43.0,0.16404034210205082,2026-08-12 16:19:58+00:00,1.7457582659513253,6.02,SPY,2026-09-18T11:09:27.324959-04:00,759.8699951171875
SPY280616C01050000,2028-06-16,call,1050.0,5.64,5.71,5.43,1.0,166.0,0.16359784164428715,2026-09-17 15:08:31+00:00,1.7457582659513253,5.675,SPY,2026-09-18T11:09:27.324959-04:00,759.8699951171875
SPY280616C01055000,2028-06-16,call,1055.0,6.73,6.83,6.73,25.0,6.0,0.17238681625366215,2026-06-30 19:37:27+00:00,1.7457582659513253,6.78,SPY,2026-09-18T11:09:27.324959-04:00,759.8699951171875
SPY280616C01060000,2028-06-16,call,1060.0,5.01,5.09,6.39,2.0,60.0,0.16291120300292972,2026-08-20 18:59:14+00:00,1.7457582659513253,5.05,SPY,2026-09-18T11:09:27.324959-04:00,759.8699951171875
SPY280616C01065000,2028-06-16,call,1065.0,4.73,4.8,7.79,95.0,115.0,0.16254499572753905,2026-08-07 15:02:43+00:00,1.7457582659513253,4.765000000000001,SPY,2026-09-18T11:09:27.324959-04:00,759.8699951171875
SPY280616C01070000,2028-06-16,call,1070.0,4.46,4.54,7.19,1.0,196.0,0.1623161161804199,2026-08-17 17:58:31+00:00,1.7457582659513253,4.5,SPY,2026-09-18T11:09:27.324959-04:00,759.8699951171875
SPY280616C01075000,2028-06-16,call,1075.0,4.21,4.28,4.38,91.0,7.0,0.16198042617797853,2026-09-18 13:45:38+00:00,1.7457582659513253,4.245,SPY,2026-09-18T11:09:27.324959-04:00,759.8699951171875
SPY280616C01080000,2028-06-16,call,1080.0,4.74,4.82,7.7,1.0,24.0,0.16773293212890628,2026-08-05 13:30:12+00:00,1.7457582659513253,4.78,SPY,2026-09-18T11:09:27.324959-04:00,759.8699951171875
SPY280616C01085000,2028-06-16,call,1085.0,3.77,3.83,4.86,2.0,1.0,0.16158370162963864,2026-08-26 19:54:49+00:00,1.7457582659513253,3.8,SPY,2026-09-18T11:09:27.324959-04:00,759.8699951171875
SPY280616C01090000,2028-06-16,call,1090.0,3.56,3.63,5.2,50.0,52.0,0.16144637390136718,2026-08-28 14:02:41+00:00,1.7457582659513253,3.5949999999999998,SPY,2026-09-18T11:09:27.324959-04:00,759.8699951171875
SPY280616C01095000,2028-06-16,call,1095.0,4.29,4.38,4.67,0.0,1.0,0.16927405441284182,2026-07-06 18:34:31+00:00,1.7457582659513253,4.335,SPY,2026-09-18T11:09:27.324959-04:00,759.8699951171875
SPY280616C01100000,2028-06-16,call,1100.0,3.18,3.24,2.63,20.0,2992.0,0.16103439071655273,2026-09-16 19:32:32+00:00,1.7457582659513253,3.21,SPY,2026-09-18T11:09:27.324959-04:00,759.8699951171875
SPY280616C01105000,2028-06-16,call,1105.0,3.01,3.08,2.87,1.0,7.0,0.16103439071655273,2026-09-14 15:06:37+00:00,1.7457582659513253,3.045,SPY,2026-09-18T11:09:27.324959-04:00,759.8699951171875
SPY280616C01110000,2028-06-16,call,1110.0,2.86,2.92,2.71,1.0,249.0,0.1609580975341797,2026-09-14 14:39:43+00:00,1.7457582659513253,2.8899999999999997,SPY,2026-09-18T11:09:27.324959-04:00,759.8699951171875
SPY280616C01115000,2028-06-16,call,1115.0,3.84,3.92,4.77,5.0,4.0,0.17177647079467773,2026-06-15 15:32:32+00:00,1.7457582659513253,3.88,SPY,2026-09-18T11:09:27.324959-04:00,759.8699951171875
SPY280616C01120000,2028-06-16,call,1120.0,2.55,2.6,2.79,3.0,26.0,0.16053085571289064,2026-09-09 19:56:33+00:00,1.7457582659513253,2.575,SPY,2026-09-18T11:09:27.324959-04:00,759.8699951171875
SPY280616C01125000,2028-06-16,call,1125.0,2.43,2.48,2.53,213.0,38.0,0.1606529248046875,2026-09-18 13:45:42+00:00,1.7457582659513253,2.455,SPY,2026-09-18T11:09:27.324959-04:00,759.8699951171875
SPY280616C01130000,2028-06-16,call,1130.0,2.31,2.36,2.4,37.0,58.0,0.16069870071411135,2026-09-18 13:45:42+00:00,1.7457582659513253,2.335,SPY,2026-09-18T11:09:27.324959-04:00,759.8699951171875
SPY280616C01135000,2028-06-16,call,1135.0,2.18,2.23,1.98,2.0,110.0,0.16056137298583983,2026-09-15 20:03:02+00:00,1.7457582659513253,2.205,SPY,2026-09-18T11:09:27.324959-04:00,759.8699951171875
SPY280616C01140000,2028-06-16,call,1140.0,2.08,2.13,3.83,2.0,47.0,0.16071395935058597,2026-08-13 17:35:53+00:00,1.7457582659513253,2.105,SPY,2026-09-18T11:09:27.324959-04:00,759.8699951171875
SPY280616C01145000,2028-06-16,call,1145.0,1.97,2.03,3.65,0.0,102.0,0.1608055111694336,2026-08-13 17:35:53+00:00,1.7457582659513253,2.0,SPY,2026-09-18T11:09:27.324959-04:00,759.8699951171875
SPY280616C01150000,2028-06-16,call,1150.0,1.89,1.93,1.86,3.0,682.0,0.16083602844238282,2026-09-17 15:27:06+00:00,1.7457582659513253,1.91,SPY,2026-09-18T11:09:27.324959-04:00,759.8699951171875
SPY280616C01160000,2028-06-16,call,1160.0,1.7,1.74,2.0,1.0,26.0,0.16083602844238282,2026-09-04 15:22:13+00:00,1.7457582659513253,1.72,SPY,2026-09-18T11:09:27.324959-04:00,759.8699951171875
SPY280616C01170000,2028-06-16,call,1170.0,1.55,1.6,1.36,1.0,107.0,0.1613548220825195,2026-09-15 19:42:19+00:00,1.7457582659513253,1.5750000000000002,SPY,2026-09-18T11:09:27.324959-04:00,759.8699951171875
SPY280616C01180000,2028-06-16,call,1180.0,1.41,1.46,1.28,2.0,1336.0,0.1616599948120117,2026-09-15 20:03:02+00:00,1.7457582659513253,1.435,SPY,2026-09-18T11:09:27.324959-04:00,759.8699951171875
SPY280616C01190000,2028-06-16,call,1190.0,1.28,1.33,1.06,2.0,209.0,0.16190413299560547,2026-09-16 19:18:03+00:00,1.7457582659513253,1.3050000000000002,SPY,2026-09-18T11:09:27.324959-04:00,759.8699951171875
SPY280616C01200000,2028-06-16,call,1200.0,1.18,1.22,1.18,23.0,947.0,0.16233137481689452,2026-09-17 15:27:06+00:00,1.7457582659513253,1.2,SPY,2026-09-18T11:09:27.324959-04:00,759.8699951171875
SPY280616C01210000,2028-06-16,call,1210.0,1.08,1.12,1.94,6.0,6.0,0.16275861663818358,2026-08-10 19:49:57+00:00,1.7457582659513253,1.1,SPY,2026-09-18T11:09:27.324959-04:00,759.8699951171875
SPY280616C01220000,2028-06-16,call,1220.0,1.01,1.04,0.9,44.0,430.0,0.16342999664306646,2026-09-15 16:20:02+00:00,1.7457582659513253,1.025,SPY,2026-09-18T11:09:27.324959-04:00,759.8699951171875
SPY280616C01230000,2028-06-16,call,1230.0,0.92,0.95,0.99,39.0,72.0,0.1637351693725586,2026-09-11 18:36:50+00:00,1.7457582659513253,0.935,SPY,2026-09-18T11:09:27.324959-04:00,759.8699951171875
SPY280616C01240000,2028-06-16,call,1240.0,0.86,0.89,0.82,298.0,1306.0,0.1645591357421875,2026-09-17 15:18:23+00:00,1.7457582659513253,0.875,SPY,2026-09-18T11:09:27.324959-04:00,759.8699951171875
SPY280616C01250000,2028-06-16,call,1250.0,0.81,0.84,0.79,2.0,275.0,0.16553568847656253,2026-09-14 15:37:45+00:00,1.7457582659513253,0.825,SPY,2026-09-18T11:09:27.324959-04:00,759.8699951171875
SPY280616C01260000,2028-06-16,call,1260.0,0.75,0.78,0.97,1.0,1009.0,0.16614603393554692,2026-08-25 13:30:01+00:00,1.7457582659513253,0.765,SPY,2026-09-18T11:09:27.324959-04:00,759.8699951171875
SPY280616C01270000,2028-06-16,call,1270.0,0.7,0.74,0.99,11.0,195.0,0.16718362121582034,2026-08-18 19:54:23+00:00,1.7457582659513253,0.72,SPY,2026-09-18T11:09:27.324959-04:00,759.8699951171875
SPY280616C01280000,2028-06-16,call,1280.0,0.66,0.69,0.7,16.0,302.0,0.16785500122070315,2026-09-10 16:10:03+00:00,1.7457582659513253,0.675,SPY,2026-09-18T11:09:27.324959-04:00,759.8699951171875
SPY280616C01290000,2028-06-16,call,1290.0,0.62,0.65,1.12,1.0,273.0,0.1687094848632813,2026-08-13 14:08:07+00:00,1.7457582659513253,0.635,SPY,2026-09-18T11:09:27.324959-04:00,759.8699951171875
SPY280616C01300000,2028-06-16,call,1300.0,0.59,0.62,0.64,7.0,903.0,0.16980810668945315,2026-09-10 13:52:46+00:00,1.7457582659513253,0.605,SPY,2026-09-18T11:09:27.324959-04:00,759.8699951171875
SPY280616C01310000,2028-06-16,call,1310.0,0.55,0.59,0.7,1.0,63.0,0.17078465942382814,2026-09-03 18:22:13+00:00,1.7457582659513253,0.5700000000000001,SPY,2026-09-18T11:09:27.324959-04:00,759.8699951171875
SPY280616C01320000,2028-06-16,call,1320.0,0.53,0.56,0.7,1.0,3.0,0.17176121215820314,2026-08-24 13:30:00+00:00,1.7457582659513253,0.545,SPY,2026-09-18T11:09:27.324959-04:00,759.8699951171875
SPY280616C01330000,2028-06-16,call,1330.0,0.5,0.53,0.51,3.0,94.0,0.1726156958007813,2026-09-17 17:45:53+00:00,1.7457582659513253,0.515,SPY,2026-09-18T11:09:27.324959-04:00,759.8699951171875
SPY280616C01340000,2028-06-16,call,1340.0,0.48,0.51,0.5,3.0,367.0,0.17383638671875,2026-09-11 19:35:35+00:00,1.7457582659513253,0.495,SPY,2026-09-18T11:09:27.324959-04:00,759.8699951171875
SPY280616C01350000,2028-06-16,call,1350.0,0.45,0.49,0.41,5.0,215.0,0.1749350085449219,2026-09-16 19:42:13+00:00,1.7457582659513253,0.47,SPY,2026-09-18T11:09:27.324959-04:00,759.8699951171875
SPY280616C01360000,2028-06-16,call,1360.0,0.43,0.46,0.41,5.0,1969.0,0.17554535400390625,2026-09-16 18:36:58+00:00,1.7457582659513253,0.445,SPY,2026-09-18T11:09:27.324959-04:00,759.8699951171875
SPY280616C01370000,2028-06-16,call,1370.0,0.41,0.44,0.43,6.0,37.0,0.17652190673828128,2026-09-11 19:35:30+00:00,1.7457582659513253,0.425,SPY,2026-09-18T11:09:27.324959-04:00,759.8699951171875
SPY280616C01380000,2028-06-16,call,1380.0,0.39,0.42,0.36,4.0,9.0,0.17749845947265624,2026-09-15 17:29:31+00:00,1.7457582659513253,0.405,SPY,2026-09-18T11:09:27.324959-04:00,759.8699951171875
SPY280616C01390000,2028-06-16,call,1390.0,0.43,0.47,0.49,2.0,1.0,0.18164880859375,2026-07-31 16:05:43+00:00,1.7457582659513253,0.44999999999999996,SPY,2026-09-18T11:09:27.324959-04:00,759.8699951171875
SPY280616C01400000,2028-06-16,call,1400.0,0.36,0.39,0.37,4.0,182.0,0.179695703125,2026-09-10 15:06:56+00:00,1.7457582659513253,0.375,SPY,2026-09-18T11:09:27.324959-04:00,759.8699951171875
SPY280616C01410000,2028-06-16,call,1410.0,0.34,0.37,0.6,4.0,1.0,0.18042811767578126,2026-08-07 14:33:45+00:00,1.7457582659513253,0.355,SPY,2026-09-18T11:09:27.324959-04:00,759.8699951171875
SPY280616C01420000,2028-06-16,call,1420.0,0.4,0.43,0.62,1.0,2.0,0.18518881225585934,2026-07-10 16:38:53+00:00,1.7457582659513253,0.41500000000000004,SPY,2026-09-18T11:09:27.324959-04:00,759.8699951171875
SPY280616C01430000,2028-06-16,call,1430.0,0.31,0.34,0.3,1.0,2.0,0.18225915405273438,2026-09-15 16:23:13+00:00,1.7457582659513253,0.325,SPY,2026-09-18T11:09:27.324959-04:00,759.8699951171875
SPY280616C01440000,2028-06-16,call,1440.0,0.3,0.33,0.29,1.0,847.0,0.1834798449707031,2026-09-14 19:34:02+00:00,1.7457582659513253,0.315,SPY,2026-09-18T11:09:27.324959-04:00,759.8699951171875
SPY280616C01450000,2028-06-16,call,1450.0,0.29,0.32,0.28,1.0,19.0,0.18457846679687498,2026-09-15 16:21:13+00:00,1.7457582659513253,0.305,SPY,2026-09-18T11:09:27.324959-04:00,759.8699951171875
SPY280616C01460000,2028-06-16,call,1460.0,0.28,0.31,0.28,10.0,23.0,0.18567708862304685,2026-09-14 15:55:21+00:00,1.7457582659513253,0.29500000000000004,SPY,2026-09-18T11:09:27.324959-04:00,759.8699951171875
SPY280616C01470000,2028-06-16,call,1470.0,0.26,0.3,0.32,1.0,472.0,0.18665364135742188,2026-09-03 13:47:25+00:00,1.7457582659513253,0.28,SPY,2026-09-18T11:09:27.324959-04:00,759.8699951171875
SPY280616C01480000,2028-06-16,call,1480.0,0.25,0.29,0.25,1.0,596.0,0.18763019409179688,2026-09-17 13:32:21+00:00,1.7457582659513253,0.27,SPY,2026-09-18T11:09:27.324959-04:00,759.8699951171875
SPY280616P00050000,2028-06-16,put,50.0,0.03,0.05,0.04,2.0,1167.0,0.6601596484375001,2026-09-11 17:36:57+00:00,1.7457582659513253,0.04,SPY,2026-09-18T11:09:27.324959-04:00,759.8699951171875
SPY280616P00060000,2028-06-16,put,60.0,0.0,0.0,0.16,2.0,0.0,0.2500075,2026-03-04 16:20:15+00:00,1.7457582659513253,0.0,SPY,2026-09-18T11:09:27.324959-04:00,759.8699951171875
SPY280616P00065000,2028-06-16,put,65.0,0.0,0.0,0.09,1.0,0.0,0.2500075,2026-06-02 15:12:21+00:00,1.7457582659513253,0.0,SPY,2026-09-18T11:09:27.324959-04:00,759.8699951171875
SPY280616P00070000,2028-06-16,put,70.0,0.07,0.1,0.1,1.0,192.0,0.6152382226562501,2026-09-16 18:50:11+00:00,1.7457582659513253,0.085,SPY,2026-09-18T11:09:27.324959-04:00,759.8699951171875
SPY280616P00075000,2028-06-16,put,75.0,0.1,0.11,0.1,14.0,199.0,0.6084023535156251,2026-09-17 13:49:04+00:00,1.7457582659513253,0.10500000000000001,SPY,2026-09-18T11:09:27.324959-04:00,759.8699951171875
SPY280616P00080000,2028-06-16,put,80.0,0.13,0.16,0.18,1.0,101.0,0.6098671826171876,2026-07-24 15:27:59+00:00,1.7457582659513253,0.14500000000000002,SPY,2026-09-18T11:09:27.324959-04:00,759.8699951171875
SPY280616P00090000,2028-06-16,put,90.0,0.2,0.24,0.23,1.0,42.0,0.6020547607421877,2026-05-13 14:23:05+00:00,1.7457582659513253,0.22,SPY,2026-09-18T11:09:27.324959-04:00,759.8699951171875
SPY280616P00095000,2028-06-16,put,95.0,0.2,0.23,0.28,1.0,8.0,0.584965087890625,2026-06-30 13:30:05+00:00,1.7457582659513253,0.21500000000000002,SPY,2026-09-18T11:09:27.324959-04:00,759.8699951171875
SPY280616P00100000,2028-06-16,put,100.0,0.18,0.21,0.23,1.0,157.0,0.5649457568359376,2026-08-25 18:02:07+00:00,1.7457582659513253,0.195,SPY,2026-09-18T11:09:27.324959-04:00,759.8699951171875
SPY280616P00105000,2028-06-16,put,105.0,0.26,0.29,0.32,1.0,1.0,0.5712933496093751,2026-07-07 16:41:36+00:00,1.7457582659513253,0.275,SPY,2026-09-18T11:09:27.324959-04:00,759.8699951171875
SPY280616P00110000,2028-06-16,put,110.0,0.0,0.0,0.77,9.0,0.0,0.2500075,2026-03-27 19:18:07+00:00,1.7457582659513253,0.0,SPY,2026-09-18T11:09:27.324959-04:00,759.8699951171875
SPY280616P00115000,2028-06-16,put,115.0,0.26,0.28,0.28,10.0,35.0,0.5434615966796876,2026-09-10 14:24:12+00:00,1.7457582659513253,0.27,SPY,2026-09-18T11:09:27.324959-04:00,759.8699951171875
SPY280616P00120000,2028-06-16,put,120.0,0.41,0.44,0.51,1.0,9.0,0.5588423022460938,2026-06-11 14:12:03+00:00,1.7457582659513253,0.425,SPY,2026-09-18T11:09:27.324959-04:00,759.8699951171875
SPY280616P00125000,2028-06-16,put,125.0,0.32,0.34,0.35,4.0,19.0,0.5310105493164063,2026-09-14 14:24:42+00:00,1.7457582659513253,0.33,SPY,2026-09-18T11:09:27.324959-04:00,759.8699951171875
SPY280616P00130000,2028-06-16,put,130.0,0.35,0.38,0.45,10.0,31.0,0.52539537109375,2026-08-24 14:52:15+00:00,1.7457582659513253,0.365,SPY,2026-09-18T11:09:27.324959-04:00,759.8699951171875
SPY280616P00135000,2028-06-16,put,135.0,0.59,0.63,0.64,9.0,96.0,0.5463912548828126,2026-06-22 16:02:06+00:00,1.7457582659513253,0.61,SPY,2026-09-18T11:09:27.324959-04:00,759.8699951171875
SPY280616P00140000,2028-06-16,put,140.0,0.43,0.45,0.45,50.0,167.0,0.5144091528320311,2026-09-16 19:10:56+00:00,1.7457582659513253,0.44,SPY,2026-09-18T11:09:27.324959-04:00,759.8699951171875
SPY280616P00145000,2028-06-16,put,145.0,0.47,0.49,0.49,50.0,343.0,0.5090381127929688,2026-09-16 19:09:57+00:00,1.7457582659513253,0.48,SPY,2026-09-18T11:09:27.324959-04:00,759.8699951171875
SPY280616P00150000,2028-06-16,put,150.0,0.51,0.53,0.54,49.0,818.0,0.5034229345703125,2026-09-16 19:10:36+00:00,1.7457582659513253,0.52,SPY,2026-09-18T11:09:27.324959-04:00,759.8699951171875
SPY280616P00155000,2028-06-16,put,155.0,0.55,0.58,0.58,1.0,628.0,0.500005,2026-09-16 19:09:52+00:00,1.7457582659513253,0.565,SPY,2026-09-18T11:09:27.324959-04:00,759.8699951171875
SPY280616P00160000,2028-06-16,put,160.0,0.59,0.62,0.67,50.0,802.0,0.49414568359375005,2026-09-01 14:00:25+00:00,1.7457582659513253,0.605,SPY,2026-09-18T11:09:27.324959-04:00,759.8699951171875
SPY280616P00165000,2028-06-16,put,165.0,0.64,0.67,0.66,50.0,2051.0,0.4892629199218751,2026-09-08 14:17:25+00:00,1.7457582659513253,0.655,SPY,2026-09-18T11:09:27.324959-04:00,759.8699951171875
SPY280616P00170000,2028-06-16,put,170.0,0.69,0.71,0.71,2.0,201.0,0.48340360351562506,2026-09-11 17:32:05+00:00,1.7457582659513253,0.7,SPY,2026-09-18T11:09:27.324959-04:00,759.8699951171875
SPY280616P00175000,2028-06-16,put,175.0,0.74,0.76,0.76,48.0,152.0,0.47839877075195314,2026-09-16 18:21:17+00:00,1.7457582659513253,0.75,SPY,2026-09-18T11:09:27.324959-04:00,759.8699951171875
SPY280616P00180000,2028-06-16,put,180.0,0.79,0.81,0.8,3.0,44.0,0.4732718688964844,2026-09-17 13:49:12+00:00,1.7457582659513253,0.8,SPY,2026-09-18T11:09:27.324959-04:00,759.8699951171875
SPY280616P00185000,2028-06-16,put,185.0,0.84,0.86,0.87,3.0,22.0,0.4682670361328125,2026-09-15 14:46:09+00:00,1.7457582659513253,0.85,SPY,2026-09-18T11:09:27.324959-04:00,759.8699951171875
SPY280616P00190000,2028-06-16,put,190.0,0.89,0.92,1.0,3.0,37.0,0.4637504797363281,2026-08-27 17:34:10+00:00,1.7457582659513253,0.905,SPY,2026-09-18T11:09:27.324959-04:00,759.8699951171875
SPY280616P00195000,2028-06-16,put,195.0,0.95,0.97,1.03,3.0,11.0,0.45862357788085945,2026-09-10 17:53:21+00:00,1.7457582659513253,0.96,SPY,2026-09-18T11:09:27.324959-04:00,759.8699951171875
SPY280616P00200000,2028-06-16,put,200.0,1.01,1.03,1.02,1.0,132.0,0.454107021484375,2026-09-14 16:21:49+00:00,1.7457582659513253,1.02,SPY,2026-09-18T11:09:27.324959-04:00,759.8699951171875
SPY280616P00205000,2028-06-16,put,205.0,1.06,1.09,1.06,9.0,1571.0,0.44946839599609373,2026-09-17 19:24:18+00:00,1.7457582659513253,1.0750000000000002,SPY,2026-09-18T11:09:27.324959-04:00,759.8699951171875
SPY280616P00210000,2028-06-16,put,210.0,2.5,2.56,2.06,1.0,4.0,0.5015918981933594,2026-02-03 17:23:25+00:00,1.7457582659513253,2.5300000000000002,SPY,2026-09-18T11:09:27.324959-04:00,759.8699951171875
SPY280616P00215000,2028-06-16,put,215.0,1.18,1.2,1.37,2.0,36.0,0.4396418341064453,2026-08-12 18:35:41+00:00,1.7457582659513253,1.19,SPY,2026-09-18T11:09:27.324959-04:00,759.8699951171875
SPY280616P00220000,2028-06-16,put,220.0,1.26,1.28,1.78,20.0,35.0,0.4359187268066406,2026-07-27 17:36:52+00:00,1.7457582659513253,1.27,SPY,2026-09-18T11:09:27.324959-04:00,759.8699951171875
SPY280616P00225000,2028-06-16,put,225.0,1.31,1.33,1.35,6.0,30.0,0.43079182495117196,2026-09-02 19:06:56+00:00,1.7457582659513253,1.32,SPY,2026-09-18T11:09:27.324959-04:00,759.8699951171875
SPY280616P00230000,2028-06-16,put,230.0,1.95,1.99,2.11,10.0,15.0,0.44995667236328124,2026-06-17 19:46:58+00:00,1.7457582659513253,1.97,SPY,2026-09-18T11:09:27.324959-04:00,759.8699951171875
SPY280616P00235000,2028-06-16,put,235.0,1.43,1.46,1.44,3.0,16.0,0.42188078125,2026-09-17 18:43:40+00:00,1.7457582659513253,1.4449999999999998,SPY,2026-09-18T11:09:27.324959-04:00,759.8699951171875
SPY280616P00240000,2028-06-16,put,240.0,1.5,1.53,1.6,2.0,18.0,0.41760836303710935,2026-09-16 19:19:21+00:00,1.7457582659513253,1.5150000000000001,SPY,2026-09-18T11:09:27.324959-04:00,759.8699951171875
SPY280616P00245000,2028-06-16,put,245.0,1.57,1.6,1.6,3.0,42.0,0.4133359448242187,2026-09-03 13:32:02+00:00,1.7457582659513253,1.585,SPY,2026-09-18T11:09:27.324959-04:00,759.8699951171875
SPY280616P00250000,2028-06-16,put,250.0,1.65,1.67,1.65,6.0,489.0,0.4090024920654296,2026-09-17 15:39:30+00:00,1.7457582659513253,1.66,SPY,2026-09-18T11:09:27.324959-04:00,759.8699951171875
SPY280616P00255000,2028-06-16,put,255.0,1.72,1.75,1.73,3.0,101.0,0.4050352465820312,2026-09-03 18:50:59+00:00,1.7457582659513253,1.7349999999999999,SPY,2026-09-18T11:09:27.324959-04:00,759.8699951171875
SPY280616P00260000,2028-06-16,put,260.0,1.8,1.82,1.79,3.0,238.0,0.4007017938232422,2026-09-17 17:24:29+00:00,1.7457582659513253,1.81,SPY,2026-09-18T11:09:27.324959-04:00,759.8699951171875
SPY280616P00265000,2028-06-16,put,265.0,1.87,1.9,1.98,10.0,2349.0,0.3967345483398438,2026-09-10 15:35:42+00:00,1.7457582659513253,1.885,SPY,2026-09-18T11:09:27.324959-04:00,759.8699951171875
SPY280616P00270000,2028-06-16,put,270.0,1.95,1.98,1.95,66.0,155.0,0.3927062683105469,2026-09-03 18:38:48+00:00,1.7457582659513253,1.9649999999999999,SPY,2026-09-18T11:09:27.324959-04:00,759.8699951171875
SPY280616P00275000,2028-06-16,put,275.0,2.03,2.06,2.05,10.0,121.0,0.38867798828125,2026-09-17 17:34:11+00:00,1.7457582659513253,2.045,SPY,2026-09-18T11:09:27.324959-04:00,759.8699951171875
SPY280616P00280000,2028-06-16,put,280.0,2.12,2.15,2.15,1.0,108.0,0.38495488098144526,2026-09-16 13:39:46+00:00,1.7457582659513253,2.135,SPY,2026-09-18T11:09:27.324959-04:00,759.8699951171875
SPY280616P00285000,2028-06-16,put,285.0,2.21,2.23,2.37,3.0,145.0,0.38086556640624997,2026-09-10 17:52:28+00:00,1.7457582659513253,2.2199999999999998,SPY,2026-09-18T11:09:27.324959-04:00,759.8699951171875
SPY280616P00290000,2028-06-16,put,290.0,2.29,2.32,2.48,12.0,109.0,0.37708142456054683,2026-09-10 14:22:30+00:00,1.7457582659513253,2.3049999999999997,SPY,2026-09-18T11:09:27.324959-04:00,759.8699951171875
SPY280616P00295000,2028-06-16,put,295.0,2.38,2.4,2.54,18.0,102.0,0.37305314453125,2026-09-10 16:46:47+00:00,1.7457582659513253,2.3899999999999997,SPY,2026-09-18T11:09:27.324959-04:00,759.8699951171875
SPY280616P00300000,2028-06-16,put,300.0,2.48,2.5,2.46,2.0,186.0,0.3694521063232422,2026-09-17 17:07:04+00:00,1.7457582659513253,2.49,SPY,2026-09-18T11:09:27.324959-04:00,759.8699951171875
SPY280616P00305000,2028-06-16,put,305.0,2.56,2.59,2.58,3.0,261.0,0.3656374472045898,2026-09-17 13:47:21+00:00,1.7457582659513253,2.575,SPY,2026-09-18T11:09:27.324959-04:00,759.8699951171875
SPY280616P00310000,2028-06-16,put,310.0,2.67,2.69,2.77,3.0,11.0,0.36203640899658207,2026-09-14 14:21:03+00:00,1.7457582659513253,2.6799999999999997,SPY,2026-09-18T11:09:27.324959-04:00,759.8699951171875
SPY280616P00315000,2028-06-16,put,315.0,2.76,2.8,3.0,5.0,16.0,0.35864899169921877,2026-08-28 15:25:42+00:00,1.7457582659513253,2.78,SPY,2026-09-18T11:09:27.324959-04:00,759.8699951171875
SPY280616P00320000,2028-06-16,put,320.0,3.34,3.37,4.06,5.0,174.0,0.3646914117431641,2026-07-17 17:46:49+00:00,1.7457582659513253,3.355,SPY,2026-09-18T11:09:27.324959-04:00,759.8699951171875
SPY280616P00325000,2028-06-16,put,325.0,2.98,3.01,3.03,5.0,73.0,0.3515384671020507,2026-09-15 19:12:41+00:00,1.7457582659513253,2.995,SPY,2026-09-18T11:09:27.324959-04:00,759.8699951171875
SPY280616P00330000,2028-06-16,put,330.0,3.08,3.11,3.58,10.0,49.0,0.3478458770751953,2026-08-17 13:30:00+00:00,1.7457582659513253,3.0949999999999998,SPY,2026-09-18T11:09:27.324959-04:00,759.8699951171875
SPY280616P00335000,2028-06-16,put,335.0,3.19,3.23,3.28,195.0,335.0,0.34455001159667964,2026-09-03 14:04:33+00:00,1.7457582659513253,3.21,SPY,2026-09-18T11:09:27.324959-04:00,759.8699951171875
SPY280616P00340000,2028-06-16,put,340.0,3.31,3.34,3.33,6.0,586.0,0.3410405252075196,2026-09-17 15:40:02+00:00,1.7457582659513253,3.325,SPY,2026-09-18T11:09:27.324959-04:00,759.8699951171875
SPY280616P00345000,2028-06-16,put,345.0,7.05,7.14,6.47,1.0,3.0,0.39145506011962883,2026-01-27 19:38:51+00:00,1.7457582659513253,7.095,SPY,2026-09-18T11:09:27.324959-04:00,759.8699951171875
SPY280616P00350000,2028-06-16,put,350.0,3.54,3.57,3.71,3.0,88.0,0.33411310424804685,2026-09-11 14:46:57+00:00,1.7457582659513253,3.5549999999999997,SPY,2026-09-18T11:09:27.324959-04:00,759.8699951171875
SPY280616P00355000,2028-06-16,put,355.0,5.33,5.4,5.81,4.0,12.0,0.35678743804931634,2026-05-07 14:15:11+00:00,1.7457582659513253,5.365,SPY,2026-09-18T11:09:27.324959-04:00,759.8699951171875
SPY280616P00360000,2028-06-16,put,360.0,3.79,3.82,4.11,6.0,21.0,0.3274908560180664,2026-08-28 15:33:27+00:00,1.7457582659513253,3.8049999999999997,SPY,2026-09-18T11:09:27.324959-04:00,759.8699951171875
SPY280616P00365000,2028-06-16,put,365.0,3.92,3.97,4.56,1.0,28.0,0.3245306805419921,2026-08-24 19:44:30+00:00,1.7457582659513253,3.9450000000000003,SPY,2026-09-18T11:09:27.324959-04:00,759.8699951171875
SPY280616P00370000,2028-06-16,put,370.0,4.05,4.1,4.68,1.0,17.0,0.3212348150634765,2026-08-19 18:00:12+00:00,1.7457582659513253,4.074999999999999,SPY,2026-09-18T11:09:27.324959-04:00,759.8699951171875
SPY280616P00375000,2028-06-16,put,375.0,4.2,4.24,4.24,8.0,155.0,0.31806101867675773,2026-09-16 18:20:15+00:00,1.7457582659513253,4.220000000000001,SPY,2026-09-18T11:09:27.324959-04:00,759.8699951171875
SPY280616P00380000,2028-06-16,put,380.0,4.33,4.38,5.11,3.0,17.0,0.31485670501708973,2026-08-17 17:57:04+00:00,1.7457582659513253,4.355,SPY,2026-09-18T11:09:27.324959-04:00,759.8699951171875
SPY280616P00385000,2028-06-16,put,385.0,4.48,4.52,4.64,113.0,116.0,0.31165239135742184,2026-09-14 14:16:49+00:00,1.7457582659513253,4.5,SPY,2026-09-18T11:09:27.324959-04:00,759.8699951171875
SPY280616P00390000,2028-06-16,put,390.0,4.63,4.67,4.8,250.0,258.0,0.3085396295166015,2026-09-14 14:16:41+00:00,1.7457582659513253,4.65,SPY,2026-09-18T11:09:27.324959-04:00,759.8699951171875
SPY280616P00395000,2028-06-16,put,395.0,4.78,4.83,4.9,2.0,258.0,0.3055184194946289,2026-09-14 16:09:28+00:00,1.7457582659513253,4.805,SPY,2026-09-18T11:09:27.324959-04:00,759.8699951171875
SPY280616P00400000,2028-06-16,put,400.0,4.94,4.98,4.94,1.0,446.0,0.3023598817443848,2026-09-17 17:04:50+00:00,1.7457582659513253,4.960000000000001,SPY,2026-09-18T11:09:27.324959-04:00,759.8699951171875
SPY280616P00405000,2028-06-16,put,405.0,5.91,5.98,7.03,1.0,9.0,0.30927204406738285,2026-07-20 17:09:12+00:00,1.7457582659513253,5.945,SPY,2026-09-18T11:09:27.324959-04:00,759.8699951171875
SPY280616P00410000,2028-06-16,put,410.0,5.28,5.33,6.08,1.0,9.0,0.29657685852050775,2026-08-26 13:44:12+00:00,1.7457582659513253,5.305,SPY,2026-09-18T11:09:27.324959-04:00,759.8699951171875
SPY280616P00415000,2028-06-16,put,415.0,0.0,0.0,7.72,9.0,0.0,0.062509375,2026-06-04 15:10:33+00:00,1.7457582659513253,0.0,SPY,2026-09-18T11:09:27.324959-04:00,759.8699951171875
SPY280616P00420000,2028-06-16,put,420.0,5.62,5.68,5.89,1.0,141.0,0.29062599029541014,2026-09-09 19:47:22+00:00,1.7457582659513253,5.65,SPY,2026-09-18T11:09:27.324959-04:00,759.8699951171875
SPY280616P00425000,2028-06-16,put,425.0,5.81,5.86,6.05,24.0,101.0,0.28766581481933584,2026-09-16 19:02:13+00:00,1.7457582659513253,5.835,SPY,2026-09-18T11:09:27.324959-04:00,759.8699951171875
SPY280616P00430000,2028-06-16,put,430.0,6.0,6.06,6.92,2.0,20.0,0.28490400161743157,2026-08-12 16:39:58+00:00,1.7457582659513253,6.029999999999999,SPY,2026-09-18T11:09:27.324959-04:00,759.8699951171875
SPY280616P00435000,2028-06-16,put,435.0,6.2,6.26,6.42,15.0,6610.0,0.28208115386962884,2026-09-02 18:50:31+00:00,1.7457582659513253,6.23,SPY,2026-09-18T11:09:27.324959-04:00,759.8699951171875
SPY280616P00440000,2028-06-16,put,440.0,6.4,6.46,6.92,1.0,23.0,0.27924304748535156,2026-09-10 18:39:35+00:00,1.7457582659513253,6.43,SPY,2026-09-18T11:09:27.324959-04:00,759.8699951171875
SPY280616P00445000,2028-06-16,put,445.0,6.62,6.68,6.94,2.0,231.0,0.2765422688293457,2026-09-02 16:26:03+00:00,1.7457582659513253,6.65,SPY,2026-09-18T11:09:27.324959-04:00,759.8699951171875
SPY280616P00450000,2028-06-16,put,450.0,6.84,6.9,6.88,1.0,114.0,0.2738109729003906,2026-09-17 15:21:24+00:00,1.7457582659513253,6.87,SPY,2026-09-18T11:09:27.324959-04:00,759.8699951171875
SPY280616P00455000,2028-06-16,put,455.0,7.07,7.13,7.09,1.0,21.0,0.2711254528808594,2026-09-03 17:43:20+00:00,1.7457582659513253,7.1,SPY,2026-09-18T11:09:27.324959-04:00,759.8699951171875
SPY280616P00460000,2028-06-16,put,460.0,7.29,7.36,7.56,4.0,153.0,0.26840941558837883,2026-09-08 19:30:43+00:00,1.7457582659513253,7.325,SPY,2026-09-18T11:09:27.324959-04:00,759.8699951171875
SPY280616P00465000,2028-06-16,put,465.0,7.54,7.61,7.61,1.0,4.0,0.26581544738769536,2026-09-17 15:07:24+00:00,1.7457582659513253,7.575,SPY,2026-09-18T11:09:27.324959-04:00,759.8699951171875
SPY280616P00470000,2028-06-16,put,470.0,7.79,7.87,8.09,1.0,19.0,0.263251996459961,2026-09-08 19:54:02+00:00,1.7457582659513253,7.83,SPY,2026-09-18T11:09:27.324959-04:00,759.8699951171875
SPY280616P00475000,2028-06-16,put,475.0,8.05,8.13,8.22,5.0,785.0,0.2606580282592773,2026-09-11 19:44:27+00:00,1.7457582659513253,8.09,SPY,2026-09-18T11:09:27.324959-04:00,759.8699951171875
SPY280616P00480000,2028-06-16,put,480.0,8.33,8.4,8.99,2.0,411.0,0.2580793186950684,2026-09-10 15:22:32+00:00,1.7457582659513253,8.365,SPY,2026-09-18T11:09:27.324959-04:00,759.8699951171875
SPY280616P00485000,2028-06-16,put,485.0,8.61,8.69,9.1,127.0,210.0,0.2556226782226563,2026-09-02 15:53:11+00:00,1.7457582659513253,8.649999999999999,SPY,2026-09-18T11:09:27.324959-04:00,759.8699951171875
SPY280616P00490000,2028-06-16,put,490.0,8.9,8.97,8.98,195.0,220.0,0.2530287100219727,2026-09-17 15:10:11+00:00,1.7457582659513253,8.935,SPY,2026-09-18T11:09:27.324959-04:00,759.8699951171875
SPY280616P00495000,2028-06-16,put,495.0,9.2,9.27,9.28,677.0,683.0,0.2505415522766113,2026-09-14 18:58:00+00:00,1.7457582659513253,9.235,SPY,2026-09-18T11:09:27.324959-04:00,759.8699951171875
SPY280616P00500000,2028-06-16,put,500.0,9.51,9.58,9.52,1.0,693.0,0.2480696531677246,2026-09-17 19:47:53+00:00,1.7457582659513253,9.545,SPY,2026-09-18T11:09:27.324959-04:00,759.8699951171875
SPY280616P00505000,2028-06-16,put,505.0,9.83,9.92,10.24,3.0,13.0,0.24575034042358396,2026-09-15 15:37:49+00:00,1.7457582659513253,9.875,SPY,2026-09-18T11:09:27.324959-04:00,759.8699951171875
SPY280616P00510000,2028-06-16,put,510.0,10.17,10.25,10.16,190.0,888.0,0.24330895858764645,2026-09-17 18:35:03+00:00,1.7457582659513253,10.21,SPY,2026-09-18T11:09:27.324959-04:00,759.8699951171875
SPY280616P00515000,2028-06-16,put,515.0,10.51,10.6,11.2,19.0,675.0,0.240943869934082,2026-09-16 19:12:04+00:00,1.7457582659513253,10.555,SPY,2026-09-18T11:09:27.324959-04:00,759.8699951171875
SPY280616P00520000,2028-06-16,put,520.0,10.87,10.96,11.19,46.0,691.0,0.23857878128051757,2026-09-15 20:00:50+00:00,1.7457582659513253,10.915,SPY,2026-09-18T11:09:27.324959-04:00,759.8699951171875
SPY280616P00525000,2028-06-16,put,525.0,11.24,11.33,11.64,645.0,611.0,0.2362289512634277,2026-09-11 14:51:56+00:00,1.7457582659513253,11.285,SPY,2026-09-18T11:09:27.324959-04:00,759.8699951171875
SPY280616P00530000,2028-06-16,put,530.0,11.62,11.72,12.24,2.0,88.0,0.2339248971557617,2026-09-09 19:38:18+00:00,1.7457582659513253,11.67,SPY,2026-09-18T11:09:27.324959-04:00,759.8699951171875
SPY280616P00535000,2028-06-16,put,535.0,12.02,12.11,12.12,1500.0,1508.0,0.23157506713867188,2026-09-14 17:57:03+00:00,1.7457582659513253,12.065,SPY,2026-09-18T11:09:27.324959-04:00,759.8699951171875
SPY280616P00540000,2028-06-16,put,540.0,12.42,12.5,12.57,1.0,180.0,0.2291565732574463,2026-09-16 13:51:28+00:00,1.7457582659513253,12.46,SPY,2026-09-18T11:09:27.324959-04:00,759.8699951171875
SPY280616P00545000,2028-06-16,put,545.0,12.84,12.93,15.0,1.0,267.0,0.2269059243774414,2026-08-19 16:48:47+00:00,1.7457582659513253,12.885,SPY,2026-09-18T11:09:27.324959-04:00,759.8699951171875
SPY280616P00550000,2028-06-16,put,550.0,13.27,13.38,13.44,1.0,745.0,0.22470105140686034,2026-09-14 19:50:10+00:00,1.7457582659513253,13.325,SPY,2026-09-18T11:09:27.324959-04:00,759.8699951171875
SPY280616P00555000,2028-06-16,put,555.0,13.73,13.81,13.76,3.0,774.0,0.22232833343505853,2026-09-17 16:30:21+00:00,1.7457582659513253,13.77,SPY,2026-09-18T11:09:27.324959-04:00,759.8699951171875
SPY280616P00560000,2028-06-16,put,560.0,14.19,14.3,14.16,1.0,262.0,0.22019212432861324,2026-09-18 13:48:58+00:00,1.7457582659513253,14.245000000000001,SPY,2026-09-18T11:09:27.324959-04:00,759.8699951171875
SPY280616P00565000,2028-06-16,put,565.0,14.67,14.77,14.67,6.0,198.0,0.21788807022094725,2026-09-17 14:40:55+00:00,1.7457582659513253,14.719999999999999,SPY,2026-09-18T11:09:27.324959-04:00,759.8699951171875
SPY280616P00570000,2028-06-16,put,570.0,15.17,15.27,15.14,1.0,750.0,0.2156755679321289,2026-09-18 13:48:59+00:00,1.7457582659513253,15.219999999999999,SPY,2026-09-18T11:09:27.324959-04:00,759.8699951171875
SPY280616P00575000,2028-06-16,put,575.0,15.68,15.79,16.91,4.0,1321.0,0.2134783242797852,2026-09-10 18:46:10+00:00,1.7457582659513253,15.735,SPY,2026-09-18T11:09:27.324959-04:00,759.8699951171875
SPY280616P00580000,2028-06-16,put,580.0,16.21,16.32,16.17,1.0,164.0,0.21125819267272947,2026-09-18 13:48:48+00:00,1.7457582659513253,16.265,SPY,2026-09-18T11:09:27.324959-04:00,759.8699951171875
SPY280616P00585000,2028-06-16,put,585.0,16.75,16.87,16.66,5.0,124.0,0.20906857833862302,2026-09-17 19:53:47+00:00,1.7457582659513253,16.810000000000002,SPY,2026-09-18T11:09:27.324959-04:00,759.8699951171875
SPY280616P00590000,2028-06-16,put,590.0,17.32,17.42,17.5,2.0,80.0,0.2067950415039062,2026-09-18 14:05:14+00:00,1.7457582659513253,17.37,SPY,2026-09-18T11:09:27.324959-04:00,759.8699951171875
SPY280616P00595000,2028-06-16,put,595.0,17.9,18.02,17.91,3.0,710.0,0.20467409103393552,2026-09-17 14:39:46+00:00,1.7457582659513253,17.96,SPY,2026-09-18T11:09:27.324959-04:00,759.8699951171875
SPY280616P00600000,2028-06-16,put,600.0,18.5,18.61,18.45,1.0,1830.0,0.20243870079040524,2026-09-18 13:47:42+00:00,1.7457582659513253,18.555,SPY,2026-09-18T11:09:27.324959-04:00,759.8699951171875
SPY280616P00605000,2028-06-16,put,605.0,19.12,19.24,19.14,20.0,86.0,0.20028723304748533,2026-09-17 15:45:48+00:00,1.7457582659513253,19.18,SPY,2026-09-18T11:09:27.324959-04:00,759.8699951171875
SPY280616P00610000,2028-06-16,put,610.0,19.76,19.89,20.48,2.0,148.0,0.19814339462280273,2026-09-15 18:54:07+00:00,1.7457582659513253,19.825000000000003,SPY,2026-09-18T11:09:27.324959-04:00,759.8699951171875
SPY280616P00615000,2028-06-16,put,615.0,20.42,20.56,20.42,1.0,48.0,0.19599955619812012,2026-09-17 16:24:58+00:00,1.7457582659513253,20.490000000000002,SPY,2026-09-18T11:09:27.324959-04:00,759.8699951171875
SPY280616P00620000,2028-06-16,put,620.0,21.11,21.24,21.08,1.0,69.0,0.19380994186401368,2026-09-17 20:00:28+00:00,1.7457582659513253,21.174999999999997,SPY,2026-09-18T11:09:27.324959-04:00,759.8699951171875
SPY280616P00625000,2028-06-16,put,625.0,21.83,21.95,22.0,1.0,485.0,0.19165847412109377,2026-09-17 14:59:32+00:00,1.7457582659513253,21.89,SPY,2026-09-18T11:09:27.324959-04:00,759.8699951171875
SPY280616P00630000,2028-06-16,put,630.0,22.55,22.68,22.88,2.0,258.0,0.18949937705993655,2026-09-11 16:20:32+00:00,1.7457582659513253,22.615000000000002,SPY,2026-09-18T11:09:27.324959-04:00,759.8699951171875
SPY280616P00635000,2028-06-16,put,635.0,23.3,23.43,24.06,3.0,186.0,0.187332650680542,2026-09-02 18:57:39+00:00,1.7457582659513253,23.365000000000002,SPY,2026-09-18T11:09:27.324959-04:00,759.8699951171875
SPY280616P00640000,2028-06-16,put,640.0,24.08,24.21,25.86,6.0,200.0,0.18518118293762204,2026-09-10 14:35:08+00:00,1.7457582659513253,24.145,SPY,2026-09-18T11:09:27.324959-04:00,759.8699951171875
SPY280616P00645000,2028-06-16,put,645.0,24.89,25.02,24.65,3.0,43.0,0.18305260314941402,2026-09-03 19:46:08+00:00,1.7457582659513253,24.955,SPY,2026-09-18T11:09:27.324959-04:00,759.8699951171875
SPY280616P00650000,2028-06-16,put,650.0,25.74,25.88,25.6,6.0,1110.0,0.1810003165435791,2026-09-17 19:24:36+00:00,1.7457582659513253,25.81,SPY,2026-09-18T11:09:27.324959-04:00,759.8699951171875
SPY280616P00655000,2028-06-16,put,655.0,26.58,26.71,27.78,1.0,76.0,0.1787572969818115,2026-09-14 15:02:54+00:00,1.7457582659513253,26.645,SPY,2026-09-18T11:09:27.324959-04:00,759.8699951171875
SPY280616P00660000,2028-06-16,put,660.0,27.46,27.59,27.4,5.0,5713.0,0.176590570602417,2026-09-04 17:32:36+00:00,1.7457582659513253,27.525,SPY,2026-09-18T11:09:27.324959-04:00,759.8699951171875
SPY280616P00665000,2028-06-16,put,665.0,28.37,28.5,28.98,634.0,1074.0,0.1744238442230225,2026-09-14 15:50:49+00:00,1.7457582659513253,28.435000000000002,SPY,2026-09-18T11:09:27.324959-04:00,759.8699951171875
SPY280616P00670000,2028-06-16,put,670.0,29.31,29.45,29.54,316.0,411.0,0.17228763511657716,2026-09-11 19:46:27+00:00,1.7457582659513253,29.38,SPY,2026-09-18T11:09:27.324959-04:00,759.8699951171875
SPY280616P00675000,2028-06-16,put,675.0,30.28,30.41,31.77,11.0,1369.0,0.1700903914642334,2026-09-09 15:06:27+00:00,1.7457582659513253,30.345,SPY,2026-09-18T11:09:27.324959-04:00,759.8699951171875
SPY280616P00680000,2028-06-16,put,680.0,31.26,31.4,32.56,1.0,909.0,0.16787788917541505,2026-09-15 15:24:41+00:00,1.7457582659513253,31.33,SPY,2026-09-18T11:09:27.324959-04:00,759.8699951171875
SPY280616P00685000,2028-06-16,put,685.0,32.32,32.48,32.43,155.0,886.0,0.1658370465469361,2026-09-17 13:47:01+00:00,1.7457582659513253,32.4,SPY,2026-09-18T11:09:27.324959-04:00,759.8699951171875
SPY280616P00690000,2028-06-16,put,690.0,33.38,33.52,33.38,1.0,322.0,0.16356732437133792,2026-09-17 14:32:10+00:00,1.7457582659513253,33.45,SPY,2026-09-18T11:09:27.324959-04:00,759.8699951171875
SPY280616P00695000,2028-06-16,put,695.0,34.47,34.61,34.78,104.0,439.0,0.1613395634460449,2026-09-17 14:59:32+00:00,1.7457582659513253,34.54,SPY,2026-09-18T11:09:27.324959-04:00,759.8699951171875
SPY280616P00700000,2028-06-16,put,700.0,35.6,35.76,35.48,1.0,1623.0,0.15917665172576906,2026-09-17 20:00:28+00:00,1.7457582659513253,35.68,SPY,2026-09-18T11:09:27.324959-04:00,759.8699951171875
SPY280616P00705000,2028-06-16,put,705.0,36.76,36.93,36.54,543.0,568.0,0.15695270545959475,2026-09-17 19:46:52+00:00,1.7457582659513253,36.845,SPY,2026-09-18T11:09:27.324959-04:00,759.8699951171875
SPY280616P00710000,2028-06-16,put,710.0,37.97,38.24,38.24,1.0,361.0,0.15499959999084476,2026-09-18 14:27:34+00:00,1.7457582659513253,38.105000000000004,SPY,2026-09-18T11:09:27.324959-04:00,759.8699951171875
SPY280616P00715000,2028-06-16,put,715.0,39.23,39.5,39.4,1.0,405.0,0.15278328304290772,2026-09-18 14:28:55+00:00,1.7457582659513253,39.364999999999995,SPY,2026-09-18T11:09:27.324959-04:00,759.8699951171875
SPY280616P00720000,2028-06-16,put,720.0,40.5,40.8,41.6,2.0,1683.0,0.1505517074584961,2026-09-16 18:34:47+00:00,1.7457582659513253,40.65,SPY,2026-09-18T11:09:27.324959-04:00,759.8699951171875
SPY280616P00725000,2028-06-16,put,725.0,41.83,42.17,42.71,1.0,1624.0,0.14838116641998295,2026-09-16 14:21:27+00:00,1.7457582659513253,42.0,SPY,2026-09-18T11:09:27.324959-04:00,759.8699951171875
SPY280616P00730000,2028-06-16,put,730.0,43.19,43.49,44.61,1.0,568.0,0.14594741390228266,2026-09-15 14:14:47+00:00,1.7457582659513253,43.34,SPY,2026-09-18T11:09:27.324959-04:00,759.8699951171875
SPY280616P00735000,2028-06-16,put,735.0,44.62,44.93,45.0,4.0,170.0,0.14369295036315918,2026-09-17 14:54:06+00:00,1.7457582659513253,44.775,SPY,2026-09-18T11:09:27.324959-04:00,759.8699951171875
SPY280616P00740000,2028-06-16,put,740.0,46.09,46.41,46.16,4.0,193.0,0.14140034023284914,2026-09-11 17:14:44+00:00,1.7457582659513253,46.25,SPY,2026-09-18T11:09:27.324959-04:00,759.8699951171875
SPY280616P00745000,2028-06-16,put,745.0,47.6,47.98,48.19,2.0,240.0,0.13919165260314945,2026-09-11 13:45:39+00:00,1.7457582659513253,47.79,SPY,2026-09-18T11:09:27.324959-04:00,759.8699951171875
SPY280616P00750000,2028-06-16,put,750.0,49.16,49.51,49.25,2.0,497.0,0.13673119747161866,2026-09-17 13:51:05+00:00,1.7457582659513253,49.334999999999994,SPY,2026-09-18T11:09:27.324959-04:00,759.8699951171875
SPY280616P00755000,2028-06-16,put,755.0,50.78,51.1,51.16,1.0,532.0,0.1342631130218506,2026-09-18 14:28:01+00:00,1.7457582659513253,50.94,SPY,2026-09-18T11:09:27.324959-04:00,759.8699951171875
SPY280616P00760000,2028-06-16,put,760.0,52.46,52.82,52.49,4.0,341.0,0.13195905891418458,2026-09-17 14:30:28+00:00,1.7457582659513253,52.64,SPY,2026-09-18T11:09:27.324959-04:00,759.8699951171875
SPY280616P00765000,2028-06-16,put,765.0,54.19,54.58,54.59,6.0,652.0,0.1295863409423828,2026-09-14 17:28:13+00:00,1.7457582659513253,54.385,SPY,2026-09-18T11:09:27.324959-04:00,759.8699951171875
SPY280616P00770000,2028-06-16,put,770.0,55.98,56.45,56.43,2.0,971.0,0.12730517478942874,2026-09-17 14:07:18+00:00,1.7457582659513253,56.215,SPY,2026-09-18T11:09:27.324959-04:00,759.8699951171875
SPY280616P00775000,2028-06-16,put,775.0,57.86,58.26,57.74,2.0,441.0,0.12468831863403321,2026-09-17 16:16:59+00:00,1.7457582659513253,58.06,SPY,2026-09-18T11:09:27.324959-04:00,759.8699951171875
SPY280616P00780000,2028-06-16,put,780.0,59.81,60.22,59.86,110.0,1538.0,0.12224693679809573,2026-09-18 13:54:57+00:00,1.7457582659513253,60.015,SPY,2026-09-18T11:09:27.324959-04:00,759.8699951171875
SPY280616P00785000,2028-06-16,put,785.0,61.78,62.22,63.0,1.0,193.0,0.11969874450683593,2026-09-16 18:01:55+00:00,1.7457582659513253,62.0,SPY,2026-09-18T11:09:27.324959-04:00,759.8699951171875
SPY280616P00790000,2028-06-16,put,790.0,63.84,64.26,63.52,7.0,406.0,0.11702466846466063,2026-09-11 19:22:14+00:00,1.7457582659513253,64.05000000000001,SPY,2026-09-18T11:09:27.324959-04:00,759.8699951171875
SPY280616P00795000,2028-06-16,put,795.0,66.01,66.54,68.08,34.0,85.0,0.1147244290161133,2026-09-09 20:13:13+00:00,1.7457582659513253,66.275,SPY,2026-09-18T11:09:27.324959-04:00,759.8699951171875
SPY280616P00800000,2028-06-16,put,800.0,68.26,68.77,73.1,1.0,810.0,0.11205035297393796,2026-09-16 19:34:30+00:00,1.7457582659513253,68.515,SPY,2026-09-18T11:09:27.324959-04:00,759.8699951171875
SPY280616P00805000,2028-06-16,put,805.0,70.55,71.05,70.47,2.0,123.0,0.10923513454437254,2026-09-11 20:08:23+00:00,1.7457582659513253,70.8,SPY,2026-09-18T11:09:27.324959-04:00,759.8699951171875
SPY280616P00810000,2028-06-16,put,810.0,72.95,73.49,72.85,8.0,570.0,0.10655342918395996,2026-09-11 20:14:31+00:00,1.7457582659513253,73.22,SPY,2026-09-18T11:09:27.324959-04:00,759.8699951171875
SPY280616P00815000,2028-06-16,put,815.0,75.51,76.09,72.76,1.0,162.0,0.10398997825622558,2026-09-04 14:37:45+00:00,1.7457582659513253,75.80000000000001,SPY,2026-09-18T11:09:27.324959-04:00,759.8699951171875
SPY280616P00820000,2028-06-16,put,820.0,78.13,78.72,80.35,1.0,145.0,0.10118238914489744,2026-09-14 13:47:43+00:00,1.7457582659513253,78.425,SPY,2026-09-18T11:09:27.324959-04:00,759.8699951171875
SPY280616P00825000,2028-06-16,put,825.0,80.87,81.45,86.74,1.0,12.0,0.09829469219207763,2026-09-16 19:34:53+00:00,1.7457582659513253,81.16,SPY,2026-09-18T11:09:27.324959-04:00,759.8699951171875
SPY280616P00830000,2028-06-16,put,830.0,83.66,84.24,85.31,6.0,393.0,0.09517048637390138,2026-09-16 14:52:17+00:00,1.7457582659513253,83.94999999999999,SPY,2026-09-18T11:09:27.324959-04:00,759.8699951171875
SPY280616P00835000,2028-06-16,put,835.0,86.64,87.27,88.46,2.0,54.0,0.09233237998962401,2026-09-15 13:38:06+00:00,1.7457582659513253,86.955,SPY,2026-09-18T11:09:27.324959-04:00,759.8699951171875
SPY280616P00840000,2028-06-16,put,840.0,89.72,90.33,89.49,4.0,1791.0,0.08910517837524415,2026-09-17 16:16:59+00:00,1.7457582659513253,90.025,SPY,2026-09-18T11:09:27.324959-04:00,759.8699951171875
SPY280616P00845000,2028-06-16,put,845.0,92.91,93.52,91.35,4.0,7.0,0.08573301971435549,2026-09-11 17:16:55+00:00,1.7457582659513253,93.215,SPY,2026-09-18T11:09:27.324959-04:00,759.8699951171875
SPY280616P00850000,2028-06-16,put,850.0,96.29,96.84,94.9,6.0,191.0,0.08217012809753418,2026-09-11 19:22:14+00:00,1.7457582659513253,96.565,SPY,2026-09-18T11:09:27.324959-04:00,759.8699951171875
SPY280616P00855000,2028-06-16,put,855.0,99.76,100.36,99.39,69.0,72.0,0.0786301244354248,2026-09-17 18:52:06+00:00,1.7457582659513253,100.06,SPY,2026-09-18T11:09:27.324959-04:00,759.8699951171875
SPY280616P00860000,2028-06-16,put,860.0,101.16,106.0,107.5,2.0,4.0,0.08410034561157229,2026-09-10 19:51:29+00:00,1.7457582659513253,103.58,SPY,2026-09-18T11:09:27.324959-04:00,759.8699951171875
SPY280616P00865000,2028-06-16,put,865.0,105.01,110.0,101.3,2.0,0.0,0.08214724014282226,2026-08-14 13:36:34+00:00,1.7457582659513253,107.505,SPY,2026-09-18T11:09:27.324959-04:00,759.8699951171875
SPY280616P00870000,2028-06-16,put,870.0,109.12,112.94,113.59,2.0,4.0,0.0735566278076172,2026-09-16 17:48:46+00:00,1.7457582659513253,111.03,SPY,2026-09-18T11:09:27.324959-04:00,759.8699951171875
SPY280616P00875000,2028-06-16,put,875.0,113.5,117.35,113.23,1.0,3.0,0.07196972961425781,2026-08-06 16:33:47+00:00,1.7457582659513253,115.425,SPY,2026-09-18T11:09:27.324959-04:00,759.8699951171875
SPY280616P00880000,2028-06-16,put,880.0,118.0,122.77,120.47,11.0,1.0,0.07702033828735352,2026-09-17 13:47:41+00:00,1.7457582659513253,120.38499999999999,SPY,2026-09-18T11:09:27.324959-04:00,759.8699951171875
SPY280616P00890000,2028-06-16,put,890.0,127.7,132.5,133.24,1.0,3.0,0.07955327194213868,2026-09-10 13:30:12+00:00,1.7457582659513253,130.1,SPY,2026-09-18T11:09:27.324959-04:00,759.8699951171875
SPY280616P00895000,2028-06-16,put,895.0,132.77,137.5,125.32,3.0,3.0,0.081689481048584,2026-08-17 19:07:47+00:00,1.7457582659513253,135.135,SPY,2026-09-18T11:09:27.324959-04:00,759.8699951171875
SPY280616P00900000,2028-06-16,put,900.0,138.0,142.8,136.0,1.0,1.0,0.08594664062500001,2026-08-20 17:37:46+00:00,1.7457582659513253,140.4,SPY,2026-09-18T11:09:27.324959-04:00,759.8699951171875
SPY280616P00905000,2028-06-16,put,905.0,150.5,155.0,166.5,1.0,0.0,0.12424581817626953,2026-05-15 20:00:25+00:00,1.7457582659513253,152.75,SPY,2026-09-18T11:09:27.324959-04:00,759.8699951171875
SPY280616P00910000,2028-06-16,put,910.0,148.0,152.8,142.67,1.0,0.0,0.0901580242919922,2026-08-06 16:33:47+00:00,1.7457582659513253,150.4,SPY,2026-09-18T11:09:27.324959-04:00,759.8699951171875
SPY280616P00915000,2028-06-16,put,915.0,160.5,165.0,176.5,2.0,0.0,0.12927353889465332,2026-05-15 20:00:25+00:00,1.7457582659513253,162.75,SPY,2026-09-18T11:09:27.324959-04:00,759.8699951171875
SPY280616P00920000,2028-06-16,put,920.0,148.52,153.45,148.39,0.0,0.0,1.0000000000000003e-05,2026-08-05 18:56:51+00:00,1.7457582659513253,150.985,SPY,2026-09-18T11:09:27.324959-04:00,759.8699951171875
SPY280616P00925000,2028-06-16,put,925.0,0.0,0.0,181.53,5.0,0.0,1.0000000000000003e-05,2026-06-05 17:07:53+00:00,1.7457582659513253,0.0,SPY,2026-09-18T11:09:27.324959-04:00,759.8699951171875
SPY280616P00930000,2028-06-16,put,930.0,0.0,0.0,186.28,5.0,0.0,1.0000000000000003e-05,2026-06-05 17:07:53+00:00,1.7457582659513253,0.0,SPY,2026-09-18T11:09:27.324959-04:00,759.8699951171875
SPY280616P00940000,2028-06-16,put,940.0,183.04,188.0,207.87,0.0,0.0,0.13238630073547367,2026-06-09 18:11:35+00:00,1.7457582659513253,185.51999999999998,SPY,2026-09-18T11:09:27.324959-04:00,759.8699951171875
SPY280616P00945000,2028-06-16,put,945.0,188.04,193.0,212.62,0.0,0.0,0.13464457893371584,2026-06-09 18:11:35+00:00,1.7457582659513253,190.51999999999998,SPY,2026-09-18T11:09:27.324959-04:00,759.8699951171875
SPY280616P01000000,2028-06-16,put,1000.0,317.57,322.5,319.0,1.0,0.0,0.38865510032653805,2025-12-19 19:29:16+00:00,1.7457582659513253,320.03499999999997,SPY,2026-09-18T11:09:27.324959-04:00,759.8699951171875
SPY280616P01360000,2028-06-16,put,1360.0,696.53,701.5,668.0,3.0,0.0,0.58701737449646,2026-01-29 20:11:21+00:00,1.7457582659513253,699.015,SPY,2026-09-18T11:09:27.324959-04:00,759.8699951171875
