Date,SPY
1993-01-29,24.053529739379883
1993-02-01,24.22460174560547
1993-02-02,24.27593421936035
1993-02-03,24.53254508972168
1993-02-04,24.635183334350586
1993-02-05,24.61808967590332
1993-02-08,24.61808967590332
1993-02-09,24.447017669677734
1993-02-10,24.48122215270996
1993-02-11,24.60097885131836
1993-02-12,24.412792205810547
1993-02-16,23.796913146972656
1993-02-17,23.779809951782227
1993-02-18,23.7627010345459
1993-02-19,23.84822654724121
1993-02-22,23.93377113342285
1993-02-23,23.916667938232422
1993-02-24,24.22460174560547
1993-02-25,24.27593421936035
1993-02-26,24.31014633178711
1993-03-01,24.241729736328125
1993-03-02,24.60097885131836
1993-03-03,24.70361328125
1993-03-04,24.566757202148438
1993-03-05,24.498329162597656
1993-03-08,25.04578971862793
1993-03-09,24.960247039794922
1993-03-10,25.011564254760742
1993-03-11,24.943132400512695
1993-03-12,24.68651008605957
1993-03-15,24.806283950805664
1993-03-16,24.806283950805664
1993-03-17,24.652305603027344
1993-03-18,24.806283950805664
1993-03-19,24.768735885620117
1993-03-22,24.6312313079834
1993-03-23,24.68277359008789
1993-03-24,24.68277359008789
1993-03-25,24.837488174438477
1993-03-26,24.699989318847656
1993-03-29,24.80310821533203
1993-03-30,24.871871948242188
1993-03-31,24.854679107666016
1993-04-01,24.768735885620117
1993-04-02,24.25306510925293
1993-04-05,24.373390197753906
1993-04-06,24.30464744567871
1993-04-07,24.390583038330078
1993-04-08,24.356220245361328
1993-04-12,24.699989318847656
1993-04-13,24.751535415649414
1993-04-14,24.717166900634766
1993-04-15,24.717166900634766
1993-04-16,24.717166900634766
1993-04-19,24.614032745361328
1993-04-20,24.493722915649414
1993-04-21,24.476518630981445
1993-04-22,24.167131423950195
1993-04-23,24.064002990722656
1993-04-26,23.87492561340332
1993-04-27,24.13274574279785
1993-04-28,24.081188201904297
1993-04-29,24.18431282043457
1993-04-30,24.21870231628418
1993-05-03,24.373390197753906
1993-05-04,24.459346771240234
1993-05-05,24.528093338012695
1993-05-06,24.44215202331543
1993-05-07,24.390583038330078
1993-05-10,24.44215202331543
1993-05-11,24.545272827148438
1993-05-12,24.51091194152832
1993-05-13,24.21870231628418
1993-05-14,24.201499938964844
1993-05-17,24.287446975708008
1993-05-18,24.27027702331543
1993-05-19,24.768735885620117
1993-05-20,24.837488174438477
1993-05-21,24.614032745361328
1993-05-24,24.717166900634766
1993-05-25,24.768735885620117
1993-05-26,25.078128814697266
1993-05-27,24.992185592651367
1993-05-28,24.871871948242188
1993-06-01,25.11250877380371
1993-06-02,25.078128814697266
1993-06-03,24.992185592651367
1993-06-04,24.906227111816406
1993-06-07,24.82029151916504
1993-06-08,24.596839904785156
1993-06-09,24.68277359008789
1993-06-10,24.699989318847656
1993-06-11,24.80310821533203
1993-06-14,24.768735885620117
1993-06-15,24.717166900634766
1993-06-16,24.768735885620117
1993-06-17,24.854679107666016
1993-06-18,24.649988174438477
1993-06-21,24.701919555664062
1993-06-22,24.719247817993164
1993-06-23,24.494216918945312
1993-06-24,24.823116302490234
1993-06-25,24.80579376220703
1993-06-28,25.082748413085938
1993-06-29,24.96158790588379
1993-06-30,24.96158790588379
1993-07-01,24.89234733581543
1993-07-02,24.753856658935547
1993-07-06,24.494216918945312
1993-07-07,24.563446044921875
1993-07-08,24.840412139892578
1993-07-09,24.909656524658203
1993-07-12,24.89234733581543
1993-07-13,24.875036239624023
1993-07-14,24.96158790588379
1993-07-15,24.85771942138672
1993-07-16,24.78847885131836
1993-07-19,24.771175384521484
1993-07-20,24.840412139892578
1993-07-21,24.823116302490234
1993-07-22,24.649988174438477
1993-07-23,24.771175384521484
1993-07-26,24.909656524658203
1993-07-27,24.89234733581543
1993-07-28,24.840412139892578
1993-07-29,24.97889518737793
1993-07-30,24.840412139892578
1993-08-02,24.909656524658203
1993-08-03,24.92695426940918
1993-08-04,24.92695426940918
1993-08-05,24.875036239624023
1993-08-06,24.909656524658203
1993-08-09,25.04813003540039
1993-08-10,25.03082847595215
1993-08-11,25.03082847595215
1993-08-12,24.96158790588379
1993-08-13,24.996196746826172
1993-08-16,25.134679794311523
1993-08-17,25.221248626708984
1993-08-18,25.35972785949707
1993-08-19,25.35972785949707
1993-08-20,25.377037048339844
1993-08-23,25.325088500976562
1993-08-24,25.602060317993164
1993-08-25,25.619373321533203
1993-08-26,25.63669204711914
1993-08-27,25.619373321533203
1993-08-30,25.723251342773438
1993-08-31,25.79248046875
1993-09-01,25.757850646972656
1993-09-02,25.671295166015625
1993-09-03,25.688617706298828
1993-09-07,25.51551628112793
1993-09-08,25.428966522216797
1993-09-09,25.480911254882812
1993-09-10,25.7059326171875
1993-09-13,25.723251342773438
1993-09-14,25.619373321533203
1993-09-15,25.688617706298828
1993-09-16,25.58477020263672
1993-09-17,25.535140991210938
1993-09-20,25.32611656188965
1993-09-21,25.239023208618164
1993-09-22,25.44806671142578
1993-09-23,25.587411880493164
1993-09-24,25.517730712890625
1993-09-27,25.796419143676758
1993-09-28,25.74417495727539
1993-09-29,25.657066345214844
1993-09-30,25.60481834411621
1993-10-01,25.72675132751465
1993-10-04,25.761587142944336
1993-10-05,25.72675132751465
1993-10-06,25.709341049194336
1993-10-07,25.63967514038086
1993-10-08,25.674503326416016
1993-10-11,25.72675132751465
1993-10-12,25.761587142944336
1993-10-13,25.761587142944336
1993-10-14,26.09253692626953
1993-10-15,26.231876373291016
1993-10-18,26.162216186523438
1993-10-19,25.970611572265625
1993-10-20,26.005455017089844
1993-10-21,25.970611572265625
1993-10-22,25.848684310913086
1993-10-25,25.918331146240234
1993-10-26,25.900924682617188
1993-10-27,25.918331146240234
1993-10-28,26.109941482543945
1993-10-29,26.109941482543945
1993-11-01,26.179624557495117
1993-11-02,26.162216186523438
1993-11-03,25.83125114440918
1993-11-04,25.552560806274414
1993-11-05,25.674503326416016
1993-11-08,25.709341049194336
1993-11-09,25.72675132751465
1993-11-10,25.918331146240234
1993-11-11,25.848684310913086
1993-11-12,25.970611572265625
1993-11-15,25.953182220458984
1993-11-16,26.075119018554688
1993-11-17,25.935771942138672
1993-11-18,25.866098403930664
1993-11-19,25.813844680786133
1993-11-22,25.657066345214844
1993-11-23,25.796419143676758
1993-11-24,25.900924682617188
1993-11-26,25.918331146240234
1993-11-29,25.813844680786133
1993-11-30,25.83125114440918
1993-12-01,25.866098403930664
1993-12-02,25.935771942138672
1993-12-03,26.040258407592773
1993-12-06,26.12738037109375
1993-12-07,26.109941482543945
1993-12-08,26.109941482543945
1993-12-09,26.022865295410156
1993-12-10,25.970611572265625
1993-12-13,26.12738037109375
1993-12-14,25.935771942138672
1993-12-15,25.900924682617188
1993-12-16,25.988027572631836
1993-12-17,26.130859375
1993-12-20,26.16592025756836
1993-12-21,26.078235626220703
1993-12-22,26.25362205505371
1993-12-23,26.236064910888672
1993-12-27,26.376373291015625
1993-12-28,26.428985595703125
1993-12-29,26.393896102905273
1993-12-30,26.288677215576172
1993-12-31,26.148380279541016
1994-01-03,26.078235626220703
1994-01-04,26.183460235595703
1994-01-05,26.236064910888672
1994-01-06,26.236064910888672
1994-01-07,26.393896102905273
1994-01-10,26.7095947265625
1994-01-11,26.656970977783203
1994-01-12,26.569293975830078
1994-01-13,26.499141693115234
1994-01-14,26.604352951049805
1994-01-17,26.604352951049805
1994-01-18,26.63943862915039
1994-01-19,26.569293975830078
1994-01-20,26.63943862915039
1994-01-21,26.586830139160156
1994-01-24,26.481616973876953
1994-01-25,26.481616973876953
1994-01-26,26.551761627197266
1994-01-27,26.797273635864258
1994-01-28,26.86742401123047
1994-01-31,27.060352325439453
1994-02-01,26.920040130615234
1994-02-02,27.095407485961914
1994-02-03,26.9726505279541
1994-02-04,26.35883903503418
1994-02-07,26.481616973876953
1994-02-08,26.499141693115234
1994-02-09,26.604352951049805
1994-02-10,26.376373291015625
1994-02-11,26.46406364440918
1994-02-14,26.499141693115234
1994-02-15,26.63943862915039
1994-02-16,26.621902465820312
1994-02-17,26.46406364440918
1994-02-18,26.30623435974121
1994-02-22,26.569293975830078
1994-02-23,26.499141693115234
1994-02-24,26.148380279541016
1994-02-25,26.271156311035156
1994-02-28,26.271156311035156
1994-03-01,26.16592025756836
1994-03-02,26.201011657714844
1994-03-03,26.130859375
1994-03-04,26.201011657714844
1994-03-07,26.341293334960938
1994-03-08,26.236064910888672
1994-03-09,26.35883903503418
1994-03-10,26.148380279541016
1994-03-11,26.288677215576172
1994-03-14,26.323760986328125
1994-03-15,26.30623435974121
1994-03-16,26.516664505004883
1994-03-17,26.516664505004883
1994-03-18,26.51089096069336
1994-03-21,26.44032096862793
1994-03-22,26.51089096069336
1994-03-23,26.493247985839844
1994-03-24,26.175748825073242
1994-03-25,25.928817749023438
1994-03-28,25.964101791381836
1994-03-29,25.452571868896484
1994-03-30,25.099809646606445
1994-03-31,25.170351028442383
1994-04-04,24.782299041748047
1994-04-05,25.293832778930664
1994-04-06,25.293832778930664
1994-04-07,25.417287826538086
1994-04-08,25.2232666015625
1994-04-11,25.3290958404541
1994-04-12,25.293832778930664
1994-04-13,25.161527633666992
1994-04-14,25.170351028442383
1994-04-15,25.170351028442383
1994-04-18,25.002796173095703
1994-04-19,25.038066864013672
1994-04-20,25.0116024017334
1994-04-21,25.346736907958984
1994-04-22,25.32028579711914
1994-04-25,25.58485984802246
1994-04-26,25.558393478393555
1994-04-28,25.373201370239258
1994-04-29,25.452571868896484
1994-05-02,25.61131477355957
1994-05-03,25.58485984802246
1994-05-04,25.540771484375
1994-05-05,25.50548553466797
1994-05-06,25.25853729248047
1994-05-09,25.038066864013672
1994-05-10,25.232086181640625
1994-05-11,25.002796173095703
1994-05-12,25.126270294189453
1994-05-13,25.126270294189453
1994-05-16,25.13507652282715
1994-05-17,25.50548553466797
1994-05-18,25.69069480895996
1994-05-19,25.81414794921875
1994-05-20,25.717140197753906
1994-05-23,25.67304801940918
1994-05-24,25.77889633178711
1994-05-25,25.84943962097168
1994-05-26,25.867082595825195
1994-05-27,25.893545150756836
1994-05-31,25.858257293701172
1994-06-01,25.97291374206543
1994-06-02,25.946453094482422
1994-06-03,26.096376419067383
1994-06-06,26.08756446838379
1994-06-07,26.052282333374023
1994-06-08,25.840627670288086
1994-06-09,25.981735229492188
1994-06-10,26.025840759277344
1994-06-13,26.061113357543945
1994-06-14,26.263948440551758
1994-06-15,26.15810775756836
1994-06-16,26.21103286743164
1994-06-17,26.064739227294922
1994-06-20,25.842777252197266
1994-06-21,25.620845794677734
1994-06-22,25.718503952026367
1994-06-23,25.567575454711914
1994-06-24,25.03492546081543
1994-06-27,25.469921112060547
1994-06-28,25.34564781188965
1994-06-29,25.425535202026367
1994-06-30,25.26575469970703
1994-07-01,25.319007873535156
1994-07-05,25.45218849182129
1994-07-06,25.41666030883789
1994-07-07,25.523191452026367
1994-07-08,25.514314651489258
1994-07-11,25.425535202026367
1994-07-12,25.461057662963867
1994-07-13,25.505430221557617
1994-07-14,25.780643463134766
1994-07-15,25.789520263671875
1994-07-18,25.833908081054688
1994-07-19,25.780643463134766
1994-07-20,25.66523551940918
1994-07-21,25.718503952026367
1994-07-22,25.76288604736328
1994-07-25,25.798397064208984
1994-07-26,25.771766662597656
1994-07-27,25.771766662597656
1994-07-28,25.82502555847168
1994-07-29,26.082490921020508
1994-08-01,26.206785202026367
1994-08-02,26.242290496826172
1994-08-03,26.251157760620117
1994-08-04,26.10024070739746
1994-08-05,26.01146697998047
1994-08-08,26.0736026763916
1994-08-09,26.11799430847168
1994-08-10,26.215654373168945
1994-08-11,26.11799430847168
1994-08-12,26.32218360900879
1994-08-15,26.313304901123047
1994-08-16,26.499738693237305
1994-08-17,26.481977462768555
1994-08-18,26.393199920654297
1994-08-19,26.375455856323242
1994-08-22,26.34880256652832
1994-08-23,26.499738693237305
1994-08-24,26.78382110595703
1994-08-25,26.712785720825195
1994-08-26,27.094547271728516
1994-08-29,27.076770782470703
1994-08-30,27.147783279418945
1994-08-31,27.076770782470703
1994-09-01,26.987998962402344
1994-09-02,26.872594833374023
1994-09-06,26.881486892700195
1994-09-07,26.854848861694336
1994-09-08,26.987998962402344
1994-09-09,26.70391845703125
1994-09-12,26.624027252197266
1994-09-13,26.70391845703125
1994-09-14,26.73055076599121
1994-09-15,27.067909240722656
1994-09-16,26.875255584716797
1994-09-19,26.902042388916016
1994-09-20,26.39296531677246
1994-09-21,26.39296531677246
1994-09-22,26.330432891845703
1994-09-23,26.241119384765625
1994-09-26,26.375099182128906
1994-09-27,26.357242584228516
1994-09-28,26.562650680541992
1994-09-29,26.428674697875977
1994-09-30,26.39296531677246
1994-10-03,26.330432891845703
1994-10-04,25.937442779541016
1994-10-05,25.946372985839844
1994-10-06,25.866003036499023
1994-10-07,25.982097625732422
1994-10-10,26.258989334106445
1994-10-11,26.651973724365234
1994-10-12,26.687713623046875
1994-10-13,26.77700424194336
1994-10-14,26.89312744140625
1994-10-17,26.839536666870117
1994-10-18,26.77700424194336
1994-10-19,26.902042388916016
1994-10-20,26.723419189453125
1994-10-21,26.616254806518555
1994-10-24,26.39296531677246
1994-10-25,26.419754028320312
1994-10-26,26.51801872253418
1994-10-27,26.67876625061035
1994-10-28,27.241451263427734
1994-10-31,27.143218994140625
1994-11-01,26.839536666870117
1994-11-02,26.687713623046875
1994-11-03,26.830604553222656
1994-11-04,26.48227310180664
1994-11-07,26.562650680541992
1994-11-08,26.76809310913086
1994-11-09,26.81273651123047
1994-11-10,26.625185012817383
1994-11-11,26.526935577392578
1994-11-14,26.77700424194336
1994-11-15,26.687713623046875
1994-11-16,26.77700424194336
1994-11-17,26.5983829498291
1994-11-18,26.562650680541992
1994-11-21,26.294710159301758
1994-11-22,25.72308349609375
1994-11-23,25.866003036499023
1994-11-25,25.991025924682617
1994-11-28,26.107158660888672
1994-11-29,26.098217010498047
1994-11-30,26.062480926513672
1994-12-01,25.803470611572266
1994-12-02,26.044614791870117
1994-12-05,26.0714168548584
1994-12-06,26.08927345275879
1994-12-07,25.901718139648438
1994-12-08,25.651630401611328
1994-12-09,25.749879837036133
1994-12-12,25.919578552246094
1994-12-13,26.017833709716797
1994-12-14,26.151803970336914
1994-12-15,26.232181549072266
1994-12-16,26.360313415527344
1994-12-19,26.396333694458008
1994-12-20,26.315317153930664
1994-12-21,26.594392776489258
1994-12-22,26.513370513916016
1994-12-23,26.54037857055664
1994-12-27,26.684432983398438
1994-12-28,26.549379348754883
1994-12-29,26.567378997802734
1994-12-30,26.252281188964844
1995-01-03,26.37832260131836
1995-01-04,26.504369735717773
1995-01-05,26.504369735717773
1995-01-06,26.5313663482666
1995-01-09,26.558393478393555
1995-01-10,26.58538055419922
1995-01-11,26.6033992767334
1995-01-12,26.612375259399414
1995-01-13,26.927507400512695
1995-01-16,27.089555740356445
1995-01-17,27.098535537719727
1995-01-18,27.071548461914062
1995-01-19,26.91849136352539
1995-01-20,26.81946563720703
1995-01-23,26.900493621826172
1995-01-24,26.93648910522461
1995-01-25,27.008529663085938
1995-01-26,27.035537719726562
1995-01-27,27.1435604095459
1995-01-30,27.02652359008789
1995-01-31,27.134559631347656
1995-02-01,27.125566482543945
1995-02-02,27.287612915039062
1995-02-03,27.67472267150879
1995-02-06,27.791776657104492
1995-02-07,27.82777214050293
1995-02-08,27.82777214050293
1995-02-09,27.82777214050293
1995-02-10,27.86379623413086
1995-02-13,27.87279510498047
1995-02-14,27.9088077545166
1995-02-15,28.061843872070312
1995-02-16,28.025836944580078
1995-02-17,27.917804718017578
1995-02-21,27.9088077545166
1995-02-22,28.115869522094727
1995-02-23,28.160865783691406
1995-02-24,28.232881546020508
1995-02-27,28.007844924926758
1995-02-28,28.241897583007812
1995-03-01,28.061843872070312
1995-03-02,28.097858428955078
1995-03-03,28.106870651245117
1995-03-06,28.12487030029297
1995-03-07,27.9088077545166
1995-03-08,27.980831146240234
1995-03-09,27.971832275390625
1995-03-10,28.38594627380371
1995-03-13,28.358938217163086
1995-03-14,28.566011428833008
1995-03-15,28.511991500854492
1995-03-16,28.683029174804688
1995-03-17,28.71158218383789
1995-03-20,28.71158218383789
1995-03-21,28.639169692993164
1995-03-22,28.666316986083984
1995-03-23,28.68441390991211
1995-03-24,29.09173583984375
1995-03-27,29.209434509277344
1995-03-28,29.209434509277344
1995-03-29,29.200359344482422
1995-03-30,29.146045684814453
1995-03-31,29.028390884399414
1995-04-03,29.10079002380371
1995-04-04,29.2908992767334
1995-04-05,29.2908992767334
1995-04-06,29.399497985839844
1995-04-07,29.37234115600586
1995-04-10,29.426664352416992
1995-04-11,29.327077865600586
1995-04-12,29.426664352416992
1995-04-13,29.58959197998047
1995-04-17,29.417619705200195
1995-04-18,29.318035125732422
1995-04-19,29.2908992767334
1995-04-20,29.336153030395508
1995-04-21,29.480960845947266
1995-04-24,29.824928283691406
1995-04-25,29.743440628051758
1995-04-26,29.770620346069336
1995-04-27,29.843027114868164
1995-04-28,29.88827896118164
1995-05-01,29.80681800842285
1995-05-02,29.870168685913086
1995-05-03,30.28656768798828
1995-05-04,30.26845359802246
1995-05-05,30.23225212097168
1995-05-08,30.449480056762695
1995-05-09,30.422353744506836
1995-05-10,30.458539962768555
1995-05-11,30.539997100830078
1995-05-12,30.5580997467041
1995-05-15,30.702917098999023
1995-05-16,30.72103500366211
1995-05-17,30.603351593017578
1995-05-18,30.15983772277832
1995-05-19,30.177942276000977
1995-05-22,30.512849807739258
1995-05-23,30.793426513671875
1995-05-24,30.77532958984375
1995-05-25,30.802488327026367
1995-05-26,30.449480056762695
1995-05-30,30.4404354095459
1995-05-31,31.07402992248535
1995-06-01,30.992563247680664
1995-06-02,31.019742965698242
1995-06-05,31.209815979003906
1995-06-06,31.155500411987305
1995-06-07,30.992563247680664
1995-06-08,30.920167922973633
1995-06-09,30.73912239074707
1995-06-12,30.911108016967773
1995-06-13,31.24601936340332
1995-06-14,31.2188663482666
1995-06-15,31.354618072509766
1995-06-16,31.447715759277344
1995-06-19,31.802791595458984
1995-06-20,31.72085952758789
1995-06-21,31.702638626098633
1995-06-22,32.1214714050293
1995-06-23,32.05775451660156
1995-06-26,31.675344467163086
1995-06-27,31.611616134643555
1995-06-28,31.77548599243164
1995-06-29,31.72085952758789
1995-06-30,31.702638626098633
1995-07-03,31.82102394104004
1995-07-05,31.939382553100586
1995-07-06,32.34909439086914
1995-07-07,32.49477767944336
1995-07-10,32.51298522949219
1995-07-11,32.358192443847656
1995-07-12,32.7587890625
1995-07-13,32.685977935791016
1995-07-14,32.65865707397461
1995-07-17,32.840763092041016
1995-07-18,32.558502197265625
1995-07-19,32.20342254638672
1995-07-20,32.32176971435547
1995-07-21,32.285362243652344
1995-07-24,32.5220947265625
1995-07-25,32.76791763305664
1995-07-26,32.740596771240234
1995-07-27,33.01374053955078
1995-07-28,32.80434036254883
1995-07-31,32.722381591796875
1995-08-01,32.66777038574219
1995-08-02,32.59493637084961
1995-08-03,32.58580780029297
1995-08-04,32.622222900390625
1995-08-07,32.695091247558594
1995-08-08,32.695091247558594
1995-08-09,32.685977935791016
1995-08-10,32.613121032714844
1995-08-11,32.43104553222656
1995-08-14,32.722381591796875
1995-08-15,32.65865707397461
1995-08-16,32.749698638916016
1995-08-17,32.695091247558594
1995-08-18,32.731475830078125
1995-08-21,32.64044189453125
1995-08-22,32.70417022705078
1995-08-23,32.58580780029297
1995-08-24,32.622222900390625
1995-08-25,32.80434036254883
1995-08-28,32.685977935791016
1995-08-29,32.76791763305664
1995-08-30,32.840763092041016
1995-08-31,32.8680534362793
1995-09-01,33.01374053955078
1995-09-05,33.32330322265625
1995-09-06,33.38705062866211
1995-09-07,33.40524673461914
1995-09-08,33.53272247314453
1995-09-11,33.62375259399414
1995-09-12,33.77854919433594
1995-09-13,33.933311462402344
1995-09-14,34.24287796020508
1995-09-15,34.23344802856445
1995-09-18,34.10527801513672
1995-09-19,34.270042419433594
1995-09-20,34.43479919433594
1995-09-21,34.15105438232422
1995-09-22,34.160213470458984
1995-09-25,34.10527801513672
1995-09-26,34.09613037109375
1995-09-27,34.068668365478516
1995-09-28,34.32495880126953
1995-09-29,34.26089859008789
1995-10-02,34.08697509765625
1995-10-03,34.123600006103516
1995-10-04,34.08697509765625
1995-10-05,34.18766403198242
1995-10-06,34.215126037597656
1995-10-09,33.93136215209961
1995-10-10,33.913047790527344
1995-10-11,34.02289581298828
1995-10-12,34.23344802856445
1995-10-13,34.34327697753906
1995-10-16,34.17852783203125
1995-10-17,34.40735626220703
1995-10-18,34.508018493652344
1995-10-19,34.67277526855469
1995-10-20,34.4622688293457
1995-10-23,34.389034271240234
1995-10-24,34.42564010620117
1995-10-25,34.14190673828125
1995-10-26,33.830692291259766
1995-10-27,34.08697509765625
1995-10-30,34.3066520690918
1995-10-31,34.160213470458984
1995-11-01,34.43479919433594
1995-11-02,34.654476165771484
1995-11-03,34.70025634765625
1995-11-06,34.581275939941406
1995-11-07,34.4531135559082
1995-11-08,34.76433181762695
1995-11-09,34.892459869384766
1995-11-10,34.8741569519043
1995-11-13,34.837554931640625
1995-11-14,34.60872268676758
1995-11-15,34.95653533935547
1995-11-16,35.148765563964844
1995-11-17,35.25860595703125
1995-11-20,35.075531005859375
1995-11-21,35.35929870605469
1995-11-22,35.249454498291016
1995-11-24,35.34099578857422
1995-11-27,35.35013961791992
1995-11-28,35.725406646728516
1995-11-29,35.762027740478516
1995-11-30,35.67965316772461
1995-12-01,35.725406646728516
1995-12-04,36.164772033691406
1995-12-05,36.40275192260742
1995-12-06,36.48513412475586
1995-12-07,36.29292678833008
1995-12-08,36.411930084228516
1995-12-11,36.567527770996094
1995-12-12,36.45769500732422
1995-12-13,36.68651580810547
1995-12-14,36.42108154296875
1995-12-15,36.434417724609375
1995-12-18,35.734474182128906
1995-12-19,36.11206817626953
1995-12-20,35.76210021972656
1995-12-21,35.94627380371094
1995-12-22,36.075225830078125
1995-12-26,36.25021743774414
1995-12-27,36.2318000793457
1995-12-28,36.194969177246094
1995-12-29,36.241004943847656
1996-01-02,36.627803802490234
1996-01-03,36.729122161865234
1996-01-04,36.379154205322266
1996-01-05,36.30546188354492
1996-01-08,36.44361877441406
1996-01-09,35.817344665527344
1996-01-10,35.3476448059082
1996-01-11,35.559478759765625
1996-01-12,35.504207611083984
1996-01-15,35.43052291870117
1996-01-16,35.86339569091797
1996-01-17,35.75288772583008
1996-01-18,35.87260818481445
1996-01-19,36.11206817626953
1996-01-22,36.121253967285156
1996-01-23,36.20415496826172
1996-01-24,36.498878479003906
1996-01-25,36.369937896728516
1996-01-26,36.68309020996094
1996-01-29,36.830448150634766
1996-01-30,37.14356231689453
1996-01-31,37.5303955078125
1996-02-01,37.66854476928711
1996-02-02,37.51198196411133
1996-02-05,37.815887451171875
1996-02-06,38.17509078979492
1996-02-07,38.39614486694336
1996-02-08,38.81058883666992
1996-02-09,38.80137252807617
1996-02-12,39.09607696533203
1996-02-13,39.013179779052734
1996-02-14,38.67239761352539
1996-02-15,38.43295669555664
1996-02-16,38.276390075683594
1996-02-20,37.8987922668457
1996-02-21,38.368492126464844
1996-02-22,38.976356506347656
1996-02-23,38.86583709716797
1996-02-26,38.31322479248047
1996-02-27,38.193511962890625
1996-02-28,38.01850509643555
1996-02-29,37.65011215209961
1996-03-01,38.24877166748047
1996-03-04,38.46980667114258
1996-03-05,38.828983306884766
1996-03-06,38.48822021484375
1996-03-07,38.681617736816406
1996-03-08,37.4290885925293
1996-03-11,37.86195755004883
1996-03-12,37.567230224609375
1996-03-13,37.82509994506836
1996-03-14,37.990882873535156
1996-03-15,37.96537399291992
1996-03-18,38.69617462158203
1996-03-19,38.612911224365234
1996-03-20,38.56669616699219
1996-03-21,38.47416305541992
1996-03-22,38.575904846191406
1996-03-25,38.501888275146484
1996-03-26,38.68690872192383
1996-03-27,38.335391998291016
1996-03-28,38.48339080810547
1996-03-29,38.29839324951172
1996-04-01,38.74242401123047
1996-04-02,38.81642532348633
1996-04-03,38.81642532348633
1996-04-04,38.78868103027344
1996-04-08,38.12263107299805
1996-04-09,37.97460174560547
1996-04-10,37.299293518066406
1996-04-11,37.253028869628906
1996-04-12,37.724830627441406
1996-04-15,38.03935623168945
1996-04-16,38.150367736816406
1996-04-17,38.057857513427734
1996-04-18,38.11338806152344
1996-04-19,38.20589065551758
1996-04-22,38.501888275146484
1996-04-23,38.622169494628906
1996-04-24,38.48339080810547
1996-04-25,38.65916061401367
1996-04-26,38.74242401123047
1996-04-29,38.74242401123047
1996-04-30,38.71467590332031
1996-05-01,38.79793930053711
1996-05-02,38.13185501098633
1996-05-03,38.07635498046875
1996-05-06,38.03935623168945
1996-05-07,37.882083892822266
1996-05-08,38.353885650634766
1996-05-09,38.32613754272461
1996-05-10,38.70542526245117
1996-05-13,39.28822326660156
1996-05-14,39.52873611450195
1996-05-15,39.48248291015625
1996-05-16,39.56575012207031
1996-05-17,39.77852249145508
1996-05-20,40.04678726196289
1996-05-21,39.991310119628906
1996-05-22,40.37056350708008
1996-05-23,40.20405197143555
1996-05-24,40.36131286621094
1996-05-28,39.95427703857422
1996-05-29,39.68600082397461
1996-05-30,39.88954162597656
1996-05-31,39.593502044677734
1996-06-03,39.70452117919922
1996-06-04,39.98204803466797
1996-06-05,40.333560943603516
1996-06-06,40.03753662109375
1996-06-07,40.03753662109375
1996-06-10,39.908016204833984
1996-06-11,39.871036529541016
1996-06-12,39.79702377319336
1996-06-13,39.79702377319336
1996-06-14,39.63050079345703
1996-06-17,39.60276412963867
1996-06-18,39.278968811035156
1996-06-19,39.45472717285156
1996-06-20,39.426998138427734
1996-06-21,39.7661018371582
1996-06-24,39.840492248535156
1996-06-25,39.793975830078125
1996-06-26,39.5242919921875
1996-06-27,39.80329895019531
1996-06-28,39.942787170410156
1996-07-01,40.286895751953125
1996-07-02,40.13807678222656
1996-07-03,40.054386138916016
1996-07-05,39.031410217285156
1996-07-08,38.87331008911133
1996-07-09,39.031410217285156
1996-07-10,39.18952178955078
1996-07-11,38.39900588989258
1996-07-12,38.426910400390625
1996-07-15,37.29233169555664
1996-07-16,37.38533401489258
1996-07-17,37.831729888916016
1996-07-18,38.35251235961914
1996-07-19,38.07353210449219
1996-07-22,37.79454040527344
1996-07-23,37.310935974121094
1996-07-24,37.38533401489258
1996-07-25,37.72011947631836
1996-07-26,37.92472457885742
1996-07-29,37.5062255859375
1996-07-30,37.86894607543945
1996-07-31,38.147911071777344
1996-08-01,38.780303955078125
1996-08-02,39.61729049682617
1996-08-05,39.38479995727539
1996-08-06,39.50568389892578
1996-08-07,39.608009338378906
1996-08-08,39.54290008544922
1996-08-09,39.412696838378906
1996-08-12,39.700992584228516
1996-08-13,39.38479995727539
1996-08-14,39.5242919921875
1996-08-15,39.44989776611328
1996-08-16,39.784690856933594
1996-08-19,39.80329895019531
1996-08-20,39.77539825439453
1996-08-21,39.63590621948242
1996-08-22,40.007896423339844
1996-08-23,39.793975830078125
1996-08-26,39.59867858886719
1996-08-27,39.747493743896484
1996-08-28,39.68240737915039
1996-08-29,39.29180908203125
1996-08-30,38.88261413574219
1996-09-03,39.13370895385742
1996-09-04,39.170902252197266
1996-09-05,38.69661331176758
1996-09-06,39.24530792236328
1996-09-09,39.71028518676758
1996-09-10,39.691688537597656
1996-09-11,39.91490173339844
1996-09-12,40.19389724731445
1996-09-13,40.80766296386719
1996-09-16,40.95648193359375
1996-09-17,40.86349105834961
1996-09-18,40.76118469238281
1996-09-19,40.919273376464844
1996-09-20,41.064414978027344
1996-09-23,41.05507278442383
1996-09-24,41.04573059082031
1996-09-25,41.073753356933594
1996-09-26,41.05507278442383
1996-09-27,41.09245300292969
1996-09-30,41.05507278442383
1996-10-01,41.279415130615234
1996-10-02,41.55984115600586
1996-10-03,41.5224609375
1996-10-04,42.08331298828125
1996-10-07,42.13005447387695
1996-10-08,41.96181869506836
1996-10-09,41.634647369384766
1996-10-10,41.550498962402344
1996-10-11,42.06462097167969
1996-10-14,42.120704650878906
1996-10-15,42.06462097167969
1996-10-16,42.27028274536133
1996-10-17,42.382450103759766
1996-10-18,42.60680389404297
1996-10-21,42.550697326660156
1996-10-22,42.25157165527344
1996-10-23,42.391807556152344
1996-10-24,42.02724075317383
1996-10-25,42.06462097167969
1996-10-28,41.78421401977539
1996-10-29,42.120704650878906
1996-10-30,41.98047637939453
1996-10-31,42.382450103759766
1996-11-01,42.23288345336914
1996-11-04,42.51333236694336
1996-11-05,42.75634002685547
1996-11-06,43.578948974609375
1996-11-07,43.681785583496094
1996-11-08,43.9248046875
1996-11-11,43.87806701660156
1996-11-12,43.74720764160156
1996-11-13,43.943511962890625
1996-11-14,44.233299255371094
1996-11-15,44.28936767578125
1996-11-18,44.298736572265625
1996-11-19,44.616546630859375
1996-11-20,44.69132995605469
1996-11-21,44.625892639160156
1996-11-22,44.97177505493164
1996-11-25,45.5419807434082
1996-11-26,45.392398834228516
1996-11-27,45.30824661254883
1996-11-29,45.476524353027344
1996-12-02,45.49523162841797
1996-12-03,44.71936798095703
1996-12-04,44.84089279174805
1996-12-05,44.71936798095703
1996-12-06,44.4576530456543
1996-12-09,45.11196517944336
1996-12-10,44.89698791503906
1996-12-11,44.48570251464844
1996-12-12,43.74720764160156
1996-12-13,43.8593864440918
1996-12-16,43.29853057861328
1996-12-17,43.64439392089844
1996-12-18,43.990234375
1996-12-19,44.89698791503906
1996-12-20,44.99549865722656
1996-12-23,44.882774353027344
1996-12-24,45.211570739746094
1996-12-26,45.55908203125
1996-12-27,45.61549377441406
1996-12-30,45.22093963623047
1996-12-31,44.39433288574219
1997-01-02,44.507022857666016
1997-01-03,45.14582824707031
1997-01-06,44.75125503540039
1997-01-07,45.296104431152344
1997-01-08,44.901580810546875
1997-01-09,45.277305603027344
1997-01-10,45.76576232910156
1997-01-13,45.700008392333984
1997-01-14,46.273040771484375
1997-01-15,46.160282135009766
1997-01-16,46.348175048828125
1997-01-17,46.629981994628906
1997-01-20,46.68634796142578
1997-01-21,47.062103271484375
1997-01-22,47.40027618408203
1997-01-23,46.74272537231445
1997-01-24,46.14152908325195
1997-01-27,46.010009765625
1997-01-28,46.14152908325195
1997-01-29,46.59242630004883
1997-01-30,47.19358825683594
1997-01-31,47.13726043701172
1997-02-03,47.278141021728516
1997-02-04,47.56937026977539
1997-02-05,46.67694854736328
1997-02-06,46.986942291259766
1997-02-07,47.62570571899414
1997-02-10,47.17481231689453
1997-02-11,47.71965026855469
1997-02-12,48.395999908447266
1997-02-13,48.92204666137695
1997-02-14,48.809329986572266
1997-02-18,49.22261428833008
1997-02-19,48.89386749267578
1997-02-20,48.302066802978516
1997-02-21,48.320796966552734
1997-02-24,48.89386749267578
1997-02-25,48.931427001953125
1997-02-26,48.452335357666016
1997-02-27,47.72905731201172
1997-02-28,47.58814239501953
1997-03-03,47.90752029418945
1997-03-04,47.64452362060547
1997-03-05,48.452335357666016
1997-03-06,48.17055892944336
1997-03-07,48.6026725769043
1997-03-10,49.109928131103516
1997-03-11,48.84690475463867
1997-03-12,48.414798736572266
1997-03-13,47.66330337524414
1997-03-14,47.90752029418945
1997-03-17,48.039031982421875
1997-03-18,47.522403717041016
1997-03-19,47.36269760131836
1997-03-20,47.118473052978516
1997-03-21,47.33662796020508
1997-03-24,47.9966926574707
1997-03-25,47.52520751953125
1997-03-26,47.7326545715332
1997-03-27,46.46908187866211
1997-03-31,45.4884147644043
1997-04-01,45.78073501586914
1997-04-02,44.96037673950195
1997-04-03,45.205528259277344
1997-04-04,45.77128982543945
1997-04-07,45.95045852661133
1997-04-08,46.28050994873047
1997-04-09,45.9033203125
1997-04-10,45.73355484008789
1997-04-11,44.281429290771484
1997-04-14,44.875511169433594
1997-04-15,45.63928985595703
1997-04-16,46.16734313964844
1997-04-17,45.97875213623047
1997-04-18,46.205078125
1997-04-21,45.9033203125
1997-04-22,46.91231918334961
1997-04-23,46.95943069458008
1997-04-24,46.723716735839844
1997-04-25,46.18620681762695
1997-04-28,46.638832092285156
1997-04-29,48.10985565185547
1997-04-30,48.336151123046875
1997-05-01,48.27958297729492
1997-05-02,49.14712142944336
1997-05-05,50.31637954711914
1997-05-06,50.27864456176758
1997-05-07,49.184837341308594
1997-05-08,49.524288177490234
1997-05-09,49.86378479003906
1997-05-12,50.69355773925781
1997-05-13,50.48611068725586
1997-05-14,50.5804328918457
1997-05-15,50.919857025146484
1997-05-16,50.22209930419922
1997-05-19,50.372947692871094
1997-05-20,50.9764518737793
1997-05-21,50.8632926940918
1997-05-22,50.69355773925781
1997-05-23,51.165035247802734
1997-05-27,51.372467041015625
1997-05-28,51.36306381225586
1997-05-29,51.061317443847656
1997-05-30,51.3913459777832
1997-06-02,51.165035247802734
1997-06-03,50.99528884887695
1997-06-04,50.93872833251953
1997-06-05,51.12733840942383
1997-06-06,52.12688064575195
1997-06-09,52.39088439941406
1997-06-10,52.55120086669922
1997-06-11,52.673763275146484
1997-06-12,53.692195892333984
1997-06-13,54.14480209350586
1997-06-16,54.16363525390625
1997-06-17,54.088226318359375
1997-06-18,53.899627685546875
1997-06-19,54.455997467041016
1997-06-20,54.270416259765625
1997-06-23,52.95460891723633
1997-06-24,54.29885482788086
1997-06-25,53.920188903808594
1997-06-26,53.6551513671875
1997-06-27,53.863346099853516
1997-06-30,53.50366973876953
1997-07-01,54.12844467163086
1997-07-02,55.01826095581055
1997-07-03,55.77560043334961
1997-07-07,55.20759963989258
1997-07-08,55.785037994384766
1997-07-09,55.16974639892578
1997-07-10,55.41583251953125
1997-07-11,55.60516357421875
1997-07-14,55.77560043334961
1997-07-15,56.0595817565918
1997-07-16,56.7979736328125
1997-07-17,56.513946533203125
1997-07-18,55.3117561340332
1997-07-21,55.32121276855469
1997-07-22,56.78850555419922
1997-07-23,56.741111755371094
1997-07-24,57.00621795654297
1997-07-25,56.96833038330078
1997-07-28,56.930450439453125
1997-07-29,57.11979293823242
1997-07-30,57.80137634277344
1997-07-31,57.74459457397461
1997-08-01,57.517391204833984
1997-08-04,57.6688232421875
1997-08-05,57.706722259521484
1997-08-06,58.18003463745117
1997-08-07,57.74459457397461
1997-08-08,56.57077407836914
1997-08-11,56.987266540527344
1997-08-12,56.078521728515625
1997-08-13,55.90812301635742
1997-08-14,56.116371154785156
1997-08-15,54.393489837646484
1997-08-18,55.60516357421875
1997-08-19,56.24890899658203
1997-08-20,57.10085678100586
1997-08-21,56.09743881225586
1997-08-22,56.078521728515625
1997-08-25,55.8702278137207
1997-08-26,55.04669952392578
1997-08-27,55.37799072265625
1997-08-28,54.535465240478516
1997-08-29,54.75318908691406
1997-09-02,56.53288650512695
1997-09-03,56.2299690246582
1997-09-04,56.58969497680664
1997-09-05,56.42875671386719
1997-09-08,56.67490768432617
1997-09-09,56.703277587890625
1997-09-10,55.52947235107422
1997-09-11,55.2454833984375
1997-09-12,56.135292053222656
1997-09-15,56.04059600830078
1997-09-16,57.441654205322266
1997-09-17,57.441654205322266
1997-09-18,57.687774658203125
1997-09-19,57.785377502441406
1997-09-22,58.1083984375
1997-09-23,57.84236145019531
1997-09-24,57.367313385009766
1997-09-25,56.96828842163086
1997-09-26,57.443355560302734
1997-09-29,57.99441146850586
1997-09-30,57.38634490966797
1997-10-01,58.14638137817383
1997-10-02,58.46941375732422
1997-10-03,58.76396560668945
1997-10-06,59.15350341796875
1997-10-07,59.70460510253906
1997-10-08,59.286537170410156
1997-10-09,59.077518463134766
1997-10-10,58.9064826965332
1997-10-13,58.96350860595703
1997-10-14,58.982513427734375
1997-10-15,58.849491119384766
1997-10-16,57.91840744018555
1997-10-17,57.32929611206055
1997-10-20,58.14638137817383
1997-10-21,59.27703857421875
1997-10-22,58.88749694824219
1997-10-23,57.72837829589844
1997-10-24,57.15831756591797
1997-10-27,53.015869140625
1997-10-28,56.075164794921875
1997-10-29,55.9232063293457
1997-10-30,54.688026428222656
1997-10-31,55.98019027709961
1997-11-03,57.15831756591797
1997-11-04,57.15831756591797
1997-11-05,57.348323822021484
1997-11-06,57.12983703613281
1997-11-07,56.51224136352539
1997-11-10,56.170188903808594
1997-11-11,56.18919372558594
1997-11-12,55.03004455566406
1997-11-13,55.828155517578125
1997-11-14,56.58824157714844
1997-11-17,57.633358001708984
1997-11-18,57.2723274230957
1997-11-19,57.55736541748047
1997-11-20,58.43144989013672
1997-11-21,58.83051681518555
1997-11-24,57.76638412475586
1997-11-25,57.91840744018555
1997-11-26,58.089385986328125
1997-11-28,58.14638137817383
1997-12-01,59.64755630493164
1997-12-02,59.286537170410156
1997-12-03,59.457557678222656
1997-12-04,59.40056610107422
1997-12-05,60.16064453125
1997-12-08,59.98958206176758
1997-12-09,59.62855911254883
1997-12-10,59.11554718017578
1997-12-11,58.1083984375
1997-12-12,58.222408294677734
1997-12-15,58.811500549316406
1997-12-16,59.172489166259766
1997-12-17,58.86849594116211
1997-12-18,58.29842758178711
1997-12-19,57.862693786621094
1997-12-22,58.23471450805664
1997-12-23,57.194984436035156
1997-12-24,57.023277282714844
1997-12-26,57.25218200683594
1997-12-29,58.37776184082031
1997-12-30,59.29351043701172
1997-12-31,59.255393981933594
1998-01-02,59.56060791015625
1998-01-05,59.694156646728516
1998-01-06,58.74026870727539
1998-01-07,58.89286422729492
1998-01-08,58.37776184082031
1998-01-09,56.35554885864258
1998-01-12,57.385765075683594
1998-01-13,58.187015533447266
1998-01-14,58.4540901184082
1998-01-15,57.967620849609375
1998-01-16,58.79750442504883
1998-01-20,59.75135040283203
1998-01-21,59.17904281616211
1998-01-22,58.654441833496094
1998-01-23,58.56855392456055
1998-01-26,58.53041076660156
1998-01-27,59.121826171875
1998-01-28,59.65598678588867
1998-01-29,59.980281829833984
1998-01-30,60.01848220825195
1998-02-02,61.01054382324219
1998-02-03,61.46840286254883
1998-02-04,61.3920783996582
1998-02-05,61.35395050048828
1998-02-06,62.04067611694336
1998-02-09,61.83084487915039
1998-02-10,62.42228698730469
1998-02-11,62.36503982543945
1998-02-12,62.63209915161133
1998-02-13,62.26964569091797
1998-02-17,62.57484817504883
1998-02-18,63.14720153808594
1998-02-19,62.81336212158203
1998-02-20,63.28077697753906
1998-02-23,63.52873992919922
1998-02-24,63.03275680541992
1998-02-25,63.81492614746094
1998-02-26,64.17739868164062
1998-02-27,64.17739868164062
1998-03-02,64.04387664794922
1998-03-03,64.40632629394531
1998-03-04,63.98664474487305
1998-03-05,63.39521408081055
1998-03-06,64.67340087890625
1998-03-09,64.44449615478516
1998-03-10,65.05498504638672
1998-03-11,65.3602523803711
1998-03-12,65.62732696533203
1998-03-13,65.3792953491211
1998-03-16,66.08519744873047
1998-03-17,66.27594757080078
1998-03-18,66.5239486694336
1998-03-19,66.6956558227539
1998-03-20,67.26992797851562
1998-03-23,67.11688995361328
1998-03-24,67.69088745117188
1998-03-25,67.4421615600586
1998-03-26,67.40391540527344
1998-03-27,67.11688995361328
1998-03-30,67.07861328125
1998-03-31,67.30824279785156
1998-04-01,67.85347747802734
1998-04-02,68.59009552001953
1998-04-03,68.93453979492188
1998-04-06,68.37963104248047
1998-04-07,67.92044830322266
1998-04-08,67.53782653808594
1998-04-09,68.0734634399414
1998-04-13,67.88220977783203
1998-04-14,68.45618438720703
1998-04-15,68.64753723144531
1998-04-16,67.84391784667969
1998-04-17,68.74315643310547
1998-04-20,68.72398376464844
1998-04-21,69.04925537109375
1998-04-22,69.24060821533203
1998-04-23,68.57098388671875
1998-04-24,67.84391784667969
1998-04-27,66.56204223632812
1998-04-28,66.46638488769531
1998-04-29,66.92557525634766
1998-04-30,68.16919708251953
1998-05-01,68.93453979492188
1998-05-04,68.76228332519531
1998-05-05,68.28398132324219
1998-05-06,67.48040771484375
1998-05-07,66.94469451904297
1998-05-08,68.03524017333984
1998-05-11,67.80564880371094
1998-05-12,68.53269958496094
1998-05-13,68.7049331665039
1998-05-14,68.36048889160156
1998-05-15,67.97782897949219
1998-05-18,67.70996856689453
1998-05-19,68.16919708251953
1998-05-20,68.81968688964844
1998-05-21,68.37963104248047
1998-05-22,68.11177062988281
1998-05-26,67.02122497558594
1998-05-27,67.11688995361328
1998-05-28,67.42301940917969
1998-05-29,66.75341033935547
1998-06-01,67.0594711303711
1998-06-02,67.11688995361328
1998-06-03,66.04547882080078
1998-06-04,67.26992797851562
1998-06-05,68.57098388671875
1998-06-08,68.49444580078125
1998-06-09,68.7049331665039
1998-06-10,68.26488494873047
1998-06-11,66.98297119140625
1998-06-12,67.61439514160156
1998-06-15,65.83502960205078
1998-06-16,66.84905242919922
1998-06-17,68.24571228027344
1998-06-18,67.93958282470703
1998-06-19,67.59917449951172
1998-06-22,67.92544555664062
1998-06-23,68.73161315917969
1998-06-24,69.65287017822266
1998-06-25,69.5377197265625
1998-06-26,69.82557678222656
1998-06-29,70.07513427734375
1998-06-30,69.59526824951172
1998-07-01,70.40139770507812
1998-07-02,70.53577423095703
1998-07-06,71.24593353271484
1998-07-07,71.11155700683594
1998-07-08,71.6297607421875
1998-07-09,71.14995574951172
1998-07-10,71.53385925292969
1998-07-13,71.55303955078125
1998-07-14,72.35911560058594
1998-07-15,72.22477722167969
1998-07-16,72.72381591796875
1998-07-17,72.81975555419922
1998-07-20,72.81975555419922
1998-07-21,71.55303955078125
1998-07-22,71.55303955078125
1998-07-23,70.13274383544922
1998-07-24,70.07513427734375
1998-07-27,70.57413482666016
1998-07-28,69.38414001464844
1998-07-29,69.11544036865234
1998-07-30,70.15189361572266
1998-07-31,68.65480041503906
1998-08-03,68.36691284179688
1998-08-04,65.7182388305664
1998-08-05,66.62026977539062
1998-08-06,66.9082260131836
1998-08-07,67.02338409423828
1998-08-10,66.63951873779297
1998-08-11,65.64144134521484
1998-08-12,66.75465393066406
1998-08-13,65.94853973388672
1998-08-14,65.18079376220703
1998-08-17,66.56273651123047
1998-08-18,67.79114532470703
1998-08-19,67.618408203125
1998-08-20,67.21529388427734
1998-08-21,66.6778793334961
1998-08-24,67.1001205444336
1998-08-25,67.25373077392578
1998-08-26,66.86981964111328
1998-08-27,63.72211456298828
1998-08-28,63.49177932739258
1998-08-31,58.962120056152344
1998-09-01,61.45732116699219
1998-09-02,61.01581954956055
1998-09-03,60.536006927490234
1998-09-04,60.0369758605957
1998-09-08,63.261497497558594
1998-09-09,61.72602462768555
1998-09-10,60.49760818481445
1998-09-11,62.455318450927734
1998-09-14,63.530174255371094
1998-09-15,63.914039611816406
1998-09-16,64.48982238769531
1998-09-17,62.647274017333984
1998-09-18,62.92634582519531
1998-09-21,62.8878059387207
1998-09-22,63.40785217285156
1998-09-23,65.95035552978516
1998-09-24,64.33242797851562
1998-09-25,64.25537872314453
1998-09-28,64.83318328857422
1998-09-29,64.67912292480469
1998-09-30,62.7144775390625
1998-10-01,60.90391159057617
1998-10-02,62.078826904296875
1998-10-05,60.82685470581055
1998-10-06,60.76908493041992
1998-10-07,59.863807678222656
1998-10-08,59.5363655090332
1998-10-09,60.73053741455078
1998-10-12,61.6165657043457
1998-10-13,61.40471267700195
1998-10-14,61.982513427734375
1998-10-15,65.31468963623047
1998-10-16,65.3339614868164
1998-10-19,65.56515502929688
1998-10-20,65.95035552978516
1998-10-21,65.71919250488281
1998-10-22,66.70150756835938
1998-10-23,65.85404205322266
1998-10-26,66.33551788330078
1998-10-27,65.95035552978516
1998-10-28,65.83478546142578
1998-10-29,67.43346405029297
1998-10-30,67.79940795898438
1998-11-02,68.95510864257812
1998-11-03,68.45426177978516
1998-11-04,69.18619537353516
1998-11-05,70.13001251220703
1998-11-06,70.34190368652344
1998-11-09,69.84107971191406
1998-11-10,69.64849090576172
1998-11-11,69.18619537353516
1998-11-12,69.10922241210938
1998-11-13,69.7833251953125
1998-11-16,70.3033676147461
1998-11-17,70.3033676147461
1998-11-18,70.72713470458984
1998-11-19,71.34349060058594
1998-11-20,71.88275909423828
1998-11-23,73.5777816772461
1998-11-24,73.1154556274414
1998-11-25,73.1154556274414
1998-11-27,73.65483856201172
1998-11-30,71.5745849609375
1998-12-01,72.49915313720703
1998-12-02,72.28728485107422
1998-12-03,71.09309387207031
1998-12-04,72.96139526367188
1998-12-07,73.3081283569336
1998-12-08,72.98067474365234
1998-12-09,73.1154556274414
1998-12-10,72.04652404785156
1998-12-11,72.19098663330078
1998-12-14,70.11077117919922
1998-12-15,71.92134857177734
1998-12-16,71.82500457763672
1998-12-17,72.97107696533203
1998-12-18,73.28109741210938
1998-12-21,74.30535888671875
1998-12-22,74.63385009765625
1998-12-23,76.1992416381836
1998-12-24,75.87068939208984
1998-12-28,75.67744445800781
1998-12-29,76.8755874633789
1998-12-30,76.25716400146484
1998-12-31,76.25716400146484
1999-01-04,76.08322143554688
1999-01-05,76.95289611816406
1999-01-06,78.80805206298828
1999-01-07,78.42159271240234
1999-01-08,79.0013656616211
1999-01-11,78.24768829345703
1999-01-12,76.83694458007812
1999-01-13,76.29586029052734
1999-01-14,74.96240234375
1999-01-15,76.91423034667969
1999-01-19,77.41669464111328
1999-01-20,78.03510284423828
1999-01-21,75.96728515625
1999-01-22,75.7933578491211
1999-01-25,76.56639099121094
1999-01-26,77.95782470703125
1999-01-27,77.0495376586914
1999-01-28,78.34429168701172
1999-01-29,78.94341278076172
1999-02-01,78.47958374023438
1999-02-02,77.99645233154297
1999-02-03,78.78878021240234
1999-02-04,77.60994720458984
1999-02-05,76.72100067138672
1999-02-08,76.8755874633789
1999-02-09,75.15564727783203
1999-02-10,75.6387939453125
1999-02-11,77.37804412841797
1999-02-12,76.4504165649414
1999-02-16,75.98663330078125
1999-02-17,75.90930938720703
1999-02-18,76.5083999633789
1999-02-19,76.83694458007812
1999-02-22,78.88540649414062
1999-02-23,78.84676361083984
1999-02-24,77.45535278320312
1999-02-25,76.72100067138672
1999-02-26,76.41177368164062
1999-03-01,76.62437438964844
1999-03-02,75.94798278808594
1999-03-03,76.35379791259766
1999-03-04,77.3200912475586
1999-03-05,78.87574768066406
1999-03-08,79.38785552978516
1999-03-09,79.1946029663086
1999-03-10,79.89030456542969
1999-03-11,80.77928161621094
1999-03-12,80.00630187988281
1999-03-15,81.14645385742188
1999-03-16,80.83724212646484
1999-03-17,80.48938751220703
1999-03-18,81.78421783447266
1999-03-19,80.39404296875
1999-03-22,80.54901123046875
1999-03-23,78.22437286376953
1999-03-24,78.6699447631836
1999-03-25,80.27781677246094
1999-03-26,79.69666290283203
1999-03-29,81.30451965332031
1999-03-30,80.87837219238281
1999-03-31,79.58040618896484
1999-04-01,80.18094635009766
1999-04-05,82.07939147949219
1999-04-06,81.88569641113281
1999-04-07,82.54436492919922
1999-04-08,83.59043884277344
1999-04-09,83.60978698730469
1999-04-12,84.5009536743164
1999-04-13,83.95849609375
1999-04-14,82.54436492919922
1999-04-15,82.23440551757812
1999-04-16,81.53699493408203
1999-04-19,80.27781677246094
1999-04-20,81.28517150878906
1999-04-21,83.60978698730469
1999-04-22,84.40408325195312
1999-04-23,84.19095611572266
1999-04-26,84.67524719238281
1999-04-27,85.08208465576172
1999-04-28,83.91979217529297
1999-04-29,83.28047943115234
1999-04-30,82.60245513916016
1999-05-03,84.11347961425781
1999-05-04,82.91239166259766
1999-05-05,83.57103729248047
1999-05-06,83.05770111083984
1999-05-07,83.68730163574219
1999-05-10,83.27078247070312
1999-05-11,84.11347961425781
1999-05-12,84.7721176147461
1999-05-13,85.14019012451172
1999-05-14,82.9317855834961
1999-05-17,83.18360137939453
1999-05-18,83.02867889404297
1999-05-19,83.62918853759766
1999-05-20,83.12549591064453
1999-05-21,82.66056823730469
1999-05-24,81.28517150878906
1999-05-25,79.96784210205078
1999-05-26,80.85895538330078
1999-05-27,79.69666290283203
1999-05-28,80.71367645263672
1999-06-01,80.43277740478516
1999-06-02,80.51029968261719
1999-06-03,80.95584106445312
1999-06-04,82.58307647705078
1999-06-07,82.79617309570312
1999-06-08,81.98257446289062
1999-06-09,81.90505981445312
1999-06-10,81.14954376220703
1999-06-11,80.47154235839844
1999-06-14,80.54901123046875
1999-06-15,81.09146881103516
1999-06-16,82.64120483398438
1999-06-17,83.4161148071289
1999-06-18,83.51246643066406
1999-06-21,83.70677947998047
1999-06-22,83.12384033203125
1999-06-23,82.71578216552734
1999-06-24,82.093994140625
1999-06-25,81.8900146484375
1999-06-28,82.89068603515625
1999-06-29,83.66792297363281
1999-06-30,85.18347930908203
1999-07-01,85.82469940185547
1999-07-02,86.67964935302734
1999-07-06,86.66015625
1999-07-07,86.77678680419922
1999-07-08,86.84479522705078
1999-07-09,87.35968780517578
1999-07-12,86.97109985351562
1999-07-13,86.66015625
1999-07-14,87.14598083496094
1999-07-15,87.6997299194336
1999-07-16,88.17578125
1999-07-19,87.59284973144531
1999-07-20,85.7955322265625
1999-07-21,85.69841766357422
1999-07-22,84.57141876220703
1999-07-23,84.4062271118164
1999-07-26,83.78448486328125
1999-07-27,84.48396301269531
1999-07-28,84.7560043334961
1999-07-29,83.57074737548828
1999-07-30,82.5408935546875
1999-08-02,82.73522186279297
1999-08-03,82.34661102294922
1999-08-04,81.21961975097656
1999-08-05,81.9580078125
1999-08-06,81.064208984375
1999-08-09,80.88936614990234
1999-08-10,79.99552154541016
1999-08-11,80.96703338623047
1999-08-12,80.91847229003906
1999-08-13,82.7935562133789
1999-08-16,83.16270446777344
1999-08-17,83.70677947998047
1999-08-18,83.10442352294922
1999-08-19,82.42434692382812
1999-08-20,83.2598648071289
1999-08-23,84.85315704345703
1999-08-24,85.1640625
1999-08-25,86.0384292602539
1999-08-26,85.00861358642578
1999-08-27,83.97879028320312
1999-08-30,82.42434692382812
1999-08-31,82.11346435546875
1999-09-01,83.12384033203125
1999-09-02,82.14260864257812
1999-09-03,84.54230499267578
1999-09-07,84.23141479492188
1999-09-08,83.8233413696289
1999-09-09,83.78448486328125
1999-09-10,84.48396301269531
1999-09-13,83.9107894897461
1999-09-14,83.35701751708984
1999-09-15,82.03575897216797
1999-09-16,82.3563232421875
1999-09-17,83.39692687988281
1999-09-20,83.27999877929688
1999-09-21,81.5263442993164
1999-09-22,81.43865203857422
1999-09-23,79.73370361328125
1999-09-24,79.65574645996094
1999-09-27,80.1818618774414
1999-09-28,80.0259780883789
1999-09-29,79.07117462158203
1999-09-30,80.27930450439453
1999-10-01,80.10388946533203
1999-10-04,81.5263442993164
1999-10-05,81.44837951660156
1999-10-06,82.69548797607422
1999-10-07,82.22779846191406
1999-10-08,83.47486114501953
1999-10-11,83.3384780883789
1999-10-12,82.05242156982422
1999-10-13,79.92854309082031
1999-10-14,79.9090576171875
1999-10-15,77.86311340332031
1999-10-18,78.42817687988281
1999-10-19,79.18814086914062
1999-10-20,79.96753692626953
1999-10-21,80.43513488769531
1999-10-22,81.11717224121094
1999-10-25,80.70794677734375
1999-10-26,79.69473266601562
1999-10-27,81.1366195678711
1999-10-28,83.903564453125
1999-10-29,85.42338562011719
1999-11-01,84.52708435058594
1999-11-02,83.92305755615234
1999-11-03,84.48812103271484
1999-11-04,85.13109588623047
1999-11-05,85.9690170288086
1999-11-08,86.04695129394531
1999-11-09,85.23828887939453
1999-11-10,85.8715591430664
1999-11-11,86.35873413085938
1999-11-12,87.13811492919922
1999-11-15,87.34268188476562
1999-11-16,88.07335662841797
1999-11-17,88.30721282958984
1999-11-18,88.93072509765625
1999-11-19,88.85281372070312
1999-11-22,88.83334350585938
1999-11-23,88.05391693115234
1999-11-24,88.52152252197266
1999-11-26,88.1903076171875
1999-11-29,87.87853240966797
1999-11-30,86.84580993652344
1999-12-01,87.54728698730469
1999-12-02,88.07335662841797
1999-12-03,89.69068908691406
1999-12-06,89.0281753540039
1999-12-07,88.30721282958984
1999-12-08,87.74212646484375
1999-12-09,88.17079162597656
1999-12-10,88.46314239501953
1999-12-13,88.6189956665039
1999-12-14,87.76161193847656
1999-12-15,88.22926330566406
1999-12-16,88.6189956665039
1999-12-17,89.18814086914062
1999-12-20,88.54349517822266
1999-12-21,89.89128112792969
1999-12-22,90.12566375732422
1999-12-23,91.5613784790039
1999-12-27,91.43441009521484
1999-12-28,91.3757553100586
1999-12-29,91.76644897460938
1999-12-30,91.65901947021484
1999-12-31,91.80548858642578
2000-01-03,90.90702056884766
2000-01-04,87.35200500488281
2000-01-05,87.5082778930664
2000-01-06,86.10183715820312
2000-01-07,91.10234832763672
2000-01-10,91.41488647460938
2000-01-11,90.32098388671875
2000-01-12,89.42247009277344
2000-01-13,90.63355255126953
2000-01-14,91.86412811279297
2000-01-18,91.14144897460938
2000-01-19,91.8836898803711
2000-01-20,90.4773178100586
2000-01-21,90.28195190429688
2000-01-24,87.72314453125
2000-01-25,88.71929168701172
2000-01-26,88.01611328125
2000-01-27,87.6645278930664
2000-01-28,84.92985534667969
2000-01-31,87.23475646972656
2000-02-01,88.09425354003906
2000-02-02,88.17237854003906
2000-02-03,89.50061798095703
2000-02-04,89.12952423095703
2000-02-07,88.99276733398438
2000-02-08,90.20381927490234
2000-02-09,88.30908966064453
2000-02-10,88.48493957519531
2000-02-11,86.6878433227539
2000-02-14,87.19573974609375
2000-02-15,88.18213653564453
2000-02-16,86.88321685791016
2000-02-17,86.43395233154297
2000-02-18,84.57830810546875
2000-02-22,84.36339569091797
2000-02-23,85.35960388183594
2000-02-24,83.64070892333984
2000-02-25,83.33794403076172
2000-02-28,85.08615112304688
2000-02-29,85.90653228759766
2000-03-01,86.5315933227539
2000-03-02,86.59017944335938
2000-03-03,88.21141815185547
2000-03-06,87.35200500488281
2000-03-07,85.66236877441406
2000-03-08,85.55492401123047
2000-03-09,88.0551528930664
2000-03-10,87.58635711669922
2000-03-13,86.62924194335938
2000-03-14,85.39868927001953
2000-03-15,87.39110565185547
2000-03-16,91.47344970703125
2000-03-17,92.07803344726562
2000-03-20,91.60800170898438
2000-03-21,93.48802185058594
2000-03-22,94.0558090209961
2000-03-23,95.66168212890625
2000-03-24,96.22956848144531
2000-03-27,95.21125793457031
2000-03-28,94.6629409790039
2000-03-29,94.7608871459961
2000-03-30,93.17466735839844
2000-03-31,94.23211669921875
2000-04-03,94.78046417236328
2000-04-04,94.07545471191406
2000-04-05,93.48802185058594
2000-04-06,94.30069732666016
2000-04-07,94.89791107177734
2000-04-10,94.52587127685547
2000-04-11,94.251708984375
2000-04-12,91.66680145263672
2000-04-13,90.39387512207031
2000-04-14,85.2240982055664
2000-04-17,88.20065307617188
2000-04-18,90.531005859375
2000-04-19,89.68891906738281
2000-04-20,90.11975860595703
2000-04-24,89.140625
2000-04-25,92.84176635742188
2000-04-26,91.79409790039062
2000-04-27,91.49054718017578
2000-04-28,90.92266082763672
2000-05-01,92.15635681152344
2000-05-02,90.31558990478516
2000-05-03,88.20065307617188
2000-05-04,88.866455078125
2000-05-05,89.94354248046875
2000-05-08,89.26791381835938
2000-05-09,88.55311584472656
2000-05-10,86.55575561523438
2000-05-11,88.53353881835938
2000-05-12,89.49312591552734
2000-05-15,91.04011535644531
2000-05-16,91.9213638305664
2000-05-17,90.96182250976562
2000-05-18,89.84558868408203
2000-05-19,88.43557739257812
2000-05-22,87.76982879638672
2000-05-23,86.47737884521484
2000-05-24,87.88729858398438
2000-05-25,86.37947845458984
2000-05-26,86.47737884521484
2000-05-30,89.29730987548828
2000-05-31,89.49312591552734
2000-06-01,91.05973815917969
2000-06-02,92.64595794677734
2000-06-05,92.19551086425781
2000-06-06,91.78430938720703
2000-06-07,92.42072296142578
2000-06-08,92.05846405029297
2000-06-09,91.86260986328125
2000-06-12,90.7855453491211
2000-06-13,92.48924255371094
2000-06-14,92.64595794677734
2000-06-15,92.84176635742188
2000-06-16,92.07887268066406
2000-06-19,93.25664520263672
2000-06-20,92.92291259765625
2000-06-21,92.88363647460938
2000-06-22,91.4704360961914
2000-06-23,90.68522644042969
2000-06-26,91.85320281982422
2000-06-27,91.17595672607422
2000-06-28,91.43110656738281
2000-06-29,90.56745147705078
2000-06-30,91.25447082519531
2000-07-03,92.51073455810547
2000-07-05,90.8422622680664
2000-07-06,91.5489273071289
2000-07-07,93.02108764648438
2000-07-10,92.86408996582031
2000-07-11,93.06036376953125
2000-07-12,93.6688461303711
2000-07-13,94.0810775756836
2000-07-14,95.00359344482422
2000-07-17,94.84656524658203
2000-07-18,94.07119750976562
2000-07-19,93.31550598144531
2000-07-20,94.61100006103516
2000-07-21,92.76593017578125
2000-07-24,92.23595428466797
2000-07-25,92.5304183959961
2000-07-26,91.62742614746094
2000-07-27,91.31339263916016
2000-07-28,89.25233459472656
2000-07-31,89.82158660888672
2000-08-01,90.37120056152344
2000-08-02,90.82268524169922
2000-08-03,91.4507827758789
2000-08-04,91.94152069091797
2000-08-07,93.04070281982422
2000-08-08,93.39404296875
2000-08-09,92.60887908935547
2000-08-10,92.15738677978516
2000-08-11,92.58924865722656
2000-08-14,93.7669906616211
2000-08-15,93.68843841552734
2000-08-16,93.35476684570312
2000-08-17,94.3362045288086
2000-08-18,94.02214813232422
2000-08-21,94.53253173828125
2000-08-22,94.37547302246094
2000-08-23,94.74839782714844
2000-08-24,95.0428466796875
2000-08-25,95.00359344482422
2000-08-28,95.32746124267578
2000-08-29,95.34712982177734
2000-08-30,94.43439483642578
2000-08-31,95.69060516357422
2000-09-01,95.78876495361328
2000-09-05,95.02323913574219
2000-09-06,93.9436264038086
2000-09-07,94.74839782714844
2000-09-08,94.1006851196289
2000-09-11,93.96326446533203
2000-09-12,93.27623748779297
2000-09-13,93.52163696289062
2000-09-14,93.9926986694336
2000-09-15,91.93635559082031
2000-09-18,91.09020233154297
2000-09-19,91.91666412353516
2000-09-20,91.2377700805664
2000-09-21,89.85047149658203
2000-09-22,91.4837646484375
2000-09-25,90.8343734741211
2000-09-26,89.67338562011719
2000-09-27,90.14561462402344
2000-09-28,91.3066177368164
2000-09-29,90.4407958984375
2000-10-02,90.57854461669922
2000-10-03,89.73237609863281
2000-10-04,90.48017883300781
2000-10-05,90.79500579833984
2000-10-06,88.82717895507812
2000-10-09,88.15814971923828
2000-10-10,86.70195770263672
2000-10-11,85.97386169433594
2000-10-12,83.8289566040039
2000-10-13,86.62324523925781
2000-10-16,87.01679229736328
2000-10-17,84.85226440429688
2000-10-18,84.53736114501953
2000-10-19,87.72525787353516
2000-10-20,88.09912109375
2000-10-23,88.49267578125
2000-10-24,87.90230560302734
2000-10-25,85.83612823486328
2000-10-26,86.07225799560547
2000-10-27,87.70556640625
2000-10-30,88.49267578125
2000-10-31,90.01773834228516
2000-11-01,89.71273040771484
2000-11-02,89.86032104492188
2000-11-03,89.90950012207031
2000-11-06,90.53915405273438
2000-11-07,90.5195083618164
2000-11-08,88.5123519897461
2000-11-09,88.17782592773438
2000-11-10,86.03289031982422
2000-11-13,85.36383819580078
2000-11-14,87.60713958740234
2000-11-15,87.88265991210938
2000-11-16,86.50517272949219
2000-11-17,86.04276275634766
2000-11-20,84.81287384033203
2000-11-21,85.24578857421875
2000-11-22,83.20906829833984
2000-11-24,84.91122436523438
2000-11-27,85.65902709960938
2000-11-28,84.18319702148438
2000-11-29,84.02572631835938
2000-11-30,83.29766082763672
2000-12-01,83.25827026367188
2000-12-04,83.96672821044922
2000-12-05,86.72162628173828
2000-12-06,85.33433532714844
2000-12-07,84.16345977783203
2000-12-08,84.36024475097656
2000-12-11,87.29232025146484
2000-12-12,86.91844940185547
2000-12-13,85.72787475585938
2000-12-14,84.63571166992188
2000-12-15,82.72411346435547
2000-12-18,83.82942199707031
2000-12-19,82.1220703125
2000-12-20,79.74360656738281
2000-12-21,80.2962417602539
2000-12-22,82.704345703125
2000-12-26,83.59264373779297
2000-12-27,84.20451354980469
2000-12-28,84.46111297607422
2000-12-29,82.8622817993164
2001-01-02,81.36219024658203
2001-01-03,85.2703628540039
2001-01-04,84.35252380371094
2001-01-05,81.5990219116211
2001-01-08,82.23065948486328
2001-01-09,82.01351928710938
2001-01-10,83.45443725585938
2001-01-11,83.53340148925781
2001-01-12,83.37549591064453
2001-01-16,83.90840148925781
2001-01-17,84.2933349609375
2001-01-18,85.13221740722656
2001-01-19,84.64861297607422
2001-01-22,85.21115112304688
2001-01-23,85.88227081298828
2001-01-24,86.13887786865234
2001-01-25,85.92176818847656
2001-01-26,85.82305908203125
2001-01-29,86.281005859375
2001-01-30,87.03892517089844
2001-01-31,86.5462875366211
2001-02-01,87.12100219726562
2001-02-02,85.14405822753906
2001-02-05,85.76935577392578
2001-02-06,85.5167007446289
2001-02-07,85.0745849609375
2001-02-08,84.08290100097656
2001-02-09,83.27442932128906
2001-02-12,84.22823333740234
2001-02-13,83.53971099853516
2001-02-14,83.41340637207031
2001-02-15,84.22188568115234
2001-02-16,82.3648681640625
2001-02-20,81.09529876708984
2001-02-21,79.34568786621094
2001-02-22,79.46570587158203
2001-02-23,78.92879486083984
2001-02-26,80.60896301269531
2001-02-27,79.86359405517578
2001-02-28,78.29083251953125
2001-03-01,78.7013931274414
2001-03-02,78.07608795166016
2001-03-05,78.78985595703125
2001-03-06,79.63623809814453
2001-03-07,80.20469665527344
2001-03-08,80.29312896728516
2001-03-09,77.91819763183594
2001-03-12,74.58318328857422
2001-03-13,75.80851745605469
2001-03-14,74.31158447265625
2001-03-15,74.33049774169922
2001-03-16,72.83964538574219
2001-03-19,74.3216323852539
2001-03-20,72.32662200927734
2001-03-21,71.09800720214844
2001-03-22,70.37594604492188
2001-03-23,72.50399017333984
2001-03-26,73.42861938476562
2001-03-27,74.92965698242188
2001-03-28,72.85862731933594
2001-03-29,73.1373062133789
2001-03-30,73.90362548828125
2001-04-02,72.32662200927734
2001-04-03,69.91366577148438
2001-04-04,70.2049789428711
2001-04-05,72.86495971679688
2001-04-06,71.75664520263672
2001-04-09,72.55463409423828
2001-04-10,73.87833404541016
2001-04-11,73.928955078125
2001-04-12,75.2716293334961
2001-04-16,74.47998046875
2001-04-17,75.53131103515625
2001-04-18,78.53331756591797
2001-04-19,79.57831573486328
2001-04-20,78.84996795654297
2001-04-23,77.41862487792969
2001-04-24,77.00061798095703
2001-04-25,78.00762939453125
2001-04-26,78.35601043701172
2001-04-27,79.66062927246094
2001-04-30,80.21797180175781
2001-05-01,80.46499633789062
2001-05-02,80.31929779052734
2001-05-03,79.29962158203125
2001-05-04,80.64864349365234
2001-05-07,79.95197296142578
2001-05-08,79.91394805908203
2001-05-09,79.57831573486328
2001-05-10,79.8126449584961
2001-05-11,79.26165771484375
2001-05-14,79.41996765136719
2001-05-15,79.78730010986328
2001-05-16,81.6683120727539
2001-05-17,81.79498291015625
2001-05-18,82.16863250732422
2001-05-21,83.37828063964844
2001-05-22,83.27064514160156
2001-05-23,81.8582992553711
2001-05-24,82.09898376464844
2001-05-25,81.12999725341797
2001-05-29,80.4839859008789
2001-05-30,79.35663604736328
2001-05-31,79.768310546875
2001-06-01,80.26231384277344
2001-06-04,80.64864349365234
2001-06-05,81.57331848144531
2001-06-06,80.89566802978516
2001-06-07,81.18698120117188
2001-06-08,80.43329620361328
2001-06-11,79.8633041381836
2001-06-12,79.72396087646484
2001-06-13,79.03999328613281
2001-06-14,77.26663970947266
2001-06-15,77.39112091064453
2001-06-18,77.01640319824219
2001-06-19,77.35304260253906
2001-06-20,77.759521484375
2001-06-21,78.6423568725586
2001-06-22,78.02625274658203
2001-06-25,77.30855560302734
2001-06-26,77.2005615234375
2001-06-27,77.1561508178711
2001-06-28,77.5816421508789
2001-06-29,77.86747741699219
2001-07-02,78.83920288085938
2001-07-03,78.82018280029297
2001-07-05,77.28318786621094
2001-07-06,75.61273193359375
2001-07-09,76.02555847167969
2001-07-10,75.11099243164062
2001-07-11,75.18721008300781
2001-07-12,76.97193908691406
2001-07-13,77.63882446289062
2001-07-16,76.66708374023438
2001-07-17,77.38475799560547
2001-07-18,76.85762023925781
2001-07-19,77.53085327148438
2001-07-20,77.06719207763672
2001-07-23,75.54927062988281
2001-07-24,74.81886291503906
2001-07-25,75.6445083618164
2001-07-26,76.43842315673828
2001-07-27,76.73058319091797
2001-07-30,76.75598907470703
2001-07-31,77.07354736328125
2001-08-01,77.55622863769531
2001-08-02,77.87383270263672
2001-08-03,77.44828796386719
2001-08-06,76.40665435791016
2001-08-07,76.7052001953125
2001-08-08,75.28247833251953
2001-08-09,75.5047607421875
2001-08-10,75.76518249511719
2001-08-13,75.78419494628906
2001-08-14,75.75250244140625
2001-08-15,75.0982894897461
2001-08-16,75.35870361328125
2001-08-17,74.15196228027344
2001-08-20,74.83790588378906
2001-08-21,73.56124114990234
2001-08-22,74.32344818115234
2001-08-23,74.05667114257812
2001-08-24,75.59371185302734
2001-08-27,75.14276885986328
2001-08-28,74.04397583007812
2001-08-29,73.38343811035156
2001-08-30,71.97344207763672
2001-08-31,72.50056457519531
2001-09-04,72.03693389892578
2001-09-05,72.2147445678711
2001-09-06,70.35382843017578
2001-09-07,69.05181121826172
2001-09-10,69.89655303955078
2001-09-17,66.2445068359375
2001-09-18,66.0857162475586
2001-09-19,64.75192260742188
2001-09-20,62.69413375854492
2001-09-21,62.01770782470703
2001-09-24,64.1980209350586
2001-09-25,64.867431640625
2001-09-26,64.6379165649414
2001-09-27,65.19889831542969
2001-09-28,66.58233642578125
2001-10-01,66.47395324707031
2001-10-02,67.30909729003906
2001-10-03,68.4375228881836
2001-10-04,68.49488830566406
2001-10-05,68.36101531982422
2001-10-08,67.91473388671875
2001-10-09,67.55136108398438
2001-10-10,69.05594635009766
2001-10-11,70.12691497802734
2001-10-12,69.80818176269531
2001-10-15,69.68065643310547
2001-10-16,70.12059020996094
2001-10-17,68.62879943847656
2001-10-18,68.4821548461914
2001-10-19,68.4375228881836
2001-10-22,69.7890396118164
2001-10-23,69.4320297241211
2001-10-24,69.24713897705078
2001-10-25,70.49034881591797
2001-10-26,70.33097076416016
2001-10-29,68.50125885009766
2001-10-30,67.67884826660156
2001-10-31,67.4493637084961
2001-11-01,69.17704010009766
2001-11-02,69.64875793457031
2001-11-05,70.5604476928711
2001-11-06,71.65695190429688
2001-11-07,71.56135559082031
2001-11-08,71.78446960449219
2001-11-09,71.86100006103516
2001-11-12,71.4211196899414
2001-11-13,73.02762603759766
2001-11-14,73.09772491455078
2001-11-15,73.23165893554688
2001-11-16,72.90654754638672
2001-11-19,73.8053970336914
2001-11-20,73.18702697753906
2001-11-21,72.70252990722656
2001-11-23,73.74798583984375
2001-11-26,73.90740203857422
2001-11-27,73.58866119384766
2001-11-28,72.2562484741211
2001-11-29,73.23165893554688
2001-11-30,72.70891571044922
2001-12-03,72.27534484863281
2001-12-04,73.49938201904297
2001-12-05,74.84457397460938
2001-12-06,74.80628967285156
2001-12-07,74.30902862548828
2001-12-10,72.91929626464844
2001-12-11,72.77261352539062
2001-12-12,72.85548400878906
2001-12-13,71.44024658203125
2001-12-14,72.12232208251953
2001-12-17,72.8682861328125
2001-12-18,73.30179595947266
2001-12-19,73.81818389892578
2001-12-20,73.09142303466797
2001-12-21,73.53469848632812
2001-12-24,73.39397430419922
2001-12-26,73.79698944091797
2001-12-27,74.24474334716797
2001-12-28,74.20638275146484
2001-12-31,73.11890411376953
2002-01-02,73.90570068359375
2002-01-03,74.74372863769531
2002-01-04,75.24270629882812
2002-01-07,74.7118148803711
2002-01-08,74.53905487060547
2002-01-09,73.93131256103516
2002-01-10,74.25757598876953
2002-01-11,73.5283432006836
2002-01-14,73.06774139404297
2002-01-15,73.66264343261719
2002-01-16,72.17210388183594
2002-01-17,72.71588134765625
2002-01-18,72.38321685791016
2002-01-22,71.8842544555664
2002-01-23,72.4344253540039
2002-01-24,72.65829467773438
2002-01-25,72.63910675048828
2002-01-28,72.83741760253906
2002-01-29,70.54723358154297
2002-01-30,71.56444549560547
2002-01-31,72.40242004394531
2002-02-01,72.06340026855469
2002-02-04,70.27216339111328
2002-02-05,69.83716583251953
2002-02-06,69.5364990234375
2002-02-07,69.10150146484375
2002-02-08,70.42571258544922
2002-02-11,71.2893295288086
2002-02-12,71.0654067993164
2002-02-13,71.8203125
2002-02-14,71.68594360351562
2002-02-15,70.9375
2002-02-19,69.57490539550781
2002-02-20,70.74556732177734
2002-02-21,69.28063201904297
2002-02-22,70.13786315917969
2002-02-25,71.29571533203125
2002-02-26,71.14859771728516
2002-02-27,71.42366027832031
2002-02-28,71.10381317138672
2002-03-01,72.76066589355469
2002-03-04,74.04645538330078
2002-03-05,73.80980682373047
2002-03-06,74.6861801147461
2002-03-07,74.52627563476562
2002-03-08,74.83971405029297
2002-03-11,74.99960327148438
2002-03-12,74.95488739013672
2002-03-13,74.23200225830078
2002-03-14,74.12964630126953
2002-03-15,74.83595275878906
2002-03-18,74.84880828857422
2002-03-19,75.34922790527344
2002-03-20,73.9314193725586
2002-03-21,73.96344757080078
2002-03-22,73.8030776977539
2002-03-25,72.88567352294922
2002-03-26,73.30908966064453
2002-03-27,73.50154113769531
2002-03-28,73.469482421875
2002-04-01,73.50154113769531
2002-04-02,73.097412109375
2002-04-03,72.58415985107422
2002-04-04,72.28263092041016
2002-04-05,72.29546356201172
2002-04-08,72.44942474365234
2002-04-09,71.94261932373047
2002-04-10,72.75738525390625
2002-04-11,70.9482192993164
2002-04-12,71.48070526123047
2002-04-15,70.93541717529297
2002-04-16,72.62263488769531
2002-04-17,72.46870422363281
2002-04-18,72.15428161621094
2002-04-19,72.41735076904297
2002-04-22,71.21124267578125
2002-04-23,70.90330505371094
2002-04-24,70.19122314453125
2002-04-25,70.2297134399414
2002-04-26,68.8952865600586
2002-04-29,68.55526733398438
2002-04-30,69.19681549072266
2002-05-01,70.04361724853516
2002-05-02,69.77420043945312
2002-05-03,69.01714324951172
2002-05-06,67.66352081298828
2002-05-07,67.4261474609375
2002-05-08,69.9345703125
2002-05-09,69.12628173828125
2002-05-10,67.8239517211914
2002-05-13,69.20325469970703
2002-05-14,70.71087646484375
2002-05-15,70.43498992919922
2002-05-16,70.80067443847656
2002-05-17,71.14712524414062
2002-05-20,70.3772201538086
2002-05-21,69.73567199707031
2002-05-22,69.8896713256836
2002-05-23,70.63386535644531
2002-05-24,69.72927856445312
2002-05-28,69.35077667236328
2002-05-29,68.83753967285156
2002-05-30,68.64506530761719
2002-05-31,68.78623962402344
2002-06-03,66.95785522460938
2002-06-04,67.1246109008789
2002-06-05,67.75333404541016
2002-06-06,66.37400817871094
2002-06-07,66.29703521728516
2002-06-10,66.55365753173828
2002-06-11,65.41173553466797
2002-06-12,65.80946350097656
2002-06-13,65.14869689941406
2002-06-14,65.0524673461914
2002-06-17,66.79743957519531
2002-06-18,67.3427505493164
2002-06-19,65.7709732055664
2002-06-20,64.93059539794922
2002-06-21,63.915279388427734
2002-06-24,64.25005340576172
2002-06-25,62.80797576904297
2002-06-26,62.9110221862793
2002-06-27,64.01187133789062
2002-06-28,63.70928955078125
2002-07-01,62.4667854309082
2002-07-02,61.14059829711914
2002-07-03,61.488224029541016
2002-07-05,63.93460464477539
2002-07-08,63.136322021484375
2002-07-09,61.5461540222168
2002-07-10,59.30574417114258
2002-07-11,59.788631439208984
2002-07-12,59.131954193115234
2002-07-15,59.447425842285156
2002-07-16,58.30144500732422
2002-07-17,58.41734313964844
2002-07-18,56.524620056152344
2002-07-19,54.53528594970703
2002-07-22,52.91939926147461
2002-07-23,51.47086715698242
2002-07-24,54.541725158691406
2002-07-25,54.078208923339844
2002-07-26,55.108280181884766
2002-07-29,57.79286193847656
2002-07-30,58.54612731933594
2002-07-31,58.687747955322266
2002-08-01,57.155540466308594
2002-08-02,55.87439727783203
2002-08-05,53.93016052246094
2002-08-06,55.74565124511719
2002-08-07,56.717735290527344
2002-08-08,58.55252456665039
2002-08-09,58.77145004272461
2002-08-12,58.340087890625
2002-08-13,57.277828216552734
2002-08-14,59.370155334472656
2002-08-15,60.194210052490234
2002-08-16,60.013938903808594
2002-08-19,61.41741943359375
2002-08-20,60.76717758178711
2002-08-21,61.64271926879883
2002-08-22,62.24143600463867
2002-08-23,60.90238571166992
2002-08-26,61.32726287841797
2002-08-27,60.619102478027344
2002-08-28,59.29289627075195
2002-08-29,59.31868362426758
2002-08-30,59.086891174316406
2002-09-03,56.8336181640625
2002-09-04,57.644805908203125
2002-09-05,57.155540466308594
2002-09-06,57.94094467163086
2002-09-09,58.36587142944336
2002-09-10,59.03539276123047
2002-09-11,58.668418884277344
2002-09-12,57.58683395385742
2002-09-13,57.7285041809082
2002-09-16,57.870140075683594
2002-09-17,56.54393768310547
2002-09-18,55.97738265991211
2002-09-19,54.52885437011719
2002-09-20,54.546993255615234
2002-09-23,54.10078048706055
2002-09-24,53.2277717590332
2002-09-25,54.546993255615234
2002-09-26,55.43937683105469
2002-09-27,53.51229476928711
2002-09-30,52.89147186279297
2002-10-01,55.43291473388672
2002-10-02,53.77094268798828
2002-10-03,53.2277717590332
2002-10-04,52.25129318237305
2002-10-07,51.171329498291016
2002-10-08,51.97322082519531
2002-10-09,50.50526428222656
2002-10-10,52.1413688659668
2002-10-11,54.42411422729492
2002-10-14,54.728031158447266
2002-10-15,57.360008239746094
2002-10-16,55.969642639160156
2002-10-17,57.081905364990234
2002-10-18,57.32120132446289
2002-10-21,58.31062698364258
2002-10-22,57.890281677246094
2002-10-23,58.33002853393555
2002-10-24,57.14015197753906
2002-10-25,58.33002853393555
2002-10-28,57.94847869873047
2002-10-29,57.27595901489258
2002-10-30,57.83207702636719
2002-10-31,57.243614196777344
2002-11-01,58.375274658203125
2002-11-04,58.93141555786133
2002-11-05,59.39701461791992
2002-11-06,60.16656494140625
2002-11-07,58.692169189453125
2002-11-08,57.974369049072266
2002-11-11,57.07548141479492
2002-11-12,57.52812957763672
2002-11-13,57.586341857910156
2002-11-14,58.67277145385742
2002-11-15,59.10602569580078
2002-11-18,58.51109313964844
2002-11-19,58.43348693847656
2002-11-20,59.73332977294922
2002-11-21,60.84558868408203
2002-11-22,60.412330627441406
2002-11-25,60.45112228393555
2002-11-26,59.30001449584961
2002-11-27,60.96845626831055
2002-11-29,60.774436950683594
2002-12-02,60.87146759033203
2002-12-03,60.05663299560547
2002-12-04,59.78504180908203
2002-12-05,59.12544631958008
2002-12-06,59.513427734375
2002-12-09,57.877357482910156
2002-12-10,58.653350830078125
2002-12-11,58.70510482788086
2002-12-12,58.69862747192383
2002-12-13,57.77387237548828
2002-12-16,59.267696380615234
2002-12-17,58.750343322753906
2002-12-18,58.07135009765625
2002-12-19,57.6574592590332
2002-12-20,58.48018264770508
2002-12-23,58.49971008300781
2002-12-24,58.064300537109375
2002-12-26,58.09025955200195
2002-12-27,56.784088134765625
2002-12-30,57.25846481323242
2002-12-31,57.336456298828125
2003-01-02,59.18206024169922
2003-01-03,59.36399459838867
2003-01-06,60.41025161743164
2003-01-07,60.26076889038086
2003-01-08,59.38994216918945
2003-01-09,60.312774658203125
2003-01-10,60.47523498535156
2003-01-13,60.45573806762695
2003-01-14,60.65069580078125
2003-01-15,60.04631805419922
2003-01-16,59.799373626708984
2003-01-17,58.915592193603516
2003-01-21,57.99928283691406
2003-01-22,57.2974739074707
2003-01-23,57.64838790893555
2003-01-24,56.134220123291016
2003-01-27,55.367393493652344
2003-01-28,55.776817321777344
2003-01-29,56.199222564697266
2003-01-30,54.86705017089844
2003-01-31,55.92626953125
2003-02-03,56.03675079345703
2003-02-04,55.484375
2003-02-05,55.13993453979492
2003-02-06,54.8800163269043
2003-02-07,54.21063995361328
2003-02-10,54.59407043457031
2003-02-11,54.217166900634766
2003-02-12,53.352874755859375
2003-02-13,53.51533889770508
2003-02-14,54.68506622314453
2003-02-18,55.64683532714844
2003-02-19,55.35442352294922
2003-02-20,54.802024841308594
2003-02-21,55.35442352294922
2003-02-24,54.45759582519531
2003-02-25,54.893001556396484
2003-02-26,54.093692779541016
2003-02-27,54.808528900146484
2003-02-28,55.172447204589844
2003-03-03,54.64607238769531
2003-03-04,53.775264739990234
2003-03-05,54.230167388916016
2003-03-06,53.775264739990234
2003-03-07,54.145660400390625
2003-03-10,52.84598922729492
2003-03-11,52.32611083984375
2003-03-12,52.6770133972168
2003-03-13,54.49657440185547
2003-03-14,54.67206954956055
2003-03-17,56.3941650390625
2003-03-18,56.72560119628906
2003-03-19,57.16099548339844
2003-03-20,57.284461975097656
2003-03-21,58.50723648071289
2003-03-24,56.56281661987305
2003-03-25,57.104373931884766
2003-03-26,56.81731414794922
2003-03-27,56.86297607421875
2003-03-28,56.57587432861328
2003-03-31,55.29051208496094
2003-04-01,56.13870620727539
2003-04-02,57.4958610534668
2003-04-03,57.221832275390625
2003-04-04,57.56111145019531
2003-04-07,57.450191497802734
2003-04-08,57.541542053222656
2003-04-09,56.78467559814453
2003-04-10,57.09787368774414
2003-04-11,56.86297607421875
2003-04-14,58.03741455078125
2003-04-15,58.578956604003906
2003-04-16,57.5806999206543
2003-04-17,58.435428619384766
2003-04-21,58.49412155151367
2003-04-22,59.596839904785156
2003-04-23,60.144920349121094
2003-04-24,59.60987854003906
2003-04-25,58.872623443603516
2003-04-28,59.89044189453125
2003-04-29,60.09922790527344
2003-04-30,59.96874237060547
2003-05-01,59.96219253540039
2003-05-02,60.816925048828125
2003-05-05,60.69951248168945
2003-05-06,61.273658752441406
2003-05-07,60.93437957763672
2003-05-08,60.32107925415039
2003-05-09,61.156219482421875
2003-05-12,61.90658950805664
2003-05-13,61.7956428527832
2003-05-14,61.665138244628906
2003-05-15,62.05667495727539
2003-05-16,61.90004348754883
2003-05-19,60.451541900634766
2003-05-20,60.327606201171875
2003-05-21,60.451541900634766
2003-05-22,61.05182647705078
2003-05-23,61.1757926940918
2003-05-27,62.24585723876953
2003-05-28,62.422035217285156
2003-05-29,62.2589225769043
2003-05-30,63.257198333740234
2003-06-02,63.518150329589844
2003-06-03,63.7791862487793
2003-06-04,64.69918060302734
2003-06-05,65.0188980102539
2003-06-06,64.76441955566406
2003-06-09,64.1054458618164
2003-06-10,64.75787353515625
2003-06-11,65.44300079345703
2003-06-12,65.64522552490234
2003-06-13,64.96013641357422
2003-06-16,66.3303451538086
2003-06-17,66.3303451538086
2003-06-18,66.27164459228516
2003-06-19,65.26024627685547
2003-06-20,65.11621856689453
2003-06-23,64.44825744628906
2003-06-24,64.51374816894531
2003-06-25,63.865482330322266
2003-06-26,64.69712829589844
2003-06-27,63.95064163208008
2003-06-30,63.930973052978516
2003-07-01,64.52030944824219
2003-07-02,65.33233642578125
2003-07-03,64.65782165527344
2003-07-07,65.94129943847656
2003-07-08,66.23597717285156
2003-07-09,65.86273193359375
2003-07-10,65.02454376220703
2003-07-11,65.64009094238281
2003-07-14,65.9609375
2003-07-15,65.81690216064453
2003-07-16,65.43052673339844
2003-07-17,64.50066375732422
2003-07-18,65.16204833984375
2003-07-21,64.35662841796875
2003-07-22,64.93942260742188
2003-07-23,64.98524475097656
2003-07-24,64.49415588378906
2003-07-25,65.633544921875
2003-07-28,65.3912582397461
2003-07-29,65.0900650024414
2003-07-30,64.932861328125
2003-07-31,65.0835189819336
2003-08-01,64.50724029541016
2003-08-04,64.50724029541016
2003-08-05,63.13862991333008
2003-08-06,63.50533676147461
2003-08-07,64.17326354980469
2003-08-08,64.35662841796875
2003-08-11,64.5988998413086
2003-08-12,65.18828582763672
2003-08-13,64.85430908203125
2003-08-14,65.03109741210938
2003-08-15,65.23410034179688
2003-08-18,65.79725646972656
2003-08-19,66.04608154296875
2003-08-20,65.77759552001953
2003-08-21,65.98712158203125
2003-08-22,65.33233642578125
2003-08-25,65.43709564208984
2003-08-26,65.55499267578125
2003-08-27,65.57459259033203
2003-08-28,65.98058319091797
2003-08-29,66.42591094970703
2003-09-02,67.31646728515625
2003-09-03,67.68314361572266
2003-09-04,67.71588897705078
2003-09-05,67.33610534667969
2003-09-08,67.89271545410156
2003-09-09,67.4473876953125
2003-09-10,66.76641845703125
2003-09-11,66.96286010742188
2003-09-12,67.08723449707031
2003-09-15,66.85151672363281
2003-09-16,67.82721710205078
2003-09-17,67.69625091552734
2003-09-18,68.49514770507812
2003-09-19,68.14678192138672
2003-09-22,67.41051483154297
2003-09-23,67.66691589355469
2003-09-24,66.46394348144531
2003-09-25,65.91836547851562
2003-09-26,65.70146942138672
2003-09-29,66.3456039428711
2003-09-30,65.70146942138672
2003-10-01,67.10157012939453
2003-10-02,67.34475708007812
2003-10-03,67.96269226074219
2003-10-06,68.27168273925781
2003-10-07,68.53458404541016
2003-10-08,68.3636703491211
2003-10-09,68.54769134521484
2003-10-10,68.73834991455078
2003-10-13,68.95530700683594
2003-10-14,69.19853973388672
2003-10-15,69.01441955566406
2003-10-16,69.29053497314453
2003-10-17,68.53458404541016
2003-10-20,69.04731750488281
2003-10-21,68.92900848388672
2003-10-22,68.061279296875
2003-10-23,67.9363784790039
2003-10-24,68.08757781982422
2003-10-27,68.1204833984375
2003-10-28,69.04731750488281
2003-10-29,69.13933563232422
2003-10-30,69.28398895263672
2003-10-31,69.21823120117188
2003-11-03,69.67179870605469
2003-11-04,69.52062225341797
2003-11-05,69.57321166992188
2003-11-06,69.94129943847656
2003-11-07,69.42201232910156
2003-11-10,69.13933563232422
2003-11-11,69.11962890625
2003-11-12,69.89527130126953
2003-11-13,69.91503143310547
2003-11-14,69.32337951660156
2003-11-17,68.97502899169922
2003-11-18,68.25849151611328
2003-11-19,68.83697509765625
2003-11-20,68.21905517578125
2003-11-21,68.50174713134766
2003-11-24,69.4088134765625
2003-11-25,69.67179870605469
2003-11-26,69.92158508300781
2003-11-28,69.97418212890625
2003-12-01,70.73011016845703
2003-12-02,70.55261993408203
2003-12-03,70.44088745117188
2003-12-04,70.73011016845703
2003-12-05,70.23709106445312
2003-12-08,70.71040344238281
2003-12-09,70.16477966308594
2003-12-10,70.15823364257812
2003-12-11,70.94700622558594
2003-12-12,71.0850601196289
2003-12-15,70.73011016845703
2003-12-16,71.09821319580078
2003-12-17,71.32170867919922
2003-12-18,72.12367248535156
2003-12-19,71.92288970947266
2003-12-22,72.42485809326172
2003-12-23,72.4710693359375
2003-12-24,72.3984375
2003-12-26,72.45125579833984
2003-12-29,73.41553497314453
2003-12-30,73.4287109375
2003-12-31,73.49478149414062
2004-01-02,73.46176147460938
2004-01-05,74.26091003417969
2004-01-06,74.3335189819336
2004-01-07,74.58451080322266
2004-01-08,74.88170623779297
2004-01-09,74.22785186767578
2004-01-12,74.77601623535156
2004-01-13,74.34014892578125
2004-01-14,74.96096801757812
2004-01-15,75.14588928222656
2004-01-16,75.443115234375
2004-01-20,75.42329406738281
2004-01-21,76.0177001953125
2004-01-22,75.81952667236328
2004-01-23,75.57516479492188
2004-01-26,76.52623748779297
2004-01-27,75.74027252197266
2004-01-28,74.87510681152344
2004-01-29,74.9477767944336
2004-01-30,74.9477767944336
2004-02-02,75.27136993408203
2004-02-03,75.14588928222656
2004-02-04,74.53169250488281
2004-02-05,74.74961853027344
2004-02-06,75.58842468261719
2004-02-09,75.60820007324219
2004-02-10,75.85259246826172
2004-02-11,76.65833282470703
2004-02-12,76.38089752197266
2004-02-13,76.03750610351562
2004-02-17,76.72432708740234
2004-02-18,76.38756561279297
2004-02-19,76.10356903076172
2004-02-20,75.87234497070312
2004-02-23,75.68087005615234
2004-02-24,75.54877471923828
2004-02-25,75.86578369140625
2004-02-26,75.9119873046875
2004-02-27,75.96484375
2004-03-01,76.71776580810547
2004-03-02,76.26863861083984
2004-03-03,76.40736389160156
2004-03-04,76.60548400878906
2004-03-05,76.86307525634766
2004-03-08,75.92520904541016
2004-03-09,75.62142181396484
2004-03-10,74.35332489013672
2004-03-11,73.38908386230469
2004-03-12,74.35332489013672
2004-03-15,73.44194030761719
2004-03-16,73.83158874511719
2004-03-17,74.65715026855469
2004-03-18,74.6769790649414
2004-03-19,73.60661315917969
2004-03-22,72.67212677001953
2004-03-23,72.54623413085938
2004-03-24,72.6058349609375
2004-03-25,73.56687927246094
2004-03-26,73.58671569824219
2004-03-29,74.6206283569336
2004-03-30,74.87248992919922
2004-03-31,74.95863342285156
2004-04-01,75.40933227539062
2004-04-02,75.97930145263672
2004-04-05,76.3968505859375
2004-04-06,76.15164184570312
2004-04-07,75.97267150878906
2004-04-08,75.80033874511719
2004-04-12,76.09860229492188
2004-04-13,75.03154754638672
2004-04-14,75.15087127685547
2004-04-15,74.86585235595703
2004-04-16,75.44247436523438
2004-04-19,75.44247436523438
2004-04-20,74.17655181884766
2004-04-21,74.67366790771484
2004-04-22,75.72079467773438
2004-04-23,75.79373168945312
2004-04-26,75.68769836425781
2004-04-27,75.75398254394531
2004-04-28,74.7730712890625
2004-04-29,74.11692810058594
2004-04-30,73.54032135009766
2004-05-03,74.32905578613281
2004-05-04,74.26937103271484
2004-05-05,74.74657440185547
2004-05-06,74.10366821289062
2004-05-07,72.87757873535156
2004-05-10,72.12865447998047
2004-05-11,72.73837280273438
2004-05-12,73.20231628417969
2004-05-13,72.8974838256836
2004-05-14,72.93058013916016
2004-05-17,72.3076171875
2004-05-18,72.67212677001953
2004-05-19,72.42025756835938
2004-05-20,72.65226745605469
2004-05-21,72.77816772460938
2004-05-24,73.0830078125
2004-05-25,74.13013458251953
2004-05-26,74.38866424560547
2004-05-27,74.80619049072266
2004-05-28,74.79959106445312
2004-06-01,74.7001953125
2004-06-02,74.97852325439453
2004-06-03,74.28925323486328
2004-06-04,74.87913513183594
2004-06-07,76.01908874511719
2004-06-08,76.12508392333984
2004-06-09,75.41595458984375
2004-06-10,75.78710174560547
2004-06-14,75.03815460205078
2004-06-15,75.56838989257812
2004-06-16,75.55509185791016
2004-06-17,75.44247436523438
2004-06-18,75.58483123779297
2004-06-21,75.29878997802734
2004-06-22,75.67796325683594
2004-06-23,76.32984924316406
2004-06-24,76.0903549194336
2004-06-25,75.72449493408203
2004-06-28,75.46507263183594
2004-06-29,75.77771759033203
2004-06-30,76.1834945678711
2004-07-01,75.1258544921875
2004-07-02,75.0859146118164
2004-07-06,74.42738342285156
2004-07-07,74.64691162109375
2004-07-08,74.12805938720703
2004-07-09,74.32098388671875
2004-07-12,74.35423278808594
2004-07-13,74.40744018554688
2004-07-14,74.18125915527344
2004-07-15,73.7023696899414
2004-07-16,73.64247131347656
2004-07-19,73.3298110961914
2004-07-20,74.26112365722656
2004-07-21,72.89083862304688
2004-07-22,73.09037017822266
2004-07-23,72.47842407226562
2004-07-26,72.3387222290039
2004-07-27,73.01715850830078
2004-07-28,73.2366714477539
2004-07-29,73.5493392944336
2004-07-30,73.72893524169922
2004-08-02,73.88195037841797
2004-08-03,73.30990600585938
2004-08-04,73.30323791503906
2004-08-05,72.10589599609375
2004-08-06,71.07483673095703
2004-08-09,71.17465209960938
2004-08-10,72.09259033203125
2004-08-11,71.9462890625
2004-08-12,71.16134643554688
2004-08-13,71.30104064941406
2004-08-16,72.03941345214844
2004-08-17,72.44515991210938
2004-08-18,73.19017028808594
2004-08-19,72.977294921875
2004-08-20,73.48949432373047
2004-08-23,73.30323791503906
2004-08-24,73.40302276611328
2004-08-25,73.90189361572266
2004-08-26,73.90189361572266
2004-08-27,74.13470458984375
2004-08-30,73.52275848388672
2004-08-31,73.9085693359375
2004-09-01,74.04822540283203
2004-09-02,74.88639068603516
2004-09-03,74.58039855957031
2004-09-07,75.07263946533203
2004-09-08,74.88639068603516
2004-09-09,74.81989288330078
2004-09-10,75.20564270019531
2004-09-13,75.45176696777344
2004-09-14,75.60475158691406
2004-09-15,75.0326919555664
2004-09-16,75.25888061523438
2004-09-17,75.57880401611328
2004-09-20,75.12460327148438
2004-09-21,75.45188903808594
2004-09-22,74.51007843017578
2004-09-23,74.10933685302734
2004-09-24,74.4499740600586
2004-09-27,73.97572326660156
2004-09-28,74.32974243164062
2004-09-29,74.70381164550781
2004-09-30,74.650390625
2004-10-01,75.91279602050781
2004-10-04,76.03971099853516
2004-10-05,76.07980346679688
2004-10-06,76.60075378417969
2004-10-07,75.77922821044922
2004-10-08,75.15135955810547
2004-10-11,75.45858764648438
2004-10-12,75.16471862792969
2004-10-13,74.50342559814453
2004-10-14,73.90227508544922
2004-10-15,74.3163833618164
2004-10-18,74.59691619873047
2004-10-19,73.96903228759766
2004-10-20,73.82211303710938
2004-10-21,74.30306243896484
2004-10-22,73.4681167602539
2004-10-25,73.38127136230469
2004-10-26,74.50342559814453
2004-10-27,75.39849853515625
2004-10-28,75.62556457519531
2004-10-29,75.6121826171875
2004-11-01,75.81930541992188
2004-11-02,75.84600067138672
2004-11-03,76.80117797851562
2004-11-04,77.84989166259766
2004-11-05,78.33745574951172
2004-11-08,78.22391510009766
2004-11-09,78.07028198242188
2004-11-10,78.1303939819336
2004-11-11,78.72489166259766
2004-11-12,79.3460693359375
2004-11-15,79.54106140136719
2004-11-16,78.97158813476562
2004-11-17,79.4405288696289
2004-11-18,79.54773712158203
2004-11-19,78.66345977783203
2004-11-22,79.03858947753906
2004-11-23,79.15914916992188
2004-11-24,79.34676361083984
2004-11-26,79.28642272949219
2004-11-29,78.9246826171875
2004-11-30,78.97827911376953
2004-12-01,79.87598419189453
2004-12-02,79.94298553466797
2004-12-03,79.88938903808594
2004-12-06,79.86259460449219
2004-12-07,79.11898040771484
2004-12-08,79.58124542236328
2004-12-09,79.86259460449219
2004-12-10,79.94298553466797
2004-12-13,80.63970947265625
2004-12-14,80.92109680175781
2004-12-15,80.98139190673828
2004-12-16,80.93447875976562
2004-12-17,80.39466857910156
2004-12-20,80.41484069824219
2004-12-21,81.03413391113281
2004-12-22,81.22932434082031
2004-12-23,81.28988647460938
2004-12-27,81.12161254882812
2004-12-28,81.56584167480469
2004-12-29,81.68701171875
2004-12-30,81.53217315673828
2004-12-31,81.35719299316406
2005-01-03,80.97352600097656
2005-01-04,79.98406982421875
2005-01-05,79.43216705322266
2005-01-06,79.83602142333984
2005-01-07,79.7215805053711
2005-01-10,80.09850311279297
2005-01-11,79.54654693603516
2005-01-12,79.8091049194336
2005-01-13,79.16963195800781
2005-01-14,79.58695983886719
2005-01-18,80.41484069824219
2005-01-19,79.57349395751953
2005-01-20,79.08888244628906
2005-01-21,78.604248046875
2005-01-24,78.44940185546875
2005-01-25,78.67154693603516
2005-01-26,78.90711975097656
2005-01-27,79.04173278808594
2005-01-28,79.04173278808594
2005-01-31,79.53307342529297
2005-02-01,80.03790283203125
2005-02-02,80.28026580810547
2005-02-03,80.07159423828125
2005-02-04,80.92639923095703
2005-02-07,80.81871032714844
2005-02-08,80.91294860839844
2005-02-09,80.3071517944336
2005-02-10,80.59656524658203
2005-02-11,81.28988647460938
2005-02-14,81.22932434082031
2005-02-15,81.53217315673828
2005-02-16,81.5860595703125
2005-02-17,80.92639923095703
2005-02-18,81.03413391113281
2005-02-22,79.8292007446289
2005-02-23,80.40140533447266
2005-02-24,80.9331283569336
2005-02-25,81.7341537475586
2005-02-28,81.19564056396484
2005-03-01,81.59954071044922
2005-03-02,81.55911254882812
2005-03-03,81.59276580810547
2005-03-04,82.60916137695312
2005-03-07,82.64955139160156
2005-03-08,82.33992767333984
2005-03-09,81.42450714111328
2005-03-10,81.60625457763672
2005-03-11,81.03413391113281
2005-03-14,81.53892517089844
2005-03-15,80.8658447265625
2005-03-16,80.1793212890625
2005-03-17,80.34083557128906
2005-03-18,80.10228729248047
2005-03-21,79.80500030517578
2005-03-22,78.9940414428711
2005-03-23,79.0616455078125
2005-03-24,79.15628814697266
2005-03-28,79.27111053466797
2005-03-29,78.74403381347656
2005-03-30,79.8590087890625
2005-03-31,79.7103500366211
2005-04-01,79.35221862792969
2005-04-04,79.48735046386719
2005-04-05,79.86579895019531
2005-04-06,80.14282989501953
2005-04-07,80.57530212402344
2005-04-08,79.73737335205078
2005-04-11,79.79817199707031
2005-04-12,80.21038055419922
2005-04-13,79.2643814086914
2005-04-14,78.23046875
2005-04-15,77.13577270507812
2005-04-18,77.3722915649414
2005-04-19,77.98725891113281
2005-04-20,76.8992919921875
2005-04-21,78.39266204833984
2005-04-22,78.09530639648438
2005-04-25,78.60890197753906
2005-04-26,77.84530639648438
2005-04-27,78.14940643310547
2005-04-28,77.16956329345703
2005-04-29,78.21698760986328
2005-05-02,78.65621948242188
2005-05-03,78.79136657714844
2005-05-04,79.39955139160156
2005-05-05,79.37250518798828
2005-05-06,79.12246704101562
2005-05-09,79.6157455444336
2005-05-10,78.79136657714844
2005-05-11,79.22381591796875
2005-05-12,78.35212707519531
2005-05-13,78.19672393798828
2005-05-16,78.92650604248047
2005-05-17,79.45358276367188
2005-05-18,80.27123260498047
2005-05-19,80.60910034179688
2005-05-20,80.49424743652344
2005-05-23,80.94017791748047
2005-05-24,80.75099182128906
2005-05-25,80.69019317626953
2005-05-26,81.12263488769531
2005-05-27,81.25778198242188
2005-05-31,80.73745727539062
2005-06-01,81.42674255371094
2005-06-02,81.6023941040039
2005-06-03,81.19026184082031
2005-06-06,81.11589813232422
2005-06-07,81.17669677734375
2005-06-08,81.02806091308594
2005-06-09,81.41321563720703
2005-06-10,81.22400665283203
2005-06-13,81.48082733154297
2005-06-14,81.67000579833984
2005-06-15,81.82543182373047
2005-06-16,82.0348892211914
2005-06-17,82.33885955810547
2005-06-20,82.3659896850586
2005-06-21,82.4134750366211
2005-06-22,82.4813003540039
2005-06-23,81.3211441040039
2005-06-24,80.7240982055664
2005-06-27,80.83944702148438
2005-06-28,81.51790618896484
2005-06-29,81.30076599121094
2005-06-30,80.85980224609375
2005-07-01,81.09725952148438
2005-07-05,81.74858856201172
2005-07-06,81.06332397460938
2005-07-07,81.38221740722656
2005-07-08,82.31173706054688
2005-07-11,82.73236083984375
2005-07-12,82.9494857788086
2005-07-13,83.06482696533203
2005-07-14,83.39048767089844
2005-07-15,83.34297180175781
2005-07-18,83.01054382324219
2005-07-19,83.4650650024414
2005-07-20,83.75009155273438
2005-07-21,83.26155853271484
2005-07-22,83.8178939819336
2005-07-25,83.5804443359375
2005-07-26,83.68224334716797
2005-07-27,83.98754119873047
2005-07-28,84.51676177978516
2005-07-29,83.95362091064453
2005-08-01,83.89252471923828
2005-08-02,84.39459228515625
2005-08-03,84.61848449707031
2005-08-04,83.9400405883789
2005-08-05,83.3701171875
2005-08-08,83.21407318115234
2005-08-09,83.71614837646484
2005-08-10,83.67544555664062
2005-08-11,84.00787353515625
2005-08-12,83.49223327636719
2005-08-15,84.00787353515625
2005-08-16,82.91553497314453
2005-08-17,82.90876007080078
2005-08-18,82.90196228027344
2005-08-19,83.09195709228516
2005-08-22,83.09195709228516
2005-08-23,82.93592834472656
2005-08-24,82.19638061523438
2005-08-25,82.49491882324219
2005-08-26,81.9317626953125
2005-08-29,82.562744140625
2005-08-30,82.12854766845703
2005-08-31,83.16656494140625
2005-09-01,83.10549926757812
2005-09-02,82.95626068115234
2005-09-06,83.92648315429688
2005-09-07,84.06898498535156
2005-09-08,83.79077911376953
2005-09-09,84.53705596923828
2005-09-12,84.36746215820312
2005-09-13,83.89933013916016
2005-09-14,83.59402465820312
2005-09-15,83.55329895019531
2005-09-16,84.14746856689453
2005-09-19,83.86810302734375
2005-09-20,83.15947723388672
2005-09-21,82.38274383544922
2005-09-22,82.67571258544922
2005-09-23,82.74386596679688
2005-09-26,82.83924102783203
2005-09-27,82.81881713867188
2005-09-28,82.90058135986328
2005-09-29,83.57513427734375
2005-09-30,83.83402252197266
2005-10-03,83.53422546386719
2005-10-04,82.5939712524414
2005-10-05,81.51058197021484
2005-10-06,81.21760559082031
2005-10-07,81.4969711303711
2005-10-10,80.80880737304688
2005-10-11,80.69298553466797
2005-10-12,80.0593490600586
2005-10-13,80.01162719726562
2005-10-14,80.85650634765625
2005-10-17,81.15628051757812
2005-10-18,80.27735900878906
2005-10-19,81.61280059814453
2005-10-20,80.17517852783203
2005-10-21,80.48855590820312
2005-10-24,81.73546600341797
2005-10-25,81.5719223022461
2005-10-26,81.33346557617188
2005-10-27,80.4681396484375
2005-10-28,81.62643432617188
2005-10-31,81.85128784179688
2005-11-01,82.09657287597656
2005-11-02,82.95503997802734
2005-11-03,83.30941009521484
2005-11-04,83.20036315917969
2005-11-07,83.28213500976562
2005-11-08,83.28213500976562
2005-11-09,83.39116668701172
2005-11-10,84.03844451904297
2005-11-11,84.32460021972656
2005-11-14,84.27689361572266
2005-11-15,83.97030639648438
2005-11-16,84.14063262939453
2005-11-17,84.92420196533203
2005-11-18,85.25804901123047
2005-11-21,85.68732452392578
2005-11-22,86.05525970458984
2005-11-23,86.55264282226562
2005-11-25,86.62078094482422
2005-11-28,86.00759887695312
2005-11-29,85.91217041015625
2005-11-30,85.4488296508789
2005-12-01,86.32093811035156
2005-12-02,86.43000030517578
2005-12-05,86.24604034423828
2005-12-06,86.40953826904297
2005-12-07,85.90534973144531
2005-12-08,85.85086822509766
2005-12-09,86.07571411132812
2005-12-12,86.15743255615234
2005-12-13,86.7434310913086
2005-12-14,87.08409881591797
2005-12-15,86.83198547363281
2005-12-16,86.55254364013672
2005-12-19,86.10726165771484
2005-12-20,86.18949890136719
2005-12-21,86.32649993896484
2005-12-22,86.77852630615234
2005-12-23,86.8265380859375
2005-12-27,85.9428939819336
2005-12-28,86.13468933105469
2005-12-29,85.75112915039062
2005-12-30,85.28534698486328
2006-01-03,86.78538513183594
2006-01-04,87.19640350341797
2006-01-05,87.25121307373047
2006-01-06,87.97724914550781
2006-01-09,88.20328521728516
2006-01-10,88.29232025146484
2006-01-11,88.57316589355469
2006-01-12,88.2238540649414
2006-01-13,88.14165496826172
2006-01-17,87.90190124511719
2006-01-18,87.55255889892578
2006-01-19,87.8882064819336
2006-01-20,86.285400390625
2006-01-23,86.59362030029297
2006-01-24,86.68266296386719
2006-01-25,86.75804138183594
2006-01-26,87.23748779296875
2006-01-27,88.04573059082031
2006-01-30,87.97724914550781
2006-01-31,87.33336639404297
2006-02-01,87.9429702758789
2006-02-02,86.92243957519531
2006-02-03,86.49089813232422
2006-02-06,86.7169189453125
2006-02-07,85.94975280761719
2006-02-08,86.73063659667969
2006-02-09,86.5867919921875
2006-02-10,86.74432373046875
2006-02-13,86.5867919921875
2006-02-14,87.50464630126953
2006-02-15,87.81287384033203
2006-02-16,88.470458984375
2006-02-17,88.230712890625
2006-02-21,88.0114974975586
2006-02-22,88.5457992553711
2006-02-23,88.41565704345703
2006-02-24,88.64168548583984
2006-02-27,88.67594146728516
2006-02-28,87.83341217041016
2006-03-01,88.6142578125
2006-03-02,88.60742950439453
2006-03-03,88.19644165039062
2006-03-06,87.7923355102539
2006-03-07,87.65533447265625
2006-03-08,87.84027862548828
2006-03-09,87.25121307373047
2006-03-10,88.08000183105469
2006-03-13,88.24441528320312
2006-03-14,89.1690902709961
2006-03-15,89.56640625
2006-03-16,89.75133514404297
2006-03-17,89.82630920410156
2006-03-20,89.68186950683594
2006-03-21,89.11798858642578
2006-03-22,89.66124725341797
2006-03-23,89.47554016113281
2006-03-24,89.5443344116211
2006-03-27,89.4136962890625
2006-03-28,88.8635025024414
2006-03-29,89.42053985595703
2006-03-30,89.26235961914062
2006-03-31,89.28301239013672
2006-04-03,89.21427917480469
2006-04-04,89.78504180908203
2006-04-05,90.0945053100586
2006-04-06,89.99820709228516
2006-04-07,89.08356475830078
2006-04-10,89.22111511230469
2006-04-11,88.46466064453125
2006-04-12,88.62969207763672
2006-04-13,88.51277160644531
2006-04-17,88.47840118408203
2006-04-18,89.88128662109375
2006-04-19,90.05323791503906
2006-04-20,90.17704010009766
2006-04-21,90.19075012207031
2006-04-24,90.02569580078125
2006-04-25,89.65436553955078
2006-04-26,89.67500305175781
2006-04-27,90.10822296142578
2006-04-28,90.41081237792969
2006-05-01,89.67500305175781
2006-05-02,90.34894561767578
2006-05-03,90.01195526123047
2006-05-04,90.33514404296875
2006-05-05,91.13288116455078
2006-05-08,91.02287292480469
2006-05-09,91.20167541503906
2006-05-10,91.15351867675781
2006-05-11,90.05323791503906
2006-05-12,88.87728881835938
2006-05-15,89.05609893798828
2006-05-16,88.92538452148438
2006-05-17,87.23369598388672
2006-05-18,86.79357147216797
2006-05-19,87.40562438964844
2006-05-22,86.73853302001953
2006-05-23,86.07839965820312
2006-05-24,86.76607513427734
2006-05-25,87.83885955810547
2006-05-26,88.28583526611328
2006-05-30,86.71790313720703
2006-05-31,87.68755340576172
2006-06-01,88.52655792236328
2006-06-02,88.71220397949219
2006-06-05,87.41936492919922
2006-06-06,87.20616912841797
2006-06-07,86.5528564453125
2006-06-08,86.47723388671875
2006-06-09,86.20214080810547
2006-06-12,85.2668685913086
2006-06-13,84.27660369873047
2006-06-14,84.929931640625
2006-06-15,86.73167419433594
2006-06-16,86.09964752197266
2006-06-19,85.42273712158203
2006-06-20,85.71283721923828
2006-06-21,86.34831237792969
2006-06-22,85.9684066772461
2006-06-23,85.95458984375
2006-06-26,86.33448791503906
2006-06-27,85.58851623535156
2006-06-28,86.16870880126953
2006-06-29,87.90933990478516
2006-06-30,87.9162826538086
2006-07-03,88.27545166015625
2006-07-05,87.77122497558594
2006-07-06,88.02679443359375
2006-07-07,87.4535140991211
2006-07-10,87.61927032470703
2006-07-11,88.00608825683594
2006-07-12,87.06666564941406
2006-07-13,85.65068817138672
2006-07-14,85.31910705566406
2006-07-17,85.19479370117188
2006-07-18,85.62994384765625
2006-07-19,86.8180160522461
2006-07-20,86.22400665283203
2006-07-21,85.61610412597656
2006-07-24,87.17720031738281
2006-07-25,87.4880599975586
2006-07-26,87.60547637939453
2006-07-27,87.52252960205078
2006-07-28,88.39978790283203
2006-07-31,88.30996704101562
2006-08-01,87.87481689453125
2006-08-02,88.4688491821289
2006-08-03,88.7037353515625
2006-08-04,88.55171966552734
2006-08-07,88.34455108642578
2006-08-08,88.00608825683594
2006-08-09,87.70906066894531
2006-08-10,87.9784164428711
2006-08-11,87.7297592163086
2006-08-14,87.79883575439453
2006-08-15,88.8487548828125
2006-08-16,89.58786010742188
2006-08-17,89.81580352783203
2006-08-18,90.27169036865234
2006-08-21,89.8848876953125
2006-08-22,89.8779296875
2006-08-23,89.6292953491211
2006-08-24,89.5533447265625
2006-08-25,89.663818359375
2006-08-28,90.0920639038086
2006-08-29,90.1956787109375
2006-08-30,90.2509765625
2006-08-31,90.23712158203125
2006-09-01,90.77592468261719
2006-09-05,90.94859313964844
2006-09-06,90.14733123779297
2006-09-07,89.73285675048828
2006-09-08,89.9885025024414
2006-09-11,90.07823181152344
2006-09-12,90.96241760253906
2006-09-13,91.32849884033203
2006-09-14,91.33539581298828
2006-09-15,91.54974365234375
2006-09-18,91.67467498779297
2006-09-19,91.44566345214844
2006-09-20,91.93132019042969
2006-09-21,91.48734283447266
2006-09-22,91.20983123779297
2006-09-25,91.91051483154297
2006-09-26,92.6736831665039
2006-09-27,92.78467559814453
2006-09-28,92.75000762939453
2006-09-29,92.6736831665039
2006-10-02,92.32678985595703
2006-10-03,92.52102661132812
2006-10-04,93.60334777832031
2006-10-05,93.78370666503906
2006-10-06,93.66577911376953
2006-10-09,93.72127532958984
2006-10-10,93.8461685180664
2006-10-11,93.73516082763672
2006-10-12,94.54686737060547
2006-10-13,94.78965759277344
2006-10-16,94.93537139892578
2006-10-17,94.63703918457031
2006-10-18,94.76187896728516
2006-10-19,94.9145278930664
2006-10-20,94.93537139892578
2006-10-23,95.37248992919922
2006-10-24,95.65689086914062
2006-10-25,95.98295593261719
2006-10-26,96.28129577636719
2006-10-27,95.67766571044922
2006-10-30,95.60830688476562
2006-10-31,95.59440612792969
2006-11-01,94.94925689697266
2006-11-02,94.89371490478516
2006-11-03,94.72724151611328
2006-11-06,95.79566955566406
2006-11-07,96.1633529663086
2006-11-08,96.37147521972656
2006-11-09,95.86500549316406
2006-11-10,95.90663146972656
2006-11-13,96.14250183105469
2006-11-14,96.86402130126953
2006-11-15,97.14154815673828
2006-11-16,97.39128875732422
2006-11-17,97.41905212402344
2006-11-20,97.47454071044922
2006-11-21,97.5716781616211
2006-11-22,97.76593780517578
2006-11-24,97.37047576904297
2006-11-27,96.0315170288086
2006-11-28,96.44780731201172
2006-11-29,97.45376586914062
2006-11-30,97.49534606933594
2006-12-01,97.28028106689453
2006-12-04,98.02262878417969
2006-12-05,98.44583892822266
2006-12-06,98.36258697509766
2006-12-07,97.93244171142578
2006-12-08,98.1128158569336
2006-12-11,98.39730072021484
2006-12-12,98.32093811035156
2006-12-13,98.42495727539062
2006-12-14,99.2922134399414
2006-12-15,99.30133819580078
2006-12-18,99.02925109863281
2006-12-19,99.21759796142578
2006-12-20,99.1617660522461
2006-12-21,98.79898834228516
2006-12-22,98.19206237792969
2006-12-26,98.77104949951172
2006-12-27,99.41993713378906
2006-12-28,99.21061706542969
2006-12-29,98.79898834228516
2007-01-03,98.62458801269531
2007-01-04,98.83390045166016
2007-01-05,98.0455322265625
2007-01-08,98.4990234375
2007-01-09,98.4153060913086
2007-01-10,98.74317169189453
2007-01-11,99.17570495605469
2007-01-12,99.92920684814453
2007-01-16,99.73380279541016
2007-01-17,99.77568817138672
2007-01-18,99.44081115722656
2007-01-19,99.63622283935547
2007-01-22,99.32920837402344
2007-01-23,99.62223052978516
2007-01-24,100.42447662353516
2007-01-25,99.2454605102539
2007-01-26,99.15477752685547
2007-01-29,99.09893798828125
2007-01-30,99.6152572631836
2007-01-31,100.28495788574219
2007-02-01,100.88494873046875
2007-02-02,101.02445220947266
2007-02-05,101.0523681640625
2007-02-06,101.08026123046875
2007-02-07,101.30352783203125
2007-02-08,101.17095947265625
2007-02-09,100.41753387451172
2007-02-12,100.07566833496094
2007-02-13,100.9197769165039
2007-02-14,101.58259582519531
2007-02-15,101.71516418457031
2007-02-16,101.66622924804688
2007-02-20,101.88256072998047
2007-02-21,101.84068298339844
2007-02-22,101.76394653320312
2007-02-23,101.36628723144531
2007-02-26,101.2756118774414
2007-02-27,97.31999969482422
2007-02-28,98.31763458251953
2007-03-01,98.02464294433594
2007-03-02,96.74098205566406
2007-03-05,95.82012176513672
2007-03-06,97.45956420898438
2007-03-07,97.36185455322266
2007-03-08,98.18509674072266
2007-03-09,98.21298217773438
2007-03-12,98.3594970703125
2007-03-13,96.447998046875
2007-03-14,97.16653442382812
2007-03-15,97.29905700683594
2007-03-16,97.02664184570312
2007-03-19,98.19630432128906
2007-03-20,98.73558807373047
2007-03-21,100.36054229736328
2007-03-22,100.28353118896484
2007-03-23,100.43060302734375
2007-03-26,100.29752349853516
2007-03-27,100.05940246582031
2007-03-28,99.3309555053711
2007-03-29,99.4360122680664
2007-03-30,99.45700073242188
2007-04-02,99.56904602050781
2007-04-03,100.64073944091797
2007-04-04,100.75279235839844
2007-04-05,101.0259017944336
2007-04-09,101.16600036621094
2007-04-10,101.28509521484375
2007-04-11,100.871826171875
2007-04-12,101.32006072998047
2007-04-13,101.78239440917969
2007-04-16,102.74893951416016
2007-04-17,103.0220947265625
2007-04-18,103.1481704711914
2007-04-19,103.12010192871094
2007-04-20,104.09368133544922
2007-04-23,103.70146942138672
2007-04-24,103.7434310913086
2007-04-25,104.69599914550781
2007-04-26,104.8150634765625
2007-04-27,104.73107147216797
2007-04-30,103.86251831054688
2007-05-01,104.12866973876953
2007-05-02,104.73807525634766
2007-05-03,105.30535888671875
2007-05-04,105.70460510253906
2007-05-07,105.72562408447266
2007-05-08,105.58554077148438
2007-05-09,105.8727035522461
2007-05-10,104.76607513427734
2007-05-11,105.66261291503906
2007-05-14,105.43141174316406
2007-05-15,105.45946502685547
2007-05-16,106.18090057373047
2007-05-17,105.97078704833984
2007-05-18,106.89527893066406
2007-05-21,106.83929443359375
2007-05-22,106.75523376464844
2007-05-23,106.76923370361328
2007-05-24,105.80265808105469
2007-05-25,106.24394226074219
2007-05-29,106.62915802001953
2007-05-30,107.49758911132812
2007-05-31,107.38551330566406
2007-06-01,107.91792297363281
2007-06-04,107.9319076538086
2007-06-05,107.50465393066406
2007-06-06,106.3489990234375
2007-06-07,104.42985534667969
2007-06-08,105.78864288330078
2007-06-11,105.97078704833984
2007-06-12,104.8150634765625
2007-06-13,106.38396453857422
2007-06-14,107.0633773803711
2007-06-15,107.67253875732422
2007-06-18,107.54590606689453
2007-06-19,107.81322479248047
2007-06-20,106.31494903564453
2007-06-21,106.90582275390625
2007-06-22,105.89993286132812
2007-06-25,105.39347839355469
2007-06-26,104.31018829345703
2007-06-27,105.79443359375
2007-06-28,105.7803726196289
2007-06-29,105.81550598144531
2007-07-02,106.772216796875
2007-07-03,107.15904235839844
2007-07-05,107.04650115966797
2007-07-06,107.60924530029297
2007-07-09,107.69363403320312
2007-07-10,106.16020965576172
2007-07-11,106.9128646850586
2007-07-12,108.60104370117188
2007-07-13,108.9246826171875
2007-07-16,108.9105224609375
2007-07-17,108.85426330566406
2007-07-18,108.65734100341797
2007-07-19,109.07939910888672
2007-07-20,107.97500610351562
2007-07-23,108.3056411743164
2007-07-24,106.42752838134766
2007-07-25,106.64552307128906
2007-07-26,104.12026977539062
2007-07-27,102.0732650756836
2007-07-30,103.67008972167969
2007-07-31,102.50240325927734
2007-08-01,103.0018539428711
2007-08-02,103.82486724853516
2007-08-03,101.15180206298828
2007-08-06,102.84708404541016
2007-08-07,103.94440460205078
2007-08-08,105.39347839355469
2007-08-09,102.27027130126953
2007-08-10,101.79193115234375
2007-08-13,102.15777587890625
2007-08-14,100.59610748291016
2007-08-15,99.21041107177734
2007-08-16,99.95602416992188
2007-08-17,101.79193115234375
2007-08-20,101.74272918701172
2007-08-21,101.94669342041016
2007-08-22,103.15653228759766
2007-08-23,103.06517791748047
2007-08-24,104.33833312988281
2007-08-27,103.36760711669922
2007-08-28,101.09557342529297
2007-08-29,103.07921600341797
2007-08-30,102.80487823486328
2007-08-31,103.81777954101562
2007-09-04,104.86593627929688
2007-09-05,103.95850372314453
2007-09-06,104.19763946533203
2007-09-07,102.74857330322266
2007-09-10,102.55165100097656
2007-09-11,103.74746704101562
2007-09-12,104.01472473144531
2007-09-13,104.74636840820312
2007-09-14,104.7392807006836
2007-09-17,104.17656707763672
2007-09-18,107.2435073852539
2007-09-19,107.87654113769531
2007-09-20,107.11682891845703
2007-09-21,107.40592956542969
2007-09-24,107.20806121826172
2007-09-25,106.99598693847656
2007-09-26,107.56139373779297
2007-09-27,108.19747924804688
2007-09-28,107.83707427978516
2007-10-01,109.05261993408203
2007-10-02,108.90422058105469
2007-10-03,108.68510437011719
2007-10-04,108.85475158691406
2007-10-05,110.14813995361328
2007-10-08,109.56155395507812
2007-10-09,110.5933609008789
2007-10-10,110.40966033935547
2007-10-11,109.87953186035156
2007-10-12,110.48736572265625
2007-10-15,109.55439758300781
2007-10-16,108.68510437011719
2007-10-17,109.01731872558594
2007-10-18,108.62150573730469
2007-10-19,105.78038024902344
2007-10-22,106.39527893066406
2007-10-23,107.25745391845703
2007-10-24,107.05962371826172
2007-10-25,107.31404876708984
2007-10-26,108.57211303710938
2007-10-29,108.93252563476562
2007-10-30,108.17628479003906
2007-10-31,109.29999542236328
2007-11-01,106.74156188964844
2007-11-02,106.86168670654297
2007-11-05,106.04898834228516
2007-11-06,107.47657012939453
2007-11-07,104.53649139404297
2007-11-08,104.00643157958984
2007-11-09,102.57880401611328
2007-11-12,101.5610122680664
2007-11-13,104.65660858154297
2007-11-14,104.36681365966797
2007-11-15,102.8614730834961
2007-11-16,103.03813934326172
2007-11-19,101.60346221923828
2007-11-20,102.22539520263672
2007-11-21,100.13336944580078
2007-11-23,101.86487579345703
2007-11-26,99.61742401123047
2007-11-27,100.7624282836914
2007-11-28,103.98521423339844
2007-11-29,104.0205307006836
2007-11-30,105.06654357910156
2007-12-03,104.37391662597656
2007-12-04,103.44103240966797
2007-12-05,105.17255401611328
2007-12-06,106.67793273925781
2007-12-07,106.65673828125
2007-12-10,107.48365783691406
2007-12-11,104.53649139404297
2007-12-12,105.56829833984375
2007-12-13,105.34919738769531
2007-12-14,104.01348876953125
2007-12-17,102.5293197631836
2007-12-18,103.10176849365234
2007-12-19,103.10176849365234
2007-12-20,103.7519760131836
2007-12-21,105.24758911132812
2007-12-24,106.02919006347656
2007-12-26,106.25654602050781
2007-12-27,104.92076873779297
2007-12-28,104.6578598022461
2007-12-31,103.8834457397461
2008-01-02,102.97396850585938
2008-01-03,102.92422485351562
2008-01-04,100.40189361572266
2008-01-07,100.31665802001953
2008-01-08,98.69668579101562
2008-01-09,99.73403930664062
2008-01-10,100.38774108886719
2008-01-11,99.57771301269531
2008-01-14,100.38063049316406
2008-01-15,98.17096710205078
2008-01-16,97.32545471191406
2008-01-17,94.80313110351562
2008-01-18,93.82974243164062
2008-01-22,92.87767028808594
2008-01-23,95.10862731933594
2008-01-24,95.91149139404297
2008-01-25,94.52603912353516
2008-01-28,96.0891342163086
2008-01-29,96.56522369384766
2008-01-30,95.85470581054688
2008-01-31,97.60253143310547
2008-02-01,99.17274475097656
2008-02-04,97.92222595214844
2008-02-05,95.30050659179688
2008-02-06,94.5331039428711
2008-02-07,95.15836334228516
2008-02-08,94.54737091064453
2008-02-11,95.03047180175781
2008-02-12,95.91149139404297
2008-02-13,96.89202117919922
2008-02-14,96.0394058227539
2008-02-15,96.01808166503906
2008-02-19,96.28812408447266
2008-02-20,96.5722885131836
2008-02-21,95.76937103271484
2008-02-22,96.35914611816406
2008-02-25,97.5740737915039
2008-02-26,98.30590057373047
2008-02-27,98.20645904541016
2008-02-28,97.24730682373047
2008-02-29,95.08023071289062
2008-03-03,94.85286712646484
2008-03-04,94.49053192138672
2008-03-05,95.08732604980469
2008-03-06,93.11920166015625
2008-03-07,92.16004180908203
2008-03-10,90.94509887695312
2008-03-11,94.21342468261719
2008-03-12,93.3323745727539
2008-03-13,93.5384292602539
2008-03-14,92.0889892578125
2008-03-17,91.158203125
2008-03-18,94.94523620605469
2008-03-19,92.59347534179688
2008-03-20,94.30856323242188
2008-03-24,96.19357299804688
2008-03-25,96.2863998413086
2008-03-26,95.10823059082031
2008-03-27,94.80836486816406
2008-03-28,93.90152740478516
2008-03-31,94.22999572753906
2008-04-01,97.5430679321289
2008-04-02,97.6072998046875
2008-04-03,97.85012817382812
2008-04-04,97.74298095703125
2008-04-07,97.79300689697266
2008-04-08,97.69306182861328
2008-04-09,96.98616027832031
2008-04-10,97.12175750732422
2008-04-11,95.2367935180664
2008-04-14,94.91546630859375
2008-04-15,95.1368179321289
2008-04-16,97.7144546508789
2008-04-17,97.85721588134766
2008-04-18,98.87825775146484
2008-04-21,98.92829895019531
2008-04-22,98.49272918701172
2008-04-23,98.33565521240234
2008-04-24,98.76407623291016
2008-04-25,99.67799377441406
2008-04-28,99.69945526123047
2008-04-29,99.30670928955078
2008-04-30,98.72120666503906
2008-05-01,100.7633056640625
2008-05-02,101.0417709350586
2008-05-05,100.55623626708984
2008-05-06,101.42737579345703
2008-05-07,99.6208724975586
2008-05-08,99.36386108398438
2008-05-09,99.17817687988281
2008-05-12,100.29208374023438
2008-05-13,100.30633544921875
2008-05-14,100.51338958740234
2008-05-15,101.77010345458984
2008-05-16,101.8628921508789
2008-05-19,102.14139556884766
2008-05-20,101.31309509277344
2008-05-21,99.59947967529297
2008-05-22,99.6137466430664
2008-05-23,98.27850341796875
2008-05-27,99.0068359375
2008-05-28,99.46378326416016
2008-05-29,99.96361541748047
2008-05-30,100.21353912353516
2008-06-02,99.17817687988281
2008-06-03,98.5998306274414
2008-06-04,98.54986572265625
2008-06-05,100.52052307128906
2008-06-06,97.3145751953125
2008-06-09,97.55018615722656
2008-06-10,97.06465911865234
2008-06-11,95.6366195678711
2008-06-12,96.00077819824219
2008-06-13,97.21463775634766
2008-06-16,97.27173614501953
2008-06-17,96.80048370361328
2008-06-18,95.85798645019531
2008-06-19,95.97937774658203
2008-06-20,94.42146301269531
2008-06-23,94.32818603515625
2008-06-24,94.14158630371094
2008-06-25,94.58646392822266
2008-06-26,92.01749420166016
2008-06-27,91.51520538330078
2008-06-30,91.83809661865234
2008-07-01,92.12513732910156
2008-07-02,90.54642486572266
2008-07-03,90.63968658447266
2008-07-07,89.71403503417969
2008-07-08,91.30706787109375
2008-07-09,89.5489501953125
2008-07-10,89.9149169921875
2008-07-11,88.86723327636719
2008-07-14,88.06354522705078
2008-07-15,86.82207489013672
2008-07-16,88.95338439941406
2008-07-17,89.84317779541016
2008-07-18,90.40288543701172
2008-07-21,90.45313262939453
2008-07-22,91.47933197021484
2008-07-23,91.9744644165039
2008-07-24,90.06563568115234
2008-07-25,90.04409790039062
2008-07-28,88.72370910644531
2008-07-29,90.61820220947266
2008-07-30,92.23280334472656
2008-07-31,91.01287078857422
2008-08-01,90.5320816040039
2008-08-04,89.6924819946289
2008-08-05,92.11077880859375
2008-08-06,92.51980590820312
2008-08-07,91.14203643798828
2008-08-08,92.83555603027344
2008-08-11,93.79713439941406
2008-08-12,92.82119750976562
2008-08-13,92.261474609375
2008-08-14,92.95752716064453
2008-08-15,93.40962982177734
2008-08-18,92.13229370117188
2008-08-19,91.12767028808594
2008-08-20,91.55104064941406
2008-08-21,91.70892333984375
2008-08-22,93.03649139404297
2008-08-25,91.14917755126953
2008-08-26,91.41474151611328
2008-08-27,92.3045425415039
2008-08-28,93.4239501953125
2008-08-29,92.41932678222656
2008-09-02,91.84528350830078
2008-09-03,91.76634216308594
2008-09-04,89.00358581542969
2008-09-05,89.28341674804688
2008-09-08,91.12767028808594
2008-09-09,88.42232513427734
2008-09-10,88.7811279296875
2008-09-11,90.06563568115234
2008-09-12,90.48181915283203
2008-09-15,86.17623901367188
2008-09-16,87.61860656738281
2008-09-17,83.67902374267578
2008-09-18,86.16189575195312
2008-09-19,89.58370971679688
2008-09-22,87.55559539794922
2008-09-23,85.56358337402344
2008-09-24,85.83780670166016
2008-09-25,87.1802978515625
2008-09-26,87.22355651855469
2008-09-29,80.38864135742188
2008-09-30,83.71588134765625
2008-10-01,83.76637268066406
2008-10-02,80.72782135009766
2008-10-03,79.63799285888672
2008-10-06,75.5817642211914
2008-10-07,72.19673919677734
2008-10-08,70.37796020507812
2008-10-09,65.46282196044922
2008-10-10,63.874935150146484
2008-10-13,73.14945220947266
2008-10-14,72.06681823730469
2008-10-15,64.97201538085938
2008-10-16,67.67859649658203
2008-10-17,67.2743911743164
2008-10-20,71.31622314453125
2008-10-21,69.18702697753906
2008-10-22,65.41949462890625
2008-10-23,66.1773681640625
2008-10-24,62.821205139160156
2008-10-27,60.59098434448242
2008-10-28,67.6713638305664
2008-10-29,67.18058013916016
2008-10-30,69.50460815429688
2008-10-31,69.88713836669922
2008-11-03,70.0892105102539
2008-11-04,72.47099304199219
2008-11-05,69.42521667480469
2008-11-06,65.57828521728516
2008-11-07,67.7435302734375
2008-11-10,66.85575103759766
2008-11-11,64.79158020019531
2008-11-12,61.94063186645508
2008-11-13,65.80201721191406
2008-11-14,62.51808547973633
2008-11-17,61.68805694580078
2008-11-18,62.85005569458008
2008-11-19,58.82270050048828
2008-11-20,54.45611572265625
2008-11-21,57.393619537353516
2008-11-24,61.37046813964844
2008-11-25,61.82520294189453
2008-11-26,64.21417999267578
2008-11-28,65.02252197265625
2008-12-01,59.26298522949219
2008-12-02,61.54369354248047
2008-12-03,63.02328109741211
2008-12-04,61.565338134765625
2008-12-05,63.463558197021484
2008-12-08,65.67932891845703
2008-12-09,64.59671020507812
2008-12-10,65.0369644165039
2008-12-11,63.47077560424805
2008-12-12,64.22863006591797
2008-12-15,63.333641052246094
2008-12-16,66.31448364257812
2008-12-17,65.67211151123047
2008-12-18,64.44513702392578
2008-12-19,64.16793060302734
2008-12-22,63.34571075439453
2008-12-23,62.69086837768555
2008-12-24,63.054664611816406
2008-12-26,63.4184684753418
2008-12-29,63.2365837097168
2008-12-30,64.73543548583984
2008-12-31,65.65949249267578
2009-01-02,67.63860321044922
2009-01-05,67.55859375
2009-01-06,68.0096664428711
2009-01-07,65.972412109375
2009-01-08,66.24160766601562
2009-01-09,64.82273864746094
2009-01-12,63.26565933227539
2009-01-13,63.38209915161133
2009-01-14,61.388427734375
2009-01-15,61.41027069091797
2009-01-16,61.8905029296875
2009-01-20,58.62353515625
2009-01-21,61.15559005737305
2009-01-22,60.20969772338867
2009-01-23,60.47164535522461
2009-01-26,60.886375427246094
2009-01-27,61.504878997802734
2009-01-28,63.5858154296875
2009-01-29,61.519412994384766
2009-01-30,60.26792526245117
2009-02-02,60.08604049682617
2009-02-03,60.9300422668457
2009-02-04,60.631752014160156
2009-02-05,61.53398132324219
2009-02-06,63.28749465942383
2009-02-09,63.37484359741211
2009-02-10,60.47164535522461
2009-02-11,60.828182220458984
2009-02-12,60.87184143066406
2009-02-13,60.21699523925781
2009-02-17,57.64125442504883
2009-02-18,57.503021240234375
2009-02-19,56.8845329284668
2009-02-20,56.331546783447266
2009-02-23,54.31608200073242
2009-02-24,56.375240325927734
2009-02-25,55.93137741088867
2009-02-26,55.02186584472656
2009-02-27,53.79220199584961
2009-03-02,51.3692512512207
2009-03-03,50.98362350463867
2009-03-04,52.191463470458984
2009-03-05,50.05956268310547
2009-03-06,50.146881103515625
2009-03-09,49.55752182006836
2009-03-10,52.51161193847656
2009-03-11,52.85359191894531
2009-03-12,54.934539794921875
2009-03-13,55.36383819580078
2009-03-16,55.19649887084961
2009-03-17,56.8845329284668
2009-03-18,58.15785217285156
2009-03-19,57.43753433227539
2009-03-20,56.21445846557617
2009-03-23,60.252296447753906
2009-03-24,59.06510543823242
2009-03-25,59.68799591064453
2009-03-26,60.90447235107422
2009-03-27,59.805274963378906
2009-03-30,57.73868179321289
2009-03-31,58.273685455322266
2009-04-01,59.402191162109375
2009-04-02,61.13897705078125
2009-04-03,61.74723815917969
2009-04-06,61.26359176635742
2009-04-07,59.834571838378906
2009-04-08,60.47943115234375
2009-04-09,62.88306427001953
2009-04-13,62.89774703979492
2009-04-14,61.81320571899414
2009-04-15,62.47270202636719
2009-04-16,63.38873291015625
2009-04-17,63.81377410888672
2009-04-20,61.13897705078125
2009-04-21,62.333492279052734
2009-04-22,61.95241928100586
2009-04-23,62.56064987182617
2009-04-24,63.50600051879883
2009-04-27,62.90507888793945
2009-04-28,62.707218170166016
2009-04-29,64.04093170166016
2009-04-30,64.06291961669922
2009-05-01,64.4073715209961
2009-05-04,66.59849548339844
2009-05-05,66.37130737304688
2009-05-06,67.5218505859375
2009-05-07,66.58381652832031
2009-05-08,68.13739776611328
2009-05-11,66.86231231689453
2009-05-12,66.66444396972656
2009-05-13,64.98626708984375
2009-05-14,65.54325103759766
2009-05-15,65.00828552246094
2009-05-18,66.85499572753906
2009-05-19,66.77436828613281
2009-05-20,66.32734680175781
2009-05-21,65.37468719482422
2009-05-22,65.23545837402344
2009-05-26,66.90628814697266
2009-05-27,65.7117919921875
2009-05-28,66.6278076171875
2009-05-29,67.8076400756836
2009-06-01,69.44911193847656
2009-06-02,69.50777435302734
2009-06-03,68.62837219238281
2009-06-04,69.27328491210938
2009-06-05,69.28792572021484
2009-06-08,69.00212860107422
2009-06-09,69.35389709472656
2009-06-10,69.17801666259766
2009-06-11,69.48576354980469
2009-06-12,69.67630767822266
2009-06-15,68.07878112792969
2009-06-16,67.1554183959961
2009-06-17,67.08948516845703
2009-06-18,67.58047485351562
2009-06-19,67.82952880859375
2009-06-22,65.79552459716797
2009-06-23,65.84712219238281
2009-06-24,66.41459655761719
2009-06-25,67.8590316772461
2009-06-26,67.68217468261719
2009-06-29,68.31594848632812
2009-06-30,67.76321411132812
2009-07-01,68.04328918457031
2009-07-02,66.18614196777344
2009-07-06,66.17876434326172
2009-07-07,64.89647674560547
2009-07-08,64.85224914550781
2009-07-09,64.97752380371094
2009-07-10,64.82278442382812
2009-07-13,66.39984893798828
2009-07-14,66.77571105957031
2009-07-15,68.72863006591797
2009-07-16,68.61812591552734
2009-07-17,69.36981964111328
2009-07-20,70.10675811767578
2009-07-21,70.4310302734375
2009-07-22,70.41629791259766
2009-07-23,71.97126007080078
2009-07-24,72.26600646972656
2009-07-27,72.47977447509766
2009-07-28,72.1407699584961
2009-07-29,71.96385955810547
2009-07-30,72.71556091308594
2009-07-31,72.81875610351562
2009-08-03,74.02000427246094
2009-08-04,74.21157836914062
2009-08-05,73.99791717529297
2009-08-06,73.61470031738281
2009-08-07,74.58007049560547
2009-08-10,74.42532348632812
2009-08-11,73.49673461914062
2009-08-12,74.28528594970703
2009-08-13,74.85275268554688
2009-08-14,74.27791595458984
2009-08-17,72.45027923583984
2009-08-18,73.02507781982422
2009-08-19,73.66626739501953
2009-08-20,74.42532348632812
2009-08-21,75.8844985961914
2009-08-24,75.87715148925781
2009-08-25,76.02450561523438
2009-08-26,76.0318603515625
2009-08-27,76.2013931274414
2009-08-28,76.18665313720703
2009-08-31,75.50865936279297
2009-09-01,73.84309387207031
2009-09-02,73.56304168701172
2009-09-03,74.17474365234375
2009-09-04,75.21385955810547
2009-09-08,75.86239624023438
2009-09-09,76.44457244873047
2009-09-10,77.22575378417969
2009-09-11,77.21102142333984
2009-09-14,77.58686065673828
2009-09-15,77.91111755371094
2009-09-16,79.09025573730469
2009-09-17,78.97235107421875
2009-09-18,79.02269744873047
2009-09-21,78.82279205322266
2009-09-22,79.2818832397461
2009-09-23,78.62286376953125
2009-09-24,77.75650787353516
2009-09-25,77.34186553955078
2009-09-28,78.72651672363281
2009-09-29,78.48955535888672
2009-09-30,78.18596649169922
2009-10-01,76.24594116210938
2009-10-02,75.89048767089844
2009-10-05,77.02345275878906
2009-10-06,78.12673950195312
2009-10-07,78.34146881103516
2009-10-08,78.9412612915039
2009-10-09,79.42255401611328
2009-10-12,79.73355102539062
2009-10-13,79.57066345214844
2009-10-14,80.94052124023438
2009-10-15,81.23668670654297
2009-10-16,80.62950897216797
2009-10-19,81.29595184326172
2009-10-20,80.86648559570312
2009-10-21,80.14082336425781
2009-10-22,80.95532989501953
2009-10-23,80.02975463867188
2009-10-26,79.16339874267578
2009-10-27,78.80057525634766
2009-10-28,77.31221008300781
2009-10-29,78.97087097167969
2009-10-30,76.68280792236328
2009-11-02,77.24555969238281
2009-11-03,77.48995208740234
2009-11-04,77.68986511230469
2009-11-05,79.11894989013672
2009-11-06,79.32628631591797
2009-11-09,81.13304901123047
2009-11-10,81.14783477783203
2009-11-11,81.56246185302734
2009-11-12,80.73316955566406
2009-11-13,81.17005157470703
2009-11-16,82.3473892211914
2009-11-17,82.44364166259766
2009-11-18,82.39183807373047
2009-11-19,81.31817626953125
2009-11-20,81.02935791015625
2009-11-23,82.05863189697266
2009-11-24,82.18451690673828
2009-11-25,82.47328186035156
2009-11-27,81.13304901123047
2009-11-30,81.40702819824219
2009-12-01,82.4140396118164
2009-12-02,82.37702941894531
2009-12-03,81.7328109741211
2009-12-04,82.19931030273438
2009-12-07,82.07339477539062
2009-12-08,81.16262817382812
2009-12-09,81.46623992919922
2009-12-10,81.92533874511719
2009-12-11,82.2733383178711
2009-12-14,82.83611297607422
2009-12-15,82.4510498046875
2009-12-16,82.57695770263672
2009-12-17,81.58470916748047
2009-12-18,82.04630279541016
2009-12-21,82.88006591796875
2009-12-22,83.17784881591797
2009-12-23,83.34161376953125
2009-12-24,83.7361831665039
2009-12-28,83.91487884521484
2009-12-29,83.79576110839844
2009-12-30,83.7659683227539
2009-12-31,82.96195220947266
2010-01-04,84.3689956665039
2010-01-05,84.5923080444336
2010-01-06,84.65187072753906
2010-01-07,85.00921630859375
2010-01-08,85.29209899902344
2010-01-11,85.41120910644531
2010-01-12,84.61465454101562
2010-01-13,85.32930755615234
2010-01-14,85.56009674072266
2010-01-15,84.5997543334961
2010-01-19,85.65687561035156
2010-01-20,84.78589630126953
2010-01-21,83.1554946899414
2010-01-22,81.30180358886719
2010-01-25,81.7187271118164
2010-01-26,81.37627410888672
2010-01-27,81.76338195800781
2010-01-28,80.82537841796875
2010-01-29,79.9469223022461
2010-02-01,81.19015502929688
2010-02-02,82.1728515625
2010-02-03,81.76338195800781
2010-02-04,79.23966979980469
2010-02-05,79.40348052978516
2010-02-08,78.83023071289062
2010-02-09,79.82035827636719
2010-02-10,79.66400909423828
2010-02-11,80.49781799316406
2010-02-12,80.43081665039062
2010-02-16,81.69638061523438
2010-02-17,82.08350372314453
2010-02-18,82.56739807128906
2010-02-19,82.73859405517578
2010-02-22,82.75350952148438
2010-02-23,81.74849700927734
2010-02-24,82.50038146972656
2010-02-25,82.38871765136719
2010-02-26,82.44085693359375
2010-03-01,83.29693603515625
2010-03-02,83.5277328491211
2010-03-03,83.60220336914062
2010-03-04,83.85530090332031
2010-03-05,85.05389404296875
2010-03-08,85.06873321533203
2010-03-09,85.2102279663086
2010-03-10,85.58990478515625
2010-03-11,85.94719696044922
2010-03-12,85.95467376708984
2010-03-15,85.97700500488281
2010-03-16,86.66189575195312
2010-03-17,87.17559051513672
2010-03-18,87.13092041015625
2010-03-19,86.68988037109375
2010-03-22,87.1533203125
2010-03-23,87.76628875732422
2010-03-24,87.34020233154297
2010-03-25,87.19818878173828
2010-03-26,87.14583587646484
2010-03-29,87.69902801513672
2010-03-30,87.75885009765625
2010-03-31,87.45980834960938
2010-04-01,88.05784606933594
2010-04-05,88.77545928955078
2010-04-06,88.98475646972656
2010-04-07,88.4764404296875
2010-04-08,88.78289794921875
2010-04-09,89.36601257324219
2010-04-12,89.50798797607422
2010-04-13,89.57530212402344
2010-04-14,90.59188842773438
2010-04-15,90.66668701171875
2010-04-16,89.22396087646484
2010-04-19,89.56031799316406
2010-04-20,90.36016845703125
2010-04-21,90.19570922851562
2010-04-22,90.46485137939453
2010-04-23,91.0553970336914
2010-04-26,90.71151733398438
2010-04-27,88.56613159179688
2010-04-28,89.23889923095703
2010-04-29,90.34524536132812
2010-04-30,88.81280517578125
2010-05-03,89.96400451660156
2010-05-04,87.8485107421875
2010-05-05,87.32527923583984
2010-05-06,84.42488861083984
2010-05-07,83.16903686523438
2010-05-10,86.8319091796875
2010-05-11,86.58521270751953
2010-05-12,87.79619598388672
2010-05-13,86.70479583740234
2010-05-14,85.13502502441406
2010-05-17,85.17987060546875
2010-05-18,84.021240234375
2010-05-19,83.54283905029297
2010-05-20,80.38825988769531
2010-05-21,81.5618667602539
2010-05-24,80.51535034179688
2010-05-25,80.59760284423828
2010-05-26,80.11168670654297
2010-05-27,82.7952880859375
2010-05-28,81.75621795654297
2010-06-01,80.38079071044922
2010-06-02,82.47383880615234
2010-06-03,82.75790405273438
2010-06-04,79.85005950927734
2010-06-07,78.85587310791016
2010-06-08,79.70059204101562
2010-06-09,79.27445220947266
2010-06-10,81.591796875
2010-06-11,81.98795318603516
2010-06-14,81.86088562011719
2010-06-15,83.72223663330078
2010-06-16,83.69230651855469
2010-06-17,83.82687377929688
2010-06-18,83.91775512695312
2010-06-21,83.67740631103516
2010-06-22,82.29544830322266
2010-06-23,82.0400390625
2010-06-24,80.68058013916016
2010-06-25,81.01856994628906
2010-06-28,80.76319122314453
2010-06-29,78.26966094970703
2010-06-30,77.52608489990234
2010-07-01,77.18060302734375
2010-07-02,76.75999450683594
2010-07-06,77.26322174072266
2010-07-07,79.69669342041016
2010-07-08,80.48534393310547
2010-07-09,81.086181640625
2010-07-12,81.1387710571289
2010-07-13,82.363037109375
2010-07-14,82.35548400878906
2010-07-15,82.37803649902344
2010-07-16,80.10979461669922
2010-07-19,80.58297729492188
2010-07-20,81.47673797607422
2010-07-21,80.41771697998047
2010-07-22,82.21281433105469
2010-07-23,82.92632293701172
2010-07-26,83.79003143310547
2010-07-27,83.78254699707031
2010-07-28,83.24180603027344
2010-07-29,82.83617401123047
2010-07-30,82.82118225097656
2010-08-02,84.69135284423828
2010-08-03,84.28577423095703
2010-08-04,84.84906768798828
2010-08-05,84.75894165039062
2010-08-06,84.41343688964844
2010-08-09,84.86407470703125
2010-08-10,84.4059829711914
2010-08-11,82.0926513671875
2010-08-12,81.58942413330078
2010-08-13,81.34906768798828
2010-08-16,81.31153106689453
2010-08-17,82.31043243408203
2010-08-18,82.46065521240234
2010-08-19,81.02611541748047
2010-08-20,80.76319122314453
2010-08-23,80.45530700683594
2010-08-24,79.26107788085938
2010-08-25,79.56904602050781
2010-08-26,79.03573608398438
2010-08-27,80.25997924804688
2010-08-30,79.0958023071289
2010-08-31,79.0958023071289
2010-09-01,81.46170043945312
2010-09-02,82.2203140258789
2010-09-03,83.28681182861328
2010-09-07,82.34801483154297
2010-09-08,82.92632293701172
2010-09-09,83.30937194824219
2010-09-10,83.72999572753906
2010-09-13,84.66132354736328
2010-09-14,84.60873413085938
2010-09-15,84.93170166015625
2010-09-16,84.90917205810547
2010-09-17,84.9408950805664
2010-09-20,86.23960876464844
2010-09-21,86.06595611572266
2010-09-22,85.64311981201172
2010-09-23,84.94844055175781
2010-09-24,86.70027160644531
2010-09-27,86.28491973876953
2010-09-28,86.58699035644531
2010-09-29,86.43595886230469
2010-09-30,86.17920684814453
2010-10-01,86.54167938232422
2010-10-04,85.89227294921875
2010-10-05,87.6214599609375
2010-10-06,87.61390686035156
2010-10-07,87.50823974609375
2010-10-08,87.99903106689453
2010-10-11,88.08206176757812
2010-10-12,88.35393524169922
2010-10-13,89.04107666015625
2010-10-14,88.69371032714844
2010-10-15,88.87490844726562
2010-10-18,89.3128890991211
2010-10-19,88.14249420166016
2010-10-20,89.0033187866211
2010-10-21,89.19963073730469
2010-10-22,89.36575317382812
2010-10-25,89.6300048828125
2010-10-26,89.64514923095703
2010-10-27,89.38838958740234
2010-10-28,89.40351104736328
2010-10-29,89.4714584350586
2010-11-01,89.50167083740234
2010-11-02,90.2114486694336
2010-11-03,90.57388305664062
2010-11-04,92.31816864013672
2010-11-05,92.66551971435547
2010-11-08,92.49183654785156
2010-11-09,91.82737731933594
2010-11-10,92.19737243652344
2010-11-11,91.85003662109375
2010-11-12,90.7626953125
2010-11-15,90.63433837890625
2010-11-16,89.2222900390625
2010-11-17,89.26758575439453
2010-11-18,90.58145904541016
2010-11-19,90.83063507080078
2010-11-22,90.75515747070312
2010-11-23,89.44126892089844
2010-11-24,90.7626953125
2010-11-26,89.70553588867188
2010-11-29,89.9773941040039
2010-11-30,89.4714584350586
2010-12-01,91.37431335449219
2010-12-02,92.54472351074219
2010-12-03,92.79388427734375
2010-12-06,92.69573211669922
2010-12-07,92.74857330322266
2010-12-08,93.08838653564453
2010-12-09,93.45081329345703
2010-12-10,93.99449920654297
2010-12-13,94.05489349365234
2010-12-14,94.13796997070312
2010-12-15,93.70758056640625
2010-12-16,94.25120544433594
2010-12-17,94.3521728515625
2010-12-20,94.57990264892578
2010-12-21,95.1795654296875
2010-12-22,95.4755859375
2010-12-23,95.33898162841797
2010-12-27,95.37693786621094
2010-12-28,95.51358032226562
2010-12-29,95.58187866210938
2010-12-30,95.43006896972656
2010-12-31,95.45282745361328
2011-01-03,96.43964385986328
2011-01-04,96.38652801513672
2011-01-05,96.88745880126953
2011-01-06,96.69770812988281
2011-01-07,96.50790405273438
2011-01-10,96.38652801513672
2011-01-11,96.72807312011719
2011-01-12,97.60095977783203
2011-01-13,97.44159698486328
2011-01-14,98.14752197265625
2011-01-18,98.31454467773438
2011-01-19,97.35049438476562
2011-01-20,97.221435546875
2011-01-21,97.44159698486328
2011-01-24,97.9957046508789
2011-01-25,98.04886627197266
2011-01-26,98.42838287353516
2011-01-27,98.67127227783203
2011-01-28,96.94823455810547
2011-01-31,97.6769027709961
2011-02-01,99.24058532714844
2011-02-02,99.05081176757812
2011-02-03,99.27095031738281
2011-02-04,99.55181884765625
2011-02-07,100.17422485351562
2011-02-08,100.62968444824219
2011-02-09,100.40194702148438
2011-02-10,100.4399185180664
2011-02-11,101.0395736694336
2011-02-14,101.2824935913086
2011-02-15,100.96366882324219
2011-02-16,101.60126495361328
2011-02-17,101.9049301147461
2011-02-18,102.11746215820312
2011-02-22,100.0679931640625
2011-02-23,99.45311737060547
2011-02-24,99.3847885131836
2011-02-25,100.447509765625
2011-02-28,101.06993103027344
2011-03-01,99.3847885131836
2011-03-02,99.59735870361328
2011-03-03,101.31282043457031
2011-03-04,100.55376434326172
2011-03-07,99.76432037353516
2011-03-08,100.63726806640625
2011-03-09,100.4930419921875
2011-03-10,98.63331604003906
2011-03-11,99.31653594970703
2011-03-14,98.71681213378906
2011-03-15,97.58582305908203
2011-03-16,95.7791976928711
2011-03-17,97.04686737060547
2011-03-18,97.39987182617188
2011-03-21,98.90933990478516
2011-03-22,98.56625366210938
2011-03-23,98.84837341308594
2011-03-24,99.79368591308594
2011-03-25,100.09862518310547
2011-03-28,99.85466003417969
2011-03-29,100.52556610107422
2011-03-30,101.21929168701172
2011-03-31,101.08209228515625
2011-04-01,101.50899505615234
2011-04-04,101.59290313720703
2011-04-05,101.57760620117188
2011-04-06,101.8978042602539
2011-04-07,101.63861846923828
2011-04-08,101.28791809082031
2011-04-11,100.98294830322266
2011-04-12,100.22823333740234
2011-04-13,100.2206039428711
2011-04-14,100.29683685302734
2011-04-15,100.66276550292969
2011-04-18,99.53446197509766
2011-04-19,100.10627746582031
2011-04-20,101.47087097167969
2011-04-21,101.98930358886719
2011-04-25,101.88255310058594
2011-04-26,102.7593002319336
2011-04-27,103.43017578125
2011-04-28,103.76557159423828
2011-04-29,104.0095443725586
2011-05-02,103.84947967529297
2011-05-03,103.47589111328125
2011-05-04,102.78975677490234
2011-05-05,101.85968017578125
2011-05-06,102.30947875976562
2011-05-09,102.70590209960938
2011-05-10,103.58265686035156
2011-05-11,102.492431640625
2011-05-12,102.98040008544922
2011-05-13,102.1875
2011-05-16,101.53949737548828
2011-05-17,101.52426147460938
2011-05-18,102.43148040771484
2011-05-19,102.67543029785156
2011-05-20,101.85968017578125
2011-05-23,100.6780014038086
2011-05-24,100.59415435791016
2011-05-25,100.92961120605469
2011-05-26,101.3946762084961
2011-05-27,101.783447265625
2011-05-31,102.8431167602539
2011-06-01,100.533203125
2011-06-02,100.42646026611328
2011-06-03,99.42778015136719
2011-06-06,98.37566375732422
2011-06-07,98.31470489501953
2011-06-08,97.90299224853516
2011-06-09,98.65015411376953
2011-06-10,97.27787017822266
2011-06-13,97.35413360595703
2011-06-14,98.58914184570312
2011-06-15,96.83570861816406
2011-06-16,97.04920959472656
2011-06-17,97.33879852294922
2011-06-20,97.83678436279297
2011-06-21,99.17748260498047
2011-06-22,98.57994079589844
2011-06-23,98.29643249511719
2011-06-24,97.15489959716797
2011-06-27,98.02063751220703
2011-06-28,99.30010223388672
2011-06-29,100.15054321289062
2011-06-30,101.10819244384766
2011-07-01,102.60215759277344
2011-07-05,102.51792907714844
2011-07-06,102.6404800415039
2011-07-07,103.7054214477539
2011-07-08,102.96995544433594
2011-07-11,101.10819244384766
2011-07-12,100.67145538330078
2011-07-13,101.00860595703125
2011-07-14,100.31139373779297
2011-07-15,100.89370727539062
2011-07-18,100.06624603271484
2011-07-19,101.69046783447266
2011-07-20,101.6291732788086
2011-07-21,103.0389404296875
2011-07-22,103.10785675048828
2011-07-25,102.53327941894531
2011-07-26,102.150146484375
2011-07-27,100.05858612060547
2011-07-28,99.76744079589844
2011-07-29,99.0855712890625
2011-08-01,98.66422271728516
2011-08-02,96.14354705810547
2011-08-03,96.66458129882812
2011-08-04,92.13663482666016
2011-08-05,91.99874114990234
2011-08-08,86.00749206542969
2011-08-09,90.00675201416016
2011-08-10,86.03047180175781
2011-08-11,89.8918685913086
2011-08-12,90.49707794189453
2011-08-15,92.41246795654297
2011-08-16,91.62332916259766
2011-08-17,91.68458557128906
2011-08-18,87.73131561279297
2011-08-19,86.29862213134766
2011-08-22,86.36756896972656
2011-08-23,89.2099380493164
2011-08-24,90.46647644042969
2011-08-25,89.0873794555664
2011-08-26,90.38215637207031
2011-08-29,92.97941589355469
2011-08-30,93.2245864868164
2011-08-31,93.63829803466797
2011-09-01,92.65760040283203
2011-09-02,90.29024505615234
2011-09-06,89.6313247680664
2011-09-07,92.15960693359375
2011-09-08,91.20193481445312
2011-09-09,88.81158447265625
2011-09-12,89.38617706298828
2011-09-13,90.20594024658203
2011-09-14,91.45477294921875
2011-09-15,93.03300476074219
2011-09-16,93.58367156982422
2011-09-19,92.65180969238281
2011-09-20,92.54398345947266
2011-09-21,89.81781768798828
2011-09-22,86.91453552246094
2011-09-23,87.43822479248047
2011-09-26,89.51749420166016
2011-09-27,90.51866912841797
2011-09-28,88.67033386230469
2011-09-29,89.37117004394531
2011-09-30,87.13784790039062
2011-10-03,84.65809631347656
2011-10-04,86.51406860351562
2011-10-05,88.11588287353516
2011-10-06,89.71001434326172
2011-10-07,89.10932159423828
2011-10-10,92.08964538574219
2011-10-11,92.18204498291016
2011-10-12,92.99067687988281
2011-10-13,92.80583953857422
2011-10-14,94.39229583740234
2011-10-17,92.5902099609375
2011-10-18,94.39997863769531
2011-10-19,93.2833251953125
2011-10-20,93.69146728515625
2011-10-21,95.47041320800781
2011-10-24,96.64095306396484
2011-10-25,94.76190948486328
2011-10-26,95.72456359863281
2011-10-27,99.05914306640625
2011-10-28,99.03604888916016
2011-10-31,96.64867401123047
2011-11-01,93.95327758789062
2011-11-02,95.4858169555664
2011-11-03,97.22627258300781
2011-11-04,96.63331604003906
2011-11-07,97.23397827148438
2011-11-08,98.48155975341797
2011-11-09,94.84662628173828
2011-11-10,95.739990234375
2011-11-11,97.54202270507812
2011-11-14,96.61788177490234
2011-11-15,97.09537506103516
2011-11-16,95.55511474609375
2011-11-17,94.03800964355469
2011-11-18,93.9378890991211
2011-11-21,92.15126037597656
2011-11-22,91.78931427001953
2011-11-23,89.76393127441406
2011-11-25,89.5945053100586
2011-11-28,92.18977355957031
2011-11-29,92.45158386230469
2011-11-30,96.25592803955078
2011-12-01,96.24053955078125
2011-12-02,96.15582275390625
2011-12-05,97.20317077636719
2011-12-06,97.23397827148438
2011-12-07,97.5959243774414
2011-12-08,95.45503234863281
2011-12-09,97.07227325439453
2011-12-12,95.65524291992188
2011-12-13,94.76190948486328
2011-12-14,93.75312042236328
2011-12-15,94.0919418334961
2011-12-16,94.2314453125
2011-12-19,93.22392272949219
2011-12-20,96.044921875
2011-12-21,96.23092651367188
2011-12-22,97.08340454101562
2011-12-23,97.95140075683594
2011-12-27,98.02887725830078
2011-12-28,96.7424087524414
2011-12-29,97.74215698242188
2011-12-30,97.26164245605469
2012-01-03,98.81163787841797
2012-01-04,98.96663665771484
2012-01-05,99.23014068603516
2012-01-06,98.97439575195312
2012-01-09,99.21464538574219
2012-01-10,100.07485961914062
2012-01-11,100.12911224365234
2012-01-12,100.36935424804688
2012-01-13,99.85012817382812
2012-01-17,100.23764038085938
2012-01-18,101.34587097167969
2012-01-19,101.88060760498047
2012-01-20,102.26033782958984
2012-01-23,101.99683380126953
2012-01-24,101.88060760498047
2012-01-25,102.73309326171875
2012-01-26,102.20609283447266
2012-01-27,102.15962982177734
2012-01-30,101.81084442138672
2012-01-31,101.7720947265625
2012-02-01,102.6633529663086
2012-02-02,102.82609558105469
2012-02-03,104.26757049560547
2012-02-06,104.19784545898438
2012-02-07,104.4613037109375
2012-02-08,104.77130889892578
2012-02-09,104.90309143066406
2012-02-10,104.12806701660156
2012-02-13,104.90309143066406
2012-02-14,104.77130889892578
2012-02-15,104.2830810546875
2012-02-16,105.43783569335938
2012-02-17,105.71683502197266
2012-02-21,105.76334381103516
2012-02-22,105.42231750488281
2012-02-23,105.88732147216797
2012-02-24,106.11984252929688
2012-02-27,106.29806518554688
2012-02-28,106.60804748535156
2012-02-29,106.18954467773438
2012-03-01,106.73983001708984
2012-03-02,106.41432189941406
2012-03-05,105.9803237915039
2012-03-06,104.43035888671875
2012-03-07,105.1588363647461
2012-03-08,106.20506286621094
2012-03-09,106.61583709716797
2012-03-12,106.6235580444336
2012-03-13,108.5455551147461
2012-03-14,108.4292984008789
2012-03-15,109.05706787109375
2012-03-16,109.20809936523438
2012-03-19,109.63619232177734
2012-03-20,109.3170394897461
2012-03-21,109.13797760009766
2012-03-22,108.35186004638672
2012-03-23,108.70211791992188
2012-03-26,110.22775268554688
2012-03-27,109.88522338867188
2012-03-28,109.34037017822266
2012-03-29,109.15354919433594
2012-03-30,109.60503387451172
2012-04-02,110.40680694580078
2012-04-03,109.95535278320312
2012-04-04,108.86554718017578
2012-04-05,108.81107330322266
2012-04-09,107.58900451660156
2012-04-10,105.78315734863281
2012-04-11,106.63935852050781
2012-04-12,108.0326919555664
2012-04-13,106.74834442138672
2012-04-16,106.67829132080078
2012-04-17,108.25843811035156
2012-04-18,107.89257049560547
2012-04-19,107.19984436035156
2012-04-20,107.37883758544922
2012-04-23,106.47589874267578
2012-04-24,106.88068389892578
2012-04-25,108.34407806396484
2012-04-26,109.09905242919922
2012-04-27,109.27811431884766
2012-04-30,108.87332153320312
2012-05-01,109.55055236816406
2012-05-02,109.2236328125
2012-05-03,108.39073944091797
2012-05-04,106.63935852050781
2012-05-07,106.71724700927734
2012-05-08,106.28912353515625
2012-05-09,105.65859985351562
2012-05-10,105.87657928466797
2012-05-11,105.55742645263672
2012-05-14,104.38982391357422
2012-05-15,103.79048156738281
2012-05-16,103.39347839355469
2012-05-17,101.8600845336914
2012-05-18,100.98828125
2012-05-21,102.72410583496094
2012-05-22,102.90310668945312
2012-05-23,102.95761108398438
2012-05-24,103.15995788574219
2012-05-25,102.82525634765625
2012-05-29,104.07067108154297
2012-05-30,102.56062316894531
2012-05-31,102.33490753173828
2012-06-01,99.75841522216797
2012-06-04,99.71171569824219
2012-06-05,100.46675109863281
2012-06-06,102.72410583496094
2012-06-07,102.78634643554688
2012-06-08,103.60365295410156
2012-06-11,102.28819274902344
2012-06-12,103.46353149414062
2012-06-13,102.80194854736328
2012-06-14,103.89165496826172
2012-06-15,104.95418548583984
2012-06-18,105.15762329101562
2012-06-19,106.17475891113281
2012-06-20,106.00260162353516
2012-06-21,103.62409210205078
2012-06-22,104.4221420288086
2012-06-25,102.74774932861328
2012-06-26,103.26416015625
2012-06-27,104.19528198242188
2012-06-28,103.89790344238281
2012-06-29,106.48771667480469
2012-07-02,106.80854797363281
2012-07-03,107.51272583007812
2012-07-05,107.02759552001953
2012-07-06,106.01045989990234
2012-07-09,105.87745666503906
2012-07-10,104.95418548583984
2012-07-11,104.96983337402344
2012-07-12,104.46129608154297
2012-07-13,106.21387481689453
2012-07-16,105.96349334716797
2012-07-17,106.69115447998047
2012-07-18,107.48143768310547
2012-07-19,107.76309967041016
2012-07-20,106.7772445678711
2012-07-23,105.697509765625
2012-07-24,104.78988647460938
2012-07-25,104.8133773803711
2012-07-26,106.5425033569336
2012-07-27,108.50641632080078
2012-07-30,108.50641632080078
2012-07-31,107.74742889404297
2012-08-01,107.65354919433594
2012-08-02,106.91024017333984
2012-08-03,109.03060913085938
2012-08-06,109.24187469482422
2012-08-07,109.78958892822266
2012-08-08,109.92256164550781
2012-08-09,110.0164566040039
2012-08-10,110.19642639160156
2012-08-13,110.14163970947266
2012-08-14,110.15725708007812
2012-08-15,110.2824935913086
2012-08-16,111.0962142944336
2012-08-17,111.24488830566406
2012-08-20,111.2526626586914
2012-08-21,110.91624450683594
2012-08-22,110.96322631835938
2012-08-23,110.05560302734375
2012-08-24,110.72061157226562
2012-08-27,110.7441177368164
2012-08-28,110.63461303710938
2012-08-29,110.72061157226562
2012-08-30,109.92256164550781
2012-08-31,110.44681549072266
2012-09-04,110.34508514404297
2012-09-05,110.25121307373047
2012-09-06,112.4889144897461
2012-09-07,112.92705535888672
2012-09-10,112.28546905517578
2012-09-11,112.59847259521484
2012-09-12,112.97396850585938
2012-09-13,114.69535827636719
2012-09-14,115.20397186279297
2012-09-17,114.81269836425781
2012-09-18,114.71881103515625
2012-09-19,114.78142547607422
2012-09-20,114.78925323486328
2012-09-21,114.74127960205078
2012-09-24,114.56819915771484
2012-09-25,113.34896087646484
2012-09-26,112.71189880371094
2012-09-27,113.77375030517578
2012-09-28,113.24671173095703
2012-10-01,113.54564666748047
2012-10-02,113.66363525390625
2012-10-03,114.12770080566406
2012-10-04,114.94579315185547
2012-10-05,114.95360565185547
2012-10-08,114.56033325195312
2012-10-09,113.42767333984375
2012-10-10,112.70396423339844
2012-10-11,112.76691436767578
2012-10-12,112.39720153808594
2012-10-15,113.33326721191406
2012-10-16,114.48165130615234
2012-10-17,115.00083923339844
2012-10-18,114.70191955566406
2012-10-19,112.79046630859375
2012-10-22,112.80622100830078
2012-10-23,111.24090576171875
2012-10-24,110.9262466430664
2012-10-25,111.24873352050781
2012-10-26,111.18583679199219
2012-10-31,111.18583679199219
2012-11-01,112.35000610351562
2012-11-02,111.35102844238281
2012-11-05,111.57915496826172
2012-11-06,112.4522705078125
2012-11-07,109.9036636352539
2012-11-08,108.58216094970703
2012-11-09,108.67657470703125
2012-11-12,108.76310729980469
2012-11-13,108.38553619384766
2012-11-14,106.92247009277344
2012-11-15,106.74153137207031
2012-11-16,107.26854705810547
2012-11-19,109.43962097167969
2012-11-20,109.48680877685547
2012-11-21,109.69129943847656
2012-11-23,111.18583679199219
2012-11-26,110.94984436035156
2012-11-27,110.38356018066406
2012-11-28,111.27235412597656
2012-11-29,111.79151916503906
2012-11-30,111.81510925292969
2012-12-03,111.2645034790039
2012-12-04,111.1071548461914
2012-12-05,111.30381774902344
2012-12-06,111.68140411376953
2012-12-07,112.01966094970703
2012-12-10,112.06678771972656
2012-12-11,112.82980346679688
2012-12-12,112.8848648071289
2012-12-13,112.19265747070312
2012-12-14,111.7757797241211
2012-12-17,113.08938598632812
2012-12-18,114.34793853759766
2012-12-19,113.49847412109375
2012-12-20,114.15129089355469
2012-12-21,113.11512756347656
2012-12-24,112.76657104492188
2012-12-26,112.2912826538086
2012-12-27,112.14078521728516
2012-12-28,110.9287109375
2012-12-31,112.81414031982422
2013-01-02,115.70556640625
2013-01-03,115.44416809082031
2013-01-04,115.95110321044922
2013-01-07,115.63426971435547
2013-01-08,115.30158233642578
2013-01-09,115.59468841552734
2013-01-10,116.51358795166016
2013-01-11,116.50566101074219
2013-01-14,116.42646789550781
2013-01-15,116.50566101074219
2013-01-16,116.48982238769531
2013-01-17,117.24242401123047
2013-01-18,117.50384521484375
2013-01-22,118.13755798339844
2013-01-23,118.32769775390625
2013-01-24,118.359375
2013-01-25,119.02481079101562
2013-01-28,118.88224029541016
2013-01-29,119.34957885742188
2013-01-30,118.88224029541016
2013-01-31,118.589111328125
2013-02-01,119.80904388427734
2013-02-04,118.46232604980469
2013-02-05,119.65853118896484
2013-02-06,119.74566650390625
2013-02-07,119.58724975585938
2013-02-08,120.25267028808594
2013-02-11,120.22888946533203
2013-02-12,120.42696380615234
2013-02-13,120.5298843383789
2013-02-14,120.6408462524414
2013-02-15,120.49825286865234
2013-02-19,121.4013442993164
2013-02-20,119.88827514648438
2013-02-21,119.15950775146484
2013-02-22,120.32396697998047
2013-02-25,118.03457641601562
2013-02-26,118.84259033203125
2013-02-27,120.33983612060547
2013-02-28,120.1021499633789
2013-03-01,120.49825286865234
2013-03-04,121.1399154663086
2013-03-05,122.22521209716797
2013-03-06,122.39151763916016
2013-03-07,122.61336517333984
2013-03-08,123.13615417480469
2013-03-11,123.60357666015625
2013-03-12,123.32630920410156
2013-03-13,123.50060272216797
2013-03-14,124.15805053710938
2013-03-15,123.99420166015625
2013-03-18,123.30986785888672
2013-03-19,123.02342224121094
2013-03-20,123.88282012939453
2013-03-21,122.82450103759766
2013-03-22,123.81111145019531
2013-03-25,123.29398345947266
2013-03-26,124.28064727783203
2013-03-27,124.28064727783203
2013-03-28,124.6625747680664
2013-04-01,124.16925811767578
2013-04-02,124.78190612792969
2013-04-03,123.51679229736328
2013-04-04,124.01808166503906
2013-04-05,123.4610595703125
2013-04-08,124.29656982421875
2013-04-09,124.72622680664062
2013-04-10,126.25399780273438
2013-04-11,126.66773986816406
2013-04-12,126.35739135742188
2013-04-15,123.42925262451172
2013-04-16,125.25146484375
2013-04-17,123.42132568359375
2013-04-18,122.64945983886719
2013-04-19,123.7156753540039
2013-04-22,124.2647476196289
2013-04-23,125.54582977294922
2013-04-24,125.62537384033203
2013-04-25,126.13463592529297
2013-04-26,125.9118423461914
2013-04-29,126.75531005859375
2013-04-30,127.05770111083984
2013-05-01,125.94368743896484
2013-05-02,127.11334228515625
2013-05-03,128.4023895263672
2013-05-06,128.7286376953125
2013-05-07,129.38107299804688
2013-05-08,129.969970703125
2013-05-09,129.60391235351562
2013-05-10,130.02560424804688
2013-05-13,130.12899780273438
2013-05-14,131.47381591796875
2013-05-15,132.1819305419922
2013-05-16,131.56134033203125
2013-05-17,132.83441162109375
2013-05-20,132.82652282714844
2013-05-21,133.01748657226562
2013-05-22,132.03076171875
2013-05-23,131.64886474609375
2013-05-24,131.5374298095703
2013-05-28,132.32522583007812
2013-05-29,131.46585083007812
2013-05-30,131.9512481689453
2013-05-31,130.0574188232422
2013-06-03,130.77357482910156
2013-06-04,130.14500427246094
2013-06-05,128.32281494140625
2013-06-06,129.48452758789062
2013-06-07,131.13160705566406
2013-06-10,131.13160705566406
2013-06-11,129.77899169921875
2013-06-12,128.70469665527344
2013-06-13,130.6621856689453
2013-06-14,129.8425750732422
2013-06-17,130.8452606201172
2013-06-18,131.87965393066406
2013-06-19,130.0574188232422
2013-06-20,126.8348617553711
2013-06-21,127.24207305908203
2013-06-24,125.63420104980469
2013-06-25,126.84203338623047
2013-06-26,128.097900390625
2013-06-27,128.84979248046875
2013-06-28,128.3218994140625
2013-07-01,129.0737762451172
2013-07-02,128.953857421875
2013-07-03,129.00982666015625
2013-07-05,130.40171813964844
2013-07-08,131.14559936523438
2013-07-09,132.08950805664062
2013-07-10,132.13743591308594
2013-07-11,133.937255859375
2013-07-12,133.99330139160156
2013-07-15,134.50515747070312
2013-07-16,134.0012969970703
2013-07-17,134.34524536132812
2013-07-18,135.08114624023438
2013-07-19,135.32113647460938
2013-07-22,135.58511352539062
2013-07-23,135.29710388183594
2013-07-24,134.80120849609375
2013-07-25,135.12913513183594
2013-07-26,135.27313232421875
2013-07-29,134.8571319580078
2013-07-30,134.8571319580078
2013-07-31,134.95318603515625
2013-08-01,136.51303100585938
2013-08-02,136.74501037597656
2013-08-05,136.5450439453125
2013-08-06,135.76910400390625
2013-08-07,135.32911682128906
2013-08-08,135.82504272460938
2013-08-09,135.43313598632812
2013-08-12,135.27313232421875
2013-08-13,135.673095703125
2013-08-14,134.97718811035156
2013-08-15,133.08941650390625
2013-08-16,132.6494598388672
2013-08-19,131.80152893066406
2013-08-20,132.4494171142578
2013-08-21,131.63352966308594
2013-08-22,132.83340454101562
2013-08-23,133.28135681152344
2013-08-26,132.78543090820312
2013-08-27,130.64967346191406
2013-08-28,131.11361694335938
2013-08-29,131.3215789794922
2013-08-30,130.9056854248047
2013-09-03,131.49752807617188
2013-09-04,132.58546447753906
2013-09-05,132.75340270996094
2013-09-06,132.81741333007812
2013-09-09,134.0892791748047
2013-09-10,135.08114624023438
2013-09-11,135.50511169433594
2013-09-12,135.1451416015625
2013-09-13,135.4491424560547
2013-09-16,136.23300170898438
2013-09-17,136.84097290039062
2013-09-18,138.42481994628906
2013-09-19,138.19281005859375
2013-09-20,137.22662353515625
2013-09-23,136.5915985107422
2013-09-24,136.2700958251953
2013-09-25,135.87625122070312
2013-09-26,136.39865112304688
2013-09-27,135.77171325683594
2013-09-30,135.0482940673828
2013-10-01,136.1173553466797
2013-10-02,135.98875427246094
2013-10-03,134.73484802246094
2013-10-04,135.7556610107422
2013-10-07,134.58213806152344
2013-10-08,133.01466369628906
2013-10-09,133.1111297607422
2013-10-10,135.98072814941406
2013-10-11,136.8568878173828
2013-10-14,137.4034423828125
2013-10-15,136.4067840576172
2013-10-16,138.31179809570312
2013-10-17,139.23617553710938
2013-10-18,140.17665100097656
2013-10-21,140.18463134765625
2013-10-22,140.99647521972656
2013-10-23,140.32127380371094
2013-10-24,140.78756713867188
2013-10-25,141.43057250976562
2013-10-28,141.65565490722656
2013-10-29,142.4111785888672
2013-10-30,141.7038116455078
2013-10-31,141.30194091796875
2013-11-01,141.6395263671875
2013-11-04,142.13787841796875
2013-11-05,141.68777465820312
2013-11-06,142.4111785888672
2013-11-07,140.61070251464844
2013-11-08,142.50762939453125
2013-11-11,142.5316925048828
2013-11-12,142.2423858642578
2013-11-13,143.3838653564453
2013-11-14,144.0991973876953
2013-11-15,144.72616577148438
2013-11-18,144.21978759765625
2013-11-19,143.90628051757812
2013-11-20,143.45619201660156
2013-11-21,144.61366271972656
2013-11-22,145.3371124267578
2013-11-25,145.19244384765625
2013-11-26,145.23260498046875
2013-11-27,145.5862579345703
2013-11-29,145.4897918701172
2013-12-02,145.11196899414062
2013-12-03,144.48500061035156
2013-12-04,144.4689483642578
2013-12-05,143.83395385742188
2013-12-06,145.4415283203125
2013-12-09,145.8113250732422
2013-12-10,145.28884887695312
2013-12-11,143.65707397460938
2013-12-12,143.182861328125
2013-12-13,143.16676330566406
2013-12-16,144.05902099609375
2013-12-17,143.6007843017578
2013-12-18,146.05247497558594
2013-12-19,145.88372802734375
2013-12-20,146.73231506347656
2013-12-23,147.51622009277344
2013-12-24,147.83941650390625
2013-12-26,148.59115600585938
2013-12-27,148.58297729492188
2013-12-30,148.55873107910156
2013-12-31,149.26187133789062
2014-01-02,147.83140563964844
2014-01-03,147.80711364746094
2014-01-06,147.37879943847656
2014-01-07,148.28399658203125
2014-01-08,148.3163299560547
2014-01-09,148.4132537841797
2014-01-10,148.81736755371094
2014-01-13,146.83729553222656
2014-01-14,148.43746948242188
2014-01-15,149.23757934570312
2014-01-16,149.04367065429688
2014-01-17,148.4132537841797
2014-01-21,148.84970092773438
2014-01-22,148.9466552734375
2014-01-23,147.72628784179688
2014-01-24,144.574462890625
2014-01-27,143.8632354736328
2014-01-28,144.71990966796875
2014-01-29,143.32984924316406
2014-01-30,144.84918212890625
2014-01-31,144.00062561035156
2014-02-03,140.7598114013672
2014-02-04,141.74586486816406
2014-02-05,141.56800842285156
2014-02-06,143.4348907470703
2014-02-07,145.21292114257812
2014-02-10,145.4795684814453
2014-02-11,147.0717010498047
2014-02-12,147.14447021484375
2014-02-13,147.90415954589844
2014-02-14,148.7204132080078
2014-02-18,148.89817810058594
2014-02-19,147.91220092773438
2014-02-20,148.78504943847656
2014-02-21,148.61529541015625
2014-02-24,149.43966674804688
2014-02-25,149.383056640625
2014-02-26,149.39114379882812
2014-02-27,150.175048828125
2014-02-28,150.55496215820312
2014-03-03,149.49620056152344
2014-03-04,151.5974884033203
2014-03-05,151.73487854003906
2014-03-06,152.0823516845703
2014-03-07,152.14703369140625
2014-03-10,152.0662078857422
2014-03-11,151.31466674804688
2014-03-12,151.35498046875
2014-03-13,149.65786743164062
2014-03-14,149.23757934570312
2014-03-17,150.5872344970703
2014-03-18,151.66213989257812
2014-03-19,150.85394287109375
2014-03-20,151.73487854003906
2014-03-21,151.14630126953125
2014-03-24,150.52130126953125
2014-03-25,151.23562622070312
2014-03-26,150.14788818359375
2014-03-27,149.83128356933594
2014-03-28,150.5700225830078
2014-03-31,151.80386352539062
2014-04-01,152.81040954589844
2014-04-02,153.3218231201172
2014-04-03,153.118896484375
2014-04-04,151.30870056152344
2014-04-07,149.636474609375
2014-04-08,150.25343322753906
2014-04-09,151.86878967285156
2014-04-10,148.6786346435547
2014-04-11,147.3392791748047
2014-04-14,148.5000457763672
2014-04-15,149.52288818359375
2014-04-16,151.08953857421875
2014-04-17,151.30059814453125
2014-04-21,151.8282012939453
2014-04-22,152.5181884765625
2014-04-23,152.16104125976562
2014-04-24,152.469482421875
2014-04-25,151.21942138671875
2014-04-28,151.6983642578125
2014-04-29,152.40455627441406
2014-04-30,152.85911560058594
2014-05-01,152.87539672851562
2014-05-02,152.6562042236328
2014-05-05,152.94833374023438
2014-05-06,151.61715698242188
2014-05-07,152.51007080078125
2014-05-08,152.3477783203125
2014-05-09,152.5750732421875
2014-05-12,154.06051635742188
2014-05-13,154.1985626220703
2014-05-14,153.46795654296875
2014-05-15,152.12049865722656
2014-05-16,152.6481170654297
2014-05-19,153.20816040039062
2014-05-20,152.24221801757812
2014-05-21,153.5247344970703
2014-05-22,153.89813232421875
2014-05-23,154.51502990722656
2014-05-27,155.46484375
2014-05-28,155.35113525390625
2014-05-29,156.15481567382812
2014-05-30,156.4064178466797
2014-06-02,156.58505249023438
2014-06-03,156.50389099121094
2014-06-04,156.8204345703125
2014-06-05,157.84320068359375
2014-06-06,158.59815979003906
2014-06-09,158.7604522705078
2014-06-10,158.7766876220703
2014-06-11,158.2247314453125
2014-06-12,157.10450744628906
2014-06-13,157.5834503173828
2014-06-16,157.71334838867188
2014-06-17,158.1516876220703
2014-06-18,159.31246948242188
2014-06-19,159.49099731445312
2014-06-20,159.81484985351562
2014-06-23,159.7659454345703
2014-06-24,158.80349731445312
2014-06-25,159.52117919921875
2014-06-26,159.40707397460938
2014-06-27,159.7169647216797
2014-06-30,159.6354522705078
2014-07-01,160.703857421875
2014-07-02,160.86703491210938
2014-07-03,161.6581268310547
2014-07-07,161.09542846679688
2014-07-08,160.0595245361328
2014-07-09,160.77728271484375
2014-07-10,160.14111328125
2014-07-11,160.36134338378906
2014-07-14,161.16880798339844
2014-07-15,160.86703491210938
2014-07-16,161.4624481201172
2014-07-17,159.6272430419922
2014-07-18,161.258544921875
2014-07-21,160.9567108154297
2014-07-22,161.6581268310547
2014-07-23,162.01705932617188
2014-07-24,162.0252227783203
2014-07-25,161.26670837402344
2014-07-28,161.3319549560547
2014-07-29,160.6386260986328
2014-07-30,160.6631317138672
2014-07-31,157.49032592773438
2014-08-01,157.00914001464844
2014-08-04,158.142822265625
2014-08-05,156.60940551757812
2014-08-06,156.6583709716797
2014-08-07,155.81008911132812
2014-08-08,157.61264038085938
2014-08-11,158.0693817138672
2014-08-12,157.84918212890625
2014-08-13,158.91766357421875
2014-08-14,159.66799926757812
2014-08-15,159.6354522705078
2014-08-18,160.9730682373047
2014-08-19,161.81312561035156
2014-08-20,162.24545288085938
2014-08-21,162.71849060058594
2014-08-22,162.4656982421875
2014-08-25,163.2894287109375
2014-08-26,163.3955078125
2014-08-27,163.3302001953125
2014-08-28,163.24049377441406
2014-08-29,163.7054443359375
2014-09-02,163.6238555908203
2014-09-03,163.5341339111328
2014-09-04,163.29762268066406
2014-09-05,164.0316925048828
2014-09-08,163.60752868652344
2014-09-09,162.57168579101562
2014-09-10,163.1834259033203
2014-09-11,163.3710174560547
2014-09-12,162.41671752929688
2014-09-15,162.29432678222656
2014-09-16,163.51783752441406
2014-09-17,163.738037109375
2014-09-18,164.6107940673828
2014-09-19,164.4624786376953
2014-09-22,163.1923370361328
2014-09-23,162.25816345214844
2014-09-24,163.52828979492188
2014-09-25,160.88967895507812
2014-09-26,162.16799926757812
2014-09-29,161.87298583984375
2014-09-30,161.4468536376953
2014-10-01,159.2589569091797
2014-10-02,159.28353881835938
2014-10-03,161.03713989257812
2014-10-06,160.8486785888672
2014-10-07,158.36572265625
2014-10-08,161.13551330566406
2014-10-09,157.93971252441406
2014-10-10,156.1368408203125
2014-10-13,153.57200622558594
2014-10-14,153.80967712402344
2014-10-15,152.76893615722656
2014-10-16,152.6378936767578
2014-10-17,154.44064331054688
2014-10-20,155.94024658203125
2014-10-21,159.029541015625
2014-10-22,157.89869689941406
2014-10-23,159.73423767089844
2014-10-24,160.96337890625
2014-10-27,160.74221801757812
2014-10-28,162.5858612060547
2014-10-29,162.34007263183594
2014-10-30,163.38079833984375
2014-10-31,165.24911499023438
2014-11-03,165.33924865722656
2014-11-04,164.76565551757812
2014-11-05,165.80628967285156
2014-11-06,166.47006225585938
2014-11-07,166.62579345703125
2014-11-10,167.15025329589844
2014-11-11,167.31411743164062
2014-11-12,167.13385009765625
2014-11-13,167.32232666015625
2014-11-14,167.36326599121094
2014-11-17,167.46981811523438
2014-11-18,168.4367218017578
2014-11-19,168.16635131835938
2014-11-20,168.4613494873047
2014-11-21,169.36270141601562
2014-11-24,169.8380126953125
2014-11-25,169.715087890625
2014-11-26,170.1493377685547
2014-11-28,169.78883361816406
2014-12-01,168.60885620117188
2014-12-02,169.69863891601562
2014-12-03,170.35426330566406
2014-12-04,170.16578674316406
2014-12-05,170.44442749023438
2014-12-08,169.30535888671875
2014-12-09,169.19065856933594
2014-12-10,166.4783172607422
2014-12-11,167.32232666015625
2014-12-12,164.61819458007812
2014-12-15,163.4872589111328
2014-12-16,162.17617797851562
2014-12-17,165.35565185546875
2014-12-18,169.44467163085938
2014-12-19,170.16558837890625
2014-12-22,170.9484100341797
2014-12-23,171.17913818359375
2014-12-24,171.195556640625
2014-12-26,171.74769592285156
2014-12-29,171.97836303710938
2014-12-30,171.0554962158203
2014-12-31,169.358154296875
2015-01-02,169.26748657226562
2015-01-05,166.21058654785156
2015-01-06,164.6450958251953
2015-01-07,166.6968231201172
2015-01-08,169.65478515625
2015-01-09,168.29519653320312
2015-01-12,166.9768829345703
2015-01-13,166.50726318359375
2015-01-14,165.5020294189453
2015-01-15,163.9859619140625
2015-01-16,166.13644409179688
2015-01-20,166.49075317382812
2015-01-21,167.33120727539062
2015-01-22,169.81959533691406
2015-01-23,168.88845825195312
2015-01-26,169.28399658203125
2015-01-27,167.05104064941406
2015-01-28,164.90870666503906
2015-01-29,166.43309020996094
2015-01-30,164.3402099609375
2015-02-02,166.3754119873047
2015-02-03,168.78138732910156
2015-02-04,168.13865661621094
2015-02-05,169.83604431152344
2015-02-06,169.36636352539062
2015-02-09,168.60841369628906
2015-02-10,170.40457153320312
2015-02-11,170.50340270996094
2015-02-12,172.14317321777344
2015-02-13,172.85179138183594
2015-02-17,173.12367248535156
2015-02-18,173.14015197753906
2015-02-19,173.0165557861328
2015-02-20,174.05477905273438
2015-02-23,174.03009033203125
2015-02-24,174.5244140625
2015-02-25,174.37612915039062
2015-02-26,174.17013549804688
2015-02-27,173.57688903808594
2015-03-02,174.6727752685547
2015-03-03,173.9558563232422
2015-03-04,173.22254943847656
2015-03-05,173.41212463378906
2015-03-06,170.97314453125
2015-03-09,171.6817169189453
2015-03-10,168.896728515625
2015-03-11,168.5012664794922
2015-03-12,170.64349365234375
2015-03-13,169.5970916748047
2015-03-16,171.863037109375
2015-03-17,171.35214233398438
2015-03-18,173.41212463378906
2015-03-19,172.62110900878906
2015-03-20,174.14476013183594
2015-03-23,173.8054656982422
2015-03-24,172.82882690429688
2015-03-25,170.29624938964844
2015-03-26,169.8907012939453
2015-03-27,170.27972412109375
2015-03-30,172.35707092285156
2015-03-31,170.85069274902344
2015-04-01,170.24652099609375
2015-04-02,170.85902404785156
2015-04-06,172.00942993164062
2015-04-07,171.55426025390625
2015-04-08,172.13357543945312
2015-04-09,172.8949737548828
2015-04-10,173.83851623535156
2015-04-13,173.05230712890625
2015-04-14,173.38330078125
2015-04-15,174.16128540039062
2015-04-16,174.11166381835938
2015-04-17,172.10873413085938
2015-04-20,173.68130493164062
2015-04-21,173.47439575195312
2015-04-22,174.3268585205078
2015-04-23,174.7655029296875
2015-04-24,175.17103576660156
2015-04-27,174.44271850585938
2015-04-28,174.99722290039062
2015-04-29,174.27716064453125
2015-04-30,172.53085327148438
2015-05-01,174.40133666992188
2015-05-04,174.89793395996094
2015-05-05,172.8949737548828
2015-05-06,172.18324279785156
2015-05-07,172.8701629638672
2015-05-08,175.1461944580078
2015-05-11,174.31024169921875
2015-05-12,173.78884887695312
2015-05-13,173.82199096679688
2015-05-14,175.63455200195312
2015-05-15,175.8249053955078
2015-05-18,176.37115478515625
2015-05-19,176.3131866455078
2015-05-20,176.18907165527344
2015-05-21,176.70220947265625
2015-05-22,176.28012084960938
2015-05-26,174.38478088378906
2015-05-27,176.04010009765625
2015-05-28,175.84146118164062
2015-05-29,174.74891662597656
2015-06-01,175.10487365722656
2015-06-02,174.9310302734375
2015-06-03,175.3944854736328
2015-06-04,173.91302490234375
2015-06-05,173.61508178710938
2015-06-08,172.54742431640625
2015-06-09,172.5225830078125
2015-06-10,174.5916748046875
2015-06-11,175.1544952392578
2015-06-12,173.8136444091797
2015-06-15,173.06878662109375
2015-06-16,174.01234436035156
2015-06-17,174.29371643066406
2015-06-18,176.10626220703125
2015-06-19,175.32455444335938
2015-06-22,176.22271728515625
2015-06-23,176.3475341796875
2015-06-24,175.0667266845703
2015-06-25,174.53443908691406
2015-06-26,174.50115966796875
2015-06-29,170.84181213378906
2015-06-30,171.19947814941406
2015-07-01,172.57162475585938
2015-07-02,172.41366577148438
2015-07-06,171.9230194091797
2015-07-07,173.00413513183594
2015-07-08,170.10162353515625
2015-07-09,170.4093475341797
2015-07-10,172.55502319335938
2015-07-13,174.45957946777344
2015-07-14,175.2163848876953
2015-07-15,175.15814208984375
2015-07-16,176.56370544433594
2015-07-17,176.71336364746094
2015-07-20,176.80490112304688
2015-07-21,176.1062774658203
2015-07-22,175.7902374267578
2015-07-23,174.80055236816406
2015-07-24,172.98753356933594
2015-07-27,171.98118591308594
2015-07-28,174.0936737060547
2015-07-29,175.291259765625
2015-07-30,175.33285522460938
2015-07-31,175.0667266845703
2015-08-03,174.4761962890625
2015-08-04,174.13522338867188
2015-08-05,174.70912170410156
2015-08-06,173.27859497070312
2015-08-07,172.94590759277344
2015-08-10,175.12493896484375
2015-08-11,173.5447540283203
2015-08-12,173.75262451171875
2015-08-13,173.5364227294922
2015-08-14,174.16856384277344
2015-08-17,175.1415252685547
2015-08-18,174.63418579101562
2015-08-19,173.253662109375
2015-08-20,169.63587951660156
2015-08-21,164.52944946289062
2015-08-24,157.6016387939453
2015-08-25,155.74700927734375
2015-08-26,161.72671508789062
2015-08-27,165.72706604003906
2015-08-28,165.73533630371094
2015-08-31,164.39637756347656
2015-09-01,159.489501953125
2015-09-02,162.5167999267578
2015-09-03,162.6332244873047
2015-09-04,160.17147827148438
2015-09-08,164.19679260253906
2015-09-09,162.00115966796875
2015-09-10,162.88275146484375
2015-09-11,163.6228790283203
2015-09-14,163.01577758789062
2015-09-15,165.0533447265625
2015-09-16,166.48390197753906
2015-09-17,166.10963439941406
2015-09-18,163.39515686035156
2015-09-21,164.23951721191406
2015-09-22,162.10768127441406
2015-09-23,161.84857177734375
2015-09-24,161.2633819580078
2015-09-25,161.2215576171875
2015-09-28,157.17529296875
2015-09-29,157.26731872558594
2015-09-30,160.2016143798828
2015-10-01,160.61968994140625
2015-10-02,163.0189208984375
2015-10-05,165.91983032226562
2015-10-06,165.351318359375
2015-10-07,166.70570373535156
2015-10-08,168.21047973632812
2015-10-09,168.310791015625
2015-10-12,168.46961975097656
2015-10-13,167.40782165527344
2015-10-14,166.60531616210938
2015-10-15,169.16348266601562
2015-10-16,169.9325714111328
2015-10-19,170.01622009277344
2015-10-20,169.79884338378906
2015-10-21,168.74546813964844
2015-10-22,171.59622192382812
2015-10-23,173.47720336914062
2015-10-26,173.0508575439453
2015-10-27,172.71649169921875
2015-10-28,174.68104553222656
2015-10-29,174.58071899414062
2015-10-30,173.828369140625
2015-11-02,175.88482666015625
2015-11-03,176.39486694335938
2015-11-04,175.85980224609375
2015-11-05,175.6842803955078
2015-11-06,175.59225463867188
2015-11-09,173.95375061035156
2015-11-10,174.35496520996094
2015-11-11,173.6695098876953
2015-11-12,171.24514770507812
2015-11-13,169.32229614257812
2015-11-16,171.89723205566406
2015-11-17,171.77178955078125
2015-11-18,174.49716186523438
2015-11-19,174.3466339111328
2015-11-20,174.98194885253906
2015-11-23,174.78134155273438
2015-11-24,175.01547241210938
2015-11-25,174.99037170410156
2015-11-27,175.19100952148438
2015-11-30,174.4636993408203
2015-12-01,176.1272735595703
2015-12-02,174.3299102783203
2015-12-03,171.88882446289062
2015-12-04,175.24118041992188
2015-12-07,174.17942810058594
2015-12-08,173.009033203125
2015-12-09,171.66307067871094
2015-12-10,172.106201171875
2015-12-11,168.7705535888672
2015-12-14,169.623291015625
2015-12-15,171.40390014648438
2015-12-16,173.9119110107422
2015-12-17,171.2618408203125
2015-12-18,168.21080017089844
2015-12-21,169.59841918945312
2015-12-22,171.13739013671875
2015-12-23,173.25657653808594
2015-12-24,172.9706573486328
2015-12-28,172.57542419433594
2015-12-29,174.41712951660156
2015-12-30,173.180908203125
2015-12-31,171.44850158691406
2016-01-04,169.05174255371094
2016-01-05,169.33770751953125
2016-01-06,167.20164489746094
2016-01-07,163.190185546875
2016-01-08,161.3989715576172
2016-01-11,161.55873107910156
2016-01-12,162.8622283935547
2016-01-13,158.80035400390625
2016-01-14,161.40728759765625
2016-01-15,157.9425506591797
2016-01-19,158.1527557373047
2016-01-20,156.1260528564453
2016-01-21,157.00067138671875
2016-01-22,160.22158813476562
2016-01-25,157.7996063232422
2016-01-26,159.9524383544922
2016-01-27,158.211669921875
2016-01-28,159.03578186035156
2016-01-29,162.9126434326172
2016-02-01,162.8538055419922
2016-02-02,159.91883850097656
2016-02-03,160.8775177001953
2016-02-04,161.12986755371094
2016-02-05,158.06028747558594
2016-02-08,155.9326171875
2016-02-09,155.94102478027344
2016-02-10,155.8064727783203
2016-02-11,153.77978515625
2016-02-12,156.9501953125
2016-02-16,159.5991973876953
2016-02-17,162.20631408691406
2016-02-18,161.54190063476562
2016-02-19,161.46621704101562
2016-02-22,163.80410766601562
2016-02-23,161.73532104492188
2016-02-24,162.47537231445312
2016-02-25,164.44325256347656
2016-02-26,164.06484985351562
2016-02-29,162.77816772460938
2016-03-01,166.6044921875
2016-03-02,167.35305786132812
2016-03-03,168.00894165039062
2016-03-04,168.55557250976562
2016-03-07,168.6901092529297
2016-03-08,166.84841918945312
2016-03-09,167.67262268066406
2016-03-10,167.80711364746094
2016-03-11,170.51510620117188
2016-03-14,170.29640197753906
2016-03-15,170.0188446044922
2016-03-16,171.00277709960938
2016-03-17,172.0876922607422
2016-03-18,172.76394653320312
2016-03-21,173.00906372070312
2016-03-22,172.91607666015625
2016-03-23,171.77493286132812
2016-03-24,171.6988525390625
2016-03-28,171.80027770996094
2016-03-29,173.389404296875
2016-03-30,174.1501922607422
2016-03-31,173.72752380371094
2016-04-01,174.9110107421875
2016-04-04,174.34463500976562
2016-04-05,172.60325622558594
2016-04-06,174.4883575439453
2016-04-07,172.40042114257812
2016-04-08,172.8653564453125
2016-04-11,172.45962524414062
2016-04-12,174.06565856933594
2016-04-13,175.82391357421875
2016-04-14,175.83233642578125
2016-04-15,175.63800048828125
2016-04-18,176.87213134765625
2016-04-19,177.4300079345703
2016-04-20,177.59902954101562
2016-04-21,176.64381408691406
2016-04-22,176.64381408691406
2016-04-25,176.339599609375
2016-04-26,176.60159301757812
2016-04-27,176.96510314941406
2016-04-28,175.3589630126953
2016-04-29,174.4122772216797
2016-05-02,175.7985382080078
2016-05-03,174.26853942871094
2016-05-04,173.2964324951172
2016-05-05,173.2626190185547
2016-05-06,173.89657592773438
2016-05-09,174.04039001464844
2016-05-10,176.20433044433594
2016-05-11,174.5559844970703
2016-05-12,174.606689453125
2016-05-13,173.08514404296875
2016-05-16,174.7926483154297
2016-05-17,173.1612091064453
2016-05-18,173.2119140625
2016-05-19,172.61170959472656
2016-05-20,173.70220947265625
2016-05-23,173.46551513671875
2016-05-24,175.7140350341797
2016-05-25,176.90586853027344
2016-05-26,176.95663452148438
2016-05-27,177.7174072265625
2016-05-31,177.3792266845703
2016-06-01,177.74281311035156
2016-06-02,178.28375244140625
2016-06-03,177.75123596191406
2016-06-06,178.65570068359375
2016-06-07,178.93463134765625
2016-06-08,179.51785278320312
2016-06-09,179.2727508544922
2016-06-10,177.57371520996094
2016-06-13,176.20433044433594
2016-06-14,175.8577117919922
2016-06-15,175.6125946044922
2016-06-16,176.13668823242188
2016-06-17,175.48072814941406
2016-06-20,176.61083984375
2016-06-21,177.11216735839844
2016-06-22,176.82325744628906
2016-06-23,179.12591552734375
2016-06-24,172.6936798095703
2016-06-27,169.60076904296875
2016-06-28,172.6597137451172
2016-06-29,175.59967041015625
2016-06-30,177.99581909179688
2016-07-01,178.36973571777344
2016-07-05,177.086669921875
2016-07-06,178.1487579345703
2016-07-07,178.03836059570312
2016-07-08,180.68936157226562
2016-07-11,181.32667541503906
2016-07-12,182.6437225341797
2016-07-13,182.6182403564453
2016-07-14,183.63790893554688
2016-07-15,183.39144897460938
2016-07-18,183.88429260253906
2016-07-19,183.69732666015625
2016-07-20,184.46209716796875
2016-07-21,183.76535034179688
2016-07-22,184.5895233154297
2016-07-25,184.0882110595703
2016-07-26,184.17315673828125
2016-07-27,183.97776794433594
2016-07-28,184.19015502929688
2016-07-29,184.48751831054688
2016-08-01,184.33465576171875
2016-08-02,183.153564453125
2016-08-03,183.68882751464844
2016-08-04,183.88429260253906
2016-08-05,185.3882598876953
2016-08-08,185.27780151367188
2016-08-09,185.3882598876953
2016-08-10,184.92941284179688
2016-08-11,185.78758239746094
2016-08-12,185.62615966796875
2016-08-15,186.16151428222656
2016-08-16,185.20132446289062
2016-08-17,185.5496826171875
2016-08-18,185.96607971191406
2016-08-19,185.69415283203125
2016-08-22,185.6856689453125
2016-08-23,186.05953979492188
2016-08-24,185.10787963867188
2016-08-25,184.9804229736328
2016-08-26,184.6320037841797
2016-08-29,185.54119873046875
2016-08-30,185.2352752685547
2016-08-31,184.70848083496094
2016-09-01,184.71701049804688
2016-09-02,185.5496826171875
2016-09-06,186.1105194091797
2016-09-07,186.09349060058594
2016-09-08,185.66860961914062
2016-09-09,181.22470092773438
2016-09-12,183.8248291015625
2016-09-13,181.18222045898438
2016-09-14,181.11427307128906
2016-09-15,182.92408752441406
2016-09-16,182.2169952392578
2016-09-19,182.25115966796875
2016-09-20,182.25965881347656
2016-09-21,184.30931091308594
2016-09-22,185.47073364257812
2016-09-23,184.4544677734375
2016-09-26,182.95999145507812
2016-09-27,184.09579467773438
2016-09-28,185.0095672607422
2016-09-29,183.33572387695312
2016-09-30,184.7191925048828
2016-10-03,184.27508544921875
2016-10-04,183.33572387695312
2016-10-05,184.14703369140625
2016-10-06,184.27508544921875
2016-10-07,183.64317321777344
2016-10-10,184.59967041015625
2016-10-11,182.26824951171875
2016-10-12,182.50733947753906
2016-10-13,181.9095458984375
2016-10-14,182.0034942626953
2016-10-17,181.3715362548828
2016-10-18,182.50733947753906
2016-10-19,182.994140625
2016-10-20,182.65257263183594
2016-10-21,182.7379150390625
2016-10-24,183.5150604248047
2016-10-25,182.9001922607422
2016-10-26,182.53298950195312
2016-10-27,182.0462188720703
2016-10-28,181.50819396972656
2016-10-31,181.51675415039062
2016-11-01,180.20156860351562
2016-11-02,179.1170196533203
2016-11-03,178.29718017578125
2016-11-04,178.10073852539062
2016-11-07,182.02908325195312
2016-11-08,182.8489532470703
2016-11-09,184.78750610351562
2016-11-10,185.24871826171875
2016-11-11,184.82164001464844
2016-11-14,184.96681213378906
2016-11-15,186.41014099121094
2016-11-16,186.0599822998047
2016-11-17,187.01646423339844
2016-11-18,186.5980224609375
2016-11-21,188.00704956054688
2016-11-22,188.3743133544922
2016-11-23,188.47677612304688
2016-11-25,189.17709350585938
2016-11-28,188.28890991210938
2016-11-29,188.65614318847656
2016-11-30,188.2035369873047
2016-12-01,187.5117645263672
2016-12-02,187.6056671142578
2016-12-05,188.73300170898438
2016-12-06,189.330810546875
2016-12-07,191.80731201171875
2016-12-08,192.2770538330078
2016-12-09,193.43849182128906
2016-12-12,193.21646118164062
2016-12-13,194.5059814453125
2016-12-14,192.9004669189453
2016-12-15,193.69468688964844
2016-12-16,193.3158721923828
2016-12-19,193.73681640625
2016-12-20,194.48416137695312
2016-12-21,193.9429473876953
2016-12-22,193.60791015625
2016-12-23,193.89141845703125
2016-12-27,194.3724365234375
2016-12-28,192.76608276367188
2016-12-29,192.72323608398438
2016-12-30,192.0187225341797
2017-01-03,193.48773193359375
2017-01-04,194.63876342773438
2017-01-05,194.48416137695312
2017-01-06,195.179931640625
2017-01-09,194.53570556640625
2017-01-10,194.53570556640625
2017-01-11,195.08544921875
2017-01-12,194.59584045410156
2017-01-13,195.0425262451172
2017-01-17,194.35531616210938
2017-01-18,194.78477478027344
2017-01-19,194.06326293945312
2017-01-20,194.77621459960938
2017-01-23,194.26939392089844
2017-01-24,195.5149688720703
2017-01-25,197.20730590820312
2017-01-26,197.00106811523438
2017-01-27,196.69186401367188
2017-01-30,195.47203063964844
2017-01-31,195.45486450195312
2017-02-01,195.53213500976562
2017-02-02,195.66110229492188
2017-02-03,197.00970458984375
2017-02-06,196.65745544433594
2017-02-07,196.6660919189453
2017-02-08,196.92381286621094
2017-02-09,198.09207153320312
2017-02-10,198.8738250732422
2017-02-13,199.95620727539062
2017-02-14,200.75506591796875
2017-02-15,201.80311584472656
2017-02-16,201.63125610351562
2017-02-17,201.94912719726562
2017-02-21,203.15176391601562
2017-02-22,202.97132873535156
2017-02-23,203.1088409423828
2017-02-24,203.3665008544922
2017-02-27,203.6844024658203
2017-02-28,203.13455200195312
2017-03-01,205.9779510498047
2017-03-02,204.68081665039062
2017-03-03,204.8096923828125
2017-03-06,204.1997528076172
2017-03-07,203.58982849121094
2017-03-08,203.21188354492188
2017-03-09,203.4696044921875
2017-03-10,204.18255615234375
2017-03-13,204.28565979003906
2017-03-14,203.5039520263672
2017-03-15,205.2649383544922
2017-03-16,204.8612060546875
2017-03-17,204.50148010253906
2017-03-20,204.277099609375
2017-03-21,201.65423583984375
2017-03-22,202.12881469726562
2017-03-23,201.91314697265625
2017-03-24,201.7665252685547
2017-03-27,201.55938720703125
2017-03-28,203.026123046875
2017-03-29,203.21595764160156
2017-03-30,203.86300659179688
2017-03-31,203.38845825195312
2017-04-03,203.03477478027344
2017-04-04,203.1641387939453
2017-04-05,202.56021118164062
2017-04-06,203.1296844482422
2017-04-07,202.9225616455078
2017-04-10,203.04339599609375
2017-04-11,202.8017578125
2017-04-12,201.91314697265625
2017-04-13,200.60171508789062
2017-04-17,202.37904357910156
2017-04-18,201.7751007080078
2017-04-19,201.40411376953125
2017-04-20,203.04339599609375
2017-04-21,202.39633178710938
2017-04-24,204.6222686767578
2017-04-25,205.81285095214844
2017-04-26,205.6834259033203
2017-04-27,205.85597229003906
2017-04-28,205.40737915039062
2017-05-01,205.92501831054688
2017-05-02,206.00271606445312
2017-05-03,205.75241088867188
2017-05-04,205.99403381347656
2017-05-05,206.80503845214844
2017-05-08,206.77059936523438
2017-05-09,206.58065795898438
2017-05-10,206.9517364501953
2017-05-11,206.52894592285156
2017-05-12,206.18385314941406
2017-05-15,207.32269287109375
2017-05-16,207.13290405273438
2017-05-17,203.45753479003906
2017-05-18,204.277099609375
2017-05-19,205.6057891845703
2017-05-22,206.64974975585938
2017-05-23,207.1069793701172
2017-05-24,207.59011840820312
2017-05-25,208.58230590820312
2017-05-26,208.5392303466797
2017-05-30,208.35801696777344
2017-05-31,208.30624389648438
2017-06-01,209.9627227783203
2017-06-02,210.6615753173828
2017-06-05,210.50628662109375
2017-06-06,209.83334350585938
2017-06-07,210.22158813476562
2017-06-08,210.3251190185547
2017-06-09,210.0059051513672
2017-06-12,209.9627227783203
2017-06-13,210.98944091796875
2017-06-14,210.7220001220703
2017-06-15,210.31654357910156
2017-06-16,210.3624267578125
2017-06-19,212.1137237548828
2017-06-20,210.68324279785156
2017-06-21,210.63124084472656
2017-06-22,210.53578186035156
2017-06-23,210.7872314453125
2017-06-26,210.92593383789062
2017-06-27,209.22671508789062
2017-06-28,211.09934997558594
2017-06-29,209.2440643310547
2017-06-30,209.63421630859375
2017-07-03,209.98963928222656
2017-07-05,210.4751434326172
2017-07-06,208.5504913330078
2017-07-07,209.90296936035156
2017-07-10,210.12835693359375
2017-07-11,209.97230529785156
2017-07-12,211.5501708984375
2017-07-13,211.90567016601562
2017-07-14,212.89404296875
2017-07-17,212.8679656982422
2017-07-18,212.98072814941406
2017-07-19,214.13375854492188
2017-07-20,214.22909545898438
2017-07-21,214.03843688964844
2017-07-24,213.98638916015625
2017-07-25,214.506591796875
2017-07-26,214.51527404785156
2017-07-27,214.31582641601562
2017-07-28,214.06439208984375
2017-07-31,213.94305419921875
2017-08-01,214.4198455810547
2017-08-02,214.52391052246094
2017-08-03,214.10780334472656
2017-08-04,214.49786376953125
2017-08-07,214.896728515625
2017-08-08,214.3678741455078
2017-08-09,214.35919189453125
2017-08-10,211.3334503173828
2017-08-11,211.6455078125
2017-08-14,213.7436065673828
2017-08-15,213.71763610839844
2017-08-16,214.0903778076172
2017-08-17,210.75262451171875
2017-08-18,210.4231414794922
2017-08-21,210.5878448486328
2017-08-22,212.78997802734375
2017-08-23,212.027099609375
2017-08-24,211.5328826904297
2017-08-25,212.027099609375
2017-08-28,212.0357208251953
2017-08-29,212.2784881591797
2017-08-30,213.28414916992188
2017-08-31,214.56729125976562
2017-09-01,214.8707275390625
2017-09-05,213.32748413085938
2017-09-06,214.05575561523438
2017-09-07,214.02967834472656
2017-09-08,213.77830505371094
2017-09-11,216.05848693847656
2017-09-12,216.78668212890625
2017-09-13,216.89073181152344
2017-09-14,216.82139587402344
2017-09-15,217.1132354736328
2017-09-18,217.5750732421875
2017-09-19,217.79286193847656
2017-09-20,217.87127685546875
2017-09-21,217.2875518798828
2017-09-22,217.33108520507812
2017-09-25,216.88670349121094
2017-09-26,217.0174102783203
2017-09-27,217.86256408691406
2017-09-28,218.12393188476562
2017-09-29,218.8906707763672
2017-10-02,219.8404083251953
2017-10-03,220.31085205078125
2017-10-04,220.57228088378906
2017-10-05,221.879150390625
2017-10-06,221.62648010253906
2017-10-09,221.2605743408203
2017-10-10,221.84429931640625
2017-10-11,222.1928253173828
2017-10-12,221.86172485351562
2017-10-13,222.1318359375
2017-10-16,222.42799377441406
2017-10-17,222.58489990234375
2017-10-18,222.802734375
2017-10-19,222.8637237548828
2017-10-20,224.01382446289062
2017-10-23,223.14248657226562
2017-10-24,223.53457641601562
2017-10-25,222.42799377441406
2017-10-26,222.71559143066406
2017-10-27,224.53652954101562
2017-10-30,223.70013427734375
2017-10-31,224.04859924316406
2017-11-01,224.3448944091797
2017-11-02,224.4320068359375
2017-11-03,225.18136596679688
2017-11-06,225.52976989746094
2017-11-07,225.3729705810547
2017-11-08,225.75633239746094
2017-11-09,224.93736267089844
2017-11-10,224.86767578125
2017-11-13,225.0767364501953
2017-11-14,224.5540313720703
2017-11-15,223.43003845214844
2017-11-16,225.3293914794922
2017-11-17,224.66720581054688
2017-11-20,225.05056762695312
2017-11-21,226.52304077148438
2017-11-22,226.32264709472656
2017-11-24,226.8453826904297
2017-11-27,226.7321014404297
2017-11-28,229.03228759765625
2017-11-29,228.89288330078125
2017-11-30,230.89682006835938
2017-12-01,230.4176788330078
2017-12-04,230.13888549804688
2017-12-05,229.31112670898438
2017-12-06,229.35475158691406
2017-12-07,230.077880859375
2017-12-08,231.33253479003906
2017-12-11,232.02952575683594
2017-12-12,232.4390411376953
2017-12-13,232.41285705566406
2017-12-14,231.46322631835938
2017-12-15,233.3907012939453
2017-12-18,234.8707275390625
2017-12-19,233.96868896484375
2017-12-20,233.84609985351562
2017-12-21,234.32769775390625
2017-12-22,234.26638793945312
2017-12-26,233.98609924316406
2017-12-27,234.09999084472656
2017-12-28,234.58164978027344
2017-12-29,233.69715881347656
2018-01-02,235.36981201171875
2018-01-03,236.85850524902344
2018-01-04,237.8568878173828
2018-01-05,239.4420166015625
2018-01-08,239.8798065185547
2018-01-09,240.4228515625
2018-01-10,240.05494689941406
2018-01-11,241.8064727783203
2018-01-12,243.38272094726562
2018-01-16,242.55084228515625
2018-01-17,244.86270141601562
2018-01-18,244.45115661621094
2018-01-19,245.56336975097656
2018-01-22,247.55999755859375
2018-01-23,248.0854034423828
2018-01-24,247.9890899658203
2018-01-25,248.09414672851562
2018-01-26,250.96656799316406
2018-01-29,249.30258178710938
2018-01-30,246.74549865722656
2018-01-31,246.86813354492188
2018-02-01,246.5879364013672
2018-02-02,241.2196807861328
2018-02-05,231.1313018798828
2018-02-06,235.6851043701172
2018-02-07,234.40650939941406
2018-02-08,225.61422729492188
2018-02-09,229.00331115722656
2018-02-12,232.36611938476562
2018-02-13,232.9440155029297
2018-02-14,236.08798217773438
2018-02-15,239.1004180908203
2018-02-16,239.17044067382812
2018-02-20,237.6729278564453
2018-02-21,236.49073791503906
2018-02-22,236.79722595214844
2018-02-23,240.57168579101562
2018-02-26,243.36521911621094
2018-02-27,240.3264617919922
2018-02-28,237.89195251464844
2018-03-01,234.43276977539062
2018-03-02,235.64125061035156
2018-03-05,238.36480712890625
2018-03-06,238.9690399169922
2018-03-07,238.88150024414062
2018-03-08,240.0374298095703
2018-03-09,244.21470642089844
2018-03-12,243.90817260742188
2018-03-13,242.33184814453125
2018-03-14,241.08828735351562
2018-03-15,240.82569885253906
2018-03-16,241.08677673339844
2018-03-19,237.82481384277344
2018-03-20,238.2291717529297
2018-03-21,237.77203369140625
2018-03-22,231.8284912109375
2018-03-23,226.88706970214844
2018-03-26,233.094482421875
2018-03-27,229.12911987304688
2018-03-28,228.4521026611328
2018-03-29,231.37118530273438
2018-04-02,226.37710571289062
2018-04-03,229.27859497070312
2018-04-04,231.7316131591797
2018-04-05,233.56048583984375
2018-04-06,228.35540771484375
2018-04-09,229.48081970214844
2018-04-10,233.12966918945312
2018-04-11,231.9075469970703
2018-04-12,233.8154296875
2018-04-13,233.12966918945312
2018-04-16,235.04637145996094
2018-04-17,237.56103515625
2018-04-18,237.73684692382812
2018-04-19,236.4180145263672
2018-04-20,234.41334533691406
2018-04-23,234.37818908691406
2018-04-24,231.2217559814453
2018-04-25,231.79318237304688
2018-04-26,234.1496124267578
2018-04-27,234.36935424804688
2018-04-30,232.56695556640625
2018-05-01,232.980224609375
2018-05-02,231.4152069091797
2018-05-03,230.90518188476562
2018-05-04,233.89456176757812
2018-05-07,234.68592834472656
2018-05-08,234.68592834472656
2018-05-09,236.95431518554688
2018-05-10,239.16993713378906
2018-05-11,239.89987182617188
2018-05-14,240.0141143798828
2018-05-15,238.36117553710938
2018-05-16,239.3634490966797
2018-05-17,239.16122436523438
2018-05-18,238.5634002685547
2018-05-21,240.35696411132812
2018-05-22,239.6888427734375
2018-05-23,240.34815979003906
2018-05-24,239.8557586669922
2018-05-25,239.28436279296875
2018-05-29,236.53228759765625
2018-05-30,239.6888427734375
2018-05-31,238.22042846679688
2018-06-01,240.5592498779297
2018-06-04,241.7021942138672
2018-06-05,241.87808227539062
2018-06-06,243.9003143310547
2018-06-07,243.87393188476562
2018-06-08,244.59498596191406
2018-06-11,244.9202880859375
2018-06-12,245.23683166503906
2018-06-13,244.45425415039062
2018-06-14,245.06968688964844
2018-06-15,244.75709533691406
2018-06-18,244.253662109375
2018-06-19,243.31741333007812
2018-06-20,243.73252868652344
2018-06-21,242.20462036132812
2018-06-22,242.64622497558594
2018-06-25,239.34310913085938
2018-06-26,239.87306213378906
2018-06-27,237.88589477539062
2018-06-28,239.2459716796875
2018-06-29,239.5904541015625
2018-07-02,240.10264587402344
2018-07-03,239.2548065185547
2018-07-05,241.20672607421875
2018-07-06,243.2467498779297
2018-07-09,245.4370880126953
2018-07-10,246.32028198242188
2018-07-11,244.51853942871094
2018-07-12,246.73536682128906
2018-07-13,246.92970275878906
2018-07-16,246.7089080810547
2018-07-17,247.70689392089844
2018-07-18,248.2279815673828
2018-07-19,247.291748046875
2018-07-20,247.00917053222656
2018-07-23,247.4683837890625
2018-07-24,248.71372985839844
2018-07-25,250.8333740234375
2018-07-26,250.24159240722656
2018-07-27,248.54591369628906
2018-07-30,247.24766540527344
2018-07-31,248.4663543701172
2018-08-01,248.05126953125
2018-08-02,249.4026641845703
2018-08-03,250.47128295898438
2018-08-06,251.3897705078125
2018-08-07,252.2200164794922
2018-08-08,252.11399841308594
2018-08-09,251.76947021484375
2018-08-10,250.0827178955078
2018-08-13,249.14646911621094
2018-08-14,250.73619079589844
2018-08-15,248.8638458251953
2018-08-16,250.8775177001953
2018-08-17,251.76071166992188
2018-08-20,252.29945373535156
2018-08-21,252.89129638671875
2018-08-22,252.74107360839844
2018-08-23,252.40542602539062
2018-08-24,253.9245147705078
2018-08-27,255.929443359375
2018-08-28,256.0530090332031
2018-08-29,257.43072509765625
2018-08-30,256.3885803222656
2018-08-31,256.3974304199219
2018-09-04,255.95587158203125
2018-09-05,255.266845703125
2018-09-06,254.4985809326172
2018-09-07,254.0040740966797
2018-09-10,254.44558715820312
2018-09-11,255.2845916748047
2018-09-12,255.3463897705078
2018-09-13,256.8566589355469
2018-09-14,256.90087890625
2018-09-17,255.54078674316406
2018-09-18,256.92730712890625
2018-09-19,257.2010803222656
2018-09-20,259.2854919433594
2018-09-21,259.0484313964844
2018-09-24,258.18798828125
2018-09-25,257.94854736328125
2018-09-26,257.1766357421875
2018-09-27,257.89532470703125
2018-09-28,257.92181396484375
2018-10-01,258.81787109375
2018-10-02,258.6670227050781
2018-10-03,258.80902099609375
2018-10-04,256.7862243652344
2018-10-05,255.34902954101562
2018-10-08,255.34902954101562
2018-10-09,254.97642517089844
2018-10-10,246.90304565429688
2018-10-11,241.4645538330078
2018-10-12,244.8181610107422
2018-10-15,243.44300842285156
2018-10-16,248.76614379882812
2018-10-17,248.8104705810547
2018-10-18,245.2173614501953
2018-10-19,245.0843048095703
2018-10-22,243.9841766357422
2018-10-23,242.7421875
2018-10-24,235.38734436035156
2018-10-25,239.61041259765625
2018-10-26,235.3961944580078
2018-10-29,234.09210205078125
2018-10-30,237.56103515625
2018-10-31,240.09832763671875
2018-11-01,242.6534881591797
2018-11-02,241.21620178222656
2018-11-05,242.54698181152344
2018-11-06,244.0818328857422
2018-11-07,249.30731201171875
2018-11-08,248.8547821044922
2018-11-09,246.42391967773438
2018-11-12,241.81947326660156
2018-11-13,241.3670196533203
2018-11-14,239.7169189453125
2018-11-15,242.21868896484375
2018-11-16,242.84860229492188
2018-11-19,238.74093627929688
2018-11-20,234.3227996826172
2018-11-21,235.1212158203125
2018-11-23,233.5509490966797
2018-11-26,237.3214874267578
2018-11-27,238.11985778808594
2018-11-28,243.6026611328125
2018-11-29,243.07034301757812
2018-11-30,244.55203247070312
2018-12-03,247.79026794433594
2018-12-04,239.76123046875
2018-12-06,239.3974609375
2018-12-07,233.8348846435547
2018-12-10,234.2783966064453
2018-12-11,234.3316650390625
2018-12-12,235.51158142089844
2018-12-13,235.4317169189453
2018-12-14,231.08456420898438
2018-12-17,226.55108642578125
2018-12-18,226.30264282226562
2018-12-19,222.9136199951172
2018-12-20,219.2849884033203
2018-12-21,214.79196166992188
2018-12-24,209.11656188964844
2018-12-26,219.68212890625
2018-12-27,221.3686981201172
2018-12-28,221.08314514160156
2018-12-31,223.01956176757812
2019-01-02,223.25157165527344
2019-01-03,217.9241485595703
2019-01-04,225.22369384765625
2019-01-07,226.99949645996094
2019-01-08,229.1322479248047
2019-01-09,230.20315551757812
2019-01-10,231.01513671875
2019-01-11,231.1043701171875
2019-01-14,229.69442749023438
2019-01-15,232.32696533203125
2019-01-16,232.8891143798828
2019-01-17,234.65597534179688
2019-01-18,237.77923583984375
2019-01-22,234.56668090820312
2019-01-23,235.0575408935547
2019-01-24,235.1824493408203
2019-01-25,237.1724090576172
2019-01-28,235.36985778808594
2019-01-29,235.0575408935547
2019-01-30,238.77865600585938
2019-01-31,240.87576293945312
2019-02-01,240.9917449951172
2019-02-04,242.68727111816406
2019-02-05,243.7046356201172
2019-02-06,243.3833465576172
2019-02-07,241.06320190429688
2019-02-08,241.35760498046875
2019-02-11,241.49151611328125
2019-02-12,244.5968780517578
2019-02-13,245.39117431640625
2019-02-14,244.84677124023438
2019-02-15,247.51498413085938
2019-02-19,247.94329833984375
2019-02-20,248.44302368164062
2019-02-21,247.55953979492188
2019-02-22,249.0944366455078
2019-02-25,249.43353271484375
2019-02-26,249.25503540039062
2019-02-27,249.14796447753906
2019-02-28,248.68397521972656
2019-03-01,250.23663330078125
2019-03-04,249.3264617919922
2019-03-05,248.9873504638672
2019-03-06,247.47923278808594
2019-03-07,245.40895080566406
2019-03-08,244.9180450439453
2019-03-11,248.46978759765625
2019-03-12,249.40679931640625
2019-03-13,251.05763244628906
2019-03-14,250.89697265625
2019-03-15,252.13662719726562
2019-03-18,253.05084228515625
2019-03-19,253.11354064941406
2019-03-20,252.35165405273438
2019-03-21,255.2018585205078
2019-03-22,250.29019165039062
2019-03-25,250.1020050048828
2019-03-26,251.96633911132812
2019-03-27,250.64874267578125
2019-03-28,251.5987548828125
2019-03-29,253.1852264404297
2019-04-01,256.1878356933594
2019-04-02,256.3133239746094
2019-04-03,256.7166442871094
2019-04-04,257.3978271484375
2019-04-05,258.6436462402344
2019-04-08,258.84088134765625
2019-04-09,257.514404296875
2019-04-10,258.39263916015625
2019-04-11,258.32098388671875
2019-04-12,260.0687255859375
2019-04-15,259.8984680175781
2019-04-16,260.0687255859375
2019-04-17,259.4324645996094
2019-04-18,259.94329833984375
2019-04-22,260.1673889160156
2019-04-23,262.5067138671875
2019-04-24,261.92425537109375
2019-04-25,261.76275634765625
2019-04-26,262.98175048828125
2019-04-29,263.39404296875
2019-04-30,263.52850341796875
2019-05-01,261.547607421875
2019-05-02,260.9830322265625
2019-05-03,263.5374450683594
2019-05-06,262.4529113769531
2019-05-07,258.0700378417969
2019-05-08,257.7115478515625
2019-05-09,256.9317626953125
2019-05-10,258.2225036621094
2019-05-13,251.73321533203125
2019-05-14,254.00982666015625
2019-05-15,255.4977569580078
2019-05-16,257.8638916015625
2019-05-17,256.19683837890625
2019-05-20,254.50279235839844
2019-05-21,256.7973937988281
2019-05-22,256.008544921875
2019-05-23,252.880615234375
2019-05-24,253.45420837402344
2019-05-28,251.0968475341797
2019-05-29,249.411865234375
2019-05-30,250.0930633544922
2019-05-31,246.7229461669922
2019-06-03,246.0955352783203
2019-06-04,251.43746948242188
2019-06-05,253.61541748046875
2019-06-06,255.2646484375
2019-06-07,257.81903076171875
2019-06-10,259.0022277832031
2019-06-11,258.939453125
2019-06-12,258.4823303222656
2019-06-13,259.5489501953125
2019-06-14,259.26214599609375
2019-06-17,259.3607177734375
2019-06-18,262.07647705078125
2019-06-19,262.66802978515625
2019-06-20,265.1776428222656
2019-06-21,264.79217529296875
2019-06-24,264.4679260253906
2019-06-25,261.8741455078125
2019-06-26,261.6129150390625
2019-06-27,262.54052734375
2019-06-28,263.89154052734375
2019-07-01,266.2872009277344
2019-07-02,266.98077392578125
2019-07-03,269.1153259277344
2019-07-05,268.80908203125
2019-07-08,267.33203125
2019-07-09,267.665283203125
2019-07-10,268.9442138671875
2019-07-11,269.57470703125
2019-07-12,270.7816162109375
2019-07-15,270.8716735839844
2019-07-16,269.99798583984375
2019-07-17,268.1606750488281
2019-07-18,269.1422424316406
2019-07-19,267.6472473144531
2019-07-22,268.3047180175781
2019-07-23,270.22320556640625
2019-07-24,271.4930419921875
2019-07-25,270.1961364746094
2019-07-26,272.0065002441406
2019-07-29,271.5111083984375
2019-07-30,270.8445739746094
2019-07-31,267.8814392089844
2019-08-01,265.54876708984375
2019-08-02,263.5492858886719
2019-08-05,255.62359619140625
2019-08-06,259.2080383300781
2019-08-07,259.3612060546875
2019-08-08,264.4499206542969
2019-08-09,262.64862060546875
2019-08-12,259.4512939453125
2019-08-13,263.4862976074219
2019-08-14,255.69552612304688
2019-08-15,256.37109375
2019-08-16,260.15386962890625
2019-08-19,263.2880859375
2019-08-20,261.2706604003906
2019-08-21,263.3962707519531
2019-08-22,263.3151550292969
2019-08-23,256.55126953125
2019-08-26,259.3882751464844
2019-08-27,258.3705749511719
2019-08-28,260.1899108886719
2019-08-29,263.51318359375
2019-08-30,263.3962707519531
2019-09-03,261.8560485839844
2019-09-04,264.8282165527344
2019-09-05,268.2326965332031
2019-09-06,268.43988037109375
2019-09-09,268.574951171875
2019-09-10,268.5118408203125
2019-09-11,270.4212341308594
2019-09-12,271.3580322265625
2019-09-13,271.1778259277344
2019-09-16,270.34027099609375
2019-09-17,271.0247802734375
2019-09-18,271.1868591308594
2019-09-19,271.16876220703125
2019-09-20,269.8875427246094
2019-09-23,269.82427978515625
2019-09-24,267.7069396972656
2019-09-25,269.29046630859375
2019-09-26,268.72955322265625
2019-09-27,267.28167724609375
2019-09-30,268.5213928222656
2019-10-01,265.3273010253906
2019-10-02,260.640380859375
2019-10-03,262.7757568359375
2019-10-04,266.3316955566406
2019-10-07,265.1825866699219
2019-10-08,261.0657043457031
2019-10-09,263.54486083984375
2019-10-10,265.3273010253906
2019-10-11,268.07794189453125
2019-10-14,267.77935791015625
2019-10-15,270.43048095703125
2019-10-16,269.99615478515625
2019-10-17,270.79241943359375
2019-10-18,269.6070861816406
2019-10-21,271.4348449707031
2019-10-22,270.5481262207031
2019-10-23,271.3352966308594
2019-10-24,271.7786560058594
2019-10-25,272.8915710449219
2019-10-28,274.4297790527344
2019-10-29,274.3482971191406
2019-10-30,275.1898193359375
2019-10-31,274.4569396972656
2019-11-01,276.9994812011719
2019-11-04,278.11236572265625
2019-11-05,277.8047180175781
2019-11-06,277.8680114746094
2019-11-07,278.84521484375
2019-11-08,279.53289794921875
2019-11-11,278.99908447265625
2019-11-12,279.5871887207031
2019-11-13,279.67767333984375
2019-11-14,280.08489990234375
2019-11-15,282.1116943359375
2019-11-18,282.3197021484375
2019-11-19,282.2382507324219
2019-11-20,281.1886901855469
2019-11-21,280.7363586425781
2019-11-22,281.3606872558594
2019-11-25,283.5412292480469
2019-11-26,284.1836242675781
2019-11-27,285.45037841796875
2019-11-29,284.3916931152344
2019-12-02,281.9759216308594
2019-12-03,280.08489990234375
2019-12-04,281.81298828125
2019-12-05,282.3197021484375
2019-12-06,284.8984069824219
2019-12-09,284.00262451171875
2019-12-10,283.68597412109375
2019-12-11,284.4913635253906
2019-12-12,286.94329833984375
2019-12-13,287.1152648925781
2019-12-16,289.08770751953125
2019-12-17,289.151123046875
2019-12-18,289.1691589355469
2019-12-19,290.3544616699219
2019-12-20,291.62744140625
2019-12-23,292.0729064941406
2019-12-24,292.0820007324219
2019-12-26,293.6368713378906
2019-12-27,293.56414794921875
2019-12-30,291.94561767578125
2019-12-31,292.6548767089844
2020-01-02,295.3918151855469
2020-01-03,293.1550598144531
2020-01-06,294.27337646484375
2020-01-07,293.446044921875
2020-01-08,295.0098876953125
2020-01-09,297.01019287109375
2020-01-10,296.1555480957031
2020-01-13,298.1922302246094
2020-01-14,297.7377014160156
2020-01-15,298.4105224609375
2020-01-16,300.892822265625
2020-01-17,301.829345703125
2020-01-21,301.2383117675781
2020-01-22,301.2746887207031
2020-01-23,301.6202087402344
2020-01-24,298.9378967285156
2020-01-27,294.1460266113281
2020-01-28,297.2283630371094
2020-01-29,296.98297119140625
2020-01-30,297.94683837890625
2020-01-31,292.5367126464844
2020-02-03,294.7098388671875
2020-02-04,299.2015686035156
2020-02-05,302.65679931640625
2020-02-06,303.6751708984375
2020-02-07,302.056640625
2020-02-10,304.31158447265625
2020-02-11,304.8390197753906
2020-02-12,306.8030090332031
2020-02-13,306.4757080078125
2020-02-14,306.9667053222656
2020-02-18,306.1756591796875
2020-02-19,307.6395263671875
2020-02-20,306.37567138671875
2020-02-21,303.22064208984375
2020-02-24,293.1641845703125
2020-02-25,284.28057861328125
2020-02-26,283.2348937988281
2020-02-27,270.514404296875
2020-02-28,269.37774658203125
2020-03-02,281.04364013671875
2020-03-03,272.9967041015625
2020-03-04,284.4715576171875
2020-03-05,275.0152282714844
2020-03-06,270.46893310546875
2020-03-09,249.3467559814453
2020-03-10,262.2491760253906
2020-03-11,249.46498107910156
2020-03-12,225.5968475341797
2020-03-13,244.88232421875
2020-03-16,218.08639526367188
2020-03-17,229.86131286621094
2020-03-18,218.2227325439453
2020-03-19,218.68643188476562
2020-03-20,209.2623748779297
2020-03-23,203.91189575195312
2020-03-24,222.38697814941406
2020-03-25,225.71615600585938
2020-03-26,238.89566040039062
2020-03-27,231.780029296875
2020-03-30,239.3072509765625
2020-03-31,235.7402801513672
2020-04-01,225.1307830810547
2020-04-02,230.32582092285156
2020-04-03,226.9966278076172
2020-04-06,242.2430877685547
2020-04-07,242.49005126953125
2020-04-08,250.630126953125
2020-04-09,254.44393920898438
2020-04-13,252.12088012695312
2020-04-14,259.556640625
2020-04-15,254.0415802001953
2020-04-16,255.26722717285156
2020-04-17,262.1631774902344
2020-04-20,257.54461669921875
2020-04-21,249.72467041015625
2020-04-22,255.26722717285156
2020-04-23,255.24887084960938
2020-04-24,258.8066711425781
2020-04-27,262.538330078125
2020-04-28,261.3310546875
2020-04-29,268.1722717285156
2020-04-30,265.6754455566406
2020-05-01,258.64208984375
2020-05-04,259.3554992675781
2020-05-05,261.751708984375
2020-05-06,259.97747802734375
2020-05-07,263.1143798828125
2020-05-08,267.4680480957031
2020-05-11,267.5228576660156
2020-05-12,262.1907958984375
2020-05-13,257.55364990234375
2020-05-14,260.63592529296875
2020-05-15,261.833984375
2020-05-18,269.8094177246094
2020-05-19,267.0381164550781
2020-05-20,271.5746154785156
2020-05-21,269.69970703125
2020-05-22,270.21185302734375
2020-05-26,273.5409240722656
2020-05-27,277.6109924316406
2020-05-28,277.09881591796875
2020-05-29,278.3336181640625
2020-06-01,279.45855712890625
2020-06-02,281.7724609375
2020-06-03,285.5223388671875
2020-06-04,284.7723693847656
2020-06-05,292.07098388671875
2020-06-08,295.6014099121094
2020-06-09,293.397216796875
2020-06-10,291.76007080078125
2020-06-11,274.9403991699219
2020-06-12,278.2328796386719
2020-06-15,280.8303527832031
2020-06-16,286.23583984375
2020-06-17,285.0468444824219
2020-06-18,285.1564636230469
2020-06-19,283.52679443359375
2020-06-22,285.3457946777344
2020-06-23,286.6594543457031
2020-06-24,279.34710693359375
2020-06-25,282.3418884277344
2020-06-26,275.63592529296875
2020-06-29,279.68701171875
2020-06-30,283.2696228027344
2020-07-01,285.25390625
2020-07-02,286.8247375488281
2020-07-06,291.25250244140625
2020-07-07,288.2486572265625
2020-07-08,290.4533386230469
2020-07-09,288.7998352050781
2020-07-10,291.7487487792969
2020-07-13,289.22235107421875
2020-07-14,292.9704895019531
2020-07-15,295.66204833984375
2020-07-16,294.6883544921875
2020-07-17,295.5426025390625
2020-07-20,297.93109130859375
2020-07-21,298.56488037109375
2020-07-22,300.2643737792969
2020-07-23,296.6816711425781
2020-07-24,294.77105712890625
2020-07-27,296.9205322265625
2020-07-28,295.037353515625
2020-07-29,298.6660461425781
2020-07-30,297.6003112792969
2020-07-31,299.9520568847656
2020-08-03,302.03729248046875
2020-08-04,303.2039794921875
2020-08-05,305.0871887207031
2020-08-06,307.1266174316406
2020-08-07,307.3470764160156
2020-08-10,308.26568603515625
2020-08-11,305.72100830078125
2020-08-12,309.9834899902344
2020-08-13,309.4230651855469
2020-08-14,309.4322814941406
2020-08-17,310.41522216796875
2020-08-18,311.0859069824219
2020-08-19,309.79071044921875
2020-08-20,310.75518798828125
2020-08-21,311.8575439453125
2020-08-24,315.01763916015625
2020-08-25,316.1199645996094
2020-08-26,319.2892761230469
2020-08-27,319.9873962402344
2020-08-28,322.0543518066406
2020-08-31,320.8876953125
2020-09-01,323.9100036621094
2020-09-02,328.59503173828125
2020-09-03,317.2867126464844
2020-09-04,314.6961364746094
2020-09-08,306.09765625
2020-09-09,312.1423034667969
2020-09-10,306.72235107421875
2020-09-11,306.87847900390625
2020-09-14,310.9205017089844
2020-09-15,312.4914855957031
2020-09-16,311.2512512207031
2020-09-17,308.5136413574219
2020-09-18,304.9618835449219
2020-09-21,301.5677795410156
2020-09-22,304.6390686035156
2020-09-23,297.5741271972656
2020-09-24,298.3674011230469
2020-09-25,303.19110107421875
2020-09-28,308.2268981933594
2020-09-29,306.5482482910156
2020-09-30,308.8724365234375
2020-10-01,310.8553771972656
2020-10-02,307.904052734375
2020-10-05,313.3641052246094
2020-10-06,308.9093322753906
2020-10-07,314.28643798828125
2020-10-08,317.0718078613281
2020-10-09,319.9033508300781
2020-10-12,325.0498352050781
2020-10-13,322.92852783203125
2020-10-14,320.8994140625
2020-10-15,320.5029296875
2020-10-16,320.30914306640625
2020-10-19,315.43939208984375
2020-10-20,316.7028503417969
2020-10-21,316.1034240722656
2020-10-22,317.83740234375
2020-10-23,318.91644287109375
2020-10-26,313.02301025390625
2020-10-27,311.9437255859375
2020-10-28,301.28179931640625
2020-10-29,304.3438720703125
2020-10-30,301.17120361328125
2020-11-02,304.54681396484375
2020-11-03,309.9239807128906
2020-11-04,316.8504638671875
2020-11-05,323.02996826171875
2020-11-06,322.95611572265625
2020-11-09,327.01434326171875
2020-11-10,326.5347595214844
2020-11-11,328.96038818359375
2020-11-12,325.7691955566406
2020-11-13,330.279296875
2020-11-16,334.40203857421875
2020-11-17,332.6034851074219
2020-11-18,328.6006774902344
2020-11-19,329.98419189453125
2020-11-20,327.72442626953125
2020-11-23,329.6890563964844
2020-11-24,335.00152587890625
2020-11-25,334.4849853515625
2020-11-27,335.41656494140625
2020-11-30,333.9316711425781
2020-12-01,337.583984375
2020-12-02,338.2940979003906
2020-12-03,338.2019348144531
2020-12-04,341.1164245605469
2020-12-07,340.4154357910156
2020-12-08,341.41162109375
2020-12-09,338.3495178222656
2020-12-10,338.23876953125
2020-12-11,337.84228515625
2020-12-14,336.32965087890625
2020-12-15,340.87664794921875
2020-12-16,341.41162109375
2020-12-17,343.32073974609375
2020-12-18,341.9499816894531
2020-12-21,340.7272644042969
2020-12-22,340.15301513671875
2020-12-23,340.4587097167969
2020-12-24,341.783203125
2020-12-28,344.7193908691406
2020-12-29,344.061767578125
2020-12-30,344.5525817871094
2020-12-31,346.30328369140625
2021-01-04,341.58880615234375
2021-01-05,343.9412841796875
2021-01-06,345.9975280761719
2021-01-07,351.1382751464844
2021-01-08,353.1389465332031
2021-01-11,350.75848388671875
2021-01-12,350.8326110839844
2021-01-13,351.7773132324219
2021-01-14,350.5454406738281
2021-01-15,347.989013671875
2021-01-19,350.7214660644531
2021-01-20,355.574951171875
2021-01-21,355.8992004394531
2021-01-22,354.63946533203125
2021-01-25,356.0380554199219
2021-01-26,355.48236083984375
2021-01-27,346.7940979003906
2021-01-28,349.77667236328125
2021-01-29,342.7743225097656
2021-02-01,348.4799499511719
2021-02-02,353.4075622558594
2021-02-03,353.68536376953125
2021-02-04,357.70526123046875
2021-02-05,359.1131286621094
2021-02-08,361.7066650390625
2021-02-09,361.4657897949219
2021-02-10,361.30828857421875
2021-02-11,361.8919372558594
2021-02-12,363.6795654296875
2021-02-16,363.3646545410156
2021-02-17,363.447998046875
2021-02-18,361.90118408203125
2021-02-19,361.26202392578125
2021-02-22,358.48333740234375
2021-02-23,358.9187316894531
2021-02-24,362.8736267089844
2021-02-25,354.1299743652344
2021-02-26,352.30535888671875
2021-03-01,360.8452453613281
2021-03-02,358.0295715332031
2021-03-03,353.2871398925781
2021-03-04,348.915283203125
2021-03-05,355.3341369628906
2021-03-08,353.5650634765625
2021-03-09,358.6130065917969
2021-03-10,360.8452453613281
2021-03-11,364.5039978027344
2021-03-12,364.9947814941406
2021-03-15,367.1715087890625
2021-03-16,366.7084045410156
2021-03-17,367.95880126953125
2021-03-18,362.60516357421875
2021-03-19,361.93426513671875
2021-03-22,364.8243103027344
2021-03-23,361.95281982421875
2021-03-24,360.1128234863281
2021-03-25,362.138671875
2021-03-26,367.9744873046875
2021-03-29,367.7886047363281
2021-03-30,366.81292724609375
2021-03-31,368.2996520996094
2021-04-01,372.2770690917969
2021-04-05,377.6203308105469
2021-04-06,377.3973388671875
2021-04-07,377.8341369628906
2021-04-08,379.62762451171875
2021-04-09,382.3875732421875
2021-04-12,382.5269470214844
2021-04-13,383.66064453125
2021-04-14,382.3503723144531
2021-04-15,386.45770263671875
2021-04-16,387.7494201660156
2021-04-19,385.8444519042969
2021-04-20,383.0193786621094
2021-04-21,386.6435852050781
2021-04-22,383.1123352050781
2021-04-23,387.2662353515625
2021-04-26,388.07470703125
2021-04-27,387.9910583496094
2021-04-28,387.8795166015625
2021-04-29,390.3514099121094
2021-04-30,387.78662109375
2021-05-03,388.623046875
2021-05-04,386.22540283203125
2021-05-05,386.34619140625
2021-05-06,389.4314880371094
2021-05-07,392.2657470703125
2021-05-10,388.3813171386719
2021-05-11,384.9151611328125
2021-05-12,376.73760986328125
2021-05-13,381.26312255859375
2021-05-14,387.1174621582031
2021-05-17,386.1324768066406
2021-05-18,382.8056640625
2021-05-19,381.8020935058594
2021-05-20,385.9095458984375
2021-05-21,385.593505859375
2021-05-24,389.52435302734375
2021-05-25,388.6601867675781
2021-05-26,389.4314880371094
2021-05-27,389.63592529296875
2021-05-28,390.3328552246094
2021-06-01,389.989013671875
2021-06-02,390.6022644042969
2021-06-03,389.15264892578125
2021-06-04,392.71185302734375
2021-06-07,392.330810546875
2021-06-08,392.4143981933594
2021-06-09,391.8289794921875
2021-06-10,393.650390625
2021-06-11,394.3008728027344
2021-06-14,395.1837158203125
2021-06-15,394.4588623046875
2021-06-16,392.2564392089844
2021-06-17,392.1263732910156
2021-06-18,386.8363952636719
2021-06-21,392.3743591308594
2021-06-22,394.4720458984375
2021-06-23,393.99664306640625
2021-06-24,396.32733154296875
2021-06-25,397.73516845703125
2021-06-28,398.5369873046875
2021-06-29,398.7513427734375
2021-06-30,399.0870361328125
2021-07-01,401.296630859375
2021-07-02,404.36395263671875
2021-07-06,403.62738037109375
2021-07-07,405.0538330078125
2021-07-08,401.75341796875
2021-07-09,406.0420837402344
2021-07-12,407.4964904785156
2021-07-13,406.10736083984375
2021-07-14,406.7133483886719
2021-07-15,405.32421875
2021-07-16,402.1450500488281
2021-07-19,396.2060852050781
2021-07-20,401.8839416503906
2021-07-21,405.1377258300781
2021-07-22,405.9862060546875
2021-07-23,410.1629638671875
2021-07-26,411.1698303222656
2021-07-27,409.2959289550781
2021-07-28,409.1280822753906
2021-07-29,410.8248596191406
2021-07-30,408.82977294921875
2021-08-02,407.9720153808594
2021-08-03,411.29107666015625
2021-08-04,409.2679443359375
2021-08-05,411.8597412109375
2021-08-06,412.5403747558594
2021-08-09,412.20477294921875
2021-08-10,412.71746826171875
2021-08-11,413.7430419921875
2021-08-12,414.98297119140625
2021-08-13,415.73822021484375
2021-08-16,416.7171325683594
2021-08-17,413.9854431152344
2021-08-18,409.454345703125
2021-08-19,410.08831787109375
2021-08-20,413.3514709472656
2021-08-23,416.9874267578125
2021-08-24,417.6493835449219
2021-08-25,418.52581787109375
2021-08-26,416.0552062988281
2021-08-27,419.7751159667969
2021-08-30,421.6211242675781
2021-08-31,420.9964294433594
2021-09-01,421.22021484375
2021-09-02,422.5160827636719
2021-09-03,422.4135437011719
2021-09-07,420.9032287597656
2021-09-08,420.3904724121094
2021-09-09,418.59100341796875
2021-09-10,415.29071044921875
2021-09-13,416.35345458984375
2021-09-14,414.10662841796875
2021-09-15,417.5655212402344
2021-09-16,416.903564453125
2021-09-17,412.842529296875
2021-09-20,405.95867919921875
2021-09-21,405.57525634765625
2021-09-22,409.53155517578125
2021-09-23,414.50732421875
2021-09-24,415.1900939941406
2021-09-27,414.0023498535156
2021-09-28,405.65936279296875
2021-09-29,406.34210205078125
2021-09-30,401.37567138671875
2021-10-01,406.1456298828125
2021-10-04,400.9080810546875
2021-10-05,405.0794982910156
2021-10-06,406.7630615234375
2021-10-07,410.2797546386719
2021-10-08,409.53155517578125
2021-10-11,406.56658935546875
2021-10-12,405.5658264160156
2021-10-13,407.02490234375
2021-10-14,413.87127685546875
2021-10-15,417.02325439453125
2021-10-18,418.2579040527344
2021-10-19,421.4847412109375
2021-10-20,423.1401672363281
2021-10-21,424.24383544921875
2021-10-22,423.8043212890625
2021-10-25,426.0769958496094
2021-10-26,426.46051025390625
2021-10-27,424.57122802734375
2021-10-28,428.6678466796875
2021-10-29,429.5376281738281
2021-11-01,430.2765808105469
2021-11-02,432.0161437988281
2021-11-03,434.6537780761719
2021-11-04,436.7020568847656
2021-11-05,438.2171936035156
2021-11-08,438.5914306640625
2021-11-09,437.1416015625
2021-11-10,433.6248779296875
2021-11-11,433.7651672363281
2021-11-12,437.0386962890625
2021-11-15,437.1883850097656
2021-11-16,438.9187316894531
2021-11-17,437.8525085449219
2021-11-18,439.3396301269531
2021-11-19,438.5539245605469
2021-11-22,437.3193664550781
2021-11-23,437.89923095703125
2021-11-24,439.0683288574219
2021-11-26,429.2757873535156
2021-11-29,434.54150390625
2021-11-30,426.0863037109375
2021-12-01,421.35369873046875
2021-12-02,427.80731201171875
2021-12-03,424.08489990234375
2021-12-06,429.1073913574219
2021-12-07,437.98345947265625
2021-12-08,439.1431579589844
2021-12-09,436.1783142089844
2021-12-10,440.2843017578125
2021-12-13,436.3840637207031
2021-12-14,433.3817138671875
2021-12-15,440.1533508300781
2021-12-16,436.2718200683594
2021-12-17,431.6286315917969
2021-12-20,427.0389404296875
2021-12-21,434.6227722167969
2021-12-22,438.9683532714844
2021-12-23,441.6996765136719
2021-12-27,447.9507141113281
2021-12-28,447.58465576171875
2021-12-29,448.1572570800781
2021-12-30,446.91827392578125
2021-12-31,445.79193115234375
2022-01-03,448.373046875
2022-01-04,448.222900390625
2022-01-05,439.6160583496094
2022-01-06,439.2030334472656
2022-01-07,437.4666748046875
2022-01-10,436.9223327636719
2022-01-11,440.90185546875
2022-01-12,442.0939025878906
2022-01-13,436.00244140625
2022-01-14,436.1807861328125
2022-01-18,428.4561767578125
2022-01-19,424.00726318359375
2022-01-20,419.3143005371094
2022-01-21,411.0829772949219
2022-01-24,412.8287353515625
2022-01-25,407.7884521484375
2022-01-26,406.76544189453125
2022-01-27,404.7568664550781
2022-01-28,414.80908203125
2022-01-31,422.2803039550781
2022-02-01,425.1336364746094
2022-02-02,429.2633972167969
2022-02-03,419.1736145019531
2022-02-04,421.14459228515625
2022-02-07,419.7929992675781
2022-02-08,423.2470703125
2022-02-09,429.44171142578125
2022-02-10,421.72662353515625
2022-02-11,413.41058349609375
2022-02-14,412.05908203125
2022-02-15,418.7043151855469
2022-02-16,419.1736145019531
2022-02-17,410.2193908691406
2022-02-18,407.563232421875
2022-02-22,403.189453125
2022-02-23,396.037353515625
2022-02-24,401.9974060058594
2022-02-25,410.8670654296875
2022-02-28,409.8158264160156
2022-03-01,403.5741882324219
2022-03-02,410.99847412109375
2022-03-03,408.9524230957031
2022-03-04,405.6297302246094
2022-03-07,393.672119140625
2022-03-08,390.6873779296875
2022-03-09,401.16204833984375
2022-03-10,399.3505859375
2022-03-11,394.2728271484375
2022-03-14,391.3913269042969
2022-03-15,399.9981384277344
2022-03-16,408.8678894042969
2022-03-17,413.98321533203125
2022-03-18,418.51751708984375
2022-03-21,418.3951110839844
2022-03-22,423.2908935546875
2022-03-23,417.83953857421875
2022-03-24,424.13818359375
2022-03-25,426.20953369140625
2022-03-28,429.2411804199219
2022-03-29,434.5513000488281
2022-03-30,431.86798095703125
2022-03-31,425.2209167480469
2022-04-01,426.42608642578125
2022-04-04,430.0791320800781
2022-04-05,424.6466064453125
2022-04-06,420.4004821777344
2022-04-07,422.51885986328125
2022-04-08,421.3890686035156
2022-04-11,414.1865539550781
2022-04-12,412.65185546875
2022-04-13,417.3782653808594
2022-04-14,412.18115234375
2022-04-18,412.35064697265625
2022-04-19,419.0069580078125
2022-04-20,418.69635009765625
2022-04-21,412.4353332519531
2022-04-22,401.11846923828125
2022-04-25,403.4439697265625
2022-04-26,391.7599182128906
2022-04-27,392.8614807128906
2022-04-28,402.7849426269531
2022-04-29,387.8997497558594
2022-05-02,390.23468017578125
2022-05-03,392.0234680175781
2022-05-04,403.9618835449219
2022-05-05,389.6038513183594
2022-05-06,387.2782897949219
2022-05-09,374.8787841796875
2022-05-10,375.7449035644531
2022-05-11,369.7757263183594
2022-05-12,369.3897705078125
2022-05-13,378.2210388183594
2022-05-16,376.68646240234375
2022-05-17,384.43499755859375
2022-05-18,368.9378356933594
2022-05-19,366.67822265625
2022-05-20,366.83831787109375
2022-05-23,373.7018737792969
2022-05-24,370.84906005859375
2022-05-25,374.12548828125
2022-05-26,381.6010437011719
2022-05-27,390.9690856933594
2022-05-31,388.7752685546875
2022-06-01,385.6307067871094
2022-06-02,392.9744873046875
2022-06-03,386.5251159667969
2022-06-06,387.7019958496094
2022-06-07,391.4209289550781
2022-06-08,387.1653137207031
2022-06-09,377.9574279785156
2022-06-10,366.99835205078125
2022-06-13,353.0641174316406
2022-06-14,352.0001525878906
2022-06-15,357.0184020996094
2022-06-16,345.2026062011719
2022-06-17,345.9466552734375
2022-06-21,354.6554260253906
2022-06-22,354.0124206542969
2022-06-23,357.4826354980469
2022-06-24,368.8484191894531
2022-06-27,367.43951416015625
2022-06-28,359.9317321777344
2022-06-29,359.6385192871094
2022-06-30,356.71673583984375
2022-07-01,360.4895324707031
2022-07-05,361.17041015625
2022-07-06,362.39019775390625
2022-07-07,367.8177185058594
2022-07-08,367.51519775390625
2022-07-11,363.31683349609375
2022-07-12,360.1018981933594
2022-07-13,358.2106628417969
2022-07-14,357.3408508300781
2022-07-15,364.1678466796875
2022-07-18,361.160888671875
2022-07-19,370.9191589355469
2022-07-20,373.2831726074219
2022-07-21,377.0843200683594
2022-07-22,373.5857238769531
2022-07-25,374.0396423339844
2022-07-26,369.6143493652344
2022-07-27,379.2118835449219
2022-07-28,383.9681396484375
2022-07-29,389.5658874511719
2022-08-01,388.4122619628906
2022-08-02,385.84979248046875
2022-08-03,391.89202880859375
2022-08-04,391.6272888183594
2022-08-05,390.96533203125
2022-08-08,390.5114440917969
2022-08-09,388.9607238769531
2022-08-10,397.1304016113281
2022-08-11,397.1304016113281
2022-08-12,403.8534851074219
2022-08-15,405.51763916015625
2022-08-16,406.3119201660156
2022-08-17,403.4280090332031
2022-08-18,404.6004943847656
2022-08-19,399.16339111328125
2022-08-22,390.85186767578125
2022-08-23,389.90631103515625
2022-08-24,391.15447998046875
2022-08-25,396.6766052246094
2022-08-26,383.2494201660156
2022-08-29,380.7153625488281
2022-08-30,376.5358581542969
2022-08-31,373.6707763671875
2022-09-01,374.84332275390625
2022-09-02,370.890869140625
2022-09-06,369.491455078125
2022-09-07,376.12933349609375
2022-09-08,378.5878601074219
2022-09-09,384.46929931640625
2022-09-12,388.6014099121094
2022-09-13,371.7041015625
2022-09-14,373.1224670410156
2022-09-15,368.8861999511719
2022-09-16,366.07208251953125
2022-09-19,368.9109191894531
2022-09-20,364.6763610839844
2022-09-21,358.31500244140625
2022-09-22,355.3052673339844
2022-09-23,349.3522033691406
2022-09-26,345.8961486816406
2022-09-27,345.0131530761719
2022-09-28,351.80169677734375
2022-09-29,344.4530029296875
2022-09-30,339.12652587890625
2022-10-03,348.079833984375
2022-10-04,358.8656311035156
2022-10-05,358.0301818847656
2022-10-06,354.3367919921875
2022-10-07,344.4530029296875
2022-10-10,341.8229064941406
2022-10-11,339.6581726074219
2022-10-12,338.5378723144531
2022-10-13,347.4722900390625
2022-10-14,339.55377197265625
2022-10-17,348.2792663574219
2022-10-18,352.371337890625
2022-10-19,349.8743896484375
2022-10-20,346.9405822753906
2022-10-21,355.3717041015625
2022-10-24,359.72021484375
2022-10-25,365.46441650390625
2022-10-26,362.7109680175781
2022-10-27,360.7740478515625
2022-10-28,369.357177734375
2022-10-31,366.6891784667969
2022-11-01,365.08465576171875
2022-11-02,355.9223327636719
2022-11-03,352.2575378417969
2022-11-04,357.3276062011719
2022-11-07,360.74560546875
2022-11-08,362.6920166015625
2022-11-09,355.21978759765625
2022-11-10,374.7406005859375
2022-11-11,378.36749267578125
2022-11-14,375.1488342285156
2022-11-15,378.3484802246094
2022-11-16,375.46221923828125
2022-11-17,374.3133239746094
2022-11-18,376.01287841796875
2022-11-21,374.6456298828125
2022-11-22,379.687255859375
2022-11-23,382.07989501953125
2022-11-25,381.9944152832031
2022-11-28,375.89886474609375
2022-11-29,375.2532958984375
2022-11-30,387.07403564453125
2022-12-01,386.7892150878906
2022-12-02,386.34295654296875
2022-12-05,379.3929748535156
2022-12-06,373.9239807128906
2022-12-07,373.28790283203125
2022-12-08,376.21221923828125
2022-12-09,373.40179443359375
2022-12-12,378.7852478027344
2022-12-13,381.6526184082031
2022-12-14,379.21246337890625
2022-12-15,369.9364013671875
2022-12-16,365.5688171386719
2022-12-19,362.46893310546875
2022-12-20,362.96490478515625
2022-12-21,368.39215087890625
2022-12-22,363.1365966796875
2022-12-23,365.2255554199219
2022-12-27,363.78521728515625
2022-12-28,359.26409912109375
2022-12-29,365.7309875488281
2022-12-30,364.7676696777344
2023-01-03,363.2319641113281
2023-01-04,366.0362548828125
2023-01-05,361.8585205078125
2023-01-06,370.1566467285156
2023-01-09,369.9468078613281
2023-01-10,372.5412292480469
2023-01-11,377.2530822753906
2023-01-12,378.6265869140625
2023-01-13,380.0954895019531
2023-01-17,379.3990783691406
2023-01-18,373.4091796875
2023-01-19,370.6908264160156
2023-01-20,377.59649658203125
2023-01-23,382.1270446777344
2023-01-24,381.71697998046875
2023-01-25,381.8600158691406
2023-01-26,386.0567932128906
2023-01-27,386.94378662109375
2023-01-30,382.08892822265625
2023-01-31,387.70703125
2023-02-01,391.82733154296875
2023-02-02,397.5311584472656
2023-02-03,393.30584716796875
2023-02-06,390.90216064453125
2023-02-07,396.0146179199219
2023-02-08,391.6842956542969
2023-02-09,388.2886657714844
2023-02-10,389.19482421875
2023-02-13,393.7635803222656
2023-02-14,393.5824279785156
2023-02-15,394.86053466796875
2023-02-16,389.4237976074219
2023-02-17,388.45086669921875
2023-02-21,380.6581726074219
2023-02-22,380.133544921875
2023-02-23,382.1556701660156
2023-02-24,378.0733947753906
2023-02-27,379.36102294921875
2023-02-28,377.9588623046875
2023-03-01,376.5091247558594
2023-03-02,379.437255859375
2023-03-03,385.5226745605469
2023-03-06,385.78973388671875
2023-03-07,379.8760070800781
2023-03-08,380.49603271484375
2023-03-09,373.4759521484375
2023-03-10,368.0869140625
2023-03-13,367.5622863769531
2023-03-14,373.63812255859375
2023-03-15,371.3013000488281
2023-03-16,377.8158264160156
2023-03-17,373.39813232421875
2023-03-20,376.9885559082031
2023-03-21,381.9386291503906
2023-03-22,375.4279479980469
2023-03-23,376.44281005859375
2023-03-24,378.9130554199219
2023-03-27,379.62158203125
2023-03-28,378.7694091796875
2023-03-29,384.27484130859375
2023-03-30,386.52490234375
2023-03-31,391.9727478027344
2023-04-03,393.4664001464844
2023-04-04,391.283447265625
2023-04-05,390.25897216796875
2023-04-06,391.78125
2023-04-10,392.18341064453125
2023-04-11,392.28875732421875
2023-04-12,390.6897888183594
2023-04-13,395.879150390625
2023-04-14,394.912109375
2023-04-17,396.3292236328125
2023-04-18,396.5877380371094
2023-04-19,396.5206298828125
2023-04-20,394.3568115234375
2023-04-21,394.6632385253906
2023-04-24,395.074951171875
2023-04-25,388.8035888671875
2023-04-26,387.1567077636719
2023-04-27,394.8642272949219
2023-04-28,398.2345275878906
2023-05-01,397.8323669433594
2023-05-02,393.3611145019531
2023-05-03,390.66107177734375
2023-05-04,387.89404296875
2023-05-05,395.074951171875
2023-05-08,395.1802062988281
2023-05-09,393.4472351074219
2023-05-10,395.28558349609375
2023-05-11,394.5962219238281
2023-05-12,394.0791931152344
2023-05-15,395.4387512207031
2023-05-16,392.7961730957031
2023-05-17,397.5643005371094
2023-05-18,401.39410400390625
2023-05-19,400.81005859375
2023-05-22,400.97283935546875
2023-05-23,396.47283935546875
2023-05-24,393.6004333496094
2023-05-25,397.00897216796875
2023-05-26,402.1505432128906
2023-05-30,402.3037414550781
2023-05-31,400.0728759765625
2023-06-01,403.8739318847656
2023-06-02,409.71441650390625
2023-06-05,408.9293518066406
2023-06-06,409.8197937011719
2023-06-07,408.40264892578125
2023-06-08,410.8729248046875
2023-06-09,411.6101379394531
2023-06-12,415.34423828125
2023-06-13,418.0826721191406
2023-06-14,418.5804443359375
2023-06-15,423.7698974609375
2023-06-16,422.326416015625
2023-06-20,420.1353454589844
2023-06-21,417.982666015625
2023-06-22,419.491455078125
2023-06-23,416.320068359375
2023-06-26,414.619140625
2023-06-27,419.16473388671875
2023-06-28,419.3761291503906
2023-06-29,421.029052734375
2023-06-30,425.99749755859375
2023-07-03,426.4876403808594
2023-07-05,425.8533630371094
2023-07-06,422.51861572265625
2023-07-07,421.451904296875
2023-07-10,422.51861572265625
2023-07-11,425.20947265625
2023-07-12,428.63067626953125
2023-07-13,432.03265380859375
2023-07-14,431.7635498046875
2023-07-17,433.26275634765625
2023-07-18,436.48211669921875
2023-07-19,437.4527893066406
2023-07-20,434.5504455566406
2023-07-21,434.5504455566406
2023-07-24,436.49176025390625
2023-07-25,437.68341064453125
2023-07-26,437.75067138671875
2023-07-27,434.8483581542969
2023-07-28,439.1056823730469
2023-07-31,439.9418029785156
2023-08-01,438.6828918457031
2023-08-02,432.58038330078125
2023-08-03,431.3406982421875
2023-08-04,429.38983154296875
2023-08-07,433.1378173828125
2023-08-08,431.2542419433594
2023-08-09,428.3711242675781
2023-08-10,428.5249328613281
2023-08-11,428.27508544921875
2023-08-14,430.63916015625
2023-08-15,425.622802734375
2023-08-16,422.49945068359375
2023-08-17,419.280029296875
2023-08-18,419.4818420410156
2023-08-21,422.2110900878906
2023-08-22,421.0674743652344
2023-08-23,425.7572326660156
2023-08-24,419.85662841796875
2023-08-25,422.81658935546875
2023-08-28,425.49774169921875
2023-08-29,431.648193359375
2023-08-30,433.4260559082031
2023-08-31,432.79180908203125
2023-09-01,433.5990905761719
2023-09-05,431.7251281738281
2023-09-06,428.8228759765625
2023-09-07,427.5062561035156
2023-09-08,428.1501770019531
2023-09-11,430.9659423828125
2023-09-12,428.601806640625
2023-09-13,429.1015930175781
2023-09-14,432.80145263671875
2023-09-15,427.5869445800781
2023-09-18,427.8376770019531
2023-09-19,426.9504089355469
2023-09-20,423.025390625
2023-09-21,416.03338623046875
2023-09-22,415.0979309082031
2023-09-25,416.8435363769531
2023-09-26,410.7196044921875
2023-09-27,410.8834533691406
2023-09-28,413.2655334472656
2023-09-29,412.2625732421875
2023-10-02,412.0986328125
2023-10-03,406.5823059082031
2023-10-04,409.5429382324219
2023-10-05,409.3887023925781
2023-10-06,414.249267578125
2023-10-09,416.9013366699219
2023-10-10,419.07122802734375
2023-10-11,420.7878723144531
2023-10-12,418.22259521484375
2023-10-13,416.13946533203125
2023-10-16,420.51788330078125
2023-10-17,420.49859619140625
2023-10-18,414.8953857421875
2023-10-19,411.24993896484375
2023-10-20,406.1965026855469
2023-10-23,405.49249267578125
2023-10-24,408.5496826171875
2023-10-25,402.68603515625
2023-10-26,397.864013671875
2023-10-27,396.06060791015625
2023-10-30,400.79583740234375
2023-10-31,403.3129577636719
2023-11-01,407.61419677734375
2023-11-02,415.4258117675781
2023-11-03,419.2159118652344
2023-11-06,420.1803283691406
2023-11-07,421.3761901855469
2023-11-08,421.6847839355469
2023-11-09,418.39617919921875
2023-11-10,424.92510986328125
2023-11-13,424.5201416015625
2023-11-14,432.75616455078125
2023-11-15,433.6722717285156
2023-11-16,434.20269775390625
2023-11-17,434.7427673339844
2023-11-20,438.08929443359375
2023-11-21,437.134521484375
2023-11-22,438.82220458984375
2023-11-24,439.09222412109375
2023-11-27,438.3014221191406
2023-11-28,438.73541259765625
2023-11-29,438.4267883300781
2023-11-30,440.153076171875
2023-12-01,442.7569580078125
2023-12-04,440.4327697753906
2023-12-05,440.3459777832031
2023-12-06,438.5715026855469
2023-12-07,441.91796875
2023-12-08,443.8178405761719
2023-12-11,445.5440979003906
2023-12-12,447.5789489746094
2023-12-13,453.7510986328125
2023-12-14,455.2073669433594
2023-12-15,454.45794677734375
2023-12-18,457.0143127441406
2023-12-19,459.7933349609375
2023-12-20,453.42181396484375
2023-12-21,457.7211608886719
2023-12-22,458.6410217285156
2023-12-26,460.5776672363281
2023-12-27,461.410400390625
2023-12-28,461.5846862792969
2023-12-29,460.2483825683594
2024-01-02,457.6727294921875
2024-01-03,453.93499755859375
2024-01-04,452.4728698730469
2024-01-05,453.0926208496094
2024-01-08,459.5609130859375
2024-01-09,458.86376953125
2024-01-10,461.4588623046875
2024-01-11,461.25543212890625
2024-01-12,461.57501220703125
2024-01-16,459.88043212890625
2024-01-17,457.3241882324219
2024-01-18,461.3910217285156
2024-01-19,467.14276123046875
2024-01-22,468.1304626464844
2024-01-23,469.49578857421875
2024-01-24,470.009033203125
2024-01-25,472.5653076171875
2024-01-26,471.96502685546875
2024-01-29,475.7026672363281
2024-01-30,475.334716796875
2024-01-31,467.5785217285156
2024-02-01,473.6983337402344
2024-02-02,478.6850891113281
2024-02-05,476.9421081542969
2024-02-06,478.32684326171875
2024-02-07,482.31622314453125
2024-02-08,482.529296875
2024-02-09,485.3179931640625
2024-02-12,485.10498046875
2024-02-13,478.42364501953125
2024-02-14,482.7713928222656
2024-02-15,486.10235595703125
2024-02-16,483.6816101074219
2024-02-20,481.0187683105469
2024-02-21,481.4544677734375
2024-02-22,491.41845703125
2024-02-23,491.7573547363281
2024-02-26,489.9562072753906
2024-02-27,490.866455078125
2024-02-28,490.2176818847656
2024-02-29,491.97998046875
2024-03-01,496.5987854003906
2024-03-04,496.06634521484375
2024-03-05,491.1085205078125
2024-03-06,493.5970764160156
2024-03-07,498.4967041015625
2024-03-08,495.504638671875
2024-03-11,495.0785827636719
2024-03-12,500.4044189453125
2024-03-13,499.6199035644531
2024-03-14,498.63232421875
2024-03-15,495.20843505859375
2024-03-18,498.15155029296875
2024-03-19,500.9198303222656
2024-03-20,505.5529479980469
2024-03-21,507.22369384765625
2024-03-22,506.26214599609375
2024-03-25,504.8634033203125
2024-03-26,503.93084716796875
2024-03-27,508.16583251953125
2024-03-28,508.06866455078125
2024-04-01,507.1849060058594
2024-04-02,503.9600830078125
2024-04-03,504.51373291015625
2024-04-04,498.35552978515625
2024-04-05,503.5617980957031
2024-04-08,503.8434753417969
2024-04-09,504.4263000488281
2024-04-10,499.3753967285156
2024-04-11,503.1441345214844
2024-04-12,496.19921875
2024-04-15,489.98272705078125
2024-04-16,489.08905029296875
2024-04-17,486.194580078125
2024-04-18,485.1940612792969
2024-04-19,480.9591369628906
2024-04-22,485.3883972167969
2024-04-23,491.1482849121094
2024-04-24,490.91522216796875
2024-04-25,489.05023193359375
2024-04-26,493.6835021972656
2024-04-29,495.43182373046875
2024-04-30,487.58355712890625
2024-05-01,486.00030517578125
2024-05-02,490.54608154296875
2024-05-03,496.6265563964844
2024-05-06,501.7551574707031
2024-05-07,502.30877685546875
2024-05-08,502.35736083984375
2024-05-09,505.2519226074219
2024-05-10,505.90264892578125
2024-05-13,505.9706726074219
2024-05-14,508.2921447753906
2024-05-15,514.5863037109375
2024-05-16,513.527587890625
2024-05-17,514.2656860351562
2024-05-20,514.8582153320312
2024-05-21,516.1209106445312
2024-05-22,514.6348876953125
2024-05-23,510.87591552734375
2024-05-24,514.2560424804688
2024-05-28,514.6154174804688
2024-05-29,511.0118103027344
2024-05-30,507.6219482421875
2024-05-31,512.245361328125
2024-06-03,512.6630249023438
2024-06-04,513.2362060546875
2024-06-05,519.3359985351562
2024-06-06,519.3263549804688
2024-06-07,518.6949462890625
2024-06-10,520.2976684570312
2024-06-11,521.5506591796875
2024-06-12,525.8341064453125
2024-06-13,526.8929443359375
2024-06-14,527.2135620117188
2024-06-17,531.4094848632812
2024-06-18,532.7597045898438
2024-06-20,531.3123168945312
2024-06-21,530.6001586914062
2024-06-24,528.875244140625
2024-06-25,530.9119262695312
2024-06-26,531.5745849609375
2024-06-27,532.4126586914062
2024-06-28,530.3174438476562
2024-07-01,531.4088745117188
2024-07-02,534.9852294921875
2024-07-03,537.3726196289062
2024-07-05,540.4713134765625
2024-07-08,541.0950317382812
2024-07-09,541.6212158203125
2024-07-10,546.9807739257812
2024-07-11,542.2643432617188
2024-07-12,545.6846923828125
2024-07-15,547.185302734375
2024-07-16,550.4302368164062
2024-07-17,542.7125854492188
2024-07-18,538.5418701171875
2024-07-19,534.9656982421875
2024-07-22,540.4811401367188
2024-07-23,539.6334838867188
2024-07-24,527.4038696289062
2024-07-25,524.6559448242188
2024-07-26,530.5319213867188
2024-07-29,530.8436889648438
2024-07-30,528.1541137695312
2024-07-31,536.7391967773438
2024-08-01,529.138427734375
2024-08-02,519.2867431640625
2024-08-05,504.1632080078125
2024-08-06,508.8113708496094
2024-08-07,505.41046142578125
2024-08-08,517.0941772460938
2024-08-09,519.3743286132812
2024-08-12,519.6473388671875
2024-08-13,528.1931762695312
2024-08-14,529.8595581054688
2024-08-15,538.94140625
2024-08-16,540.1497192382812
2024-08-19,545.3143310546875
2024-08-20,544.427734375
2024-08-21,546.298583984375
2024-08-22,542.0109252929688
2024-08-23,547.7700805664062
2024-08-26,546.4640502929688
2024-08-27,547.2145385742188
2024-08-28,544.0377807617188
2024-08-29,544.0865478515625
2024-08-30,549.2804565429688
2024-09-03,537.9767456054688
2024-09-04,536.8756103515625
2024-09-05,535.5697631835938
2024-09-06,526.55615234375
2024-09-09,532.4515991210938
2024-09-10,534.770751953125
2024-09-11,540.2569580078125
2024-09-12,544.8076171875
2024-09-13,547.6529541015625
2024-09-16,548.4618530273438
2024-09-17,548.6859130859375
2024-09-18,547.0586547851562
2024-09-19,556.393798828125
2024-09-20,555.4320678710938
2024-09-23,556.820068359375
2024-09-24,558.4132080078125
2024-09-25,557.181640625
2024-09-26,559.3907470703125
2024-09-27,558.5794067382812
2024-09-30,560.81787109375
2024-10-01,555.793701171875
2024-10-02,556.0282592773438
2024-10-03,555.0117797851562
2024-10-04,560.0553588867188
2024-10-07,554.9922485351562
2024-10-08,560.2410278320312
2024-10-09,564.1215209960938
2024-10-10,563.1343994140625
2024-10-11,566.5065307617188
2024-10-14,571.1395874023438
2024-10-15,566.7021484375
2024-10-16,569.1652221679688
2024-10-17,569.2141723632812
2024-10-18,571.4035034179688
2024-10-21,570.4652099609375
2024-10-22,570.1622314453125
2024-10-23,564.952392578125
2024-10-24,566.1742553710938
2024-10-25,565.9786376953125
2024-10-28,567.728271484375
2024-10-29,568.6470947265625
2024-10-30,566.9268188476562
2024-10-31,555.8132934570312
2024-11-01,558.1591796875
2024-11-04,556.9569091796875
2024-11-05,563.6915283203125
2024-11-06,577.7080078125
2024-11-07,582.1749267578125
2024-11-08,584.69677734375
2024-11-11,585.25390625
2024-11-12,583.4358520507812
2024-11-13,583.7192993164062
2024-11-14,579.9659423828125
2024-11-15,572.5374145507812
2024-11-18,574.8832397460938
2024-11-19,576.9847412109375
2024-11-20,577.1802978515625
2024-11-21,580.2786865234375
2024-11-22,582.0772705078125
2024-11-25,584.0516357421875
2024-11-26,587.101318359375
2024-11-27,585.3223876953125
2024-11-29,588.9584350585938
2024-12-02,590.0140380859375
2024-12-03,590.2876586914062
2024-12-04,593.953125
2024-12-05,592.9756469726562
2024-12-06,594.0997924804688
2024-12-09,591.0404663085938
2024-12-10,589.2027587890625
2024-12-11,593.7576293945312
2024-12-12,590.6982421875
2024-12-13,590.5809326171875
2024-12-16,593.1027221679688
2024-12-17,590.6590576171875
2024-12-18,573.055419921875
2024-12-19,572.87939453125
2024-12-20,579.7603149414062
2024-12-23,583.2320556640625
2024-12-24,589.7146606445312
2024-12-26,589.75390625
2024-12-27,583.5459594726562
2024-12-30,576.8866577148438
2024-12-31,574.7880249023438
2025-01-02,573.375732421875
2025-01-03,580.5448608398438
2025-01-06,583.8890991210938
2025-01-07,577.288818359375
2025-01-08,578.1322631835938
2025-01-10,569.3056640625
2025-01-13,570.1882934570312
2025-01-14,570.972900390625
2025-01-15,581.3589477539062
2025-01-16,580.2408447265625
2025-01-17,586.0664672851562
2025-01-21,591.4309692382812
2025-01-22,594.7556762695312
2025-01-23,598.0018920898438
2025-01-24,596.2561645507812
2025-01-27,587.8219604492188
2025-01-28,592.8726806640625
2025-01-29,590.2147827148438
2025-01-30,593.3826293945312
2025-01-31,590.2247314453125
2025-02-03,586.2527465820312
2025-02-04,590.1854858398438
2025-02-05,592.5784301757812
2025-02-06,594.6380615234375
2025-02-07,589.1949462890625
2025-02-10,593.1962890625
2025-02-11,593.6474609375
2025-02-12,591.7349853515625
2025-02-13,597.9822998046875
2025-02-14,597.952880859375
2025-02-18,599.7083740234375
2025-02-19,601.1205444335938
2025-02-20,598.6197509765625
2025-02-21,588.3809814453125
2025-02-24,585.7034301757812
2025-02-25,582.7907104492188
2025-02-26,583.0849609375
2025-02-27,573.7777709960938
2025-02-28,582.7318725585938
2025-03-03,572.5225219726562
2025-03-04,565.7455444335938
2025-03-05,571.826171875
2025-03-06,561.6755981445312
2025-03-07,564.82373046875
2025-03-10,549.7792358398438
2025-03-11,545.2090454101562
2025-03-12,548.102294921875
2025-03-13,540.795654296875
2025-03-14,551.96630859375
2025-03-17,556.2227783203125
2025-03-18,550.2108764648438
2025-03-19,556.2030029296875
2025-03-20,554.5946044921875
2025-03-21,554.777587890625
2025-03-24,564.712890625
2025-03-25,566.0703735351562
2025-03-26,559.3124389648438
2025-03-27,557.8270874023438
2025-03-28,546.5933227539062
2025-03-31,550.2625122070312
2025-04-01,551.8167724609375
2025-04-02,555.308837890625
2025-04-03,527.9428100585938
2025-04-04,497.0354309082031
2025-04-07,496.1501770019531
2025-04-08,488.3790588378906
2025-04-09,539.6683349609375
2025-04-10,516.0205688476562
2025-04-11,525.227783203125
2025-04-14,530.3233032226562
2025-04-15,528.8378295898438
2025-04-16,517.0828247070312
2025-04-17,517.8206176757812
2025-04-21,505.4951171875
2025-04-22,518.64697265625
2025-04-23,526.6836547851562
2025-04-24,537.7697143554688
2025-04-25,541.6553344726562
2025-04-28,541.8618774414062
2025-04-29,545.2753295898438
2025-04-30,545.49169921875
2025-05-01,549.3575439453125
2025-05-02,557.5122680664062
2025-05-05,554.3153076171875
2025-05-06,549.6821899414062
2025-05-07,551.9937744140625
2025-05-08,555.8400268554688
2025-05-09,555.1317749023438
2025-05-12,573.4774780273438
2025-05-13,577.2647094726562
2025-05-14,578.0023803710938
2025-05-15,580.8255615234375
2025-05-16,584.5045166015625
2025-05-19,585.1438598632812
2025-05-20,583.1765747070312
2025-05-21,573.3495483398438
2025-05-22,573.5758666992188
2025-05-23,569.6608276367188
2025-05-27,581.50439453125
2025-05-28,578.1400756835938
2025-05-29,580.4223022460938
2025-05-30,579.7730102539062
2025-06-02,583.0388793945312
2025-06-03,586.3637084960938
2025-06-04,586.2063598632812
2025-06-05,583.373291015625
2025-06-06,589.3639526367188
2025-06-09,589.8950805664062
2025-06-10,593.2396240234375
2025-06-11,591.547607421875
2025-06-12,593.898681640625
2025-06-13,587.2588500976562
2025-06-16,592.8461303710938
2025-06-17,587.7802734375
2025-06-18,587.691650390625
2025-06-20,586.3114624023438
2025-06-23,592.1026611328125
2025-06-24,598.6438598632812
2025-06-25,598.9793090820312
2025-06-26,603.6655883789062
2025-06-27,606.6647338867188
2025-06-30,609.5653686523438
2025-07-01,609.3681640625
2025-07-02,612.130615234375
2025-07-03,616.9549560546875
2025-07-07,612.357421875
2025-07-08,612.0220336914062
2025-07-09,615.692138671875
2025-07-10,617.4285278320312
2025-07-11,615.2579956054688
2025-07-14,616.43212890625
2025-07-15,613.7979736328125
2025-07-16,615.8499755859375
2025-07-17,619.6187133789062
2025-07-18,619.1649169921875
2025-07-21,620.3389282226562
2025-07-22,620.427734375
2025-07-23,625.7059936523438
2025-07-24,625.9132690429688
2025-07-25,628.5573120117188
2025-07-28,628.3994140625
2025-07-29,626.741943359375
2025-07-30,625.9526977539062
2025-07-31,623.6045532226562
2025-08-01,613.3834838867188
2025-08-04,622.706787109375
2025-08-05,619.5496826171875
2025-08-06,624.2952880859375
2025-08-07,623.7722778320312
2025-08-08,628.6361694335938
2025-08-11,627.3930053710938
2025-08-12,634.0723266601562
2025-08-13,636.2427978515625
2025-08-14,636.3020629882812
2025-08-15,634.8123168945312
2025-08-18,634.6741333007812
2025-08-19,631.23095703125
2025-08-20,629.5537109375
2025-08-21,627.028076171875
2025-08-22,636.6571044921875
2025-08-25,633.8552856445312
2025-08-26,636.5091552734375
2025-08-27,637.95947265625
2025-08-28,640.21875
2025-08-29,636.4006958007812
2025-09-02,631.684814453125
2025-09-03,635.1082153320312
2025-09-04,640.4160766601562
2025-09-05,638.561279296875
2025-09-08,640.1300048828125
2025-09-09,641.6099853515625
2025-09-10,643.4647216796875
2025-09-11,648.81201171875
2025-09-12,648.594970703125
2025-09-15,652.0479125976562
2025-09-16,651.1502075195312
2025-09-17,650.3411865234375
2025-09-18,653.3799438476562
2025-09-19,656.6160278320312
2025-09-22,659.7225341796875
2025-09-23,656.1312866210938
2025-09-24,654.0437622070312
2025-09-25,651.0263061523438
2025-09-26,654.7560424804688
2025-09-29,656.5962524414062
2025-09-30,659.0694580078125
2025-10-01,661.3153076171875
2025-10-02,662.0770263671875
2025-10-03,662.0671997070312
2025-10-06,664.4415283203125
2025-10-07,661.9782104492188
2025-10-08,665.925537109375
2025-10-09,663.9963989257812
2025-10-10,646.0499877929688
2025-10-13,655.9630126953125
2025-10-14,655.1616821289062
2025-10-15,658.0702514648438
2025-10-16,653.5886840820312
2025-10-17,657.2986450195312
2025-10-20,664.1348876953125
2025-10-21,664.1249389648438
2025-10-22,660.6721801757812
2025-10-23,664.5899658203125
2025-10-24,670.0213623046875
2025-10-27,677.926025390625
2025-10-28,679.7266235351562
2025-10-29,680.0530395507812
2025-10-30,672.5739135742188
2025-10-31,674.7800903320312
2025-11-03,676.04638671875
2025-11-04,668.0327758789062
2025-11-05,670.3477783203125
2025-11-06,663.155517578125
2025-11-07,663.808349609375
2025-11-10,674.1666259765625
2025-11-11,675.7100219726562
2025-11-12,676.0859375
2025-11-13,664.8670043945312
2025-11-14,664.7581176757812
2025-11-17,658.56494140625
2025-11-18,653.03466796875
2025-11-19,655.557373046875
2025-11-20,645.5652465820312
2025-11-21,651.995849609375
2025-11-24,661.59228515625
2025-11-25,667.815185546875
2025-11-26,672.4254760742188
2025-11-28,676.0958251953125
2025-12-01,673.0091552734375
2025-12-02,674.2556762695312
2025-12-03,676.5905151367188
2025-12-04,677.085205078125
2025-12-05,678.3712768554688
2025-12-08,676.3333129882812
2025-12-09,675.7495727539062
2025-12-10,680.231201171875
2025-12-11,681.8141479492188
2025-12-12,674.4832763671875
2025-12-15,673.4641723632812
2025-12-16,671.6240844726562
2025-12-17,664.2338256835938
2025-12-18,669.2496337890625
2025-12-19,675.3153686523438
2025-12-22,679.5224609375
2025-12-23,682.628173828125
2025-12-24,685.0294799804688
2025-12-26,684.9600219726562
2025-12-29,682.51904296875
2025-12-30,681.685546875
2025-12-31,676.635009765625
2026-01-02,677.8753051757812
2026-01-05,682.3900756835938
2026-01-06,686.4483642578125
2026-01-07,684.2356567382812
2026-01-08,684.1661987304688
2026-01-09,688.6908569335938
2026-01-12,689.7723999023438
2026-01-13,688.3931884765625
2026-01-14,685.0095825195312
2026-01-15,686.8750610351562
2026-01-16,686.2994995117188
2026-01-20,672.32861328125
2026-01-21,680.0880737304688
2026-01-22,683.6403198242188
2026-01-23,683.8883056640625
2026-01-26,687.3612670898438
2026-01-27,690.0997924804688
2026-01-28,690.0303344726562
2026-01-29,688.6610717773438
2026-01-30,686.607177734375
2026-02-02,690.0204467773438
2026-02-03,684.18603515625
2026-02-04,680.8719482421875
2026-02-05,672.3683471679688
2026-02-06,685.267578125
2026-02-09,688.57177734375
2026-02-10,686.7559204101562
2026-02-11,686.5972290039062
2026-02-12,675.9901123046875
2026-02-13,676.46630859375
2026-02-17,677.5578002929688
2026-02-18,680.9711303710938
2026-02-19,679.1751708984375
2026-02-20,684.0868530273438
2026-02-23,677.1013793945312
2026-02-24,682.0228881835938
2026-02-25,687.7780151367188
2026-02-26,683.957763671875
2026-02-27,680.6734619140625
2026-03-02,681.0604248046875
2026-03-03,675.057373046875
2026-03-04,679.8201904296875
2026-03-05,676.0297241210938
2026-03-06,667.1688842773438
2026-03-09,673.0133056640625
2026-03-10,671.9317626953125
2026-03-11,671.08837890625
2026-03-12,660.89794921875
2026-03-13,657.1571655273438
2026-03-16,663.844970703125
2026-03-17,665.5912475585938
2026-03-18,656.3037719726562
2026-03-19,654.6864013671875
2026-03-20,645.301025390625
2026-03-23,652.07666015625
2026-03-24,649.8877563476562
2026-03-25,653.5093994140625
2026-03-26,641.8385620117188
2026-03-27,630.8939819335938
2026-03-30,628.78466796875
2026-03-31,647.0620727539062
2026-04-01,651.9373779296875
2026-04-02,652.5244140625
2026-04-06,655.6088256835938
2026-04-07,655.8972778320312
2026-04-08,672.6027221679688
2026-04-09,676.4829711914062
2026-04-10,676.0353393554688
2026-04-13,682.641845703125
2026-04-14,690.959716796875
2026-04-15,696.412109375
2026-04-16,698.1234130859375
2026-04-17,706.5607299804688
2026-04-20,705.1477661132812
2026-04-21,700.53125
2026-04-22,707.6253051757812
2026-04-23,704.8792114257812
2026-04-24,710.341552734375
2026-04-27,711.5653076171875
2026-04-28,708.1028442382812
2026-04-29,707.993408203125
2026-04-30,715.0377197265625
2026-05-01,717.0177001953125
2026-05-04,714.3909912109375
2026-05-05,720.1220092773438
2026-05-06,730.1312866210938
2026-05-07,727.8926391601562
2026-05-08,733.9021606445312
2026-05-11,735.5736694335938
2026-05-12,734.4593505859375
2026-05-13,738.5685424804688
2026-05-14,744.3989868164062
2026-05-15,735.4443969726562
2026-05-18,734.927001953125
2026-05-19,730.0317993164062
2026-05-20,737.5138549804688
2026-05-21,738.9764404296875
2026-05-22,741.8817749023438
2026-05-26,746.8068237304688
2026-05-27,746.677490234375
2026-05-28,750.7965698242188
2026-05-29,752.6671142578125
2026-06-01,754.7167358398438
2026-06-02,755.7415771484375
2026-06-03,750.4384155273438
2026-06-04,753.2740478515625
2026-06-05,733.83251953125
2026-06-08,735.4940795898438
2026-06-09,733.3350219726562
2026-06-10,721.7736206054688
2026-06-11,734.04150390625
2026-06-12,738.0113525390625
2026-06-15,751.0254516601562
2026-06-16,746.5481567382812
2026-06-17,737.225341796875
2026-06-18,744.8902587890625
2026-06-22,742.546142578125
2026-06-23,731.7628784179688
2026-06-24,731.4237060546875
2026-06-25,732.4810791015625
2026-06-26,727.1842651367188
2026-06-29,739.1644897460938
2026-06-30,744.9202270507812
2026-07-01,743.9127197265625
2026-07-02,742.9351806640625
2026-07-06,749.4190673828125
2026-07-07,745.85791015625
2026-07-08,743.5536499023438
2026-07-09,749.8480224609375
2026-07-10,753.0799560546875
2026-07-13,747.3142700195312
2026-07-14,749.9677124023438
2026-07-15,752.9403076171875
2026-07-16,748.8604125976562
2026-07-17,741.4487915039062
2026-07-20,740.2518310546875
2026-07-21,746.426513671875
2026-07-22,745.55859375
2026-07-23,736.3515014648438
2026-07-24,737.099609375
2026-07-27,737.25927734375
2026-07-28,739.0248413085938
2026-07-29,727.6531372070312
2026-07-30,739.852783203125
2026-07-31,745.1796264648438
2026-08-03,755.793212890625
2026-08-04,769.4193725585938
2026-08-05,767.8831787109375
2026-08-06,766.65625
2026-08-07,771.3446044921875
2026-08-10,771.1151733398438
2026-08-11,768.6513061523438
2026-08-12,770.5764770507812
2026-08-13,775.9531860351562
2026-08-14,774.4169921875
2026-08-17,770.7560424804688
2026-08-18,765.5490112304688
2026-08-19,767.1549682617188
2026-08-20,760.7109985351562
2026-08-21,763.8232421875
2026-08-24,761.5787963867188
2026-08-25,764.0127563476562
2026-08-26,764.182373046875
2026-08-27,769.18994140625
2026-08-28,767.4442749023438
2026-08-31,765.1499633789062
2026-09-01,759.89306640625
2026-09-02,763.2646484375
2026-09-03,771.2548217773438
2026-09-04,768.2822265625
2026-09-08,764.0626831054688
2026-09-09,760.5115356445312
2026-09-10,755.9528198242188
2026-09-11,762.3967895507812
2026-09-14,758.9952392578125
2026-09-15,755.513916015625
2026-09-16,752.1821899414062
2026-09-17,760.7109985351562
2026-09-18,761.6900024414062
2026-09-21,773.5
2026-09-22,773.3800048828125
2026-09-23,767.8099975585938
2026-09-24,767.1799926757812
2026-09-25,771.3499755859375
